year,flow,partner,cn8,value_eur,qty_100kg
2014,M,AR,02043000,17010,40.65
2014,M,AR,02044390,31018,120.27
2014,M,AR,02069099,103301,757.99
2014,M,AR,03028590,19980,33.75
2014,M,AR,03028990,7328,12.5
2014,M,AR,03036612,466866,1755.12
2014,M,AR,03038950,70150,230.0
2014,M,AR,03038990,234824,935.0
2014,M,AR,03047415,546955,2248.86
2014,M,AR,03049550,54842,246.05
2014,M,AR,03056300,114915,497.2
2014,M,AR,03061792,301224,458.4
2014,M,AR,03061799,1822842,2812.68
2014,M,AR,03079911,342444,2787.55
2014,M,AR,07032000,88156,492.0
2014,M,AR,07133390,371922,2429.0
2014,M,AR,07133900,33621,220.0
2014,M,AR,08055010,7397300,63197.28
2014,M,AR,08081080,34899,382.62
2014,M,AR,08083090,2456894,25507.44
2014,M,AR,09030000,6201,30.0
2014,M,AR,10059000,1004733,17786.56
2014,M,AR,12024200,6381366,54275.3
2014,M,AR,12051090,1872962,46560.0
2014,M,AR,12060091,23990,210.0
2014,M,AR,12074090,65769,400.0
2014,M,AR,12092510,55298,500.0
2014,M,AR,17049075,16520,82.56
2014,M,AR,20019097,57667,201.25
2014,M,AR,20057000,21151,210.0
2014,M,AR,20059980,903,10.8
2014,M,AR,20081995,1581,6.58
2014,M,AR,20084051,349400,4839.83
2014,M,AR,20084059,612525,5312.25
2014,M,AR,20084090,264205,3506.87
2014,M,AR,22042195,28788,113.6
2014,M,AR,22042196,71528,203.58
2014,M,AR,22042197,21924,100.45
2014,M,AR,22042198,35051,121.87
2014,M,AR,23040000,95694577,2219904.56
2014,M,AR,23099031,80241,2030.6
2014,M,AR,24011035,70,0.07
2014,M,AR,24012035,168967,332.33
2014,M,AR,24012085,304697,674.08
2014,M,AR,25292100,12805,275.0
2014,M,AR,29054500,15278,220.0
2014,M,AR,29189990,123046,0.03
2014,M,AR,29333999,2700,0.01
2014,M,AR,29375000,6509,0.02
2014,M,AR,32011000,189179,1152.0
2014,M,AR,32099000,13953,3.0
2014,M,AR,35030010,1375,2.5
2014,M,AR,38210000,2710,0.47
2014,M,AR,38220000,2023,0.01
2014,M,AR,39239000,90682,209.25
2014,M,AR,41079910,4446,2.75
2014,M,AR,42050090,4067,0.62
2014,M,AR,43021915,15483,1.55
2014,M,AR,43021999,223967,26.67
2014,M,AR,44029000,769990,16876.21
2014,M,AR,48114120,30585,95.2
2014,M,AR,52053200,1342,0.65
2014,M,AR,64039998,12588,0.41
2014,M,AR,64041990,4351,0.31
2014,M,AR,84099100,11003,0.48
2014,M,AR,84099900,1308,1.4
2014,M,AR,84238290,4065,1.35
2014,M,AR,84329000,200,0.25
2014,M,AR,84799080,30300,123.0
2014,M,AR,85111000,9085,0.96
2014,M,AR,85118000,25763,2.91
2014,M,AR,87082990,25052,31.78
2014,M,AR,87089993,36318,48.86
2014,M,AR,90183190,7208,0.45
2014,M,AR,90183900,17304,0.27
2014,M,AR,90184990,1497,0.22
2014,M,AR,90189084,4547,0.01
2014,M,AR,90191090,3435,0.69
2014,M,AR,90213100,4237,0.05
2014,M,AR,94036010,1521,0.63
2014,M,AR,95069190,5601,3.12
2014,M,BO,08012200,307056,638.71
2014,M,BO,08055010,25800,233.1
2014,M,BO,25280000,133963,2067.2
2014,M,BO,61046100,825,0.01
2014,M,BO,61103091,570,0.01
2014,M,BO,61103099,1616,0.03
2014,M,BO,74040010,95834,210.0
2014,M,BR,02023090,295258,469.79
2014,M,BR,02071430,28735,442.08
2014,M,BR,02071491,44363,540.0
2014,M,BR,03011100,3965,0.9
2014,M,BR,08055010,14520,237.6
2014,M,BR,08055090,43200,216.0
2014,M,BR,09011100,36798907,170846.42
2014,M,BR,10059000,25444,520.0
2014,M,BR,12019000,4309713,99169.36
2014,M,BR,16023111,1473780,4488.0
2014,M,BR,17019910,1919749,44938.4
2014,M,BR,20091199,920109,5773.5
2014,M,BR,20091998,53094,477.0
2014,M,BR,21011100,37188,75.0
2014,M,BR,21061080,17118,32.7
2014,M,BR,22021000,15398,114.05
2014,M,BR,22041098,1487,0.68
2014,M,BR,22084031,22444,113.01
2014,M,BR,22089069,53550,178.2
2014,M,BR,23040000,3215576,67084.0
2014,M,BR,23080090,44853,482.25
2014,M,BR,23091031,1293146,12792.27
2014,M,BR,24011035,711,0.84
2014,M,BR,24011085,141,0.15
2014,M,BR,24012035,561991,1248.83
2014,M,BR,24012085,15623893,35490.5
2014,M,BR,24012095,614,1.22
2014,M,BR,25140000,7371,262.5
2014,M,BR,25161100,21401,757.8
2014,M,BR,25162000,6817,263.6
2014,M,BR,25199090,357,0.18
2014,M,BR,26060000,15110413,3627541.19
2014,M,BR,27101991,8535,25.83
2014,M,BR,27131200,969405,35761.77
2014,M,BR,28261990,128,0.33
2014,M,BR,29012200,3582494,31705.85
2014,M,BR,29061900,32438,4.0
2014,M,BR,29153900,1343,0.04
2014,M,BR,29159070,28431,190.0
2014,M,BR,29242998,2258,0.15
2014,M,BR,30049000,6647946,526.88
2014,M,BR,30051000,34055,149.65
2014,M,BR,30061090,525,0.03
2014,M,BR,30064000,39008,2.74
2014,M,BR,32012000,27924,200.0
2014,M,BR,32041300,70,0.16
2014,M,BR,32131000,14392,10.39
2014,M,BR,32151100,1232,0.1
2014,M,BR,33011210,5015,13.84
2014,M,BR,33012991,19400,2.0
2014,M,BR,33059000,3308,1.4
2014,M,BR,33061000,328212,724.72
2014,M,BR,33062000,21591,3.37
2014,M,BR,33069000,7773,0.83
2014,M,BR,33074900,145,0.03
2014,M,BR,34011100,17820,6.62
2014,M,BR,35051090,22176,57.6
2014,M,BR,35079090,18340,0.08
2014,M,BR,38089190,37955,28.14
2014,M,BR,38249097,71343,351.64
2014,M,BR,39122011,82965,360.0
2014,M,BR,39122019,36657,180.0
2014,M,BR,39123100,26850,30.0
2014,M,BR,39129090,74209,346.5
2014,M,BR,39202080,714,0.16
2014,M,BR,39232100,673,0.34
2014,M,BR,39269097,75932,128.82
2014,M,BR,40114000,1120149,1826.47
2014,M,BR,40119200,62498,215.23
2014,M,BR,40129020,173182,512.16
2014,M,BR,41041959,190517,414.25
2014,M,BR,41071291,15380,10.02
2014,M,BR,42022100,8649,0.41
2014,M,BR,42022290,2636,0.58
2014,M,BR,42022900,204,0.01
2014,M,BR,42023100,1476,0.14
2014,M,BR,42031000,1114,0.06
2014,M,BR,42033000,185,0.02
2014,M,BR,43021999,30644,10.77
2014,M,BR,44079998,49914,518.95
2014,M,BR,44092991,156747,1753.95
2014,M,BR,44092999,17239,212.5
2014,M,BR,44111390,227,0.37
2014,M,BR,44123900,178344,3319.8
2014,M,BR,44129985,43588,734.32
2014,M,BR,44170000,445,0.8
2014,M,BR,44187900,24108,260.0
2014,M,BR,47032900,7661335,162057.13
2014,M,BR,48025620,564176,7847.03
2014,M,BR,48041111,158959,3180.02
2014,M,BR,48041115,147500,2971.52
2014,M,BR,48041190,1259728,24215.4
2014,M,BR,48043151,711325,13714.33
2014,M,BR,48043180,378968,7248.62
2014,M,BR,49029000,464,2.61
2014,M,BR,49111090,2699,1.06
2014,M,BR,49119100,815,0.23
2014,M,BR,52082216,2534,1.37
2014,M,BR,52082296,2082,1.14
2014,M,BR,52084200,19867,9.52
2014,M,BR,52084900,1228,0.99
2014,M,BR,52085200,19310,11.44
2014,M,BR,52103900,2581,1.51
2014,M,BR,54077300,26245,62.97
2014,M,BR,58012200,3382,1.89
2014,M,BR,61044300,10275,1.16
2014,M,BR,61044400,983,0.19
2014,M,BR,61046200,1604,0.45
2014,M,BR,61062000,6004,0.72
2014,M,BR,61082200,4336,0.16
2014,M,BR,61091000,43717,4.08
2014,M,BR,61099020,188,0.02
2014,M,BR,61099090,331,0.24
2014,M,BR,61124190,241524,21.24
2014,M,BR,61124990,3459,0.08
2014,M,BR,62034235,19091,0.9
2014,M,BR,62034319,4906,0.21
2014,M,BR,62044200,12701,0.89
2014,M,BR,62044300,14334,1.38
2014,M,BR,62044400,2206,0.24
2014,M,BR,62044990,1634,0.05
2014,M,BR,62046239,294,0.24
2014,M,BR,62046390,1172,0.35
2014,M,BR,62111200,14988,1.13
2014,M,BR,62122000,6448,1.23
2014,M,BR,62171000,340,0.29
2014,M,BR,63026000,16311,19.88
2014,M,BR,63029100,5727,7.91
2014,M,BR,63072000,180,0.04
2014,M,BR,64022000,1578740,1793.62
2014,M,BR,64029910,3405,1.4
2014,M,BR,64029939,193,0.14
2014,M,BR,64029991,15938,3.85
2014,M,BR,64029998,15296,8.77
2014,M,BR,64031900,16526,1.22
2014,M,BR,64032000,497,0.05
2014,M,BR,64035999,4980,1.5
2014,M,BR,64039911,100963,18.91
2014,M,BR,64039938,8818,3.33
2014,M,BR,64039950,31426,6.22
2014,M,BR,64039996,153350,47.58
2014,M,BR,64039998,229077,54.14
2014,M,BR,64041100,226,0.04
2014,M,BR,64041990,53294,14.77
2014,M,BR,64042090,13903,2.24
2014,M,BR,64059090,5412,0.62
2014,M,BR,65040000,384,0.02
2014,M,BR,65050090,141,0.03
2014,M,BR,68022900,7715,261.0
2014,M,BR,68029310,714774,12520.26
2014,M,BR,68138100,113000,343.66
2014,M,BR,69031000,5719,5.69
2014,M,BR,69089099,12590,234.55
2014,M,BR,69120050,15270,75.84
2014,M,BR,70133799,83870,493.09
2014,M,BR,70134999,21656,142.71
2014,M,BR,70139900,9585,62.89
2014,M,BR,71031000,2988,2.93
2014,M,BR,71039900,6631,1.73
2014,M,BR,71162080,28618,4.48
2014,M,BR,71179000,3241,0.39
2014,M,BR,72051000,14936,240.0
2014,M,BR,73042910,13467,34.34
2014,M,BR,73071910,42994,174.85
2014,M,BR,73209090,529,0.01
2014,M,BR,73239300,1088,0.85
2014,M,BR,73269098,105037,553.89
2014,M,BR,74040010,1485024,2927.69
2014,M,BR,76129080,67723,257.4
2014,M,BR,82011000,1654,4.17
2014,M,BR,82013000,5030,18.58
2014,M,BR,82014000,219,0.75
2014,M,BR,82015000,572,0.08
2014,M,BR,82016000,775,2.14
2014,M,BR,82019000,1654,4.45
2014,M,BR,82055100,1466,0.44
2014,M,BR,82056000,2795,0.29
2014,M,BR,82119100,131415,104.29
2014,M,BR,82119200,128965,97.2
2014,M,BR,82121090,22026,5.55
2014,M,BR,82129000,66096,16.72
2014,M,BR,82130000,2043,0.87
2014,M,BR,82142000,2161,0.19
2014,M,BR,82159910,3596,2.34
2014,M,BR,83111000,19633,0.12
2014,M,BR,83119000,4699,1.0
2014,M,BR,84099900,5343,22.25
2014,M,BR,84131100,15565,7.4
2014,M,BR,84139100,61051,23.28
2014,M,BR,84143020,607,0.17
2014,M,BR,84143089,75655,186.61
2014,M,BR,84148011,22821,13.76
2014,M,BR,84148080,58770,35.36
2014,M,BR,84212100,17416,6.3
2014,M,BR,84292000,222819,175.81
2014,M,BR,84314980,27077,267.6
2014,M,BR,84329000,45899,254.49
2014,M,BR,84339000,914,0.24
2014,M,BR,84379000,15041,6.0
2014,M,BR,84431600,275000,40.8
2014,M,BR,84523000,50704,12.09
2014,M,BR,84529000,3977,0.88
2014,M,BR,84669400,132,0.01
2014,M,BR,84679100,2243,0.48
2014,M,BR,84749090,18323,6.52
2014,M,BR,84807100,43136,109.27
2014,M,BR,84821090,563,0.95
2014,M,BR,84822000,1591,0.72
2014,M,BR,85015100,186950,468.16
2014,M,BR,85030099,127,0.03
2014,M,BR,85042100,1274,0.63
2014,M,BR,85044084,183,0.04
2014,M,BR,85044090,101,0.02
2014,M,BR,85045095,19507,21.0
2014,M,BR,85049099,567,0.19
2014,M,BR,85094000,3036,2.24
2014,M,BR,85176200,2603,0.22
2014,M,BR,85365080,2814,0.82
2014,M,BR,85389099,17107,21.65
2014,M,BR,87042191,550841,588.0
2014,M,BR,87083091,39965,37.03
2014,M,BR,87083099,5682,4.54
2014,M,BR,90181200,3562,0.6
2014,M,BR,90184100,6709,4.0
2014,M,BR,90184990,15018,1.85
2014,M,BR,90185090,1683,0.01
2014,M,BR,90189084,11324,2.04
2014,M,BR,90211010,98713,3.01
2014,M,BR,90212900,26404,1.23
2014,M,BR,90213910,5421,0.05
2014,M,BR,90213990,66385,0.69
2014,M,BR,90219090,4565,0.13
2014,M,BR,90262080,6720,0.4
2014,M,BR,90269000,150,0.01
2014,M,BR,90289010,189360,173.5
2014,M,BR,90328900,1315,0.18
2014,M,BR,90330000,14832,0.47
2014,M,BR,92059090,32022,4.53
2014,M,BR,93040000,21588,7.99
2014,M,BR,93059900,240,0.01
2014,M,BR,94016900,3605,0.36
2014,M,BR,94036090,5583,11.3
2014,M,BR,95043010,5053,1.55
2014,M,BR,95062900,1946,0.38
2014,M,BR,95069110,11595,20.05
2014,M,BR,96170000,7146,18.57
2014,M,PY,12019000,50808471,1186394.8
2014,M,PY,21069092,2092,0.86
2014,M,PY,44029000,50622,1210.65
2014,M,UY,03036612,47285,208.2
2014,M,UY,03036619,63566,231.15
2014,M,UY,03079911,58439,546.08
2014,M,UY,08055010,194976,1435.92
2014,M,UY,38220000,5116,0.9
2014,M,UY,61101190,637,0.02
2014,M,UY,71162080,1091,0.01
2014,M,UY,73041910,353613,1409.76
2014,M,UY,76061293,65834,194.81
2014,M,UY,84099900,1020,1.25
2014,M,UY,84821090,193,0.25
2014,M,UY,88033000,1723,0.02
2014,M,UY,90183900,11542,0.89
2014,M,UY,90282000,1084,6.5
2015,M,AR,02044390,49714,142.51
2015,M,AR,02069099,134632,655.02
2015,M,AR,03036612,228646,941.73
2015,M,AR,03038990,232897,843.3
2015,M,AR,03047190,49218,128.04
2015,M,AR,03047300,19896,64.06
2015,M,AR,03047415,308711,1190.47
2015,M,AR,03056300,142922,396.17
2015,M,AR,03061792,133050,205.44
2015,M,AR,03061799,2522590,3797.28
2015,M,AR,03074959,35352,239.97
2015,M,AR,03079911,231384,1829.47
2015,M,AR,05040000,33007,128.42
2015,M,AR,07133200,7853,100.0
2015,M,AR,07133390,405901,3950.0
2015,M,AR,07133900,40898,451.2
2015,M,AR,08051020,15270,480.0
2015,M,AR,08055010,7580548,62925.16
2015,M,AR,08083090,809997,7236.28
2015,M,AR,08134095,47500,50.0
2015,M,AR,09030000,1220,4.0
2015,M,AR,10059000,650558,13709.12
2015,M,AR,12024200,9166640,73276.7
2015,M,AR,12060091,21277,190.0
2015,M,AR,12074090,222653,1983.9
2015,M,AR,12092510,30568,250.0
2015,M,AR,20084059,270912,2438.92
2015,M,AR,20084090,61803,544.33
2015,M,AR,20096919,53373,474.42
2015,M,AR,22042196,61048,90.68
2015,M,AR,22042197,53800,217.65
2015,M,AR,22042198,58583,202.89
2015,M,AR,23040000,98821089,2528954.2
2015,M,AR,24011035,100,0.1
2015,M,AR,24012035,272697,556.62
2015,M,AR,24012085,186720,396.0
2015,M,AR,25292100,15932,250.0
2015,M,AR,29189990,89997,0.03
2015,M,AR,29333999,2700,0.01
2015,M,AR,30064000,10583,2.14
2015,M,AR,32011000,185219,960.0
2015,M,AR,39239000,20697,39.0
2015,M,AR,39269097,1267,0.43
2015,M,AR,42050090,2689,0.13
2015,M,AR,43021915,110,0.01
2015,M,AR,43021999,329,0.02
2015,M,AR,44029000,271210,5545.92
2015,M,AR,49059900,580,0.1
2015,M,AR,64035999,7936,0.24
2015,M,AR,64041990,4032,0.24
2015,M,AR,70134999,634,0.13
2015,M,AR,74181010,1479,0.13
2015,M,AR,82079099,3184,0.5
2015,M,AR,82159100,186,0.13
2015,M,AR,84099900,1100,0.44
2015,M,AR,84229090,183,0.01
2015,M,AR,84679100,2471,0.18
2015,M,AR,84799080,13505,2.47
2015,M,AR,85118000,5756,0.61
2015,M,AR,85353090,350,0.39
2015,M,AR,87082990,50192,64.38
2015,M,AR,87089993,59035,70.86
2015,M,AR,90181990,2048,0.01
2015,M,AR,90183190,5091,0.21
2015,M,AR,90192000,908,0.01
2015,M,AR,90213990,1070,0.04
2015,M,AR,90269000,493,0.13
2015,M,AR,94055000,1356,0.13
2015,M,AR,95069110,5050,2.4
2015,M,AR,95069190,3850,2.62
2015,M,AR,97011000,185,0.01
2015,M,BO,08012200,215535,273.43
2015,M,BO,61103099,830,0.02
2015,M,BO,74040010,102982,190.01
2015,M,BR,08012200,185000,250.0
2015,M,BR,08055010,380708,3199.3
2015,M,BR,08134095,8341,4.8
2015,M,BR,09011100,39219001,170423.31
2015,M,BR,09041100,509211,610.0
2015,M,BR,12019000,3313410,90870.78
2015,M,BR,12024200,43301,360.0
2015,M,BR,15200000,364,0.2
2015,M,BR,16023111,1288260,3492.0
2015,M,BR,17019910,990085,26112.1
2015,M,BR,17031000,1120,1.1
2015,M,BR,17041090,128168,364.51
2015,M,BR,20091199,305638,1794.95
2015,M,BR,20091998,72503,478.8
2015,M,BR,21061020,247036,3696.0
2015,M,BR,21061080,56295,100.6
2015,M,BR,21069092,5046,6.26
2015,M,BR,22084031,48269,211.05
2015,M,BR,22089069,375,0.5
2015,M,BR,23091031,1196533,11038.99
2015,M,BR,24011035,955,0.75
2015,M,BR,24011085,902,0.86
2015,M,BR,24012035,869899,1907.36
2015,M,BR,24012085,16375725,34854.6
2015,M,BR,24012095,126,0.09
2015,M,BR,24013000,144625,5328.0
2015,M,BR,24022090,240,0.03
2015,M,BR,25081000,250,0.42
2015,M,BR,25161100,34204,1003.7
2015,M,BR,26060000,14099905,2695010.12
2015,M,BR,27101991,13935,25.83
2015,M,BR,27131200,3487016,112462.03
2015,M,BR,29012200,1878994,30984.91
2015,M,BR,29061900,21833,1.7
2015,M,BR,29159070,28581,216.2
2015,M,BR,29242998,1906,0.1
2015,M,BR,30042000,89168,7.66
2015,M,BR,30049000,4458781,354.29
2015,M,BR,30051000,44929,187.99
2015,M,BR,30061090,520,0.04
2015,M,BR,30064000,30059,1.62
2015,M,BR,32012000,65821,400.0
2015,M,BR,32131000,15352,11.94
2015,M,BR,32149000,891,1.05
2015,M,BR,33012991,9700,1.0
2015,M,BR,33030090,1540,1.71
2015,M,BR,33049900,86,0.01
2015,M,BR,33061000,26448,55.68
2015,M,BR,33062000,33677,6.96
2015,M,BR,33069000,7798,1.3
2015,M,BR,33074900,96,0.01
2015,M,BR,34011100,12458,5.27
2015,M,BR,35069900,160,0.04
2015,M,BR,37025600,1648,1.77
2015,M,BR,38061000,160000,1000.0
2015,M,BR,38089190,20127,16.8
2015,M,BR,38109090,1917,0.39
2015,M,BR,38159090,224,0.14
2015,M,BR,38248300,30499,172.0
2015,M,BR,39011010,1023181,8435.0
2015,M,BR,39012090,353879,2722.5
2015,M,BR,39021000,108900,990.0
2015,M,BR,39122011,91240,360.0
2015,M,BR,39122019,397386,1620.0
2015,M,BR,39123100,10860,12.0
2015,M,BR,39129090,69983,304.5
2015,M,BR,39202080,980,0.2
2015,M,BR,39239000,514,2.62
2015,M,BR,39241000,3175,3.87
2015,M,BR,39269097,65253,86.94
2015,M,BR,40114000,807326,1229.6
2015,M,BR,40119200,146594,498.15
2015,M,BR,40119900,40320,123.49
2015,M,BR,40129020,131133,342.02
2015,M,BR,40169300,800,0.23
2015,M,BR,41041959,147063,393.85
2015,M,BR,42010000,350,0.54
2015,M,BR,42022100,7480,0.54
2015,M,BR,42022210,99,0.01
2015,M,BR,42022290,6884,0.92
2015,M,BR,42022900,763,0.04
2015,M,BR,42023100,134,0.01
2015,M,BR,42029219,41,0.01
2015,M,BR,42031000,1880,0.05
2015,M,BR,42033000,471,0.1
2015,M,BR,43021999,10901,4.18
2015,M,BR,44092991,20288,216.44
2015,M,BR,44129985,15615,236.29
2015,M,BR,47032900,3955527,64936.78
2015,M,BR,48025620,94582,1207.44
2015,M,BR,48041111,9893,193.98
2015,M,BR,48041190,477653,8720.02
2015,M,BR,48041990,896142,15834.56
2015,M,BR,48043180,2192,42.98
2015,M,BR,48051100,30079,476.69
2015,M,BR,48114900,125,0.09
2015,M,BR,48194000,2135,2.43
2015,M,BR,48236990,209,0.37
2015,M,BR,49030000,3426,0.53
2015,M,BR,49111090,430,0.28
2015,M,BR,49119100,529,0.14
2015,M,BR,52082216,8664,4.68
2015,M,BR,52083216,1370,0.61
2015,M,BR,52084200,5099,2.78
2015,M,BR,52084900,6195,4.03
2015,M,BR,52085200,584,0.24
2015,M,BR,54021900,2643,0.1
2015,M,BR,54083400,1223,0.32
2015,M,BR,56089000,5805,2.5
2015,M,BR,58012200,5589,2.82
2015,M,BR,61044300,12885,1.55
2015,M,BR,61044900,2527,0.13
2015,M,BR,61045900,707,0.01
2015,M,BR,61062000,1264,0.27
2015,M,BR,61082200,7909,0.28
2015,M,BR,61091000,50922,8.49
2015,M,BR,61099020,166,0.03
2015,M,BR,61099090,459,0.01
2015,M,BR,61124110,5178,0.69
2015,M,BR,61124190,175107,16.6
2015,M,BR,62011390,475,0.05
2015,M,BR,62033290,871,0.02
2015,M,BR,62034211,8997,0.41
2015,M,BR,62034235,44631,4.17
2015,M,BR,62044200,4482,0.43
2015,M,BR,62044300,3205,0.25
2015,M,BR,62044400,4704,0.22
2015,M,BR,62044910,807,0.01
2015,M,BR,62045200,580,0.01
2015,M,BR,62045990,504,0.01
2015,M,BR,62061000,6656,0.06
2015,M,BR,62111200,25639,1.42
2015,M,BR,62114390,604,0.01
2015,M,BR,62129000,380,0.02
2015,M,BR,62171000,1127,0.09
2015,M,BR,63014090,145041,201.72
2015,M,BR,63026000,114,0.37
2015,M,BR,63072000,332,0.02
2015,M,BR,64022000,1746050,1547.26
2015,M,BR,64029190,994,0.36
2015,M,BR,64029910,10219,3.06
2015,M,BR,64029939,25503,31.1
2015,M,BR,64029991,15015,4.33
2015,M,BR,64029993,5117,3.04
2015,M,BR,64029998,65260,21.26
2015,M,BR,64031900,10800,0.66
2015,M,BR,64035199,253,0.05
2015,M,BR,64035999,39871,6.35
2015,M,BR,64039118,2547,0.38
2015,M,BR,64039198,8528,1.51
2015,M,BR,64039938,49906,7.73
2015,M,BR,64039950,1787,0.17
2015,M,BR,64039998,454098,91.01
2015,M,BR,64041910,1035,0.56
2015,M,BR,64041990,52029,17.0
2015,M,BR,64042090,1637,0.67
2015,M,BR,64052099,7338,0.5
2015,M,BR,64059090,5390,0.71
2015,M,BR,65050090,258,0.03
2015,M,BR,66019990,1051,0.82
2015,M,BR,68029310,181503,2972.14
2015,M,BR,68029390,616,0.27
2015,M,BR,68138100,67618,209.22
2015,M,BR,69031000,6486,5.69
2015,M,BR,69089099,58486,2012.98
2015,M,BR,69120050,35527,148.63
2015,M,BR,69120090,2569,0.25
2015,M,BR,70052935,17824,260.48
2015,M,BR,70133799,59028,370.09
2015,M,BR,70134999,40372,265.65
2015,M,BR,71031000,8728,17.7
2015,M,BR,71039900,26644,2.61
2015,M,BR,71162011,543,0.02
2015,M,BR,71162080,37910,36.33
2015,M,BR,71179000,1378,0.05
2015,M,BR,72101220,39054,494.35
2015,M,BR,72173090,124818,340.17
2015,M,BR,73071910,32829,137.72
2015,M,BR,73209090,1827,0.01
2015,M,BR,73259990,962,0.05
2015,M,BR,73269098,125721,651.38
2015,M,BR,74040010,209996,452.24
2015,M,BR,76169990,1360,3.48
2015,M,BR,82011000,6453,16.16
2015,M,BR,82013000,4669,13.62
2015,M,BR,82014000,2687,0.78
2015,M,BR,82019000,3150,5.65
2015,M,BR,82055100,735,0.44
2015,M,BR,82055980,6511,0.61
2015,M,BR,82119100,251362,166.65
2015,M,BR,82119200,129533,88.66
2015,M,BR,82119300,281,0.16
2015,M,BR,82130000,3005,6.0
2015,M,BR,82149000,511,0.86
2015,M,BR,82152010,15645,8.39
2015,M,BR,82159910,12820,7.34
2015,M,BR,84099100,13832,0.96
2015,M,BR,84099900,4218,1.91
2015,M,BR,84119900,9531,0.06
2015,M,BR,84139100,42223,12.11
2015,M,BR,84143020,732,0.27
2015,M,BR,84143089,81529,187.56
2015,M,BR,84148011,25292,11.15
2015,M,BR,84148019,28033,13.96
2015,M,BR,84148080,54653,27.35
2015,M,BR,84212100,8432,2.36
2015,M,BR,84248110,71381,34.17
2015,M,BR,84314980,25780,260.94
2015,M,BR,84329000,44815,233.61
2015,M,BR,84339000,418,0.06
2015,M,BR,84371000,59911,31.19
2015,M,BR,84379000,71573,53.29
2015,M,BR,84439199,1662,0.52
2015,M,BR,84513000,22175,18.0
2015,M,BR,84519000,106,0.9
2015,M,BR,84523000,61478,5.8
2015,M,BR,84529000,7152,2.04
2015,M,BR,84679100,2365,0.14
2015,M,BR,84714100,1270,0.25
2015,M,BR,84719000,23569,0.17
2015,M,BR,84749090,16349,3.54
2015,M,BR,85012000,4944,2.16
2015,M,BR,85015100,167186,433.02
2015,M,BR,85044090,580,0.22
2015,M,BR,85169000,2500,0.05
2015,M,BR,85185000,19024,2.66
2015,M,BR,85234951,311,0.1
2015,M,BR,85234959,351,0.02
2015,M,BR,85235193,1899,0.01
2015,M,BR,85269200,7555,0.26
2015,M,BR,85291031,1000,0.01
2015,M,BR,85319085,2156,0.53
2015,M,BR,85364900,820,0.05
2015,M,BR,85369010,7876,5.55
2015,M,BR,85389099,28088,14.08
2015,M,BR,85444290,805,0.01
2015,M,BR,85462000,23861,36.0
2015,M,BR,87042191,22465,24.4
2015,M,BR,87083091,30494,22.65
2015,M,BR,87089191,622,0.01
2015,M,BR,87089993,1190,0.52
2015,M,BR,90119010,461,0.01
2015,M,BR,90181990,6253,1.11
2015,M,BR,90184910,3486,0.23
2015,M,BR,90184990,32439,4.31
2015,M,BR,90189084,9788,1.72
2015,M,BR,90211010,64203,2.97
2015,M,BR,90212900,47613,2.25
2015,M,BR,90213910,2743,0.02
2015,M,BR,90213990,21882,0.11
2015,M,BR,90230080,1882,0.02
2015,M,BR,90261021,925,0.09
2015,M,BR,90283090,1874,0.1
2015,M,BR,90289010,140884,139.13
2015,M,BR,90330000,7295,0.09
2015,M,BR,91061000,2238,0.03
2015,M,BR,92059090,5290,0.85
2015,M,BR,93040000,22410,10.24
2015,M,BR,93059900,287,0.02
2015,M,BR,94021000,3726,1.83
2015,M,BR,94032080,1087,2.52
2015,M,BR,96032930,122170,162.07
2015,M,BR,96140090,1145,0.2
2015,M,BR,96170000,8994,40.13
2015,M,BR,96180000,696,0.06
2015,M,BR,99050000,5300,1.2
2015,M,PY,12019000,50487776,1307265.64
2015,M,PY,12074090,125011,1136.12
2015,M,PY,20092999,52516,247.0
2015,M,PY,44029000,20558,405.45
2015,M,PY,74040010,103833,205.58
2015,M,UY,03036612,37769,209.67
2015,M,UY,03079911,103759,837.8
2015,M,UY,08051020,119379,1970.6
2015,M,UY,08055010,259415,2218.5
2015,M,UY,23012000,41841,223.39
2015,M,UY,47032900,2462014,39942.65
2015,M,UY,61159691,7675,0.7
2015,M,UY,84099900,3620,5.55
2015,M,UY,84779080,269,0.25
2015,M,UY,90183900,12555,0.91
2016,M,AR,02044390,23621,80.0
2016,M,AR,02069099,178860,1066.18
2016,M,AR,03028990,2943,5.0
2016,M,AR,03036612,317184,1611.85
2016,M,AR,03038950,57830,178.0
2016,M,AR,03038990,353092,1478.45
2016,M,AR,03044990,71,0.1
2016,M,AR,03047415,388140,1461.36
2016,M,AR,03049550,448676,1698.78
2016,M,AR,03056300,143639,389.04
2016,M,AR,03061792,91134,180.0
2016,M,AR,03061799,2750953,4881.84
2016,M,AR,03079911,29349,260.0
2016,M,AR,05040000,29443,180.03
2016,M,AR,07032000,158708,492.0
2016,M,AR,07133390,402594,4867.5
2016,M,AR,07133900,17798,210.0
2016,M,AR,07139000,350,1.5
2016,M,AR,08054000,68250,624.0
2016,M,AR,08055010,10359208,76923.36
2016,M,AR,08083090,1085881,10906.25
2016,M,AR,09030000,4167,17.3
2016,M,AR,10059000,592871,12273.34
2016,M,AR,10063098,327,8.1
2016,M,AR,12024200,8818655,71572.54
2016,M,AR,12074090,625964,5449.25
2016,M,AR,12092510,24900,220.0
2016,M,AR,20081110,23354,130.2
2016,M,AR,20081995,1352,2.98
2016,M,AR,22042195,23928,38.52
2016,M,AR,22042196,103951,148.97
2016,M,AR,22042197,15972,63.68
2016,M,AR,22042198,19248,76.55
2016,M,AR,23040000,87982570,2543216.45
2016,M,AR,24011035,60,0.06
2016,M,AR,24012035,363187,621.15
2016,M,AR,24012085,54,0.05
2016,M,AR,29189990,70928,0.01
2016,M,AR,32011000,263128,1344.0
2016,M,AR,39233010,78591,127.65
2016,M,AR,39269097,1448,0.56
2016,M,AR,42050090,1200,0.38
2016,M,AR,43031090,6377,0.02
2016,M,AR,44029000,53522,1159.0
2016,M,AR,48196000,170,0.29
2016,M,AR,49019900,247,0.19
2016,M,AR,49100000,573,0.33
2016,M,AR,57011090,1272,0.4
2016,M,AR,73079980,2452,0.6
2016,M,AR,73269098,83,0.01
2016,M,AR,82079099,3234,0.65
2016,M,AR,84099100,320,0.21
2016,M,AR,84099900,6852,11.78
2016,M,AR,84229090,3346,0.07
2016,M,AR,84509000,2510,0.35
2016,M,AR,84799080,3820,0.48
2016,M,AR,84836020,3644,0.36
2016,M,AR,85118000,7118,0.77
2016,M,AR,85287115,2948,0.02
2016,M,AR,85365011,6091,0.52
2016,M,AR,85371010,402,0.1
2016,M,AR,87082990,38351,48.07
2016,M,AR,87089993,49304,66.3
2016,M,AR,90183900,2166,0.12
2016,M,AR,90191090,907,0.06
2016,M,AR,90211090,857,0.01
2016,M,AR,90271090,180,0.05
2016,M,AR,94039010,532,0.44
2016,M,AR,95069190,1485,0.98
2016,M,AR,97050000,1697,0.28
2016,M,BO,07135000,34101,180.0
2016,M,BO,08012200,255593,325.33
2016,M,BO,12099180,29661,0.02
2016,M,BO,25280000,269291,3836.04
2016,M,BO,61045900,545,0.01
2016,M,BO,61103099,632,0.01
2016,M,BO,61109090,569,0.01
2016,M,BR,02023090,493931,702.59
2016,M,BR,03011100,3413,0.1
2016,M,BR,03061210,200924,100.1
2016,M,BR,03061290,28018,9.07
2016,M,BR,09011100,62280880,260161.14
2016,M,BR,09011200,6031,13.72
2016,M,BR,09041100,193472,260.0
2016,M,BR,12024200,129258,1000.0
2016,M,BR,15180091,21395,200.0
2016,M,BR,15200000,178,0.3
2016,M,BR,16023111,1117560,3000.0
2016,M,BR,17011490,535,0.6
2016,M,BR,17019910,1696360,38140.0
2016,M,BR,17031000,337,0.4
2016,M,BR,17041090,349490,1099.47
2016,M,BR,20091199,658952,4082.4
2016,M,BR,21023000,89,0.1
2016,M,BR,21061020,1695159,22491.9
2016,M,BR,21061080,29333,62.54
2016,M,BR,22089069,726,1.1
2016,M,BR,22089077,36894,113.53
2016,M,BR,22089078,104104,192.37
2016,M,BR,23040000,10339275,273425.91
2016,M,BR,23091031,1141655,10201.25
2016,M,BR,24011035,240,0.16
2016,M,BR,24011085,565041,990.0
2016,M,BR,24012035,1005541,2280.35
2016,M,BR,24012085,7469467,17034.49
2016,M,BR,24012095,100,0.02
2016,M,BR,24013000,198087,7770.0
2016,M,BR,25070020,5085,15.0
2016,M,BR,25081000,123,0.1
2016,M,BR,25251000,496,0.6
2016,M,BR,25309000,4146,3.21
2016,M,BR,26060000,17804184,4065368.8
2016,M,BR,27101991,14685,25.76
2016,M,BR,27131200,2286074,82777.97
2016,M,BR,28046900,188787,1250.0
2016,M,BR,28421000,19815,480.0
2016,M,BR,29061900,76700,6.0
2016,M,BR,29242998,19049,1.09
2016,M,BR,30045000,95206,211.76
2016,M,BR,30049000,4408008,347.27
2016,M,BR,30051000,8057,24.1
2016,M,BR,30061090,550,0.02
2016,M,BR,30064000,32296,1.76
2016,M,BR,32012000,133132,800.0
2016,M,BR,32131000,8314,11.2
2016,M,BR,32149000,822,0.81
2016,M,BR,33012991,38400,4.0
2016,M,BR,33051000,11838,4.45
2016,M,BR,33059000,3028,1.41
2016,M,BR,33062000,77817,18.45
2016,M,BR,33069000,7272,0.75
2016,M,BR,33074900,670,0.08
2016,M,BR,34059090,18,0.02
2016,M,BR,35030010,850,0.49
2016,M,BR,35051090,11088,28.8
2016,M,BR,35079090,5629,0.05
2016,M,BR,38061000,758913,6000.0
2016,M,BR,38089190,25881,20.53
2016,M,BR,38249096,30794,172.0
2016,M,BR,39011010,223235,1980.0
2016,M,BR,39012090,181303,1746.25
2016,M,BR,39021000,402634,4785.25
2016,M,BR,39023000,564606,6229.5
2016,M,BR,39031900,14906,30.9
2016,M,BR,39122019,166343,720.0
2016,M,BR,39122090,608,0.04
2016,M,BR,39123100,43440,48.0
2016,M,BR,39129090,100275,435.75
2016,M,BR,39191019,135,0.03
2016,M,BR,39232990,1647,0.93
2016,M,BR,39233090,1723,4.32
2016,M,BR,39239000,5045,0.33
2016,M,BR,39241000,27998,36.51
2016,M,BR,39249000,100,0.08
2016,M,BR,39264000,1091,0.1
2016,M,BR,39269097,48300,87.02
2016,M,BR,40103900,238,0.02
2016,M,BR,40113000,522,0.1
2016,M,BR,40114000,657771,1218.4
2016,M,BR,40119200,112735,266.67
2016,M,BR,40119300,54252,159.48
2016,M,BR,40129020,62172,179.68
2016,M,BR,40169300,4104,0.36
2016,M,BR,42010000,150,0.21
2016,M,BR,42022100,7372,0.63
2016,M,BR,42022210,388,0.01
2016,M,BR,42022290,759,0.22
2016,M,BR,42022900,590,0.25
2016,M,BR,42023210,100,0.06
2016,M,BR,42029219,10667,1.04
2016,M,BR,44012200,1312,14.8
2016,M,BR,44013980,1297,0.17
2016,M,BR,44081098,13988,255.0
2016,M,BR,44091018,23344,231.07
2016,M,BR,44092991,47670,498.83
2016,M,BR,44111210,201,5.0
2016,M,BR,44123190,53645,470.0
2016,M,BR,44123900,149706,2242.76
2016,M,BR,44129985,24441,563.2
2016,M,BR,44189080,285,0.18
2016,M,BR,44190090,7019,14.74
2016,M,BR,47032900,7418673,152813.74
2016,M,BR,48025530,77030,1100.43
2016,M,BR,48025590,32532,463.39
2016,M,BR,48025620,228320,2527.82
2016,M,BR,48041111,206811,4047.88
2016,M,BR,48041115,79911,1626.4
2016,M,BR,48041190,597424,12046.86
2016,M,BR,48059320,12868,234.81
2016,M,BR,48194000,962,0.4
2016,M,BR,48195000,208,0.08
2016,M,BR,48209000,120,0.06
2016,M,BR,49029000,45,0.2
2016,M,BR,49030000,1702,0.21
2016,M,BR,49089000,2807,0.05
2016,M,BR,49111010,2591,3.47
2016,M,BR,49111090,1810,1.46
2016,M,BR,49119100,5462,1.25
2016,M,BR,52082216,25703,15.5
2016,M,BR,52083216,2382,1.46
2016,M,BR,52084200,168,0.04
2016,M,BR,52084900,1994,1.8
2016,M,BR,52085200,15358,9.66
2016,M,BR,54021900,7390,0.09
2016,M,BR,58012200,3600,2.09
2016,M,BR,58063290,1265,0.17
2016,M,BR,60041000,14039,7.39
2016,M,BR,61034900,62,0.02
2016,M,BR,61044300,1018,0.12
2016,M,BR,61044400,3101,0.22
2016,M,BR,61044900,3563,0.15
2016,M,BR,61045200,443,0.01
2016,M,BR,61051000,300,0.11
2016,M,BR,61061000,159,0.1
2016,M,BR,61062000,1524,0.12
2016,M,BR,61069090,1466,0.06
2016,M,BR,61082200,6507,0.32
2016,M,BR,61091000,35415,9.45
2016,M,BR,61123910,875,0.21
2016,M,BR,61124110,7148,1.8
2016,M,BR,61124190,442105,31.57
2016,M,BR,61143000,533,0.09
2016,M,BR,62021310,43,0.01
2016,M,BR,62033290,2113,0.04
2016,M,BR,62034319,31299,3.58
2016,M,BR,62044300,19057,1.18
2016,M,BR,62044400,668,0.03
2016,M,BR,62045300,117,0.01
2016,M,BR,62045910,78,0.01
2016,M,BR,62046390,287,0.01
2016,M,BR,62046990,510,0.04
2016,M,BR,62052000,122,0.01
2016,M,BR,62061000,433,0.01
2016,M,BR,62064000,9313,0.74
2016,M,BR,62069090,1782,0.06
2016,M,BR,62111200,6063,0.34
2016,M,BR,62149000,174,0.01
2016,M,BR,62171000,908,0.27
2016,M,BR,63051090,1024,3.0
2016,M,BR,64022000,1546450,1463.34
2016,M,BR,64029190,2431,0.7
2016,M,BR,64029910,8667,3.73
2016,M,BR,64029939,411,0.24
2016,M,BR,64029950,2660,2.4
2016,M,BR,64029991,31863,11.35
2016,M,BR,64029993,3063,0.79
2016,M,BR,64029996,18917,9.85
2016,M,BR,64029998,50499,19.21
2016,M,BR,64031900,9652,1.26
2016,M,BR,64032000,69052,20.53
2016,M,BR,64035119,13720,3.77
2016,M,BR,64035199,1496,0.76
2016,M,BR,64035911,20731,5.57
2016,M,BR,64035939,450,0.5
2016,M,BR,64035999,2928,0.6
2016,M,BR,64039116,9265,3.14
2016,M,BR,64039118,30570,10.02
2016,M,BR,64039198,11653,2.42
2016,M,BR,64039911,17529,2.65
2016,M,BR,64039936,12822,5.9
2016,M,BR,64039938,28639,8.65
2016,M,BR,64039950,13709,1.55
2016,M,BR,64039991,7355,2.4
2016,M,BR,64039993,11711,2.4
2016,M,BR,64039996,10962,4.16
2016,M,BR,64039998,341237,87.1
2016,M,BR,64041990,183132,78.0
2016,M,BR,64042090,3483,0.56
2016,M,BR,64059090,2141,0.48
2016,M,BR,65040000,255,0.09
2016,M,BR,68010000,7061,267.53
2016,M,BR,68029310,298315,7224.25
2016,M,BR,68029990,3036,0.17
2016,M,BR,68138100,44328,138.87
2016,M,BR,69031000,6325,5.69
2016,M,BR,69032010,4406,10.5
2016,M,BR,69089020,272,0.17
2016,M,BR,69089099,61563,2396.43
2016,M,BR,69120023,17940,73.82
2016,M,BR,70052980,16830,501.43
2016,M,BR,70133799,84046,591.05
2016,M,BR,70139900,30949,246.3
2016,M,BR,71023900,340,0.01
2016,M,BR,71031000,2805,3.0
2016,M,BR,71039900,1509,0.82
2016,M,BR,71131900,3654,0.01
2016,M,BR,71159000,634,0.19
2016,M,BR,71162080,9269,5.44
2016,M,BR,71171900,2284,0.03
2016,M,BR,71179000,7232,0.29
2016,M,BR,72101220,225738,2740.53
2016,M,BR,72173090,30616,87.22
2016,M,BR,73071910,30578,133.53
2016,M,BR,73071990,30368,131.0
2016,M,BR,73089098,6638,2.88
2016,M,BR,73181630,149,0.02
2016,M,BR,73182900,231,0.01
2016,M,BR,73202089,272,0.03
2016,M,BR,73239300,2517,2.96
2016,M,BR,73269096,1215,0.33
2016,M,BR,73269098,146301,812.02
2016,M,BR,76052100,1507,2.1
2016,M,BR,76129080,42911,38.38
2016,M,BR,82013000,6583,20.86
2016,M,BR,82031000,2265,2.29
2016,M,BR,82055100,2382,2.04
2016,M,BR,82056000,3242,0.29
2016,M,BR,82111000,3015,11.2
2016,M,BR,82119100,418510,311.88
2016,M,BR,82119200,32729,21.55
2016,M,BR,82121010,44659,59.89
2016,M,BR,82129000,15326,7.32
2016,M,BR,82130000,3019,2.57
2016,M,BR,82149000,5055,3.78
2016,M,BR,82152010,2314,4.24
2016,M,BR,82152090,16190,11.2
2016,M,BR,82159910,46948,34.5
2016,M,BR,83111000,4650,0.01
2016,M,BR,84099100,448,0.04
2016,M,BR,84099900,1995,0.94
2016,M,BR,84131900,1888,0.51
2016,M,BR,84143020,647,0.12
2016,M,BR,84143089,73626,168.95
2016,M,BR,84148019,42762,23.21
2016,M,BR,84148080,43933,25.85
2016,M,BR,84314980,26026,254.35
2016,M,BR,84329000,87507,516.2
2016,M,BR,84339000,840,0.2
2016,M,BR,84371000,28226,12.13
2016,M,BR,84385000,2218,2.37
2016,M,BR,84389000,7579,5.85
2016,M,BR,84425080,175295,246.43
2016,M,BR,84523000,67576,9.1
2016,M,BR,84529000,2081,0.45
2016,M,BR,84559000,1130,0.03
2016,M,BR,84689000,8013,0.76
2016,M,BR,84719000,405,0.03
2016,M,BR,84733080,1439,0.04
2016,M,BR,84749090,2751,3.38
2016,M,BR,84779080,11080,1.09
2016,M,BR,84818099,40,0.02
2016,M,BR,84825000,274,0.03
2016,M,BR,84832000,29802,138.12
2016,M,BR,84839020,2357,0.2
2016,M,BR,84842000,81,0.01
2016,M,BR,85015100,111635,350.02
2016,M,BR,85015381,24616,53.04
2016,M,BR,85030099,1786,2.37
2016,M,BR,85044090,5983,0.66
2016,M,BR,85045020,12923,9.0
2016,M,BR,85114000,3045,0.41
2016,M,BR,85141010,60000,41.6
2016,M,BR,85184080,30217,3.94
2016,M,BR,85185000,4626,0.8
2016,M,BR,85189000,2534,0.82
2016,M,BR,85311095,91,0.01
2016,M,BR,85319085,234,0.03
2016,M,BR,85322200,684,0.05
2016,M,BR,85369085,6971,5.42
2016,M,BR,85381000,10202,62.67
2016,M,BR,85389099,22063,16.21
2016,M,BR,85437090,1867,2.8
2016,M,BR,85442000,83,0.02
2016,M,BR,87082990,150,0.03
2016,M,BR,87083091,59693,72.31
2016,M,BR,87087099,3820,1.65
2016,M,BR,87089993,657,0.02
2016,M,BR,87112092,4330,2.78
2016,M,BR,90013000,893,0.03
2016,M,BR,90119010,1414,0.05
2016,M,BR,90184990,27247,0.9
2016,M,BR,90189020,2183,0.04
2016,M,BR,90191090,5403,0.81
2016,M,BR,90211090,3337,0.04
2016,M,BR,90212900,91928,1.95
2016,M,BR,90213100,299,0.05
2016,M,BR,90213910,506,0.02
2016,M,BR,90213990,21697,0.17
2016,M,BR,90229000,1649,0.04
2016,M,BR,90261081,1146,0.33
2016,M,BR,90262080,27374,6.07
2016,M,BR,90269000,273,0.01
2016,M,BR,90278099,5573,1.2
2016,M,BR,90289010,260307,242.72
2016,M,BR,90303399,406,0.15
2016,M,BR,90308990,580,0.01
2016,M,BR,90328900,3278,0.05
2016,M,BR,90330000,6533,0.18
2016,M,BR,93040000,31874,12.95
2016,M,BR,93059900,94,0.03
2016,M,BR,93069090,29313,4.05
2016,M,BR,94021000,279,0.03
2016,M,BR,94032080,33,0.3
2016,M,BR,94055000,1141,0.02
2016,M,BR,95059000,743,0.35
2016,M,BR,95062900,1854,0.47
2016,M,BR,95069110,897,2.59
2016,M,BR,95069190,410,0.05
2016,M,BR,96089900,180,0.07
2016,M,BR,96159000,40,0.01
2016,M,BR,99050000,5200,0
2016,M,PY,12019000,33346481,888145.92
2016,M,PY,12074090,102073,948.6
2016,M,PY,74040010,104213,249.87
2016,M,UY,08055010,862062,6392.0
2016,M,UY,12019000,12066190,340153.66
2016,M,UY,23012000,387513,1782.06
2016,M,UY,47032900,700096,12368.02
2016,M,UY,84099900,9659,22.3
2016,M,UY,84139200,135,0.15
2016,M,UY,85392290,13,0.01
2016,M,UY,85446090,100,0.03
2016,M,UY,90183900,5768,0.48
2016,M,UY,90269000,108,0.08
2017,M,AR,02013000,459490,888.26
2017,M,AR,02023090,244204,951.83
2017,M,AR,02069099,102642,587.91
2017,M,AR,03028590,15443,20.0
2017,M,AR,03036612,158709,762.0
2017,M,AR,03036990,147432,682.55
2017,M,AR,03038990,368022,1538.7
2017,M,AR,03047415,345912,1291.91
2017,M,AR,03049550,404595,1545.7
2017,M,AR,03061799,4893427,8187.04
2017,M,AR,03074392,1276890,5221.73
2017,M,AR,05040000,17147,104.49
2017,M,AR,07032000,235472,712.0
2017,M,AR,07132000,410814,3513.4
2017,M,AR,07133390,358898,3607.1
2017,M,AR,07133900,78178,717.5
2017,M,AR,08055010,12151406,114242.58
2017,M,AR,08083090,1095930,10309.79
2017,M,AR,09030000,6692,43.26
2017,M,AR,10059000,542598,10801.6
2017,M,AR,12024200,8953067,65923.2
2017,M,AR,12092510,28180,250.0
2017,M,AR,20093939,70303,262.5
2017,M,AR,22041098,1389,1.13
2017,M,AR,22042195,33639,80.61
2017,M,AR,22042196,212441,273.78
2017,M,AR,22042197,34490,134.54
2017,M,AR,22042198,34971,137.8
2017,M,AR,23040000,97732891,2978686.8
2017,M,AR,24012035,883324,1721.6
2017,M,AR,24012085,220,0.24
2017,M,AR,25081000,14080,220.0
2017,M,AR,29189990,342101,0.04
2017,M,AR,29221900,47993,0.02
2017,M,AR,29251995,8888,0.1
2017,M,AR,30064000,12041,2.07
2017,M,AR,32011000,253225,1344.0
2017,M,AR,38220000,895,0.15
2017,M,AR,39069090,393,0.5
2017,M,AR,39073000,2391,0.45
2017,M,AR,39269097,1434,0.59
2017,M,AR,42050090,1964,0.16
2017,M,AR,44029000,199466,3895.18
2017,M,AR,48201090,250,0.32
2017,M,AR,49111090,5420,0.04
2017,M,AR,57023110,3127,1.0
2017,M,AR,73079910,654,0.23
2017,M,AR,74181090,3770,0.33
2017,M,AR,84099100,501,0.35
2017,M,AR,84099900,471,0.09
2017,M,AR,84159000,342,0.03
2017,M,AR,84223000,85800,12.74
2017,M,AR,84229090,23515,2.24
2017,M,AR,84339000,131,0.01
2017,M,AR,84629980,12556,1.85
2017,M,AR,84678900,59,0.01
2017,M,AR,84679900,65,0.01
2017,M,AR,84733080,450,0.05
2017,M,AR,84799020,12808,2.34
2017,M,AR,84799070,202,0.01
2017,M,AR,84831095,94,0.01
2017,M,AR,85118000,7301,0.99
2017,M,AR,85311095,532,0.04
2017,M,AR,87081090,4982,1.37
2017,M,AR,87082990,97776,160.83
2017,M,AR,87089993,16684,30.6
2017,M,AR,90191090,3321,0.7
2017,M,AR,90230080,467,0.01
2017,M,AR,90283011,1059,0.22
2017,M,AR,90318080,7970,0.06
2017,M,AR,95030099,112,0.01
2017,M,BO,07135000,26862,180.0
2017,M,BO,08012200,132063,159.67
2017,M,BO,08055010,68870,496.0
2017,M,BO,10085000,66146,300.0
2017,M,BO,11041999,9432,40.2
2017,M,BO,12099180,31200,0.02
2017,M,BO,25280000,116805,1777.72
2017,M,BO,42033000,1032,0.03
2017,M,BO,62171000,467,0.01
2017,M,BR,02023090,65979,125.15
2017,M,BR,02071410,24466,126.0
2017,M,BR,03061190,93058,62.0
2017,M,BR,08051028,114024,2032.8
2017,M,BR,08055090,105689,775.98
2017,M,BR,09011100,25282778,101549.82
2017,M,BR,09012100,28477,43.25
2017,M,BR,09041100,844559,1657.25
2017,M,BR,09071000,10420,15.0
2017,M,BR,12019000,4400759,134993.58
2017,M,BR,12099999,278,0.01
2017,M,BR,12119086,9625,6.0
2017,M,BR,13021970,6170,4.0
2017,M,BR,15159091,96,0.02
2017,M,BR,15180091,45673,400.0
2017,M,BR,15180099,240,0.02
2017,M,BR,17019910,827156,18748.96
2017,M,BR,17041090,284182,750.91
2017,M,BR,20089948,34777,352.0
2017,M,BR,20091199,685351,3341.8
2017,M,BR,20091998,337843,2008.89
2017,M,BR,20094930,31661,220.0
2017,M,BR,21061020,1920385,24455.0
2017,M,BR,21069092,2842,8.58
2017,M,BR,22041098,932,0.67
2017,M,BR,22089077,7295,13.65
2017,M,BR,22089078,744678,2857.52
2017,M,BR,23040000,4790642,130000.0
2017,M,BR,23091031,1027729,9105.07
2017,M,BR,24011035,551,0.43
2017,M,BR,24011085,239307,396.03
2017,M,BR,24012035,774555,1518.69
2017,M,BR,24012085,11624238,24913.91
2017,M,BR,24013000,25617,666.0
2017,M,BR,25084000,203,0.14
2017,M,BR,25140000,6840,254.8
2017,M,BR,25161200,37634,768.16
2017,M,BR,26060000,15624804,3611407.28
2017,M,BR,27101991,8147,12.75
2017,M,BR,28421000,10687,240.0
2017,M,BR,29061900,38295,4.1
2017,M,BR,29144010,27546,210.0
2017,M,BR,29181400,760,2.0
2017,M,BR,29242970,23756,1.35
2017,M,BR,30042000,163503,15.86
2017,M,BR,30045000,111284,180.67
2017,M,BR,30049000,3692693,248.4
2017,M,BR,30061090,1642,0.04
2017,M,BR,30064000,23738,0.98
2017,M,BR,32012000,63501,400.0
2017,M,BR,32091000,7758,11.32
2017,M,BR,32139000,308,0.2
2017,M,BR,32149000,796,0.6
2017,M,BR,33012991,31310,3.0
2017,M,BR,33059000,10510,4.64
2017,M,BR,33062000,78533,16.98
2017,M,BR,33069000,5559,0.42
2017,M,BR,34011100,8775,25.0
2017,M,BR,34021300,104,0.05
2017,M,BR,35030010,385795,850.0
2017,M,BR,35051090,27720,72.0
2017,M,BR,35061000,2968,1.44
2017,M,BR,35069900,547,1.06
2017,M,BR,35079090,11526,0.05
2017,M,BR,36049000,34910,7.0
2017,M,BR,38061000,949789,7600.0
2017,M,BR,38089190,23192,15.68
2017,M,BR,38089390,228400,276.0
2017,M,BR,38220000,2094,0.65
2017,M,BR,39012090,1506531,14642.75
2017,M,BR,39021000,1441062,15551.5
2017,M,BR,39023000,1373889,14684.25
2017,M,BR,39031900,1865,1.3
2017,M,BR,39069090,1475,0.9
2017,M,BR,39094000,100,0.01
2017,M,BR,39122019,584711,2340.0
2017,M,BR,39129090,204154,924.06
2017,M,BR,39202080,11089,2.62
2017,M,BR,39239000,1105,0.87
2017,M,BR,39241000,7872,6.25
2017,M,BR,39269097,36254,87.82
2017,M,BR,40069000,894,0.12
2017,M,BR,40114000,615176,1104.54
2017,M,BR,40115000,5110,2.66
2017,M,BR,40129020,68234,179.76
2017,M,BR,40161000,1072,1.1
2017,M,BR,41012080,3338,1.51
2017,M,BR,41041159,28909,214.91
2017,M,BR,42022100,9834,0.95
2017,M,BR,42022210,5466,2.12
2017,M,BR,42022290,344,0.07
2017,M,BR,42022900,112,0.02
2017,M,BR,42033000,219,0.06
2017,M,BR,43021999,8351,2.9
2017,M,BR,44072995,50980,601.89
2017,M,BR,44079990,29689,416.82
2017,M,BR,44092991,43025,432.98
2017,M,BR,44092999,41466,407.25
2017,M,BR,44119490,5822,22.2
2017,M,BR,44123190,85973,688.8
2017,M,BR,44123900,164850,2340.32
2017,M,BR,47032900,5571785,100053.32
2017,M,BR,48024090,707,1.16
2017,M,BR,48025525,16026,228.94
2017,M,BR,48025530,15160,216.57
2017,M,BR,48025590,65317,839.97
2017,M,BR,48025620,243398,2656.12
2017,M,BR,48041190,107863,1609.07
2017,M,BR,48109290,76811,846.4
2017,M,BR,48194000,1876,1.29
2017,M,BR,49019900,838,0.87
2017,M,BR,49059100,134,0.05
2017,M,BR,49059900,613,0.13
2017,M,BR,49089000,1563,0.03
2017,M,BR,49111010,1727,2.88
2017,M,BR,49111090,1094,0.94
2017,M,BR,49119100,634,0.18
2017,M,BR,52082216,34065,21.08
2017,M,BR,52083216,2865,1.5
2017,M,BR,52084200,121,0.04
2017,M,BR,52084900,1516,1.29
2017,M,BR,52085200,12851,7.55
2017,M,BR,54021900,5222,0.25
2017,M,BR,55109000,1233,0.15
2017,M,BR,56089000,2088,2.2
2017,M,BR,58012200,939,0.45
2017,M,BR,58063290,1132,0.19
2017,M,BR,60041000,30229,11.96
2017,M,BR,60049000,2203,0.7
2017,M,BR,60053700,435,0.14
2017,M,BR,60063200,279,0.1
2017,M,BR,61012010,5943,0.78
2017,M,BR,61044400,2034,0.03
2017,M,BR,61059090,555,0.05
2017,M,BR,61082200,3254,0.14
2017,M,BR,61091000,21132,3.4
2017,M,BR,61123190,112,0.01
2017,M,BR,61124110,4385,0.53
2017,M,BR,61124190,423348,31.03
2017,M,BR,61143000,173,0.03
2017,M,BR,62034235,17621,1.5
2017,M,BR,62034319,12787,1.73
2017,M,BR,62044200,1516,0.01
2017,M,BR,62044300,500,0.09
2017,M,BR,62044400,6552,0.62
2017,M,BR,62044910,4674,0.28
2017,M,BR,62063000,140,0.01
2017,M,BR,62111100,94,0.01
2017,M,BR,62111200,10996,0.28
2017,M,BR,62141000,203,0.01
2017,M,BR,63026000,9287,9.13
2017,M,BR,63090000,1000,4.0
2017,M,BR,64022000,1682374,1580.95
2017,M,BR,64029190,13689,6.97
2017,M,BR,64029931,22076,13.87
2017,M,BR,64029939,4670,3.43
2017,M,BR,64029950,2230,1.81
2017,M,BR,64029991,379,0.38
2017,M,BR,64029993,171815,72.33
2017,M,BR,64029996,623,0.48
2017,M,BR,64029998,143852,43.35
2017,M,BR,64031900,9729,0.75
2017,M,BR,64032000,1358,0.2
2017,M,BR,64035119,1579,0.42
2017,M,BR,64035911,30612,6.45
2017,M,BR,64035939,105562,48.7
2017,M,BR,64035999,105162,16.7
2017,M,BR,64039118,11027,2.8
2017,M,BR,64039936,18015,8.41
2017,M,BR,64039938,3408,1.36
2017,M,BR,64039950,5077,0.92
2017,M,BR,64039991,6724,1.44
2017,M,BR,64039993,239,0.06
2017,M,BR,64039996,49176,14.49
2017,M,BR,64039998,384990,98.55
2017,M,BR,64041100,93,0.01
2017,M,BR,64041990,276341,108.29
2017,M,BR,64042090,1010,0.08
2017,M,BR,64051000,364,0.04
2017,M,BR,64059090,4589,0.34
2017,M,BR,68010000,6965,265.75
2017,M,BR,68029310,98764,1691.81
2017,M,BR,69031000,12048,11.38
2017,M,BR,69072100,60244,1989.92
2017,M,BR,69072200,5463,259.95
2017,M,BR,69120023,18555,77.51
2017,M,BR,70052980,35276,993.74
2017,M,BR,70053000,48367,62.6
2017,M,BR,70133799,62410,425.9
2017,M,BR,70134999,17324,145.92
2017,M,BR,71039900,22425,16.09
2017,M,BR,71131900,6256,0.03
2017,M,BR,71132000,2328,0.02
2017,M,BR,71162080,16608,13.69
2017,M,BR,71171900,1097,0.03
2017,M,BR,71179000,7645,0.14
2017,M,BR,72085120,411,1.2
2017,M,BR,73071990,34140,133.43
2017,M,BR,73181520,441,0.02
2017,M,BR,73239300,5669,15.05
2017,M,BR,73269098,216451,1057.88
2017,M,BR,74040010,98954,199.6
2017,M,BR,74199990,575,0.03
2017,M,BR,76151080,863,0.82
2017,M,BR,76169990,2019,0.1
2017,M,BR,82013000,10322,35.66
2017,M,BR,82021000,1118,1.17
2017,M,BR,82031000,719,0.36
2017,M,BR,82054000,447,0.54
2017,M,BR,82055100,439,0.22
2017,M,BR,82071990,2860,0.1
2017,M,BR,82079099,5998,0.15
2017,M,BR,82119100,277800,203.34
2017,M,BR,82119200,59811,42.08
2017,M,BR,82121010,1125,0.18
2017,M,BR,82129000,573,0.37
2017,M,BR,82130000,2157,0.7
2017,M,BR,82149000,3384,2.53
2017,M,BR,82159910,50731,54.97
2017,M,BR,83024900,581,0.02
2017,M,BR,83119000,3798,14.15
2017,M,BR,84099100,1977,0.32
2017,M,BR,84099900,15835,17.3
2017,M,BR,84119900,4927,0.06
2017,M,BR,84132000,172,0.01
2017,M,BR,84135040,300,0.12
2017,M,BR,84139100,5566,1.64
2017,M,BR,84143081,123,0.05
2017,M,BR,84143089,80900,190.02
2017,M,BR,84148011,24489,11.79
2017,M,BR,84148019,19640,8.22
2017,M,BR,84148080,34220,16.04
2017,M,BR,84229090,455,0.01
2017,M,BR,84248210,32654,30.15
2017,M,BR,84314980,29402,259.68
2017,M,BR,84329000,39738,218.85
2017,M,BR,84339000,436,0.1
2017,M,BR,84371000,145544,139.78
2017,M,BR,84379000,295,0.07
2017,M,BR,84385000,408,0.24
2017,M,BR,84425000,292,1.01
2017,M,BR,84509000,72,0.01
2017,M,BR,84523000,57102,8.83
2017,M,BR,84529000,977,0.18
2017,M,BR,84679100,2588,0.1
2017,M,BR,84705000,233,0.01
2017,M,BR,84733080,2212,0.02
2017,M,BR,84749090,138471,153.86
2017,M,BR,84779080,5492,1.15
2017,M,BR,84828000,165,0.18
2017,M,BR,85015100,140540,441.85
2017,M,BR,85044090,6281,1.27
2017,M,BR,85045095,12485,4.0
2017,M,BR,85049099,577,0.13
2017,M,BR,85051100,83,0.07
2017,M,BR,85176200,614,0.07
2017,M,BR,85184080,16695,4.35
2017,M,BR,85238090,36,0.01
2017,M,BR,85319000,4307,1.12
2017,M,BR,85322200,217,0.01
2017,M,BR,85322500,15,0.01
2017,M,BR,85362010,170,0.03
2017,M,BR,85364900,1118,0.43
2017,M,BR,85369095,11431,8.91
2017,M,BR,85389099,21324,15.11
2017,M,BR,85444290,90,0.03
2017,M,BR,86090090,3768,38.8
2017,M,BR,87082990,11731,25.98
2017,M,BR,87083091,16179,12.65
2017,M,BR,87089993,6570,1.86
2017,M,BR,88033000,2579,0.03
2017,M,BR,90119010,606,0.01
2017,M,BR,90178010,186,0.16
2017,M,BR,90181200,3363,0.33
2017,M,BR,90184100,1144,0.01
2017,M,BR,90184910,2687,0.18
2017,M,BR,90184990,26474,2.87
2017,M,BR,90189084,6533,1.07
2017,M,BR,90191090,19015,3.71
2017,M,BR,90211090,41644,0.18
2017,M,BR,90212900,27682,1.02
2017,M,BR,90213910,962,0.02
2017,M,BR,90213990,29852,0.16
2017,M,BR,90229080,983,0.05
2017,M,BR,90251920,366,0.01
2017,M,BR,90261081,557,0.48
2017,M,BR,90269000,17,0.01
2017,M,BR,90271010,339,0.03
2017,M,BR,90272000,113,0.05
2017,M,BR,90281000,113,0.02
2017,M,BR,90282000,600,0.23
2017,M,BR,90289010,148286,142.08
2017,M,BR,90308990,203,0.01
2017,M,BR,90319000,3135,0.6
2017,M,BR,90330090,1400,0.12
2017,M,BR,92093000,5117,1.09
2017,M,BR,94036090,40576,6.5
2017,M,BR,94037000,625,0.02
2017,M,BR,94049090,1882,1.1
2017,M,BR,94054039,4748,0.4
2017,M,BR,95069110,19955,15.28
2017,M,BR,95069190,11142,3.45
2017,M,BR,95069990,7849,0.48
2017,M,BR,96035000,791,0.02
2017,M,BR,97050000,5413,41.7
2017,M,BR,99050000,2000,0
2017,M,PY,12019000,56268800,1530241.9
2017,M,PY,20091998,43832,246.4
2017,M,PY,36069090,12316,462.37
2017,M,PY,44029000,11245,208.8
2017,M,PY,74040010,129922,269.78
2017,M,UY,03074392,148155,638.73
2017,M,UY,08055010,98719,976.0
2017,M,UY,12019000,583302,15000.0
2017,M,UY,20091199,47959,257.05
2017,M,UY,22042198,2030,11.34
2017,M,UY,44029000,25029,597.6
2017,M,UY,47032900,1219335,19868.47
2017,M,UY,49111090,145,0.08
2017,M,UY,73121083,2688,18.5
2017,M,UY,73269098,5794,75.0
2017,M,UY,84099900,7114,15.82
2017,M,UY,85258030,157,0.01
2017,M,UY,90183900,10169,0.85
2017,M,UY,90281000,126,0.04
2017,M,UY,95069990,1061,2.0
2018,M,AR,02013000,764025,1634.38
2018,M,AR,02023090,772152,3028.16
2018,M,AR,02069099,135559,692.96
2018,M,AR,03036612,177345,881.08
2018,M,AR,03036990,49307,228.28
2018,M,AR,03038990,201747,918.6
2018,M,AR,03047415,335750,1172.21
2018,M,AR,03049550,309803,1166.51
2018,M,AR,03056300,51267,209.4
2018,M,AR,03061799,7536494,12792.04
2018,M,AR,03074392,1097103,4204.08
2018,M,AR,05040000,35256,163.67
2018,M,AR,07132000,165414,1548.5
2018,M,AR,07133200,21834,220.0
2018,M,AR,07133390,423537,4335.0
2018,M,AR,07133900,64853,660.0
2018,M,AR,08051022,37027,480.0
2018,M,AR,08055010,10710491,100972.74
2018,M,AR,08081080,21319,204.82
2018,M,AR,08083090,815921,9466.52
2018,M,AR,09030000,21629,120.0
2018,M,AR,10059000,978944,21412.2
2018,M,AR,10071010,80,0.04
2018,M,AR,12024200,8481755,68840.86
2018,M,AR,12060010,131,0.05
2018,M,AR,12060091,14862,200.0
2018,M,AR,17019910,52233,690.0
2018,M,AR,20081110,56734,368.0
2018,M,AR,20084059,301645,2800.98
2018,M,AR,20091199,40311,235.85
2018,M,AR,20096919,111103,720.13
2018,M,AR,22042195,29073,67.46
2018,M,AR,22042196,200674,293.26
2018,M,AR,22042197,30784,120.53
2018,M,AR,22042198,41029,145.21
2018,M,AR,23040000,119845091,3385736.03
2018,M,AR,24012035,647243,1568.0
2018,M,AR,29157050,2669,0.71
2018,M,AR,29189990,706289,0.05
2018,M,AR,29221900,11137,0.02
2018,M,AR,29251995,21446,0.25
2018,M,AR,32011000,281830,1536.0
2018,M,AR,39069090,200,0.25
2018,M,AR,42022100,2317,0.35
2018,M,AR,42050090,855,0.19
2018,M,AR,44029000,141473,2882.1
2018,M,AR,48025620,16720,229.04
2018,M,AR,49019900,299,0.13
2018,M,AR,49059100,110,0.04
2018,M,AR,49100000,623,0.33
2018,M,AR,49111090,280,0.06
2018,M,AR,57011090,15025,0.72
2018,M,AR,70052925,10162,196.3
2018,M,AR,71179000,187,0.01
2018,M,AR,72224090,7957,1.31
2018,M,AR,73181535,96,0.01
2018,M,AR,82089000,84,0.01
2018,M,AR,84099900,4181,3.53
2018,M,AR,84229090,2607,0.09
2018,M,AR,84388099,124401,23.0
2018,M,AR,84714900,647,0.1
2018,M,AR,84799070,10647,0.06
2018,M,AR,84813099,280,0.05
2018,M,AR,84836020,2220,0.3
2018,M,AR,84839089,10445,2.0
2018,M,AR,84879090,102,0.01
2018,M,AR,85369095,176,0.01
2018,M,AR,87082990,151374,279.71
2018,M,AR,87141090,2228,0.23
2018,M,AR,90183900,14288,1.2
2018,M,AR,90189084,930,0.01
2018,M,AR,90271010,200,0.08
2018,M,AR,90278017,14761,0.59
2018,M,AR,90279050,2785,0.36
2018,M,AR,90289090,201,0.14
2018,M,AR,92099970,2818,0.38
2018,M,AR,96151100,4089,0.57
2018,M,BO,08012200,359522,399.42
2018,M,BO,10085000,45386,215.0
2018,M,BO,12079996,66000,200.0
2018,M,BO,12099180,27141,0.03
2018,M,BO,20087071,135447,1424.94
2018,M,BO,20093931,73122,235.0
2018,M,BO,25280000,302481,4825.24
2018,M,BO,41041159,29106,204.2
2018,M,BR,02023090,318311,362.16
2018,M,BR,03011100,6217,1.5
2018,M,BR,08045000,16411,46.2
2018,M,BR,08072000,1463,5.04
2018,M,BR,08134095,5173,3.0
2018,M,BR,09011100,42467877,182433.61
2018,M,BR,09041100,354587,1278.0
2018,M,BR,09071000,19673,30.0
2018,M,BR,09109991,10525,10.0
2018,M,BR,12019000,16578302,487124.94
2018,M,BR,12024200,1322686,10939.5
2018,M,BR,13021970,1088,0.45
2018,M,BR,15180010,41907,400.0
2018,M,BR,15180099,20161,190.0
2018,M,BR,17019910,227870,4894.3
2018,M,BR,17041090,220939,628.52
2018,M,BR,19053291,150,0.1
2018,M,BR,20089948,34574,352.0
2018,M,BR,20091199,1256499,6793.7
2018,M,BR,20091998,445083,2404.72
2018,M,BR,20093931,36189,250.0
2018,M,BR,20099059,300,9.0
2018,M,BR,21011100,154967,246.0
2018,M,BR,21061020,4612888,59318.0
2018,M,BR,21069092,8765,2.16
2018,M,BR,22041098,555,0.41
2018,M,BR,22042198,408,0.27
2018,M,BR,22084031,23946,68.34
2018,M,BR,22089078,378994,2057.56
2018,M,BR,23091031,1114910,9758.86
2018,M,BR,24011035,480,0.44
2018,M,BR,24011085,56571,96.0
2018,M,BR,24012035,107957,203.4
2018,M,BR,24012085,17220053,38904.16
2018,M,BR,24012095,311,0.18
2018,M,BR,24013000,54478,792.0
2018,M,BR,25051000,82,0.1
2018,M,BR,25084000,846,0.69
2018,M,BR,25161100,94446,2392.3
2018,M,BR,25233000,251,0.15
2018,M,BR,26060000,23367872,5026210.71
2018,M,BR,27101991,8535,12.75
2018,M,BR,27101999,100,0.01
2018,M,BR,28161000,199,0.24
2018,M,BR,28181091,27741,225.0
2018,M,BR,29061900,60241,6.5
2018,M,BR,29144010,22370,148.0
2018,M,BR,29159070,27221,208.3
2018,M,BR,29181400,500,2.0
2018,M,BR,29242970,27693,1.15
2018,M,BR,30019098,2530,0.05
2018,M,BR,30042000,52917,3.84
2018,M,BR,30049000,661,0.02
2018,M,BR,30061030,1753,0.01
2018,M,BR,30061090,11238,0.12
2018,M,BR,30064000,47520,2.7
2018,M,BR,32012000,30997,200.0
2018,M,BR,32131000,401,0.21
2018,M,BR,33012991,11400,1.0
2018,M,BR,33051000,26484,12.61
2018,M,BR,33052000,64,0.02
2018,M,BR,33059000,6276,2.22
2018,M,BR,33062000,73583,16.91
2018,M,BR,33069000,6396,0.51
2018,M,BR,34021300,237,0.06
2018,M,BR,35030010,544399,1250.0
2018,M,BR,35069900,90,0.15
2018,M,BR,37011000,279,0.02
2018,M,BR,38061000,511208,5200.0
2018,M,BR,38249955,524,0.25
2018,M,BR,39012090,468888,4826.25
2018,M,BR,39021000,149483,1512.5
2018,M,BR,39023000,114380,1185.0
2018,M,BR,39122019,544300,2160.0
2018,M,BR,39123100,32580,36.0
2018,M,BR,39129090,252499,1134.0
2018,M,BR,39209990,9224,2.51
2018,M,BR,39232100,142,0.3
2018,M,BR,39233010,3509,0.46
2018,M,BR,39239000,111,0.51
2018,M,BR,39241000,9968,8.21
2018,M,BR,39263000,6506,2.17
2018,M,BR,39264000,637,1.04
2018,M,BR,39269092,948,3.3
2018,M,BR,39269097,28771,86.76
2018,M,BR,40103300,172,0.02
2018,M,BR,40103900,544,0.02
2018,M,BR,40111000,63851,155.48
2018,M,BR,40114000,377520,607.14
2018,M,BR,40169300,15,0.01
2018,M,BR,40170000,50,0.09
2018,M,BR,42021990,1115,0.49
2018,M,BR,42022100,3321,0.25
2018,M,BR,42022210,10974,0.87
2018,M,BR,42022290,1476,0.33
2018,M,BR,42022900,10034,0.22
2018,M,BR,42023900,1403,0.48
2018,M,BR,42029211,275,0.1
2018,M,BR,42029219,1025,0.2
2018,M,BR,42031000,833,0.02
2018,M,BR,43021999,3343,1.4
2018,M,BR,44072995,24643,221.85
2018,M,BR,44072998,33861,492.08
2018,M,BR,44079990,35800,376.06
2018,M,BR,44092200,20502,251.35
2018,M,BR,44092991,230735,2410.35
2018,M,BR,44123190,28774,230.0
2018,M,BR,44123900,135943,1797.03
2018,M,BR,44129985,23890,230.0
2018,M,BR,44187500,1450,1.79
2018,M,BR,44199090,1963,5.68
2018,M,BR,47032900,6419194,95160.0
2018,M,BR,48025525,36552,465.63
2018,M,BR,48025590,428557,5323.37
2018,M,BR,48025620,60146,716.04
2018,M,BR,48025700,35792,417.2
2018,M,BR,48041115,107504,1562.39
2018,M,BR,48041190,219216,3211.27
2018,M,BR,48194000,622,0.85
2018,M,BR,49089000,1729,0.03
2018,M,BR,49111090,366,0.21
2018,M,BR,49119100,1186,0.01
2018,M,BR,52010090,653564,4076.98
2018,M,BR,52082216,63495,36.25
2018,M,BR,52085200,285,0.12
2018,M,BR,54021900,3914,0.17
2018,M,BR,54076990,338,0.09
2018,M,BR,55109000,622,0.1
2018,M,BR,57025090,20236,4.4
2018,M,BR,58063290,1149,0.29
2018,M,BR,60041000,52150,20.36
2018,M,BR,60049000,129,0.03
2018,M,BR,60063200,966,0.32
2018,M,BR,61044400,4557,0.11
2018,M,BR,61046300,1770,0.26
2018,M,BR,61062000,1110,0.23
2018,M,BR,61082200,4100,0.17
2018,M,BR,61091000,27778,5.33
2018,M,BR,61123190,165,0.01
2018,M,BR,61124110,6728,0.53
2018,M,BR,61124190,438306,36.14
2018,M,BR,61124990,4060,0.14
2018,M,BR,61152900,599,0.07
2018,M,BR,61171000,593,0.02
2018,M,BR,62034319,29507,2.9
2018,M,BR,62044200,474,0.29
2018,M,BR,62044400,9852,0.68
2018,M,BR,62044910,10066,0.49
2018,M,BR,62044990,3081,0.02
2018,M,BR,62045200,2220,0.03
2018,M,BR,62045300,836,0.01
2018,M,BR,62045990,8709,0.06
2018,M,BR,62046231,1151,0.02
2018,M,BR,62046990,2902,0.02
2018,M,BR,62061000,1186,0.01
2018,M,BR,62063000,322,0.02
2018,M,BR,62111100,705,0.04
2018,M,BR,62111200,14157,1.2
2018,M,BR,62114290,2218,0.22
2018,M,BR,62114390,1949,0.21
2018,M,BR,62121090,227,0.04
2018,M,BR,62141000,5565,0.05
2018,M,BR,62171000,1272,0.1
2018,M,BR,64022000,1733938,1765.47
2018,M,BR,64029190,7185,3.23
2018,M,BR,64029910,23802,17.21
2018,M,BR,64029939,28994,21.03
2018,M,BR,64029950,2151,1.4
2018,M,BR,64029991,14574,3.52
2018,M,BR,64029993,3746,0.95
2018,M,BR,64029996,202767,80.28
2018,M,BR,64029998,106381,36.51
2018,M,BR,64031900,10957,2.19
2018,M,BR,64035119,2669,0.59
2018,M,BR,64035991,71169,10.69
2018,M,BR,64035999,245148,45.2
2018,M,BR,64039116,120,0.07
2018,M,BR,64039118,12356,3.55
2018,M,BR,64039198,1283,0.19
2018,M,BR,64039911,23260,6.12
2018,M,BR,64039931,854,0.31
2018,M,BR,64039936,258,0.16
2018,M,BR,64039938,37343,8.55
2018,M,BR,64039996,62685,24.24
2018,M,BR,64039998,247255,61.15
2018,M,BR,64041990,352329,122.22
2018,M,BR,64059090,3968,0.76
2018,M,BR,65040000,187,0.02
2018,M,BR,68029310,26159,421.62
2018,M,BR,68042100,3627,0.17
2018,M,BR,68042218,143,0.16
2018,M,BR,68138100,94,0.01
2018,M,BR,69031000,10174,11.37
2018,M,BR,69072100,164480,7932.22
2018,M,BR,69072200,50037,2317.97
2018,M,BR,69120023,29302,133.08
2018,M,BR,70052980,99723,2034.43
2018,M,BR,70053000,72508,1543.15
2018,M,BR,70133799,97792,624.28
2018,M,BR,71031000,1741,1.18
2018,M,BR,71039100,8192,0.01
2018,M,BR,71039900,12238,10.18
2018,M,BR,71049000,2987,1.11
2018,M,BR,71131900,7082,0.02
2018,M,BR,71162011,1622,0.44
2018,M,BR,71162080,26804,15.18
2018,M,BR,71171900,2080,0.03
2018,M,BR,71179000,7099,0.49
2018,M,BR,72022100,33136,250.0
2018,M,BR,72085120,614,1.2
2018,M,BR,72173090,17413,50.0
2018,M,BR,72222089,351,0.5
2018,M,BR,73042930,258967,1728.33
2018,M,BR,73071910,40398,99.57
2018,M,BR,73071990,41596,169.25
2018,M,BR,73090090,9513,8.0
2018,M,BR,73181639,383,0.61
2018,M,BR,73181699,1540,0.1
2018,M,BR,73239300,18233,17.21
2018,M,BR,73259990,3602,0.1
2018,M,BR,73269040,194847,1026.0
2018,M,BR,73269098,206887,956.41
2018,M,BR,74031100,1187981,1949.25
2018,M,BR,74199990,17717,1.1
2018,M,BR,76129080,7073,43.6
2018,M,BR,76151010,262,0.17
2018,M,BR,76151080,541,0.32
2018,M,BR,82013000,2922,10.9
2018,M,BR,82014000,952,1.77
2018,M,BR,82015000,355,0.4
2018,M,BR,82021000,421,0.38
2018,M,BR,82032000,1362,1.8
2018,M,BR,82041100,6770,12.12
2018,M,BR,82042000,2596,4.09
2018,M,BR,82052000,3800,9.05
2018,M,BR,82054000,1316,1.69
2018,M,BR,82055100,941,0.53
2018,M,BR,82055980,3175,0.95
2018,M,BR,82089000,2905,0.15
2018,M,BR,82111000,648,0.26
2018,M,BR,82119100,304561,248.84
2018,M,BR,82119200,62900,45.87
2018,M,BR,82119300,477,0.22
2018,M,BR,82121010,2121,0.22
2018,M,BR,82129000,5037,3.89
2018,M,BR,82130000,2665,1.03
2018,M,BR,82149000,2785,2.13
2018,M,BR,82152010,3764,2.39
2018,M,BR,82159910,32113,22.92
2018,M,BR,82159990,7439,4.73
2018,M,BR,83023000,5380,3.94
2018,M,BR,84099100,14515,1.52
2018,M,BR,84099900,3822,3.67
2018,M,BR,84119900,2770,0.02
2018,M,BR,84131100,208572,135.72
2018,M,BR,84139100,4135,1.27
2018,M,BR,84143020,13773,24.6
2018,M,BR,84143081,119,0.1
2018,M,BR,84143089,9841,4.72
2018,M,BR,84148019,44353,22.24
2018,M,BR,84148080,53852,29.6
2018,M,BR,84159000,488,3.0
2018,M,BR,84189990,1150,0.65
2018,M,BR,84195080,383,0.06
2018,M,BR,84329000,82168,466.11
2018,M,BR,84371000,36368,32.24
2018,M,BR,84389000,44519,52.94
2018,M,BR,84425000,378,1.18
2018,M,BR,84431600,115000,26.62
2018,M,BR,84439990,481,0.06
2018,M,BR,84523000,38010,5.25
2018,M,BR,84532000,11353,3.57
2018,M,BR,84662091,56,0.05
2018,M,BR,84689000,5974,0.61
2018,M,BR,84719000,368,0.05
2018,M,BR,84748090,10659,6.45
2018,M,BR,84779080,407,0.06
2018,M,BR,84795000,900,0.25
2018,M,BR,84799070,9122,2.78
2018,M,BR,84807100,264716,129.93
2018,M,BR,84819000,94,0.04
2018,M,BR,84821010,493,0.15
2018,M,BR,84824000,1356,0.01
2018,M,BR,84832000,4280,0.85
2018,M,BR,85015100,190028,580.84
2018,M,BR,85015220,211,0.67
2018,M,BR,85015230,40959,87.89
2018,M,BR,85030010,1932,0.09
2018,M,BR,85030099,760,0.14
2018,M,BR,85042100,1211,1.0
2018,M,BR,85044090,5119,0.95
2018,M,BR,85045095,33367,27.72
2018,M,BR,85168080,875,0.01
2018,M,BR,85171800,135,0.01
2018,M,BR,85177000,2429,0.13
2018,M,BR,85184080,50142,11.51
2018,M,BR,85185000,19614,3.94
2018,M,BR,85234990,61,0.01
2018,M,BR,85235910,1828,0.18
2018,M,BR,85235990,6194,1.07
2018,M,BR,85354000,25588,14.76
2018,M,BR,85364900,118,0.03
2018,M,BR,85365019,326,0.11
2018,M,BR,85369095,36594,22.89
2018,M,BR,85423190,147,0.07
2018,M,BR,85437090,1502,0.08
2018,M,BR,85442000,732,0.02
2018,M,BR,85479000,278,0.1
2018,M,BR,87083091,35203,25.67
2018,M,BR,87087099,8530,4.95
2018,M,BR,87089997,39674,19.33
2018,M,BR,90119010,982,0.03
2018,M,BR,90173000,517,0.01
2018,M,BR,90181200,660,0.03
2018,M,BR,90183210,18,0.01
2018,M,BR,90184100,5505,0.1
2018,M,BR,90184990,41997,7.9
2018,M,BR,90189084,7522,0.36
2018,M,BR,90191090,28627,5.11
2018,M,BR,90211010,1448,0.02
2018,M,BR,90211090,20581,0.08
2018,M,BR,90212190,6779,0.05
2018,M,BR,90212900,67148,1.83
2018,M,BR,90213990,26066,0.27
2018,M,BR,90230010,1303,0.02
2018,M,BR,90248090,3536,0.09
2018,M,BR,90249000,780,0.01
2018,M,BR,90251920,91,0.01
2018,M,BR,90261081,200,0.2
2018,M,BR,90261089,664,0.32
2018,M,BR,90262080,722,0.04
2018,M,BR,90268080,976,0.69
2018,M,BR,90278099,146,0.26
2018,M,BR,90289010,33461,31.08
2018,M,BR,90289090,150,0.04
2018,M,BR,90303330,28,0.01
2018,M,BR,90308400,7620,0.2
2018,M,BR,90319000,2058,0.08
2018,M,BR,90328900,3639,0.04
2018,M,BR,90330090,1700,0.11
2018,M,BR,92093000,2541,0.39
2018,M,BR,94016100,53091,5.96
2018,M,BR,94016900,578,0.71
2018,M,BR,94018000,3609,0.37
2018,M,BR,94038900,2001,6.0
2018,M,BR,95062900,1952,0.66
2018,M,BR,95069190,13757,10.14
2018,M,BR,95069990,12201,1.1
2018,M,BR,96091090,137,0.11
2018,M,BR,96151100,3665,0.84
2018,M,BR,96170000,13311,30.41
2018,M,PY,12019000,25616858,704310.34
2018,M,PY,12074090,22082,190.0
2018,M,PY,17011490,16296,200.0
2018,M,PY,20091998,43372,246.4
2018,M,PY,21069092,8755,1.08
2018,M,PY,29389090,2933,0.2
2018,M,PY,36069090,17766,602.98
2018,M,PY,44029000,8388,214.8
2018,M,PY,68079000,49447,40.0
2018,M,PY,74040010,1241822,2239.78
2018,M,PY,92029030,3876,0.06
2018,M,UY,03036612,89242,478.01
2018,M,UY,08051022,11061,145.2
2018,M,UY,08055010,105012,967.0
2018,M,UY,12019000,5415583,162341.5
2018,M,UY,12092510,24000,200.0
2018,M,UY,22042198,3586,15.12
2018,M,UY,44029000,6339,208.29
2018,M,UY,47032900,2046075,29813.66
2018,M,UY,56075090,1688,21.8
2018,M,UY,62111200,1335,0.01
2018,M,UY,70133799,140,0.03
2018,M,UY,82059090,1062,1.2
2018,M,UY,84099900,7508,55.01
2018,M,UY,85291031,380,0.4
2018,M,UY,85389019,179,0.07
2018,M,UY,90183900,16098,1.48
2018,M,UY,90269000,150,0.01
2019,M,AR,02013000,887960,1741.66
2019,M,AR,02023090,975424,3662.49
2019,M,AR,02043000,74427,154.02
2019,M,AR,02044250,18893,32.78
2019,M,AR,02044310,17271,39.98
2019,M,AR,02044390,16718,38.4
2019,M,AR,02069099,272662,1283.39
2019,M,AR,03028590,5192,8.5
2019,M,AR,03028990,3041,5.0
2019,M,AR,03036612,332347,1433.85
2019,M,AR,03038990,391852,1674.8
2019,M,AR,03047415,562362,1808.13
2019,M,AR,03049550,320323,1039.87
2019,M,AR,03056300,117122,440.68
2019,M,AR,03061799,9635570,15513.56
2019,M,AR,03074392,699625,2554.85
2019,M,AR,05040000,136043,648.3
2019,M,AR,07133100,4785,50.0
2019,M,AR,07133390,597866,5868.6
2019,M,AR,07133900,50820,450.0
2019,M,AR,08055010,10343519,105158.85
2019,M,AR,08083090,671215,7663.96
2019,M,AR,10059000,732779,16188.42
2019,M,AR,12024200,11544620,89801.1
2019,M,AR,12079996,44773,225.0
2019,M,AR,12092510,64757,500.0
2019,M,AR,15180091,58299,588.0
2019,M,AR,17019910,55404,720.0
2019,M,AR,20081110,60569,368.0
2019,M,AR,20084059,180653,1846.8
2019,M,AR,20091998,280307,1650.95
2019,M,AR,20096919,141795,1201.14
2019,M,AR,22042195,35302,39.15
2019,M,AR,22042196,122490,156.49
2019,M,AR,22042197,39834,156.55
2019,M,AR,22042198,85591,299.86
2019,M,AR,23040000,119917668,3765795.4
2019,M,AR,24012035,1034896,2464.0
2019,M,AR,27101999,533,1.78
2019,M,AR,29189990,497233,0.03
2019,M,AR,29221900,3165,0.01
2019,M,AR,29251995,9111,0.1
2019,M,AR,30029050,32706,0.73
2019,M,AR,30039000,6797,0.2
2019,M,AR,30061030,1988,0.01
2019,M,AR,31051000,5940,20.9
2019,M,AR,32011000,184759,960.0
2019,M,AR,38159090,189,0.16
2019,M,AR,38220000,27027,0.25
2019,M,AR,39091000,360,0.19
2019,M,AR,40103200,42,0.01
2019,M,AR,40169300,123,0.02
2019,M,AR,42023100,1688,0.17
2019,M,AR,42029180,1489,0.41
2019,M,AR,42050090,7136,0.61
2019,M,AR,43023099,234,0.03
2019,M,AR,44029000,198301,3933.75
2019,M,AR,57011090,9528,0.47
2019,M,AR,61091000,156,0.09
2019,M,AR,62011900,42,0.01
2019,M,AR,73181595,611,1.83
2019,M,AR,78019100,197406,1091.2
2019,M,AR,82055980,40000,2.96
2019,M,AR,84099100,297,0.04
2019,M,AR,84099900,2793,6.44
2019,M,AR,84142080,2489,0.1
2019,M,AR,84229090,4307,0.15
2019,M,AR,84239090,545,0.01
2019,M,AR,84314980,452,0.15
2019,M,AR,84733080,150,0.01
2019,M,AR,84798997,25615,0.61
2019,M,AR,84836080,2521,0.3
2019,M,AR,85011091,299,0.05
2019,M,AR,85113000,82,0.01
2019,M,AR,85118000,2486,0.3
2019,M,AR,85234990,355,0.23
2019,M,AR,85439000,2104,0.01
2019,M,AR,87082990,121796,205.81
2019,M,AR,87089993,11610,15.05
2019,M,AR,90181200,548,0.01
2019,M,AR,90183900,6578,0.26
2019,M,AR,90184990,2363,0.01
2019,M,AR,90189084,2818,0.36
2019,M,AR,90213990,2110,0.01
2019,M,AR,90278017,14342,0.81
2019,M,AR,90330090,559,0.01
2019,M,AR,92093000,6573,1.13
2019,M,AR,92099970,934,0.03
2019,M,AR,95062900,801,0.45
2019,M,BO,08012200,316447,439.11
2019,M,BO,10085000,99632,380.0
2019,M,BO,11029090,3095,10.05
2019,M,BO,11041969,3156,10.05
2019,M,BO,25280000,152290,2357.88
2019,M,BO,51091090,542,0.1
2019,M,BR,02023090,146298,238.53
2019,M,BR,08055090,64355,727.2
2019,M,BR,08134095,5401,3.0
2019,M,BR,09011100,49608197,223295.87
2019,M,BR,09012100,116,0.01
2019,M,BR,09041100,424709,1877.0
2019,M,BR,09071000,3946,5.0
2019,M,BR,09109991,9152,8.0
2019,M,BR,10059000,32187,750.0
2019,M,BR,12019000,3544612,108194.66
2019,M,BR,12024200,514776,4139.25
2019,M,BR,12122900,6759,9.6
2019,M,BR,15180091,70136,710.2
2019,M,BR,17019910,404779,11440.0
2019,M,BR,17041090,296582,779.61
2019,M,BR,20091199,293069,1768.2
2019,M,BR,20091998,614266,3367.2
2019,M,BR,21011100,88902,124.0
2019,M,BR,21061020,872883,10080.0
2019,M,BR,21069092,5588,5.03
2019,M,BR,22084031,49982,136.68
2019,M,BR,22089078,295125,1799.82
2019,M,BR,23091031,426096,3987.32
2019,M,BR,23099031,2374654,33504.0
2019,M,BR,24012035,1697190,4123.2
2019,M,BR,24012085,13515452,33458.0
2019,M,BR,24013000,186090,3723.0
2019,M,BR,25120000,210,1.25
2019,M,BR,25140000,7030,276.14
2019,M,BR,26060000,31520686,5970090.71
2019,M,BR,27101991,7356,10.2
2019,M,BR,28151200,1713314,98104.46
2019,M,BR,28181091,66622,515.0
2019,M,BR,28261990,138,0.13
2019,M,BR,29061900,50047,6.15
2019,M,BR,29144010,45943,444.0
2019,M,BR,29242970,50709,2.0
2019,M,BR,29336100,141,0.03
2019,M,BR,29372300,6092,0.01
2019,M,BR,30042000,520412,44.18
2019,M,BR,30049000,15165,1.4
2019,M,BR,30061090,21772,0.28
2019,M,BR,30064000,26614,1.65
2019,M,BR,32012000,41417,260.0
2019,M,BR,32099000,11,0.01
2019,M,BR,32100090,59,0.1
2019,M,BR,32110000,13,0.01
2019,M,BR,32131000,2170,2.44
2019,M,BR,32149000,911,0.67
2019,M,BR,32159070,29,0.01
2019,M,BR,33049900,4375,2.27
2019,M,BR,33051000,43030,22.16
2019,M,BR,33052000,4830,1.07
2019,M,BR,33059000,68568,22.94
2019,M,BR,33069000,12341,0.82
2019,M,BR,33079000,396,0.2
2019,M,BR,34021300,270,0.25
2019,M,BR,34070000,2674,0.43
2019,M,BR,35030010,366455,750.0
2019,M,BR,35051050,28800,72.0
2019,M,BR,35061000,18,0.01
2019,M,BR,35069190,44,0.01
2019,M,BR,38061000,1446812,16016.0
2019,M,BR,38089190,19703,14.16
2019,M,BR,38220000,1098,0.04
2019,M,BR,39012090,598189,6173.75
2019,M,BR,39021000,149536,1540.0
2019,M,BR,39023000,378934,3547.5
2019,M,BR,39091000,163,0.2
2019,M,BR,39122019,687486,2866.25
2019,M,BR,39122090,1872,7.2
2019,M,BR,39123100,29340,30.0
2019,M,BR,39129090,81029,351.75
2019,M,BR,39201089,95,0.13
2019,M,BR,39203000,415,0.41
2019,M,BR,39209990,10538,3.13
2019,M,BR,39219090,964,0.27
2019,M,BR,39229000,97,0.07
2019,M,BR,39232100,167,0.46
2019,M,BR,39232990,308,1.1
2019,M,BR,39241000,61089,45.01
2019,M,BR,39249000,38452,45.54
2019,M,BR,39259080,339,1.02
2019,M,BR,39261000,146,0.03
2019,M,BR,39269092,1547,5.23
2019,M,BR,39269097,63112,169.31
2019,M,BR,40021910,76220,680.4
2019,M,BR,40082900,171,0.02
2019,M,BR,40103900,470,0.14
2019,M,BR,40111000,67040,160.18
2019,M,BR,40114000,362787,527.76
2019,M,BR,40117000,35699,90.19
2019,M,BR,40129020,65454,177.77
2019,M,BR,40169300,29,0.01
2019,M,BR,41041159,40584,353.73
2019,M,BR,42021190,3395,0.07
2019,M,BR,42022100,4595,0.33
2019,M,BR,42022210,5440,1.2
2019,M,BR,42022290,2459,0.56
2019,M,BR,42022900,3690,0.32
2019,M,BR,42023100,153,0.04
2019,M,BR,42023290,177,0.03
2019,M,BR,42029219,1285,0.21
2019,M,BR,42029291,615,0.19
2019,M,BR,42033000,261,0.09
2019,M,BR,43021980,1762,0.68
2019,M,BR,44072995,99933,750.1
2019,M,BR,44079990,20964,239.89
2019,M,BR,44092200,45857,347.38
2019,M,BR,44092991,86999,736.98
2019,M,BR,44123900,337528,5655.78
2019,M,BR,44130000,2031,5.6
2019,M,BR,44152020,18,0.72
2019,M,BR,44152090,4722,19.1
2019,M,BR,44184000,21999,280.3
2019,M,BR,44187500,1120,0.85
2019,M,BR,44199090,2118,2.5
2019,M,BR,47032100,32511,481.77
2019,M,BR,47032900,6741815,115060.0
2019,M,BR,48025400,55,0.02
2019,M,BR,48025525,37718,465.66
2019,M,BR,48025590,483992,5943.89
2019,M,BR,48025620,235801,3023.23
2019,M,BR,48025700,83163,1065.25
2019,M,BR,48041111,75140,1177.81
2019,M,BR,48041190,135861,2148.95
2019,M,BR,48043180,84634,1477.39
2019,M,BR,48102980,61,1.31
2019,M,BR,48109290,15438,176.55
2019,M,BR,48194000,1969,2.82
2019,M,BR,48195000,1573,2.45
2019,M,BR,49019900,645,0.21
2019,M,BR,49111010,114,0.05
2019,M,BR,49111090,769,0.45
2019,M,BR,49119100,402,0.15
2019,M,BR,49119900,256,0.13
2019,M,BR,52082216,106907,59.67
2019,M,BR,52083216,686,0.27
2019,M,BR,52085200,3196,1.7
2019,M,BR,54041900,7897,0.18
2019,M,BR,54075400,217,0.14
2019,M,BR,55109000,798,0.2
2019,M,BR,56089000,570,0.24
2019,M,BR,58042100,25,0.01
2019,M,BR,60041000,62411,29.05
2019,M,BR,60069000,974,1.39
2019,M,BR,61034300,250,0.04
2019,M,BR,61042300,994,0.22
2019,M,BR,61044300,14406,0.56
2019,M,BR,61044400,5296,0.21
2019,M,BR,61046200,440,0.05
2019,M,BR,61046300,2509,0.49
2019,M,BR,61061000,2756,0.05
2019,M,BR,61062000,553,0.09
2019,M,BR,61082200,7253,0.99
2019,M,BR,61091000,28649,5.28
2019,M,BR,61099020,729,0.03
2019,M,BR,61099090,2877,0.14
2019,M,BR,61102099,704,0.08
2019,M,BR,61123110,3887,0.2
2019,M,BR,61124110,4329,0.38
2019,M,BR,61124190,357245,26.55
2019,M,BR,61124990,686,0.02
2019,M,BR,61143000,519,0.09
2019,M,BR,61152200,1726,1.07
2019,M,BR,61178080,170,0.04
2019,M,BR,62034235,334,0.06
2019,M,BR,62034319,40875,6.35
2019,M,BR,62034919,418,0.07
2019,M,BR,62044200,7912,0.9
2019,M,BR,62044300,10150,0.05
2019,M,BR,62044910,5379,0.02
2019,M,BR,62044990,894,0.03
2019,M,BR,62045200,924,0.03
2019,M,BR,62046990,132,0.03
2019,M,BR,62061000,238,0.03
2019,M,BR,62064000,9134,0.24
2019,M,BR,62111100,2408,0.29
2019,M,BR,62111200,12373,0.71
2019,M,BR,62114290,2510,0.4
2019,M,BR,62114390,7498,0.54
2019,M,BR,62114900,646,0.15
2019,M,BR,62121090,278,0.02
2019,M,BR,62141000,436,0.01
2019,M,BR,62143000,46,0.01
2019,M,BR,62160000,985,0.88
2019,M,BR,63026000,34205,39.85
2019,M,BR,64021900,437,0.09
2019,M,BR,64022000,1704421,1662.1
2019,M,BR,64029190,17923,11.52
2019,M,BR,64029910,23967,16.11
2019,M,BR,64029931,69071,44.34
2019,M,BR,64029939,3250,1.72
2019,M,BR,64029950,15343,18.27
2019,M,BR,64029991,6787,1.46
2019,M,BR,64029996,11337,2.58
2019,M,BR,64029998,423431,153.86
2019,M,BR,64031900,5900,0.83
2019,M,BR,64035199,1161,0.6
2019,M,BR,64035999,203273,34.13
2019,M,BR,64039118,14915,4.79
2019,M,BR,64039196,19574,9.55
2019,M,BR,64039198,23970,6.87
2019,M,BR,64039911,117494,33.68
2019,M,BR,64039938,77577,16.77
2019,M,BR,64039991,46418,11.19
2019,M,BR,64039996,60064,19.86
2019,M,BR,64039998,211297,55.64
2019,M,BR,64041100,953,0.41
2019,M,BR,64041990,190825,64.25
2019,M,BR,64052099,1236,0.22
2019,M,BR,64059010,3171,0.61
2019,M,BR,64059090,40,0.04
2019,M,BR,65050030,99,0.01
2019,M,BR,65050090,71,0.01
2019,M,BR,68010000,8942,260.96
2019,M,BR,68022900,800,1.0
2019,M,BR,68029310,29499,530.67
2019,M,BR,68109900,204,0.11
2019,M,BR,69031000,30297,33.65
2019,M,BR,69039090,366,0.02
2019,M,BR,69072100,5744,260.37
2019,M,BR,69072200,23413,1055.98
2019,M,BR,69072300,18,0.54
2019,M,BR,69120023,14627,68.57
2019,M,BR,70072900,10787,257.56
2019,M,BR,70133799,62930,369.44
2019,M,BR,70134999,1751,16.0
2019,M,BR,71031000,723,0.28
2019,M,BR,71039900,11420,9.7
2019,M,BR,71131900,3318,0.01
2019,M,BR,71162080,35183,21.28
2019,M,BR,71171900,1784,0.05
2019,M,BR,71179000,5269,0.46
2019,M,BR,72173090,25926,65.03
2019,M,BR,72221990,250,0.04
2019,M,BR,73071910,15542,56.46
2019,M,BR,73071990,19123,74.03
2019,M,BR,73181520,207,0.05
2019,M,BR,73181535,375,0.05
2019,M,BR,73211900,125,0.11
2019,M,BR,73219000,188,0.14
2019,M,BR,73239300,8031,7.05
2019,M,BR,73251000,65800,506.38
2019,M,BR,73259990,2270,0.19
2019,M,BR,73269098,132344,592.91
2019,M,BR,76061292,35,0.01
2019,M,BR,76169990,165,0.09
2019,M,BR,82011000,1985,7.13
2019,M,BR,82013000,9635,30.82
2019,M,BR,82014000,858,1.04
2019,M,BR,82015000,1143,0.63
2019,M,BR,82016000,300,0.82
2019,M,BR,82019000,1169,2.56
2019,M,BR,82021000,31,0.04
2019,M,BR,82031000,1106,0.58
2019,M,BR,82032000,688,0.46
2019,M,BR,82041100,3297,4.82
2019,M,BR,82042000,109,0.04
2019,M,BR,82052000,523,1.65
2019,M,BR,82054000,38,0.04
2019,M,BR,82055100,420,0.13
2019,M,BR,82055980,15846,1.77
2019,M,BR,82059090,1900,0.79
2019,M,BR,82100000,523,0.09
2019,M,BR,82111000,77,0.03
2019,M,BR,82119100,277395,220.81
2019,M,BR,82119200,139424,109.4
2019,M,BR,82121010,2801,0.47
2019,M,BR,82130000,6353,1.89
2019,M,BR,82142000,4597,1.13
2019,M,BR,82149000,5405,4.16
2019,M,BR,82152010,112,0.06
2019,M,BR,82152090,929,0.45
2019,M,BR,82159910,29249,19.45
2019,M,BR,82159990,25357,15.83
2019,M,BR,83089000,121,0.02
2019,M,BR,84099100,6996,0.97
2019,M,BR,84099900,6493,7.24
2019,M,BR,84131100,3036284,1650.79
2019,M,BR,84139100,9017,2.7
2019,M,BR,84143089,63464,171.81
2019,M,BR,84148019,36794,17.1
2019,M,BR,84148051,362,0.12
2019,M,BR,84148080,23363,15.57
2019,M,BR,84224000,169983,30.0
2019,M,BR,84248290,130,0.1
2019,M,BR,84292000,267081,174.1
2019,M,BR,84295199,237840,201.2
2019,M,BR,84314980,25499,256.27
2019,M,BR,84329000,49262,278.25
2019,M,BR,84334000,5303,1.9
2019,M,BR,84339000,244,0.01
2019,M,BR,84368090,1060,0.08
2019,M,BR,84379000,974,0.17
2019,M,BR,84385000,8528,7.62
2019,M,BR,84523000,57628,3.58
2019,M,BR,84529000,3670,0.87
2019,M,BR,84669360,1167,0.06
2019,M,BR,84713000,158,0.03
2019,M,BR,84715000,282,0.15
2019,M,BR,84717050,91,0.01
2019,M,BR,84717098,362,0.01
2019,M,BR,84718000,127,0.04
2019,M,BR,84749090,4340,1.57
2019,M,BR,84775980,1073,0.74
2019,M,BR,84807100,76509,57.13
2019,M,BR,84835020,5450,3.53
2019,M,BR,84849000,3283,0.27
2019,M,BR,85015100,57430,177.81
2019,M,BR,85015220,1640,4.31
2019,M,BR,85015230,145389,406.62
2019,M,BR,85015381,4597,9.13
2019,M,BR,85015394,45140,70.03
2019,M,BR,85030099,485,0.41
2019,M,BR,85044090,988,0.11
2019,M,BR,85118000,2404,0.3
2019,M,BR,85152100,320000,68.3
2019,M,BR,85182995,3813,0.7
2019,M,BR,85184080,64668,13.29
2019,M,BR,85185000,29134,6.6
2019,M,BR,85234920,639,0.35
2019,M,BR,85235990,4988,0.81
2019,M,BR,85319000,2154,0.69
2019,M,BR,85354000,49148,27.06
2019,M,BR,85364110,848,0.03
2019,M,BR,85365080,1399,0.09
2019,M,BR,85369095,16061,10.02
2019,M,BR,85429000,95,0.04
2019,M,BR,85439000,64,0.07
2019,M,BR,85442000,58510,57.65
2019,M,BR,87083091,26399,19.91
2019,M,BR,87089299,38,0.02
2019,M,BR,87089993,8313,3.71
2019,M,BR,87089997,1415,17.1
2019,M,BR,87168000,462,2.63
2019,M,BR,90041099,416,0.01
2019,M,BR,90178010,150,0.07
2019,M,BR,90181200,7600,1.66
2019,M,BR,90184100,867,0.03
2019,M,BR,90184990,19188,2.14
2019,M,BR,90189084,9841,0.57
2019,M,BR,90192000,4840,0.1
2019,M,BR,90211090,65050,0.16
2019,M,BR,90212900,63403,1.15
2019,M,BR,90213990,21266,0.29
2019,M,BR,90219090,42650,0.08
2019,M,BR,90230080,7487,0.18
2019,M,BR,90258080,54419,0.6
2019,M,BR,90261029,163,0.01
2019,M,BR,90261089,676,0.55
2019,M,BR,90278099,486,0.02
2019,M,BR,90289010,69253,66.6
2019,M,BR,90318020,21480,0.07
2019,M,BR,90318080,335,0.04
2019,M,BR,90328900,898,0.02
2019,M,BR,90329000,84,0.01
2019,M,BR,94016100,12919,3.15
2019,M,BR,94016900,12092,4.98
2019,M,BR,94017100,4509,0.55
2019,M,BR,94017900,4134,0.47
2019,M,BR,94032080,3610,5.86
2019,M,BR,94036010,88815,8.13
2019,M,BR,94036090,4861,3.02
2019,M,BR,94038900,3451,0.68
2019,M,BR,94039090,624,0.09
2019,M,BR,94049090,1948,0.5
2019,M,BR,94054039,4723,0.1
2019,M,BR,94069090,681,0.75
2019,M,BR,95030035,2354,0.12
2019,M,BR,95069110,28631,16.34
2019,M,BR,95069990,11317,1.09
2019,M,BR,96033090,263,0.17
2019,M,BR,96035000,1350,0.36
2019,M,BR,96082000,104,0.01
2019,M,BR,96151100,7175,0.44
2019,M,BR,96170000,4019,7.65
2019,M,BR,97019000,3137,2.25
2019,M,PY,12019000,21947701,690056.32
2019,M,PY,12074090,22591,190.0
2019,M,PY,20091998,115596,739.2
2019,M,PY,36069090,22235,772.2
2019,M,PY,44029000,194856,4026.6
2019,M,PY,74040010,683200,1330.91
2019,M,PY,76020019,33674,229.2
2019,M,PY,82142000,136,0.02
2019,M,PY,92029030,4260,0.08
2019,M,UY,03036612,370710,1754.01
2019,M,UY,08051028,27160,400.0
2019,M,UY,08055010,76048,818.4
2019,M,UY,12092510,57760,451.25
2019,M,UY,47032900,3827099,73499.2
2019,M,UY,49090000,448,0.04
2019,M,UY,62111200,2547,0.03
2019,M,UY,74040010,354107,689.32
2019,M,UY,76020019,98476,677.73
2019,M,UY,84099900,13087,69.18
2019,M,UY,90149000,200,0.04
2019,M,UY,95069190,2237,0.03
2020,M,AR,02013000,719657,985.47
2020,M,AR,02023090,615646,1759.08
2020,M,AR,02043000,56868,108.59
2020,M,AR,02044230,2422,4.14
2020,M,AR,02044250,6200,10.0
2020,M,AR,02044390,38779,78.24
2020,M,AR,02062991,267,0.75
2020,M,AR,02062999,3834,22.11
2020,M,AR,02069099,160523,838.87
2020,M,AR,03028990,2445,4.6
2020,M,AR,03036612,529800,2419.76
2020,M,AR,03038990,496255,2489.0
2020,M,AR,03047415,1097486,3986.73
2020,M,AR,03049550,122625,419.31
2020,M,AR,03061799,5988434,11254.72
2020,M,AR,03074392,97649,382.02
2020,M,AR,05040000,38972,241.56
2020,M,AR,07133200,5636,40.0
2020,M,AR,07133390,1298075,12984.1
2020,M,AR,07133900,57788,550.0
2020,M,AR,08025200,32073,250.0
2020,M,AR,08051022,21600,240.0
2020,M,AR,08055010,11891288,126544.48
2020,M,AR,08083090,1031973,9614.01
2020,M,AR,10059000,1901373,38930.11
2020,M,AR,12024200,12176450,95523.67
2020,M,AR,12092510,87450,720.0
2020,M,AR,12092980,47300,440.0
2020,M,AR,15180091,18608,200.0
2020,M,AR,17019910,60649,920.0
2020,M,AR,20081110,29401,184.0
2020,M,AR,20084059,71205,615.6
2020,M,AR,20091998,74857,598.9
2020,M,AR,20093931,17686,225.0
2020,M,AR,20093939,35306,240.0
2020,M,AR,20096919,214297,1921.72
2020,M,AR,22041098,1073,0.9
2020,M,AR,22042195,29314,41.32
2020,M,AR,22042196,140045,201.9
2020,M,AR,22042197,1238,0.45
2020,M,AR,22042198,29950,50.85
2020,M,AR,23040000,135643038,3999615.38
2020,M,AR,29189990,200321,0.01
2020,M,AR,29251995,9823,0.1
2020,M,AR,29269070,5561,0.02
2020,M,AR,30029050,91277,1.24
2020,M,AR,30049000,2889,0.19
2020,M,AR,32011000,108135,576.0
2020,M,AR,38061000,15460,200.0
2020,M,AR,38122090,140453,1400.0
2020,M,AR,38220000,12269,0.42
2020,M,AR,39174000,73,0.01
2020,M,AR,40103500,18,0.01
2020,M,AR,40169300,85,0.05
2020,M,AR,42029180,2027,0.27
2020,M,AR,44029000,225235,4714.07
2020,M,AR,48025515,27518,482.78
2020,M,AR,48025620,117689,1923.64
2020,M,AR,48169000,128,1.04
2020,M,AR,64039116,319,0.04
2020,M,AR,73181575,29,0.01
2020,M,AR,73182200,58,0.01
2020,M,AR,73209090,15,0.01
2020,M,AR,82057000,367,0.06
2020,M,AR,82089000,1239,0.03
2020,M,AR,84099100,212,0.05
2020,M,AR,84099900,946,0.06
2020,M,AR,84148080,48952,4.84
2020,M,AR,84229090,1420,0.07
2020,M,AR,84717098,160,0.01
2020,M,AR,84798997,20369,0.9
2020,M,AR,84821090,20,0.01
2020,M,AR,84831095,181,0.01
2020,M,AR,84841000,151,0.01
2020,M,AR,85118000,2622,0.4
2020,M,AR,85232919,96,0.01
2020,M,AR,85234990,1850,0.05
2020,M,AR,85291069,124,0.05
2020,M,AR,85439000,178,0.01
2020,M,AR,87082990,62221,100.63
2020,M,AR,87089993,26385,49.98
2020,M,AR,87141090,1386,0.17
2020,M,AR,90219090,6722,0.27
2020,M,AR,90278080,21848,1.41
2020,M,AR,90279000,3343,0.45
2020,M,AR,90301000,311,0.02
2020,M,AR,90309000,91,0.01
2020,M,AR,90318080,3488,0.02
2020,M,AR,92029030,1435,0.01
2020,M,AR,92099970,3414,0.55
2020,M,AR,96032930,7544,0.78
2020,M,AR,96151100,4300,0.78
2020,M,BO,08012200,546023,1019.52
2020,M,BO,08055010,259839,2997.0
2020,M,BO,10085000,506530,2140.0
2020,M,BO,11041969,8623,30.15
2020,M,BO,25280000,243182,4888.0
2020,M,BO,74040010,138918,231.14
2020,M,BO,84713000,734,0.02
2020,M,BO,84716060,19,0.02
2020,M,BO,84733080,74,0.01
2020,M,BO,85183000,38,0.01
2020,M,BO,85285210,19,0.01
2020,M,BR,02023090,62941,105.01
2020,M,BR,05040000,2935,5.9
2020,M,BR,07099390,15569,217.8
2020,M,BR,07119010,26892,150.0
2020,M,BR,08045000,3945,12.48
2020,M,BR,08055090,122363,1224.0
2020,M,BR,09011100,47307981,228967.29
2020,M,BR,09012100,3168,0.73
2020,M,BR,09041100,39093,131.5
2020,M,BR,09071000,3005,5.0
2020,M,BR,09101100,20363,95.2
2020,M,BR,10059000,8292,129.8
2020,M,BR,12019000,34752091,1058799.86
2020,M,BR,12024200,298390,2499.1
2020,M,BR,12074090,53283,540.0
2020,M,BR,16025031,160684,355.97
2020,M,BR,17019910,350623,11310.0
2020,M,BR,17041090,181311,468.28
2020,M,BR,20087079,2783,87.3
2020,M,BR,20091199,714807,4902.46
2020,M,BR,20091998,825590,5718.28
2020,M,BR,20098979,1207,1.45
2020,M,BR,21061020,1896182,25584.0
2020,M,BR,22084031,68767,161.78
2020,M,BR,22089078,47489,249.97
2020,M,BR,23091031,152343,1479.1
2020,M,BR,23099031,6052935,90220.5
2020,M,BR,24011035,250,0.23
2020,M,BR,24012035,880562,2189.0
2020,M,BR,24012085,13930147,37360.0
2020,M,BR,24013000,107799,2712.0
2020,M,BR,26060000,30338360,6350263.71
2020,M,BR,27101951,16804937,440037.14
2020,M,BR,27101991,8039,12.65
2020,M,BR,28181091,295772,2340.0
2020,M,BR,28492000,1608,5.0
2020,M,BR,29051200,134964,728.0
2020,M,BR,29054500,17332,247.6
2020,M,BR,29061900,44727,4.6
2020,M,BR,29144010,136696,1332.0
2020,M,BR,29153100,42024,488.0
2020,M,BR,29159070,28277,212.4
2020,M,BR,29242970,137934,5.5
2020,M,BR,30042000,181368,17.24
2020,M,BR,30049000,208186,20.16
2020,M,BR,30061090,12137,0.11
2020,M,BR,30064000,28800,1.19
2020,M,BR,32012000,42638,259.0
2020,M,BR,33049900,155,0.05
2020,M,BR,33051000,23787,18.93
2020,M,BR,33052000,1077,0.59
2020,M,BR,33059000,41619,29.66
2020,M,BR,33069000,11244,0.8
2020,M,BR,33079000,1941,0.5
2020,M,BR,34021300,105,0.12
2020,M,BR,35030010,157800,250.0
2020,M,BR,38061000,1101201,14200.0
2020,M,BR,38089190,63020,45.08
2020,M,BR,38220000,1736,0.09
2020,M,BR,39021000,1272,13.75
2020,M,BR,39022000,1652,4.0
2020,M,BR,39023000,22084,247.5
2020,M,BR,39031900,20322,270.0
2020,M,BR,39122019,432090,1840.0
2020,M,BR,39122090,18720,72.0
2020,M,BR,39199080,159,0.07
2020,M,BR,39231090,62,0.05
2020,M,BR,39232100,232,0.24
2020,M,BR,39241000,14873,18.33
2020,M,BR,39249000,2194,1.46
2020,M,BR,39259080,572,2.67
2020,M,BR,39269097,31361,92.17
2020,M,BR,40021910,145384,1587.6
2020,M,BR,40114000,363989,438.08
2020,M,BR,40129020,62350,175.01
2020,M,BR,40159000,127,0.03
2020,M,BR,40169300,363,0.06
2020,M,BR,42022100,5380,0.32
2020,M,BR,42022210,4144,1.06
2020,M,BR,42022290,2070,0.76
2020,M,BR,42022900,4335,2.14
2020,M,BR,42023210,120,0.02
2020,M,BR,42029219,877,0.15
2020,M,BR,42033000,94,0.04
2020,M,BR,43021980,5958,2.45
2020,M,BR,43021999,9387,4.28
2020,M,BR,44029000,13673,288.3
2020,M,BR,44072998,23105,251.33
2020,M,BR,44092200,39656,226.0
2020,M,BR,44092991,43273,330.07
2020,M,BR,44111390,393,4.8
2020,M,BR,44123300,16266,268.6
2020,M,BR,44123900,181454,2838.13
2020,M,BR,44151010,150,0.15
2020,M,BR,44170000,193,1.38
2020,M,BR,44184000,27493,509.65
2020,M,BR,46021990,796,0.3
2020,M,BR,47032900,6634992,160149.01
2020,M,BR,48025590,14974,226.88
2020,M,BR,48025620,320029,4327.4
2020,M,BR,48025680,52725,701.6
2020,M,BR,48025700,64613,900.56
2020,M,BR,48041190,199523,3942.66
2020,M,BR,48042110,206806,3280.18
2020,M,BR,48043180,185687,3850.52
2020,M,BR,48102930,17480,241.1
2020,M,BR,48102980,118502,1454.51
2020,M,BR,48103900,221,1.31
2020,M,BR,48109290,40976,500.52
2020,M,BR,48109980,18908,255.75
2020,M,BR,48191000,9,0.08
2020,M,BR,48237090,300,0.06
2020,M,BR,49019900,143,0.09
2020,M,BR,49111010,455,0.04
2020,M,BR,49111090,1721,4.16
2020,M,BR,49119100,83,0.01
2020,M,BR,52082216,62154,36.77
2020,M,BR,52083216,2146,1.01
2020,M,BR,54041900,772,0.04
2020,M,BR,56031290,113,0.17
2020,M,BR,60041000,30604,14.25
2020,M,BR,60053700,2080,0.6
2020,M,BR,61034300,1117,0.19
2020,M,BR,61034900,587,0.18
2020,M,BR,61044400,3038,0.13
2020,M,BR,61046300,8457,1.55
2020,M,BR,61046900,39,0.01
2020,M,BR,61062000,809,0.35
2020,M,BR,61082200,1925,0.08
2020,M,BR,61091000,11510,4.3
2020,M,BR,61124190,89840,12.85
2020,M,BR,61124990,4667,0.09
2020,M,BR,61143000,25,0.01
2020,M,BR,61159500,477,0.3
2020,M,BR,61179000,177,0.02
2020,M,BR,62029300,102,0.01
2020,M,BR,62034235,251,0.07
2020,M,BR,62044300,1178,0.03
2020,M,BR,62044400,32,0.01
2020,M,BR,62044910,17068,0.16
2020,M,BR,62044990,5261,0.04
2020,M,BR,62045300,33,0.01
2020,M,BR,62045990,95,0.01
2020,M,BR,62046990,729,0.16
2020,M,BR,62061000,52,0.01
2020,M,BR,62063000,784,0.1
2020,M,BR,62064000,3840,0.35
2020,M,BR,62069090,11538,0.8
2020,M,BR,62105000,204,0.07
2020,M,BR,62111200,8552,1.63
2020,M,BR,62113290,489,0.11
2020,M,BR,62171000,47,0.01
2020,M,BR,63026000,34897,43.41
2020,M,BR,63090000,2500,4.0
2020,M,BR,64022000,1522669,1448.56
2020,M,BR,64029190,14540,8.31
2020,M,BR,64029910,12710,10.96
2020,M,BR,64029931,6633,5.54
2020,M,BR,64029939,42127,25.85
2020,M,BR,64029991,18982,8.14
2020,M,BR,64029993,852,0.52
2020,M,BR,64029996,58141,15.39
2020,M,BR,64029998,442525,189.85
2020,M,BR,64035199,3273,1.38
2020,M,BR,64035905,27,0.01
2020,M,BR,64035999,95801,14.81
2020,M,BR,64039118,75990,17.25
2020,M,BR,64039911,91283,21.16
2020,M,BR,64039938,982,0.19
2020,M,BR,64039996,52267,23.18
2020,M,BR,64039998,295304,90.45
2020,M,BR,64041990,100284,34.76
2020,M,BR,64061010,90,0.01
2020,M,BR,65050090,2971,0.39
2020,M,BR,68029200,1057,1.15
2020,M,BR,68029310,21079,242.05
2020,M,BR,68030090,5834,269.9
2020,M,BR,68138100,54687,179.76
2020,M,BR,69031000,17440,23.59
2020,M,BR,69072100,68901,3567.45
2020,M,BR,69072200,63644,2482.28
2020,M,BR,69072300,40383,2559.45
2020,M,BR,69074000,6472,38.94
2020,M,BR,69120023,31802,163.08
2020,M,BR,69120025,14553,85.29
2020,M,BR,69149000,212,0.01
2020,M,BR,70099200,1197,0.94
2020,M,BR,70133799,53272,321.45
2020,M,BR,70195900,70,0.01
2020,M,BR,70200080,878,0.16
2020,M,BR,71031000,3680,0.55
2020,M,BR,71039900,21061,19.89
2020,M,BR,71162080,26503,11.19
2020,M,BR,71171900,1384,0.04
2020,M,BR,71179000,3831,0.52
2020,M,BR,72171039,53332,150.35
2020,M,BR,72173090,31042,88.0
2020,M,BR,73071910,66442,276.57
2020,M,BR,73121098,4058,19.25
2020,M,BR,73181535,235,0.04
2020,M,BR,73181552,754,0.04
2020,M,BR,73181595,148,0.03
2020,M,BR,73202089,17,0.01
2020,M,BR,73239300,512,0.32
2020,M,BR,73251000,34272,258.25
2020,M,BR,73269098,160904,808.99
2020,M,BR,74199990,6236,1.0
2020,M,BR,76151080,1041,0.8
2020,M,BR,82011000,3078,9.98
2020,M,BR,82013000,14862,58.28
2020,M,BR,82014000,1643,3.04
2020,M,BR,82016000,202,0.68
2020,M,BR,82019000,2566,7.87
2020,M,BR,82021000,83,0.05
2020,M,BR,82055100,1084,0.93
2020,M,BR,82055980,135,0.01
2020,M,BR,82056000,2967,0.23
2020,M,BR,82075090,78,0.01
2020,M,BR,82119100,294157,242.02
2020,M,BR,82119200,4159,2.72
2020,M,BR,82121010,3937,0.54
2020,M,BR,82121090,2144,0.72
2020,M,BR,82130000,2870,1.05
2020,M,BR,82149000,4722,3.33
2020,M,BR,82159910,30525,20.2
2020,M,BR,82159990,45,0.01
2020,M,BR,84099100,3908,0.4
2020,M,BR,84099900,5827,4.61
2020,M,BR,84133080,58,0.06
2020,M,BR,84137035,205,0.08
2020,M,BR,84139100,1961,0.58
2020,M,BR,84148019,53776,25.96
2020,M,BR,84148080,32259,19.39
2020,M,BR,84149000,59527,162.52
2020,M,BR,84181080,800,1.0
2020,M,BR,84186900,833,0.18
2020,M,BR,84229090,8133,0.18
2020,M,BR,84248210,182,0.16
2020,M,BR,84248290,63,0.08
2020,M,BR,84291100,548061,426.47
2020,M,BR,84295199,236428,200.3
2020,M,BR,84314980,23118,216.7
2020,M,BR,84329000,39854,230.99
2020,M,BR,84335200,46450,53.02
2020,M,BR,84339000,1114,0.52
2020,M,BR,84371000,10485,1.9
2020,M,BR,84379000,32761,25.96
2020,M,BR,84389000,451,0.01
2020,M,BR,84483200,49,0.01
2020,M,BR,84519000,350,0.17
2020,M,BR,84523000,33222,5.77
2020,M,BR,84529000,1475,0.25
2020,M,BR,84689000,6031,0.61
2020,M,BR,84709000,187,0.04
2020,M,BR,84716070,139,0.03
2020,M,BR,84749090,12880,6.1
2020,M,BR,84798997,1152,3.49
2020,M,BR,84807100,90229,20.76
2020,M,BR,84812090,104,0.01
2020,M,BR,84821010,791,0.05
2020,M,BR,84828000,29,0.01
2020,M,BR,84849000,4376,0.2
2020,M,BR,84871090,299,0.05
2020,M,BR,85015230,142824,369.48
2020,M,BR,85015290,25631,70.3
2020,M,BR,85015394,152349,226.29
2020,M,BR,85030099,318,0.39
2020,M,BR,85044090,43,0.01
2020,M,BR,85118000,6725,0.48
2020,M,BR,85143080,26342,6.0
2020,M,BR,85149070,708,0.06
2020,M,BR,85167970,80,0.04
2020,M,BR,85168080,63,0.01
2020,M,BR,85169000,1708,0.85
2020,M,BR,85176990,18316,0.95
2020,M,BR,85184000,46399,10.51
2020,M,BR,85185000,20068,4.92
2020,M,BR,85235190,160,0.01
2020,M,BR,85238090,81,0.01
2020,M,BR,85287280,700,0.8
2020,M,BR,85319000,104,0.04
2020,M,BR,85322500,96,0.01
2020,M,BR,85354000,160162,90.41
2020,M,BR,85361010,40,0.01
2020,M,BR,85364190,349,0.01
2020,M,BR,85364900,64,0.01
2020,M,BR,85365080,182,0.02
2020,M,BR,85366990,2,0.01
2020,M,BR,85369095,49881,31.23
2020,M,BR,85411000,45,0.01
2020,M,BR,85423390,2824,0.49
2020,M,BR,85437090,123,0.03
2020,M,BR,85489090,96,0.01
2020,M,BR,87082990,10281,6.59
2020,M,BR,87083091,26409,32.59
2020,M,BR,87089993,12824,6.88
2020,M,BR,87089997,76877,38.82
2020,M,BR,87141090,442,0.13
2020,M,BR,88040000,7910,0.5
2020,M,BR,90013000,3709,0.12
2020,M,BR,90031100,1368,0.18
2020,M,BR,90041099,1177,0.16
2020,M,BR,90049090,73,0.01
2020,M,BR,90119000,322,0.01
2020,M,BR,90184100,6333,0.07
2020,M,BR,90184990,35464,3.59
2020,M,BR,90189084,21237,2.41
2020,M,BR,90191090,4877,0.81
2020,M,BR,90211010,2017,0.05
2020,M,BR,90211090,19020,0.07
2020,M,BR,90212900,66694,1.58
2020,M,BR,90213910,500,0.01
2020,M,BR,90213990,8308,0.24
2020,M,BR,90219090,55080,0.1
2020,M,BR,90230080,5966,0.31
2020,M,BR,90261029,89,0.15
2020,M,BR,90261089,180,0.07
2020,M,BR,90262080,1780,0.14
2020,M,BR,90268020,356,0.07
2020,M,BR,90268080,211,0.05
2020,M,BR,90269000,94,0.01
2020,M,BR,90271090,150,0.01
2020,M,BR,90278080,2928,0.04
2020,M,BR,90279000,110,0.01
2020,M,BR,90281000,126,0.11
2020,M,BR,90282000,497,0.35
2020,M,BR,90289010,26840,26.64
2020,M,BR,90301000,169,0.01
2020,M,BR,90304000,1464,0.02
2020,M,BR,90308900,5148,0.05
2020,M,BR,90318080,5489,0.53
2020,M,BR,90321080,123,0.01
2020,M,BR,90330090,889,0.25
2020,M,BR,93069090,311498,69.33
2020,M,BR,94016100,10550,2.01
2020,M,BR,94016900,57406,54.15
2020,M,BR,94018000,219,0.12
2020,M,BR,94032080,431,0.74
2020,M,BR,94035000,1000,4.5
2020,M,BR,94036090,347,0.13
2020,M,BR,94059200,918,0.25
2020,M,BR,95062900,1012,0.33
2020,M,BR,95069110,6072,2.88
2020,M,BR,95069190,4134,2.33
2020,M,BR,95069990,13179,1.3
2020,M,BR,96039091,149,0.13
2020,M,BR,96151100,924,0.23
2020,M,BR,96170000,4023,8.17
2020,M,BR,97011000,144,0.07
2020,M,BR,97019000,3402,1.48
2020,M,BR,97030000,562,0.6
2020,M,PY,10062017,119100,3000.0
2020,M,PY,10062098,182500,5000.0
2020,M,PY,12074090,435603,3670.0
2020,M,PY,12079996,142647,800.0
2020,M,PY,12119086,645,0.7
2020,M,PY,20091998,71252,739.2
2020,M,PY,23040000,1898983,61911.3
2020,M,PY,36069090,11603,377.64
2020,M,PY,44029000,122570,2614.9
2020,M,PY,74040010,542113,1040.22
2020,M,PY,76020019,120983,910.14
2020,M,PY,82032000,2416,0.02
2020,M,UY,03036612,415380,2142.22
2020,M,UY,03074335,144510,520.22
2020,M,UY,03074392,230311,985.14
2020,M,UY,08051028,38429,480.0
2020,M,UY,08055010,273470,3524.0
2020,M,UY,12092510,55140,462.0
2020,M,UY,20091199,30130,230.4
2020,M,UY,22042198,8300,17.37
2020,M,UY,40169300,45,0.01
2020,M,UY,43011000,1804,0.1
2020,M,UY,47032900,1395459,31686.86
2020,M,UY,74040010,222352,433.4
2020,M,UY,76020019,33142,222.46
2020,M,UY,84099900,5881,9.4
2020,M,UY,85269180,400,0.17
2020,M,UY,85429000,132,0.01
2020,M,UY,90269000,250,0.08
2020,M,UY,90301000,128,0.01
2020,M,UY,97030000,59000,0.79
2021,M,AR,02013000,1662265,2124.15
2021,M,AR,02023090,1179545,3929.19
2021,M,AR,02062991,48202,128.49
2021,M,AR,02062999,12212,48.91
2021,M,AR,02069099,142750,721.6
2021,M,AR,03036612,388122,1880.68
2021,M,AR,03038990,530515,2959.76
2021,M,AR,03047415,1206096,5022.85
2021,M,AR,03049550,59026,245.21
2021,M,AR,03061799,11954391,17717.08
2021,M,AR,03074392,921124,3992.12
2021,M,AR,05040000,46888,221.81
2021,M,AR,07132000,16702,220.0
2021,M,AR,07133100,5234,60.0
2021,M,AR,07133200,31355,280.0
2021,M,AR,07133390,657073,6452.96
2021,M,AR,07133900,126633,1150.0
2021,M,AR,07139000,3738,47.5
2021,M,AR,08051022,31440,480.0
2021,M,AR,08055010,8507093,83506.73
2021,M,AR,08083090,1277374,12924.88
2021,M,AR,09030000,1497,1.0
2021,M,AR,10059000,673852,13000.8
2021,M,AR,12024200,14003353,110709.23
2021,M,AR,12074090,99052,865.0
2021,M,AR,12092980,22500,250.0
2021,M,AR,13023900,50,0.01
2021,M,AR,15180091,101200,840.0
2021,M,AR,17019910,30000,480.0
2021,M,AR,20081110,36334,239.2
2021,M,AR,20093931,19030,225.0
2021,M,AR,22042195,50927,62.93
2021,M,AR,22042196,238881,259.97
2021,M,AR,23040000,188661202,4533015.96
2021,M,AR,24011085,149,0.22
2021,M,AR,24012035,658311,2016.0
2021,M,AR,27101999,2554,4.79
2021,M,AR,27131200,5611513,101521.09
2021,M,AR,28402090,4416,28.0
2021,M,AR,29189990,367796,0.03
2021,M,AR,29221900,83952,0.01
2021,M,AR,29269070,11134,0.04
2021,M,AR,29333999,365000,10.0
2021,M,AR,30029050,100788,1.92
2021,M,AR,32011000,35516,192.0
2021,M,AR,33011310,3304,0.43
2021,M,AR,33049900,430,0.05
2021,M,AR,38122090,176641,1640.0
2021,M,AR,38159090,502,0.45
2021,M,AR,38220000,22790,2.45
2021,M,AR,39269097,93,0.04
2021,M,AR,40103200,57,0.04
2021,M,AR,42022290,44,0.05
2021,M,AR,42022900,2661,0.11
2021,M,AR,42029180,27,0.02
2021,M,AR,43021999,12215,8.53
2021,M,AR,44029000,125668,2760.14
2021,M,AR,44199090,223,0.16
2021,M,AR,44201019,2537,0.25
2021,M,AR,49111090,58,0.01
2021,M,AR,49119100,2097,0.18
2021,M,AR,52053200,533,0.21
2021,M,AR,57029100,2215,0.1
2021,M,AR,62044910,348,0.07
2021,M,AR,68138100,1482,1.47
2021,M,AR,73239300,90,0.05
2021,M,AR,73239900,2092,0.35
2021,M,AR,78019100,169876,801.6
2021,M,AR,83062900,846,0.35
2021,M,AR,84099100,491,0.1
2021,M,AR,84099900,91,0.02
2021,M,AR,84148011,119545,11.96
2021,M,AR,84149000,3096,0.12
2021,M,AR,84229090,775,0.02
2021,M,AR,84314980,213,0.15
2021,M,AR,84388010,82539,12.4
2021,M,AR,84716070,13167,0.04
2021,M,AR,84789000,526,0.01
2021,M,AR,84798997,12639,0.6
2021,M,AR,84799020,13714,2.43
2021,M,AR,84818099,1762,0.82
2021,M,AR,85182900,1097,0.13
2021,M,AR,85238090,192,0.06
2021,M,AR,85291080,269,0.01
2021,M,AR,87082990,57545,100.86
2021,M,AR,87115000,10172,2.1
2021,M,AR,90183210,1865,0.12
2021,M,AR,90183900,3057,0.08
2021,M,AR,90192090,1594,0.03
2021,M,AR,90212110,153,0.11
2021,M,AR,90278080,11327,0.41
2021,M,AR,90279000,5227,1.17
2021,M,AR,90318080,790,0.05
2021,M,AR,92093000,6651,1.14
2021,M,AR,95044000,7,0.01
2021,M,BO,08012200,351442,797.0
2021,M,BO,08055010,207718,2497.5
2021,M,BO,10085000,84966,425.0
2021,M,BO,11041999,2598,12.0
2021,M,BO,12079996,45114,210.0
2021,M,BO,25280000,213403,4770.0
2021,M,BO,76020019,111368,665.7
2021,M,BR,02023090,72146,139.99
2021,M,BR,08055090,57789,489.6
2021,M,BR,08134095,5093,3.1
2021,M,BR,09011100,48798672,215888.74
2021,M,BR,09011200,9245,18.0
2021,M,BR,09021000,2686,0.37
2021,M,BR,09101100,50984,381.48
2021,M,BR,12019000,51803040,1029048.6
2021,M,BR,12074090,127129,945.2
2021,M,BR,12099180,647,0.08
2021,M,BR,15132190,107,0.1
2021,M,BR,15159099,290,0.25
2021,M,BR,15211000,3348,0.45
2021,M,BR,17019910,225061,5840.0
2021,M,BR,17041090,142900,453.51
2021,M,BR,20091199,846451,5543.82
2021,M,BR,20091998,776557,5159.8
2021,M,BR,21012020,107,0.03
2021,M,BR,21022019,24525,343.0
2021,M,BR,22084031,23743,69.85
2021,M,BR,22089069,1414,8.89
2021,M,BR,22089078,32732,405.91
2021,M,BR,23040000,7476593,188388.9
2021,M,BR,23091031,88589,855.08
2021,M,BR,23099031,3323458,48464.0
2021,M,BR,24011035,278,0.23
2021,M,BR,24012035,467334,1380.0
2021,M,BR,24012085,19964419,61739.58
2021,M,BR,24013000,293700,7860.0
2021,M,BR,25070020,798,0.3
2021,M,BR,25140000,5643,262.59
2021,M,BR,25161100,93861,1876.95
2021,M,BR,26060000,31316392,6512644.45
2021,M,BR,27101999,5952,8.51
2021,M,BR,27131200,61302,1495.39
2021,M,BR,28181091,60735,520.0
2021,M,BR,28261990,173,0.11
2021,M,BR,29054200,100,0.02
2021,M,BR,29061900,40473,4.45
2021,M,BR,29141100,23940,180.0
2021,M,BR,29141300,167332,718.0
2021,M,BR,29144010,137863,896.0
2021,M,BR,29153100,103815,1040.0
2021,M,BR,29159070,200941,990.3
2021,M,BR,29242970,41113,1.7
2021,M,BR,29336100,59,0.04
2021,M,BR,29372300,1510,0.01
2021,M,BR,30049000,531970,41.34
2021,M,BR,30061090,15998,0.3
2021,M,BR,30064000,37042,1.45
2021,M,BR,32019090,3844,24.0
2021,M,BR,32141010,1359,0.7
2021,M,BR,33011210,6851,6.92
2021,M,BR,33049900,187,0.08
2021,M,BR,33051000,47697,27.35
2021,M,BR,33059000,57404,40.65
2021,M,BR,33069000,19263,1.28
2021,M,BR,33079000,1823,1.24
2021,M,BR,34011100,104,0.03
2021,M,BR,37013000,2024,2.41
2021,M,BR,38061000,2865412,22089.76
2021,M,BR,38069000,107630,722.22
2021,M,BR,38089190,54209,42.42
2021,M,BR,38220000,3272,0.03
2021,M,BR,38249996,113,0.12
2021,M,BR,39022000,21645,140.0
2021,M,BR,39095090,49,0.01
2021,M,BR,39122019,489300,2100.0
2021,M,BR,39123100,5396,6.0
2021,M,BR,39191080,299,0.24
2021,M,BR,39199020,604,1.15
2021,M,BR,39199080,932,0.51
2021,M,BR,39219090,36,0.03
2021,M,BR,39232100,172,0.23
2021,M,BR,39233090,57,0.03
2021,M,BR,39235090,120,0.02
2021,M,BR,39239000,945,0.32
2021,M,BR,39241000,16849,11.51
2021,M,BR,39249000,6602,2.88
2021,M,BR,39259080,324,1.39
2021,M,BR,39262000,2806,3.51
2021,M,BR,39269097,24001,44.98
2021,M,BR,40114000,233250,276.96
2021,M,BR,40117000,50284,102.77
2021,M,BR,40118000,16000,28.39
2021,M,BR,40169300,223,0.03
2021,M,BR,40169997,2026,0.15
2021,M,BR,40170000,21,0.07
2021,M,BR,41071190,8529,1.08
2021,M,BR,42010000,166,0.01
2021,M,BR,42021219,360,0.25
2021,M,BR,42022100,5254,0.16
2021,M,BR,42022210,3807,2.68
2021,M,BR,42022290,3485,0.62
2021,M,BR,42022900,722,0.36
2021,M,BR,42033000,624,0.06
2021,M,BR,43021980,14320,5.45
2021,M,BR,43021999,1411,0.48
2021,M,BR,44029000,6500,200.0
2021,M,BR,44072995,19099,247.1
2021,M,BR,44092200,21431,220.67
2021,M,BR,44092991,33237,284.24
2021,M,BR,44101210,93490,1795.26
2021,M,BR,44123900,363673,4045.56
2021,M,BR,44184000,39510,491.84
2021,M,BR,44199090,3478,6.58
2021,M,BR,44219999,791,0.56
2021,M,BR,47032100,2774,41.73
2021,M,BR,47032900,10309289,205666.17
2021,M,BR,48025590,222027,3401.71
2021,M,BR,48025620,367142,5371.89
2021,M,BR,48025680,15249,232.78
2021,M,BR,48025700,118126,1520.29
2021,M,BR,48041111,267767,3893.21
2021,M,BR,48041115,314367,4308.49
2021,M,BR,48041119,35600,493.76
2021,M,BR,48041190,651529,12694.52
2021,M,BR,48042110,209041,3214.56
2021,M,BR,48043180,86858,1045.22
2021,M,BR,48102930,116550,1547.6
2021,M,BR,48102980,130849,1406.21
2021,M,BR,48194000,69,0.01
2021,M,BR,48203000,51,0.01
2021,M,BR,49011000,310,0.81
2021,M,BR,49019900,263,0.48
2021,M,BR,49029000,122,0.1
2021,M,BR,49090000,26,0.07
2021,M,BR,49111090,41,0.01
2021,M,BR,49119900,3305,0.16
2021,M,BR,52082216,56265,35.9
2021,M,BR,52083216,2779,1.55
2021,M,BR,56029000,1172,0.23
2021,M,BR,56031490,660,0.35
2021,M,BR,60041000,37970,14.35
2021,M,BR,60063200,3675,1.96
2021,M,BR,61042200,587,0.25
2021,M,BR,61046300,1522,0.13
2021,M,BR,61061000,201,0.06
2021,M,BR,61062000,16254,3.41
2021,M,BR,61082200,3087,0.19
2021,M,BR,61091000,334,0.1
2021,M,BR,61112090,945,0.82
2021,M,BR,61124190,88760,17.29
2021,M,BR,61124990,1472,0.08
2021,M,BR,61152900,5928,0.74
2021,M,BR,62044200,667,0.04
2021,M,BR,62044300,5704,0.43
2021,M,BR,62044400,1455,0.1
2021,M,BR,62044910,1198,0.01
2021,M,BR,62044990,6871,0.15
2021,M,BR,62045910,226,0.01
2021,M,BR,62045990,502,0.04
2021,M,BR,62046290,185,0.01
2021,M,BR,62046390,296,0.01
2021,M,BR,62046990,690,0.06
2021,M,BR,62064000,3316,0.28
2021,M,BR,62092000,146,0.02
2021,M,BR,62105000,242,0.09
2021,M,BR,62111100,489,0.18
2021,M,BR,62111200,3443,0.8
2021,M,BR,62112000,1277,0.27
2021,M,BR,62114390,257,0.03
2021,M,BR,62114900,4599,0.6
2021,M,BR,62121090,9621,0.65
2021,M,BR,62123000,958,0.04
2021,M,BR,62149000,326,0.04
2021,M,BR,63026000,17943,22.18
2021,M,BR,63090000,1000,2.1
2021,M,BR,64021900,754,0.15
2021,M,BR,64022000,849711,1029.72
2021,M,BR,64029190,182,0.04
2021,M,BR,64029910,4599,3.63
2021,M,BR,64029931,24480,16.26
2021,M,BR,64029950,431,0.05
2021,M,BR,64029991,14884,5.61
2021,M,BR,64029993,397,0.14
2021,M,BR,64029996,14427,4.68
2021,M,BR,64029998,204963,101.34
2021,M,BR,64031900,570,0.06
2021,M,BR,64035199,1000,0.46
2021,M,BR,64035911,230,0.01
2021,M,BR,64035939,16750,4.73
2021,M,BR,64035999,146578,27.62
2021,M,BR,64039113,135,0.01
2021,M,BR,64039116,38,0.02
2021,M,BR,64039118,37087,4.96
2021,M,BR,64039198,257,0.27
2021,M,BR,64039911,8191,3.3
2021,M,BR,64039938,33718,8.28
2021,M,BR,64039950,3882,0.13
2021,M,BR,64039991,12256,4.44
2021,M,BR,64039993,4755,1.36
2021,M,BR,64039996,72801,31.76
2021,M,BR,64039998,180208,50.42
2021,M,BR,64041100,202,0.01
2021,M,BR,64041910,92,0.03
2021,M,BR,64041990,139317,42.86
2021,M,BR,64042090,656,0.15
2021,M,BR,68010000,21135,793.59
2021,M,BR,68029310,27026,498.04
2021,M,BR,68029390,24757,512.19
2021,M,BR,68029910,269421,63.65
2021,M,BR,68030090,7270,268.22
2021,M,BR,69031000,12011,16.59
2021,M,BR,69072100,263289,12714.74
2021,M,BR,69072200,13797,500.04
2021,M,BR,69074000,12669,234.21
2021,M,BR,69111000,332,0.26
2021,M,BR,69120023,13654,83.84
2021,M,BR,69120089,1957,0.5
2021,M,BR,70099200,1843,0.64
2021,M,BR,70133799,16455,102.55
2021,M,BR,70139900,51,0.01
2021,M,BR,71039900,10603,7.18
2021,M,BR,71131900,36297,0.04
2021,M,BR,71159000,22091,0.03
2021,M,BR,71162011,38,0.01
2021,M,BR,71162080,554,0.12
2021,M,BR,71179000,1885,0.11
2021,M,BR,73084000,36097,143.09
2021,M,BR,73181520,128,0.01
2021,M,BR,73181535,154,0.02
2021,M,BR,73181558,45,0.05
2021,M,BR,73181595,749,0.1
2021,M,BR,73182900,78,0.01
2021,M,BR,73219000,324,0.22
2021,M,BR,73239300,5743,3.82
2021,M,BR,73251000,137200,1012.76
2021,M,BR,73269098,183060,774.8
2021,M,BR,74199990,171,0.01
2021,M,BR,76151080,274,0.26
2021,M,BR,82011000,6365,24.9
2021,M,BR,82013000,7165,29.16
2021,M,BR,82014000,1117,2.39
2021,M,BR,82019000,878,2.92
2021,M,BR,82021000,102,0.22
2021,M,BR,82022000,2961,2.06
2021,M,BR,82032000,2837,1.78
2021,M,BR,82041100,3596,5.02
2021,M,BR,82042000,174,0.19
2021,M,BR,82052000,974,2.55
2021,M,BR,82054000,216,0.3
2021,M,BR,82055100,1584,1.93
2021,M,BR,82055980,51,0.05
2021,M,BR,82079091,369,0.12
2021,M,BR,82119100,451998,371.47
2021,M,BR,82119200,23135,19.41
2021,M,BR,82121010,6580,2.36
2021,M,BR,82121090,4049,1.08
2021,M,BR,82129000,441,0.15
2021,M,BR,82130000,4412,1.6
2021,M,BR,82149000,5774,4.62
2021,M,BR,82159910,47539,32.42
2021,M,BR,83014019,101,0.01
2021,M,BR,83021000,519,0.74
2021,M,BR,83089000,95,0.01
2021,M,BR,84099100,10886,0.72
2021,M,BR,84099900,12426,6.22
2021,M,BR,84133020,729,0.05
2021,M,BR,84136031,226,0.08
2021,M,BR,84139100,18889,5.09
2021,M,BR,84148019,56403,30.29
2021,M,BR,84148080,21981,14.3
2021,M,BR,84149000,78954,188.39
2021,M,BR,84198180,330,0.01
2021,M,BR,84198998,10551,1.18
2021,M,BR,84229090,6214,0.18
2021,M,BR,84248210,56,0.22
2021,M,BR,84249080,12777,0.29
2021,M,BR,84292000,281373,182.1
2021,M,BR,84294010,111954,143.4
2021,M,BR,84313900,18147,8.68
2021,M,BR,84329000,44643,251.41
2021,M,BR,84389000,62829,39.03
2021,M,BR,84523000,21308,3.42
2021,M,BR,84716070,518,0.01
2021,M,BR,84717050,191,0.03
2021,M,BR,84717098,30,0.01
2021,M,BR,84719000,385,0.04
2021,M,BR,84733080,200,0.12
2021,M,BR,84772000,6118,6.52
2021,M,BR,84807100,18922,8.8
2021,M,BR,84813099,5663,1.58
2021,M,BR,84821090,166,0.07
2021,M,BR,84825000,124,0.05
2021,M,BR,84828000,142,0.01
2021,M,BR,84833080,231,0.06
2021,M,BR,85015220,3645,2.49
2021,M,BR,85015230,147701,426.31
2021,M,BR,85015290,3391,0.16
2021,M,BR,85015381,657860,1106.93
2021,M,BR,85030010,543,0.15
2021,M,BR,85113000,8652,0.8
2021,M,BR,85118000,119,0.02
2021,M,BR,85121000,209,0.01
2021,M,BR,85122000,297,0.73
2021,M,BR,85161080,107,0.25
2021,M,BR,85176200,318,0.01
2021,M,BR,85176990,137,0.01
2021,M,BR,85184000,39003,6.43
2021,M,BR,85185000,66249,11.07
2021,M,BR,85234990,50,0.01
2021,M,BR,85235190,42,0.01
2021,M,BR,85256000,86,0.01
2021,M,BR,85258099,1367,0.02
2021,M,BR,85269180,68,0.02
2021,M,BR,85334090,257,0.01
2021,M,BR,85340019,11780,6.6
2021,M,BR,85354000,185835,97.62
2021,M,BR,85365080,60,0.01
2021,M,BR,85369095,79766,46.27
2021,M,BR,85423190,133,0.02
2021,M,BR,85442000,3774,0.2
2021,M,BR,85444290,51,0.01
2021,M,BR,87081090,526,0.73
2021,M,BR,87083091,12627,10.19
2021,M,BR,87084099,437,0.02
2021,M,BR,87088099,4192,1.04
2021,M,BR,87089390,844,4.32
2021,M,BR,87089993,9818,4.65
2021,M,BR,87089997,43824,21.73
2021,M,BR,90013000,3682,0.11
2021,M,BR,90031100,213,0.03
2021,M,BR,90041091,589,0.01
2021,M,BR,90041099,8073,0.25
2021,M,BR,90119000,390,0.01
2021,M,BR,90138090,7338,2.3
2021,M,BR,90173000,635,0.07
2021,M,BR,90179000,419,0.25
2021,M,BR,90181990,5410,0.08
2021,M,BR,90184100,4578,0.18
2021,M,BR,90184910,866,0.03
2021,M,BR,90184990,47969,13.45
2021,M,BR,90185090,2907,2.0
2021,M,BR,90189084,36099,1.32
2021,M,BR,90192090,23884,4.92
2021,M,BR,90212900,99749,1.75
2021,M,BR,90213990,54126,0.9
2021,M,BR,90219090,34430,0.07
2021,M,BR,90230080,8857,0.09
2021,M,BR,90261029,328,0.32
2021,M,BR,90261089,68,0.08
2021,M,BR,90262080,11745,0.83
2021,M,BR,90268020,254,0.21
2021,M,BR,90268080,30,0.03
2021,M,BR,90269000,134,0.05
2021,M,BR,90278080,3290,0.44
2021,M,BR,90281000,60,0.01
2021,M,BR,90283090,164,0.02
2021,M,BR,90289010,45590,39.96
2021,M,BR,90318080,84,0.01
2021,M,BR,90328900,28771,0.35
2021,M,BR,90330090,11078,1.29
2021,M,BR,92093000,6033,0.3
2021,M,BR,92099970,115,0.03
2021,M,BR,94016900,33327,34.52
2021,M,BR,94017900,1471,0.37
2021,M,BR,94018000,11261,14.8
2021,M,BR,94031051,1284,0.45
2021,M,BR,94032080,2838,10.38
2021,M,BR,94036010,60910,6.83
2021,M,BR,94036090,3391,1.4
2021,M,BR,94039090,25,0.04
2021,M,BR,94049090,1593,0.34
2021,M,BR,94054010,986,0.14
2021,M,BR,95065100,4182,0.35
2021,M,BR,95065900,200,0.01
2021,M,BR,95069190,13677,9.48
2021,M,BR,95069990,16545,1.27
2021,M,BR,96039091,103,0.08
2021,M,BR,96081099,29,0.02
2021,M,BR,96151100,87,0.02
2021,M,BR,96159000,741,0.02
2021,M,BR,97019000,1631,0.75
2021,M,PY,10062017,465817,11250.04
2021,M,PY,12074090,2876711,21554.01
2021,M,PY,12079996,192747,1180.0
2021,M,PY,12119086,4561,0.03
2021,M,PY,20091199,35482,246.4
2021,M,PY,29389090,3099,0.5
2021,M,PY,36069090,5442,197.4
2021,M,PY,44029000,348658,6907.47
2021,M,PY,62046290,540,0.01
2021,M,PY,74040010,741117,1030.75
2021,M,PY,76020019,336321,1811.05
2021,M,PY,90278080,893,0.03
2021,M,UY,03036612,239814,1215.68
2021,M,UY,03074392,407718,2044.09
2021,M,UY,08051022,26610,362.5
2021,M,UY,08051028,19210,250.0
2021,M,UY,08055010,250602,3000.3
2021,M,UY,22042195,2011,2.48
2021,M,UY,22042196,7254,6.53
2021,M,UY,27090090,30,0.01
2021,M,UY,40082190,933,1.4
2021,M,UY,47032900,1079813,16360.81
2021,M,UY,49019900,37,0.05
2021,M,UY,61061000,5283,0.2
2021,M,UY,61101130,650,0.01
2021,M,UY,61143000,418,0.01
2021,M,UY,61171000,1470,0.01
2021,M,UY,62105000,162,0.02
2021,M,UY,68159900,1812,0.5
2021,M,UY,84099900,6450,11.39
2021,M,UY,85176990,483,0.03
2021,M,UY,87082990,27873,57.31
2021,M,UY,90183900,4890,0.34
2021,M,UY,90261029,279,0.08
2021,M,UY,90269000,114,0.08
2021,M,UY,90301000,123,0.01
2022,M,AR,02013000,2429415,2824.81
2022,M,AR,02023090,4004285,11609.38
2022,M,AR,02043000,105618,155.37
2022,M,AR,02062991,128469,187.16
2022,M,AR,02062999,45460,154.86
2022,M,AR,02069099,328175,1231.22
2022,M,AR,03035910,47014,245.93
2022,M,AR,03036612,666097,3038.52
2022,M,AR,03038990,250856,1150.0
2022,M,AR,03046200,99224,270.0
2022,M,AR,03047415,1110778,3659.03
2022,M,AR,03049550,65546,233.58
2022,M,AR,03061799,6970649,9554.6
2022,M,AR,03074392,833933,3159.23
2022,M,AR,05040000,40917,144.96
2022,M,AR,07133100,3607,35.0
2022,M,AR,07133390,2068549,20566.2
2022,M,AR,07133900,400064,2645.25
2022,M,AR,07134000,68435,720.0
2022,M,AR,08051022,50666,659.25
2022,M,AR,08051028,13024,177.6
2022,M,AR,08055010,12012361,124178.0
2022,M,AR,08083090,893893,7255.86
2022,M,AR,10059000,1365354,18406.61
2022,M,AR,10062017,102300,1500.0
2022,M,AR,12024200,20562560,142248.71
2022,M,AR,12060091,242289,1970.7
2022,M,AR,12079996,63917,220.03
2022,M,AR,12092980,24200,220.0
2022,M,AR,13023900,137,0.04
2022,M,AR,15180091,83320,435.0
2022,M,AR,17019910,16598,240.2
2022,M,AR,17019990,18720,240.0
2022,M,AR,20091998,180,0.13
2022,M,AR,21021090,60,0.01
2022,M,AR,21069092,462,0.2
2022,M,AR,22041098,67,0.02
2022,M,AR,22042109,3688,4.19
2022,M,AR,22042195,84470,95.21
2022,M,AR,22042196,487045,497.26
2022,M,AR,22042197,10882,13.55
2022,M,AR,22042198,27993,36.99
2022,M,AR,23040000,207537131,3805168.46
2022,M,AR,24012035,2615589,7616.0
2022,M,AR,24012085,740323,1940.4
2022,M,AR,24013000,177869,2155.5
2022,M,AR,27101999,120,0.02
2022,M,AR,29189990,511657,0.02
2022,M,AR,29221900,83539,0.01
2022,M,AR,29333999,477249,14.0
2022,M,AR,30029090,157532,2.28
2022,M,AR,33011310,545,0.25
2022,M,AR,38061000,50,0.01
2022,M,AR,38122090,505001,2710.0
2022,M,AR,38159090,353,0.26
2022,M,AR,38221900,589,0.01
2022,M,AR,38229000,3604,0.16
2022,M,AR,38249996,3331,0.44
2022,M,AR,39269097,16,0.01
2022,M,AR,40169300,191,0.06
2022,M,AR,42021190,38,0.01
2022,M,AR,42022900,2585,0.08
2022,M,AR,44029000,76049,1296.8
2022,M,AR,44199000,312,0.25
2022,M,AR,48201050,550,0.4
2022,M,AR,48211010,29,0.01
2022,M,AR,49111090,254,0.1
2022,M,AR,52053200,730,0.18
2022,M,AR,62044300,648,0.11
2022,M,AR,65069990,111,0.01
2022,M,AR,72029980,65112,150.0
2022,M,AR,73151200,61,0.01
2022,M,AR,73181595,28,0.01
2022,M,AR,73182200,8,0.01
2022,M,AR,73209090,26,0.01
2022,M,AR,73211900,1186,0.8
2022,M,AR,73239300,122,0.08
2022,M,AR,73259910,88,0.08
2022,M,AR,74198090,239,0.01
2022,M,AR,82089000,938,0.01
2022,M,AR,84099100,274,0.06
2022,M,AR,84099900,2980,0.47
2022,M,AR,84133080,415,0.04
2022,M,AR,84135061,931,1.5
2022,M,AR,84148011,73651,4.82
2022,M,AR,84229090,1615,0.05
2022,M,AR,84798997,15439,0.63
2022,M,AR,84818081,3354,0.3
2022,M,AR,84879090,12,0.01
2022,M,AR,85049090,212,0.01
2022,M,AR,85167970,172,0.01
2022,M,AR,87081090,22314,25.5
2022,M,AR,87082990,124320,148.63
2022,M,AR,88073000,691,0.01
2022,M,AR,89039310,64632,12.0
2022,M,AR,90192090,5279,0.08
2022,M,AR,90275000,13855,1.0
2022,M,AR,90278990,20740,1.55
2022,M,AR,90279000,3274,0.33
2022,M,AR,92093000,7133,1.04
2022,M,AR,93062900,23386,30.95
2022,M,AR,94052190,4999,0.15
2022,M,AR,94059900,156,0.02
2022,M,AR,96020000,1704,0.12
2022,M,AR,96032930,4209,0.78
2022,M,BO,08012200,727010,785.0
2022,M,BO,10085000,173545,865.0
2022,M,BO,12079996,64843,210.0
2022,M,BO,25280000,360617,5708.24
2022,M,BO,41041959,8187,47.2
2022,M,BO,76020019,1703745,8306.75
2022,M,BR,02023090,277165,360.86
2022,M,BR,02071410,793236,2700.0
2022,M,BR,08055090,438017,3687.84
2022,M,BR,09011100,93719641,212390.87
2022,M,BR,09012100,3011,3.8
2022,M,BR,09012200,105,0.68
2022,M,BR,09041100,93654,250.0
2022,M,BR,09101100,23918,195.84
2022,M,BR,10062015,40,0.01
2022,M,BR,11081400,200,0.4
2022,M,BR,12019000,94901525,1406244.66
2022,M,BR,12024200,665277,4687.5
2022,M,BR,12074090,150620,960.0
2022,M,BR,12122900,18758,280.0
2022,M,BR,12129995,4901,3.5
2022,M,BR,13019000,129704,819.77
2022,M,BR,13023900,113,0.03
2022,M,BR,14049000,52,0.03
2022,M,BR,15159099,548,0.18
2022,M,BR,15162096,126,0.05
2022,M,BR,15171090,45,0.05
2022,M,BR,15180091,41877,240.9
2022,M,BR,16025031,94917,167.49
2022,M,BR,17019910,2662393,42320.0
2022,M,BR,17041090,122250,297.41
2022,M,BR,20057000,60,0.03
2022,M,BR,20089948,22511,176.02
2022,M,BR,20091199,669510,3281.7
2022,M,BR,20091998,389561,2183.84
2022,M,BR,20093939,33173,211.2
2022,M,BR,20094999,100,0.05
2022,M,BR,20098979,176317,204.0
2022,M,BR,21069092,516,0.03
2022,M,BR,21069098,1008,0.19
2022,M,BR,22019000,48,0.01
2022,M,BR,22072000,3679333,41991.01
2022,M,BR,22084031,60069,139.7
2022,M,BR,22085011,72470,20.72
2022,M,BR,23040000,1829737,35641.7
2022,M,BR,23091031,54489,464.53
2022,M,BR,23099031,1223901,12159.0
2022,M,BR,24011035,580,0.51
2022,M,BR,24011085,112,0.13
2022,M,BR,24012035,417680,672.0
2022,M,BR,24012085,26693380,57628.16
2022,M,BR,24013000,56197,1360.0
2022,M,BR,25070020,813,0.3
2022,M,BR,25210000,196,0.12
2022,M,BR,25232900,311,0.05
2022,M,BR,25301000,39133,420.0
2022,M,BR,26060000,37061084,5387144.24
2022,M,BR,27101951,24464560,298522.6
2022,M,BR,27101999,12804,15.1
2022,M,BR,28181091,197987,1300.0
2022,M,BR,29061900,50282,4.6
2022,M,BR,29141300,77600,320.0
2022,M,BR,29144010,123393,592.0
2022,M,BR,29153100,30165,208.0
2022,M,BR,29159070,154231,596.0
2022,M,BR,29181998,5125,0.16
2022,M,BR,29221900,2300,0.25
2022,M,BR,29242970,31086,1.0
2022,M,BR,29333999,131,0.02
2022,M,BR,30029010,328,0.03
2022,M,BR,30042000,337817,44.65
2022,M,BR,30049000,677086,42.52
2022,M,BR,30061090,30624,0.29
2022,M,BR,30064000,78050,4.79
2022,M,BR,32012000,39148,140.0
2022,M,BR,32019090,10530,32.0
2022,M,BR,32141010,1484,0.6
2022,M,BR,32141090,26,0.04
2022,M,BR,32151900,12780,0.1
2022,M,BR,33021090,35,0.01
2022,M,BR,33029090,52,0.01
2022,M,BR,33049900,227,0.02
2022,M,BR,33051000,59947,38.58
2022,M,BR,33052000,12539,2.47
2022,M,BR,33059000,79099,65.23
2022,M,BR,33069000,15555,1.96
2022,M,BR,33079000,10579,8.46
2022,M,BR,34029090,879,0.14
2022,M,BR,34031980,60,0.01
2022,M,BR,38061000,6287912,31817.36
2022,M,BR,38069000,107205,481.5
2022,M,BR,38089190,58058,42.42
2022,M,BR,38130000,200,0.04
2022,M,BR,38229000,1094,0.09
2022,M,BR,38249993,589,0.05
2022,M,BR,38249996,411,0.46
2022,M,BR,38259090,50,0.05
2022,M,BR,39021000,212,0.1
2022,M,BR,39022000,100712,490.0
2022,M,BR,39031900,179121,900.0
2022,M,BR,39039090,115148,540.0
2022,M,BR,39122019,434045,1245.6
2022,M,BR,39199080,17910,34.86
2022,M,BR,39203000,141,0.08
2022,M,BR,39229000,185,0.15
2022,M,BR,39233090,83,0.15
2022,M,BR,39239000,433,0.15
2022,M,BR,39241000,8716,6.25
2022,M,BR,39249000,18858,7.66
2022,M,BR,39262000,102,0.01
2022,M,BR,39269060,269,0.12
2022,M,BR,39269097,46887,61.46
2022,M,BR,40021910,122926,680.4
2022,M,BR,40059100,415,0.01
2022,M,BR,40111000,41349,84.26
2022,M,BR,40114000,182619,199.71
2022,M,BR,40129020,145304,363.79
2022,M,BR,40169300,3719,0.3
2022,M,BR,41142000,1322,0.28
2022,M,BR,42022100,1992,0.2
2022,M,BR,42022210,3462,2.06
2022,M,BR,42022290,4260,0.3
2022,M,BR,42029298,118,0.02
2022,M,BR,42031000,129,0.01
2022,M,BR,42034000,171,0.04
2022,M,BR,43021980,7812,2.56
2022,M,BR,43021999,17365,13.39
2022,M,BR,44072995,30988,210.2
2022,M,BR,44101210,114746,1526.04
2022,M,BR,44123190,33901,276.0
2022,M,BR,44123900,1639760,16628.07
2022,M,BR,44152020,92,2.2
2022,M,BR,44152090,2889,1.44
2022,M,BR,44184000,51960,498.96
2022,M,BR,44219999,12218,14.72
2022,M,BR,47032100,374760,3559.66
2022,M,BR,47032900,25805977,337353.56
2022,M,BR,48025620,158270,1693.26
2022,M,BR,48025700,20272,214.94
2022,M,BR,48041111,525878,8523.33
2022,M,BR,48041115,355385,4588.36
2022,M,BR,48041190,3343750,39481.79
2022,M,BR,48042110,608998,4710.93
2022,M,BR,48043158,80907,1186.32
2022,M,BR,48043180,26639,443.98
2022,M,BR,48051100,216835,2856.85
2022,M,BR,48102930,133961,932.6
2022,M,BR,48102980,240825,1944.83
2022,M,BR,48114190,133963,450.98
2022,M,BR,48196000,482,0.01
2022,M,BR,48209000,195,0.01
2022,M,BR,48237090,5458,0.79
2022,M,BR,48239085,163,0.12
2022,M,BR,49090000,27,0.05
2022,M,BR,49111010,51,0.01
2022,M,BR,49111090,325,1.51
2022,M,BR,49119900,508,0.08
2022,M,BR,52010090,3148,10.32
2022,M,BR,52082216,66006,27.61
2022,M,BR,52083216,10910,5.34
2022,M,BR,54041900,1469,0.02
2022,M,BR,54075200,101,0.02
2022,M,BR,56029000,3685,0.26
2022,M,BR,56049090,841,0.21
2022,M,BR,56075030,14405,0.09
2022,M,BR,60019200,2447,1.1
2022,M,BR,60041000,80607,39.02
2022,M,BR,60069000,2178,0.17
2022,M,BR,61034900,2280,1.22
2022,M,BR,61042300,1977,0.32
2022,M,BR,61044200,27893,6.7
2022,M,BR,61044300,5237,0.97
2022,M,BR,61044900,1703,0.04
2022,M,BR,61046900,1539,0.29
2022,M,BR,61061000,2009,1.02
2022,M,BR,61062000,375,0.14
2022,M,BR,61071100,141,0.01
2022,M,BR,61082200,3401,0.14
2022,M,BR,61083100,6043,2.01
2022,M,BR,61091000,3544,1.61
2022,M,BR,61112090,2069,0.79
2022,M,BR,61124190,106667,16.19
2022,M,BR,61124990,11662,2.73
2022,M,BR,61130090,600,0.15
2022,M,BR,61152900,562,0.14
2022,M,BR,61159500,116,0.05
2022,M,BR,62033100,2450,0.01
2022,M,BR,62034390,1051,0.7
2022,M,BR,62042280,3378,1.51
2022,M,BR,62044200,6116,0.09
2022,M,BR,62044300,3777,0.03
2022,M,BR,62044400,12364,0.68
2022,M,BR,62044910,2073,0.01
2022,M,BR,62046239,105,0.01
2022,M,BR,62046290,220,0.06
2022,M,BR,62063000,13103,0.7
2022,M,BR,62069090,1440,0.03
2022,M,BR,62093000,23,0.01
2022,M,BR,62111200,8799,0.79
2022,M,BR,62121090,566,0.07
2022,M,BR,62129000,2559,0.61
2022,M,BR,62141000,328,0.3
2022,M,BR,62149000,4151,0.37
2022,M,BR,63026000,23994,28.17
2022,M,BR,63090000,500,1.7
2022,M,BR,64019900,5524,5.64
2022,M,BR,64022000,1750018,1742.32
2022,M,BR,64029190,14393,4.98
2022,M,BR,64029939,57419,35.43
2022,M,BR,64029950,9160,4.6
2022,M,BR,64029991,17476,4.0
2022,M,BR,64029996,80465,32.48
2022,M,BR,64029998,333137,175.77
2022,M,BR,64032000,1342,0.03
2022,M,BR,64035199,528,0.03
2022,M,BR,64039196,212,0.12
2022,M,BR,64039198,36167,9.28
2022,M,BR,64039911,33574,8.52
2022,M,BR,64039938,2279,0.66
2022,M,BR,64039950,2072,0.08
2022,M,BR,64039991,15165,2.66
2022,M,BR,64039996,254198,56.07
2022,M,BR,64039998,235794,56.66
2022,M,BR,64041100,341,0.03
2022,M,BR,64041990,111235,30.35
2022,M,BR,64052099,978,0.15
2022,M,BR,64059010,26286,3.95
2022,M,BR,64059090,537,0.06
2022,M,BR,68029100,35639,230.41
2022,M,BR,68029310,20847,300.26
2022,M,BR,68053000,176,0.04
2022,M,BR,69072100,531859,15492.82
2022,M,BR,69111000,22064,125.62
2022,M,BR,69120021,350,0.17
2022,M,BR,69120023,17072,80.05
2022,M,BR,69120025,17929,78.72
2022,M,BR,69120089,1483,0.78
2022,M,BR,69149000,377,0.28
2022,M,BR,70133799,179224,788.79
2022,M,BR,70200080,249,0.03
2022,M,BR,71031000,72,0.03
2022,M,BR,71039900,6164,5.67
2022,M,BR,71131900,14096,0.02
2022,M,BR,71162080,36138,24.37
2022,M,BR,71171900,2195,0.14
2022,M,BR,71179000,576,0.01
2022,M,BR,72011090,19086,240.8
2022,M,BR,72173090,136888,211.52
2022,M,BR,73071910,56746,138.84
2022,M,BR,73181520,1705,0.27
2022,M,BR,73181900,399,0.01
2022,M,BR,73239300,367,0.43
2022,M,BR,73239900,2425,0.6
2022,M,BR,73251000,35000,253.19
2022,M,BR,73259910,3863,0.49
2022,M,BR,73269098,230268,589.89
2022,M,BR,74198090,24010,0.11
2022,M,BR,76020019,871844,4192.97
2022,M,BR,76169990,237,0.08
2022,M,BR,82011000,9457,15.01
2022,M,BR,82021000,854,0.47
2022,M,BR,82022000,11133,6.59
2022,M,BR,82029920,53,0.02
2022,M,BR,82032000,188,0.11
2022,M,BR,82042000,7123,10.47
2022,M,BR,82055100,385,0.12
2022,M,BR,82055980,3953,1.23
2022,M,BR,82059090,7110,4.6
2022,M,BR,82079010,701,0.18
2022,M,BR,82079091,921,0.24
2022,M,BR,82119100,492074,359.01
2022,M,BR,82119200,8833,4.62
2022,M,BR,82121090,3385,0.52
2022,M,BR,82122000,387,0.13
2022,M,BR,82129000,2770,0.75
2022,M,BR,82130000,7170,2.8
2022,M,BR,82149000,7000,4.63
2022,M,BR,82159910,60398,34.63
2022,M,BR,83014090,116,0.02
2022,M,BR,83021000,6171,0.65
2022,M,BR,83023000,2915,1.03
2022,M,BR,84073210,1754,0.43
2022,M,BR,84099100,6328,1.13
2022,M,BR,84099900,33630,51.54
2022,M,BR,84101200,1334000,642.6
2022,M,BR,84133020,1309,0.13
2022,M,BR,84133080,50,0.17
2022,M,BR,84139100,21095,5.49
2022,M,BR,84143020,452,0.07
2022,M,BR,84143089,567,0.09
2022,M,BR,84148019,29474,12.5
2022,M,BR,84148080,49760,30.46
2022,M,BR,84149000,500,0.04
2022,M,BR,84198998,1000,0.8
2022,M,BR,84212100,1485,0.14
2022,M,BR,84219990,3947,0.81
2022,M,BR,84244100,197,0.01
2022,M,BR,84244990,4355,0.3
2022,M,BR,84249080,40639,1.33
2022,M,BR,84254900,2878,1.04
2022,M,BR,84291100,935746,697.22
2022,M,BR,84292000,1690346,1256.9
2022,M,BR,84295199,213189,222.3
2022,M,BR,84329000,59411,246.46
2022,M,BR,84369900,881,0.08
2022,M,BR,84379000,2217,1.37
2022,M,BR,84389000,244471,129.06
2022,M,BR,84523000,20434,3.03
2022,M,BR,84565000,50,0.01
2022,M,BR,84689000,21521,1.61
2022,M,BR,84705000,697471,25.28
2022,M,BR,84715000,1058,0.68
2022,M,BR,84719000,552,0.01
2022,M,BR,84733080,96,0.01
2022,M,BR,84807100,53009,36.82
2022,M,BR,84821090,2350,0.7
2022,M,BR,84832000,22259,78.02
2022,M,BR,84834029,518,0.25
2022,M,BR,84834090,2520,1.07
2022,M,BR,84835080,29,0.01
2022,M,BR,84836080,3516,15.57
2022,M,BR,84879090,1954,0.22
2022,M,BR,85015220,4311,1.0
2022,M,BR,85015230,638167,1418.47
2022,M,BR,85015399,2559,9.0
2022,M,BR,85044090,269,0.04
2022,M,BR,85118000,7687,0.55
2022,M,BR,85119000,130,0.1
2022,M,BR,85163200,921,0.13
2022,M,BR,85176990,185,0.15
2022,M,BR,85177900,100,0.01
2022,M,BR,85182200,1000,0.18
2022,M,BR,85184000,56943,8.63
2022,M,BR,85185000,28209,4.12
2022,M,BR,85235190,83,0.01
2022,M,BR,85285210,200,0.08
2022,M,BR,85319000,185,0.07
2022,M,BR,85322500,312,0.02
2022,M,BR,85340090,44,0.01
2022,M,BR,85354000,243679,112.2
2022,M,BR,85365003,9,0.01
2022,M,BR,85369095,70293,38.68
2022,M,BR,85371091,159,0.05
2022,M,BR,85371098,317,0.01
2022,M,BR,85392130,1617,0.56
2022,M,BR,85437090,1588,0.02
2022,M,BR,85442000,5419,0.37
2022,M,BR,87081090,1189,0.84
2022,M,BR,87082990,6091,2.15
2022,M,BR,87083091,14777,11.44
2022,M,BR,87083099,2659,0.12
2022,M,BR,87089993,11272,5.41
2022,M,BR,87089997,21886,6.56
2022,M,BR,88073000,947,0.02
2022,M,BR,90031100,4724,0.24
2022,M,BR,90041091,4820,0.07
2022,M,BR,90041099,11425,0.42
2022,M,BR,90119000,1746,0.03
2022,M,BR,90131010,308402,0.1
2022,M,BR,90142080,501,0.07
2022,M,BR,90178090,142,0.07
2022,M,BR,90183900,60425,0.2
2022,M,BR,90184990,95393,40.76
2022,M,BR,90189084,21207,1.21
2022,M,BR,90191090,163723,25.86
2022,M,BR,90192090,2087,0.23
2022,M,BR,90212900,60336,1.47
2022,M,BR,90213990,26126,0.2
2022,M,BR,90219090,13775,0.03
2022,M,BR,90230080,17015,0.14
2022,M,BR,90248000,1525,0.37
2022,M,BR,90251900,86,0.01
2022,M,BR,90261029,176,0.07
2022,M,BR,90262040,189,0.01
2022,M,BR,90268020,114,0.08
2022,M,BR,90268080,104,0.05
2022,M,BR,90269000,317,0.11
2022,M,BR,90271010,405,0.06
2022,M,BR,90271090,627,0.31
2022,M,BR,90278990,1749,0.04
2022,M,BR,90281000,156,0.07
2022,M,BR,90289010,27061,17.76
2022,M,BR,90289090,210,0.13
2022,M,BR,90318080,23875,0.46
2022,M,BR,90328900,14348,0.17
2022,M,BR,90330090,1566,0.08
2022,M,BR,94016100,13952,2.42
2022,M,BR,94016900,53265,24.63
2022,M,BR,94017900,91348,51.32
2022,M,BR,94018000,12330,11.0
2022,M,BR,94019990,24187,12.23
2022,M,BR,94021000,5179,0.79
2022,M,BR,94032080,38540,19.95
2022,M,BR,94036030,72462,53.78
2022,M,BR,94036090,1392,8.8
2022,M,BR,94038900,144480,80.0
2022,M,BR,94039910,25815,16.62
2022,M,BR,94049090,9932,1.54
2022,M,BR,94054110,1713,0.09
2022,M,BR,95030021,1609,0.64
2022,M,BR,95030099,1912,0.58
2022,M,BR,95069110,13136,6.3
2022,M,BR,95069190,2054,0.39
2022,M,BR,95069990,3925,0.35
2022,M,BR,96020000,1414,0.62
2022,M,BR,96081099,122,0.03
2022,M,BR,96161010,679,0.21
2022,M,BR,96170000,7975,15.55
2022,M,BR,97019900,29112,4.33
2022,M,PY,10062015,45,0.02
2022,M,PY,10062017,145472,2770.0
2022,M,PY,10063067,207285,2657.5
2022,M,PY,12074090,1012468,4922.0
2022,M,PY,12079996,727833,2420.5
2022,M,PY,12119086,11593,0.08
2022,M,PY,38229000,50,0.01
2022,M,PY,44029000,1479648,21204.1
2022,M,PY,62046231,356,0.09
2022,M,PY,74040010,188652,227.92
2022,M,PY,76020019,818611,3598.7
2022,M,PY,85354000,8556,0.03
2022,M,PY,90278990,1485,0.06
2022,M,UY,03036612,111467,472.11
2022,M,UY,03074335,4215,12.97
2022,M,UY,03074392,64234,225.65
2022,M,UY,08055010,67296,934.71
2022,M,UY,22042195,4723,5.63
2022,M,UY,22042196,9297,7.88
2022,M,UY,38130000,150,0.04
2022,M,UY,38159090,76,0.05
2022,M,UY,44079990,105388,795.89
2022,M,UY,47032900,1190453,16858.06
2022,M,UY,49119900,10,1.2
2022,M,UY,56074911,11257,114.0
2022,M,UY,61101290,5429,0.02
2022,M,UY,76020019,65355,226.6
2022,M,UY,82079099,1160,1.5
2022,M,UY,84099900,6046,7.28
2022,M,UY,84715000,50,0.01
2022,M,UY,84733080,124,0.01
2022,M,UY,85176990,426,0.05
2022,M,UY,85389099,2778,10.49
2022,M,UY,87082990,28066,27.89
2022,M,UY,90183900,7935,0.56
2022,M,UY,90318080,182,0.01
2023,M,AR,02013000,2559727,3495.6
2023,M,AR,02023090,2286188,5745.38
2023,M,AR,02062991,48505,80.82
2023,M,AR,02062999,86426,233.02
2023,M,AR,02069099,368403,1190.87
2023,M,AR,03036612,381287,1534.2
2023,M,AR,03038990,120566,480.0
2023,M,AR,03047415,1188437,3563.9
2023,M,AR,03049550,77722,249.2
2023,M,AR,03061799,4199490,7339.2
2023,M,AR,03074392,1538130,5750.42
2023,M,AR,04090000,43342,212.91
2023,M,AR,05040000,6303,20.91
2023,M,AR,07133100,2638,30.0
2023,M,AR,07133390,1093466,8809.9
2023,M,AR,07133900,161841,1190.0
2023,M,AR,08051022,85545,720.0
2023,M,AR,08055010,9081330,105146.95
2023,M,AR,08083090,598431,5377.69
2023,M,AR,08092900,6240,10.4
2023,M,AR,10059000,2075341,26768.0
2023,M,AR,12019000,50,0.02
2023,M,AR,12024200,19341724,124613.37
2023,M,AR,12060091,252861,2338.4
2023,M,AR,12079996,4355,0.09
2023,M,AR,12092980,30500,250.0
2023,M,AR,15180091,67050,495.8
2023,M,AR,20079950,220,0.16
2023,M,AR,22042195,91401,104.41
2023,M,AR,22042196,382577,368.32
2023,M,AR,22071000,101701,402.55
2023,M,AR,23011000,369427,4550.0
2023,M,AR,23040000,237016781,4460480.15
2023,M,AR,24012035,1073237,2616.0
2023,M,AR,24012085,297980,682.05
2023,M,AR,29189990,1658162,0.05
2023,M,AR,29221900,147533,0.03
2023,M,AR,29333999,283681,7.99
2023,M,AR,30024900,192284,2.81
2023,M,AR,32011000,117206,484.0
2023,M,AR,33011310,610,0.25
2023,M,AR,34024900,496,0.06
2023,M,AR,34039900,83,0.02
2023,M,AR,38221900,20498,1.58
2023,M,AR,38229000,28572,2.22
2023,M,AR,38249996,3246,0.41
2023,M,AR,39069090,205,0.11
2023,M,AR,39233010,52,0.01
2023,M,AR,40103100,46,0.01
2023,M,AR,42029211,1541,0.11
2023,M,AR,44029000,56050,855.86
2023,M,AR,44199000,493,0.3
2023,M,AR,49100000,968,0.42
2023,M,AR,49119100,70,0.03
2023,M,AR,52053200,742,0.21
2023,M,AR,57023180,17261,1.37
2023,M,AR,57024110,1947,0.63
2023,M,AR,68029100,89682,755.34
2023,M,AR,69111000,267,0.01
2023,M,AR,73182200,59,0.01
2023,M,AR,73269098,2896,2.02
2023,M,AR,74198090,117,0.01
2023,M,AR,76151080,190,0.09
2023,M,AR,82119200,320,0.17
2023,M,AR,84099100,190,0.02
2023,M,AR,84099900,526,0.18
2023,M,AR,84138200,2022,0.73
2023,M,AR,84148011,4015,0.02
2023,M,AR,84149000,3690,0.15
2023,M,AR,84224000,123364,12.79
2023,M,AR,84229090,1577,0.12
2023,M,AR,84733080,100,0.02
2023,M,AR,84749090,172,0.15
2023,M,AR,84798997,28014,0.56
2023,M,AR,84799015,18533,2.39
2023,M,AR,84829190,14,0.01
2023,M,AR,84831095,111,0.01
2023,M,AR,85176990,2176,0.2
2023,M,AR,85366990,239,0.05
2023,M,AR,87082990,95604,130.64
2023,M,AR,87141090,2863,0.28
2023,M,AR,90189084,2821,0.1
2023,M,AR,90192090,5135,0.13
2023,M,AR,90318080,1895,0.02
2023,M,AR,92093000,6309,0.75
2023,M,AR,96032930,4492,0.8
2023,M,BO,08012100,69400,120.0
2023,M,BO,08012200,767249,1380.0
2023,M,BO,09011100,22,0.02
2023,M,BO,10085000,114907,450.0
2023,M,BO,25280000,215747,2926.0
2023,M,BO,29051100,10800,240.0
2023,M,BR,02023090,242319,284.98
2023,M,BR,02071410,146040,779.76
2023,M,BR,08029910,47706,58.0
2023,M,BR,08055010,39128,244.8
2023,M,BR,08134095,2769,2.0
2023,M,BR,08135039,3907,2.54
2023,M,BR,09011100,90585056,226301.66
2023,M,BR,09041100,47301,150.0
2023,M,BR,09109991,55138,50.0
2023,M,BR,10059000,102416,1322.0
2023,M,BR,11010015,9943,30.75
2023,M,BR,12019000,63130379,1175750.59
2023,M,BR,12024200,673810,3976.25
2023,M,BR,12074090,252639,1440.0
2023,M,BR,13019000,81,0.01
2023,M,BR,15092000,165,0.1
2023,M,BR,15159039,457,0.05
2023,M,BR,15159099,999,0.26
2023,M,BR,15162098,3227,5.4
2023,M,BR,15171090,41003,10.37
2023,M,BR,15180091,136576,935.5
2023,M,BR,17011490,91840,1350.0
2023,M,BR,17019910,1672488,25920.0
2023,M,BR,17049010,2868,4.87
2023,M,BR,18062095,2126,4.0
2023,M,BR,18063100,404,0.4
2023,M,BR,18069090,101,0.05
2023,M,BR,20019020,43,0.01
2023,M,BR,20071010,346,0.27
2023,M,BR,20079997,1669,2.6
2023,M,BR,20087061,17344,1470.12
2023,M,BR,20087071,146323,20141.56
2023,M,BR,20089948,47539,352.04
2023,M,BR,20091199,1097444,4748.91
2023,M,BR,20091998,2812399,9365.4
2023,M,BR,20094999,350,0.24
2023,M,BR,20098979,192248,229.5
2023,M,BR,21011100,215,0.14
2023,M,BR,21022019,247,0.3
2023,M,BR,22042184,3365,0.33
2023,M,BR,22072000,6857901,84297.35
2023,M,BR,22084031,27737,69.34
2023,M,BR,23040000,1166709,18732.4
2023,M,BR,23091031,50787,434.4
2023,M,BR,23099031,175140,2016.0
2023,M,BR,24011035,350,0.32
2023,M,BR,24012035,4466299,7040.0
2023,M,BR,24012085,53023335,87694.91
2023,M,BR,24031990,500,0.3
2023,M,BR,25049000,22923,262.2
2023,M,BR,25059000,8,0.11
2023,M,BR,25140000,8204,267.32
2023,M,BR,25199090,60,0.01
2023,M,BR,25232900,727,1.33
2023,M,BR,25301000,100,0.04
2023,M,BR,26060000,33167176,5858049.04
2023,M,BR,27090090,86606341,1364639.52
2023,M,BR,27101999,58,0.02
2023,M,BR,27109900,40,0.04
2023,M,BR,29061900,41122,4.0
2023,M,BR,29141300,65978,346.0
2023,M,BR,29144010,41284,310.4
2023,M,BR,29242970,181861,5.61
2023,M,BR,29269070,256657,30.0
2023,M,BR,29332990,115,0.01
2023,M,BR,30019091,40983,0.05
2023,M,BR,30029010,308,0.03
2023,M,BR,30045000,30209,104.61
2023,M,BR,30049000,750383,49.34
2023,M,BR,30061090,19929,0.25
2023,M,BR,30064000,62286,2.28
2023,M,BR,32019090,13689,40.0
2023,M,BR,32141010,1978,1.04
2023,M,BR,33011920,2214,0.2
2023,M,BR,33049900,1527,0.79
2023,M,BR,33051000,53380,26.79
2023,M,BR,33052000,4282,0.89
2023,M,BR,33059000,38247,24.86
2023,M,BR,33069000,6050,1.15
2023,M,BR,33079000,5079,2.46
2023,M,BR,34013000,728,0.31
2023,M,BR,34029090,371,0.18
2023,M,BR,34054000,109,0.05
2023,M,BR,34070000,3933,0.65
2023,M,BR,35030010,256353,250.0
2023,M,BR,35040090,46,0.01
2023,M,BR,35079090,47,0.01
2023,M,BR,38061000,3277109,29468.04
2023,M,BR,38069000,115675,725.0
2023,M,BR,38229000,980,0.18
2023,M,BR,38249993,694,0.05
2023,M,BR,38249996,1165,0.41
2023,M,BR,38259090,100,0.12
2023,M,BR,39021000,425,0.25
2023,M,BR,39031900,106033,765.0
2023,M,BR,39039090,75312,495.0
2023,M,BR,39069090,51,0.01
2023,M,BR,39122019,70140,210.0
2023,M,BR,39129090,270900,630.0
2023,M,BR,39173900,716383,225.0
2023,M,BR,39174000,557,0.27
2023,M,BR,39199080,51,0.01
2023,M,BR,39203000,61,0.03
2023,M,BR,39219090,1583,0.73
2023,M,BR,39232100,78,0.11
2023,M,BR,39232990,302,0.55
2023,M,BR,39239000,318,0.13
2023,M,BR,39241000,15999,8.61
2023,M,BR,39249000,10250,4.64
2023,M,BR,39269097,2677,1.21
2023,M,BR,40021910,406496,2749.59
2023,M,BR,40111000,4498,8.06
2023,M,BR,40114000,188710,173.85
2023,M,BR,40129020,72930,177.17
2023,M,BR,40169300,2667,0.26
2023,M,BR,41041959,2300,19.45
2023,M,BR,42021219,76,0.02
2023,M,BR,42022100,2758,0.1
2023,M,BR,42022210,30582,86.52
2023,M,BR,42022290,6768,0.22
2023,M,BR,42022900,3220,0.11
2023,M,BR,42023210,1378,0.56
2023,M,BR,42029180,4715,1.3
2023,M,BR,42029211,68,0.03
2023,M,BR,42033000,399,0.18
2023,M,BR,44072998,20521,183.56
2023,M,BR,44083930,15453,305.71
2023,M,BR,44092200,116119,902.6
2023,M,BR,44092991,97038,657.82
2023,M,BR,44101210,93808,1773.62
2023,M,BR,44111410,33642,825.34
2023,M,BR,44123110,37370,275.0
2023,M,BR,44123310,45109,546.0
2023,M,BR,44123330,24763,268.6
2023,M,BR,44123390,43057,518.08
2023,M,BR,44123900,1008686,13110.03
2023,M,BR,44152020,7680,0.51
2023,M,BR,44184000,35438,498.96
2023,M,BR,44187900,32776,258.45
2023,M,BR,44199000,115,0.28
2023,M,BR,44201900,1432,3.21
2023,M,BR,44209099,430,0.01
2023,M,BR,44219999,46,0.09
2023,M,BR,47032100,203950,2005.42
2023,M,BR,47032900,31246618,495497.17
2023,M,BR,48010000,57030,721.9
2023,M,BR,48025590,60336,678.38
2023,M,BR,48025620,444057,5149.4
2023,M,BR,48025680,40346,469.14
2023,M,BR,48025700,246992,2533.93
2023,M,BR,48041111,99009,1492.04
2023,M,BR,48041190,1100937,17383.48
2023,M,BR,48041990,303248,4179.57
2023,M,BR,48042110,591916,5471.41
2023,M,BR,48043180,78579,1188.44
2023,M,BR,48070080,39,1.12
2023,M,BR,48102980,342524,4485.04
2023,M,BR,48191000,1028,1.0
2023,M,BR,48194000,1024,2.22
2023,M,BR,48219090,3384,2.99
2023,M,BR,49019900,1754,1.1
2023,M,BR,49100000,114,0.03
2023,M,BR,49111090,1220,0.24
2023,M,BR,52082216,28245,13.61
2023,M,BR,52083216,3243,1.0
2023,M,BR,54011018,2067,0.77
2023,M,BR,54041900,1713,0.02
2023,M,BR,54075400,2064,0.76
2023,M,BR,56029000,1112,0.14
2023,M,BR,56075030,12477,0.13
2023,M,BR,57029290,3086,2.11
2023,M,BR,60041000,43507,23.16
2023,M,BR,61044900,46950,0.44
2023,M,BR,61046200,84,0.1
2023,M,BR,61046300,172,0.05
2023,M,BR,61061000,2356,0.03
2023,M,BR,61112090,997,0.38
2023,M,BR,61123190,38237,1.1
2023,M,BR,61124110,41613,3.92
2023,M,BR,61124190,128682,18.78
2023,M,BR,61124990,5779,1.71
2023,M,BR,61143000,3100,0.6
2023,M,BR,62034390,4350,0.31
2023,M,BR,62043390,554,0.01
2023,M,BR,62044200,15248,0.2
2023,M,BR,62044300,851,0.01
2023,M,BR,62061000,668,0.01
2023,M,BR,62064000,501,0.01
2023,M,BR,62105000,1953,0.33
2023,M,BR,62111100,363,0.01
2023,M,BR,62111200,1713,0.06
2023,M,BR,62121090,2437,0.46
2023,M,BR,63025390,9843,1.07
2023,M,BR,63026000,8754,6.4
2023,M,BR,63049900,392,0.44
2023,M,BR,63090000,2114,8.87
2023,M,BR,64019900,4279,2.16
2023,M,BR,64022000,1621970,1432.37
2023,M,BR,64029190,5515,1.56
2023,M,BR,64029910,4001,1.83
2023,M,BR,64029931,36366,19.83
2023,M,BR,64029939,41793,22.04
2023,M,BR,64029950,1339,0.88
2023,M,BR,64029991,9905,3.81
2023,M,BR,64029993,103732,64.54
2023,M,BR,64029996,31392,16.55
2023,M,BR,64029998,269214,111.99
2023,M,BR,64031900,107,0.01
2023,M,BR,64032000,1824,0.02
2023,M,BR,64035911,608,0.01
2023,M,BR,64035939,1735,0.42
2023,M,BR,64035999,1119,0.19
2023,M,BR,64039198,54710,7.57
2023,M,BR,64039938,507,0.12
2023,M,BR,64039993,789,0.66
2023,M,BR,64039996,166137,52.8
2023,M,BR,64039998,469900,116.08
2023,M,BR,64041100,86,0.01
2023,M,BR,64041910,140,0.03
2023,M,BR,64041990,468069,181.92
2023,M,BR,64042090,1048,0.26
2023,M,BR,64059010,5520,0.25
2023,M,BR,64059090,131,0.07
2023,M,BR,68010000,11399,267.2
2023,M,BR,68029100,13754,118.98
2023,M,BR,68029390,129639,843.73
2023,M,BR,68029990,129404,825.63
2023,M,BR,69031000,18167,14.14
2023,M,BR,69032090,2253,2.0
2023,M,BR,69072100,455418,9950.43
2023,M,BR,69120021,200,0.14
2023,M,BR,69120023,85750,167.23
2023,M,BR,69120089,1445,0.89
2023,M,BR,70099200,3671,2.92
2023,M,BR,70133799,162520,797.7
2023,M,BR,70139900,29737,1.08
2023,M,BR,70179000,739,0.04
2023,M,BR,70200080,1501,0.14
2023,M,BR,71031000,5071,4.17
2023,M,BR,71039900,75211,46.23
2023,M,BR,71131900,27685,0.19
2023,M,BR,71162080,102936,60.8
2023,M,BR,71171900,721,0.05
2023,M,BR,71179000,886,0.06
2023,M,BR,72173090,298727,514.77
2023,M,BR,72193490,358,0.38
2023,M,BR,73071990,55088,146.15
2023,M,BR,73072980,327173,42.14
2023,M,BR,73181520,510,0.05
2023,M,BR,73239300,4750,3.64
2023,M,BR,73239900,9895,1.68
2023,M,BR,73251000,107100,516.5
2023,M,BR,73259990,1066,0.07
2023,M,BR,73269098,237895,727.7
2023,M,BR,74040099,797594,1450.1
2023,M,BR,76020019,75104,444.4
2023,M,BR,76061292,45,0.01
2023,M,BR,76151080,696,0.71
2023,M,BR,76169990,185,0.04
2023,M,BR,82014000,30124,91.67
2023,M,BR,82019000,473,1.48
2023,M,BR,82022000,14302,6.03
2023,M,BR,82032000,2726,2.84
2023,M,BR,82041100,1935,2.6
2023,M,BR,82052000,3246,6.95
2023,M,BR,82055100,1779,0.67
2023,M,BR,82059090,3532,4.0
2023,M,BR,82075090,258,0.01
2023,M,BR,82079078,243,0.1
2023,M,BR,82079091,107,0.03
2023,M,BR,82079099,115,0.2
2023,M,BR,82119100,358742,227.0
2023,M,BR,82119200,110819,71.13
2023,M,BR,82121090,6873,0.79
2023,M,BR,82122000,1292,0.31
2023,M,BR,82129000,16606,5.21
2023,M,BR,82130000,3629,1.4
2023,M,BR,82149000,5947,4.27
2023,M,BR,82152010,23993,13.78
2023,M,BR,82159910,45272,25.58
2023,M,BR,83062900,25096,0.48
2023,M,BR,83063000,1680,0.03
2023,M,BR,84099100,1808,0.21
2023,M,BR,84099900,13296,12.72
2023,M,BR,84136080,4023,0.63
2023,M,BR,84139100,25481,7.46
2023,M,BR,84143020,91892,177.56
2023,M,BR,84143089,347,0.1
2023,M,BR,84145995,144,0.05
2023,M,BR,84148011,29994,18.87
2023,M,BR,84148019,39102,15.86
2023,M,BR,84148080,31291,18.49
2023,M,BR,84149000,686,0.6
2023,M,BR,84212100,8592,1.07
2023,M,BR,84219990,49,0.01
2023,M,BR,84224000,276551,30.0
2023,M,BR,84229090,207871,8.11
2023,M,BR,84244100,150,0.02
2023,M,BR,84244990,46037,6.37
2023,M,BR,84249080,8370,0.21
2023,M,BR,84291100,1701034,1167.43
2023,M,BR,84292000,3521805,1784.6
2023,M,BR,84295199,1790999,1216.62
2023,M,BR,84329000,118568,424.26
2023,M,BR,84332090,22909,24.0
2023,M,BR,84369100,3757,4.62
2023,M,BR,84389000,5238,12.5
2023,M,BR,84669340,119,0.01
2023,M,BR,84669400,1878,0.24
2023,M,BR,84678900,472,0.25
2023,M,BR,84681000,12783,0.92
2023,M,BR,84705000,143772,13.15
2023,M,BR,84716070,11612,1.01
2023,M,BR,84719000,1429,0.02
2023,M,BR,84732910,169244,0.2
2023,M,BR,84733020,542,0.07
2023,M,BR,84733080,7217,4.96
2023,M,BR,84814090,69237,0.13
2023,M,BR,84818019,163,0.06
2023,M,BR,84818059,134,0.08
2023,M,BR,84831095,626,0.04
2023,M,BR,84833080,35,0.01
2023,M,BR,84849000,74,0.05
2023,M,BR,85015230,510590,1060.17
2023,M,BR,85015394,385800,195.0
2023,M,BR,85030099,36054,82.72
2023,M,BR,85043200,237,0.04
2023,M,BR,85044095,440412,87.69
2023,M,BR,85078000,3798,0.48
2023,M,BR,85143990,6314,1.4
2023,M,BR,85163100,82,0.02
2023,M,BR,85163200,2980,0.44
2023,M,BR,85176200,14191,0.09
2023,M,BR,85177900,379,0.01
2023,M,BR,85182900,3398,0.7
2023,M,BR,85184000,23089,4.22
2023,M,BR,85185000,34838,5.2
2023,M,BR,85235110,15,0.01
2023,M,BR,85238090,71,0.01
2023,M,BR,85256000,50,0.01
2023,M,BR,85340090,100,0.01
2023,M,BR,85354000,26120,16.17
2023,M,BR,85369095,170431,38.54
2023,M,BR,85371098,200,0.03
2023,M,BR,85389099,13084,1.63
2023,M,BR,85411000,457,0.05
2023,M,BR,85423190,60,0.01
2023,M,BR,85437090,111,0.02
2023,M,BR,85444210,352,0.09
2023,M,BR,85444290,102,0.01
2023,M,BR,87032390,33911,22.94
2023,M,BR,87083091,29473,23.16
2023,M,BR,87089993,10158,4.27
2023,M,BR,87089997,27996,14.04
2023,M,BR,87168000,4761,1.75
2023,M,BR,88073000,4258,0.11
2023,M,BR,90031100,2021,0.08
2023,M,BR,90041099,32782,1.22
2023,M,BR,90119000,1121,0.02
2023,M,BR,90131010,134317,0.11
2023,M,BR,90183900,95549,0.23
2023,M,BR,90184100,5568,0.15
2023,M,BR,90184910,3098,0.1
2023,M,BR,90184990,26109,2.3
2023,M,BR,90189084,9036,0.6
2023,M,BR,90192090,3320,0.18
2023,M,BR,90212900,44194,1.44
2023,M,BR,90213990,35772,1.43
2023,M,BR,90230080,4683,0.14
2023,M,BR,90268020,150,0.01
2023,M,BR,90269000,1361,0.87
2023,M,BR,90271090,100,0.01
2023,M,BR,90278990,1877,0.03
2023,M,BR,90279000,604,0.04
2023,M,BR,90281000,312,0.07
2023,M,BR,90289090,394,0.18
2023,M,BR,90318080,82562,0.95
2023,M,BR,90330090,9384,0.61
2023,M,BR,92079090,1722,0.03
2023,M,BR,93032010,10030,2.88
2023,M,BR,93040000,25290,7.46
2023,M,BR,94016900,32089,32.49
2023,M,BR,94017900,88414,55.0
2023,M,BR,94018000,17254,9.0
2023,M,BR,94019990,11004,1.82
2023,M,BR,94021000,549,0.06
2023,M,BR,94032080,100745,27.74
2023,M,BR,94036010,2000,18.0
2023,M,BR,94036030,46855,36.51
2023,M,BR,94036090,76655,2.18
2023,M,BR,94038900,112014,70.7
2023,M,BR,94039910,13409,5.85
2023,M,BR,94042990,2556,5.09
2023,M,BR,95069110,6651,2.88
2023,M,BR,95069190,7512,0.95
2023,M,BR,95069990,2026,0.4
2023,M,BR,96020000,11689,4.8
2023,M,BR,96140090,57,0.01
2023,M,BR,97019100,615,0.02
2023,M,BR,97019900,2392,0.1
2023,M,BR,97039000,36789,4.75
2023,M,PY,10063067,215562,2913.0
2023,M,PY,12024200,173327,1212.5
2023,M,PY,12074090,1988203,7870.0
2023,M,PY,12079996,457628,1748.5
2023,M,PY,23040000,9083825,165435.95
2023,M,PY,44029000,1464173,22812.82
2023,M,PY,62045200,208,0.01
2023,M,PY,62046231,449,0.02
2023,M,PY,62046290,302,0.01
2023,M,PY,74040010,155893,202.38
2023,M,PY,76020019,91175,453.36
2023,M,PY,84145100,2989,0.27
2023,M,PY,90278990,2253,0.06
2023,M,UY,03036612,188426,729.95
2023,M,UY,03074392,638304,1835.31
2023,M,UY,08055010,36568,487.7
2023,M,UY,10062013,66,0.06
2023,M,UY,10062017,14347,200.0
2023,M,UY,10063027,15239,200.0
2023,M,UY,38130000,170,0.03
2023,M,UY,38229000,23,0.04
2023,M,UY,38259090,50,0.06
2023,M,UY,44029000,14316,255.0
2023,M,UY,44079990,229549,1788.01
2023,M,UY,44123330,43246,550.5
2023,M,UY,68159900,2234,1.0
2023,M,UY,73269098,240,0.1
2023,M,UY,76020019,88270,480.02
2023,M,UY,84099900,3864,4.47
2023,M,UY,84149000,193,0.07
2023,M,UY,84718000,333,0.15
2023,M,UY,84733080,450,0.03
2023,M,UY,85044060,265,0.08
2023,M,UY,90229020,4256,0.14
2023,M,UY,90268020,150,0.01
2023,M,UY,90269000,234,0.01
2023,M,UY,95069990,3494,55.8
2024,M,AR,02013000,3479429,4153.32
2024,M,AR,02023090,3859400,12101.18
2024,M,AR,02044390,65685,173.85
2024,M,AR,02062991,53539,119.12
2024,M,AR,02062999,173341,606.62
2024,M,AR,02069099,400802,1355.22
2024,M,AR,03036612,643618,2527.48
2024,M,AR,03038300,72503,30.05
2024,M,AR,03038990,256877,1023.4
2024,M,AR,03047415,3267579,8735.03
2024,M,AR,03049550,94763,250.96
2024,M,AR,03056300,39386,100.8
2024,M,AR,03061799,7232011,12006.48
2024,M,AR,03069590,78569,120.0
2024,M,AR,03074392,10632727,31071.84
2024,M,AR,07131090,1850,20.0
2024,M,AR,07132000,43481,410.0
2024,M,AR,07133100,8305,130.0
2024,M,AR,07133200,15834,50.0
2024,M,AR,07133390,861632,6327.0
2024,M,AR,07133500,11666,100.0
2024,M,AR,07133900,5661,37.5
2024,M,AR,08055010,4935951,61901.76
2024,M,AR,08055090,684,10.26
2024,M,AR,08083090,1616590,15131.03
2024,M,AR,10059000,890033,13314.0
2024,M,AR,10082100,21875,250.0
2024,M,AR,12024200,20730601,121224.18
2024,M,AR,12060091,21712,191.1
2024,M,AR,12079996,53248,210.0
2024,M,AR,12092510,33660,220.0
2024,M,AR,12092980,30500,250.0
2024,M,AR,13021970,5166,0.8
2024,M,AR,15021090,1658,19.73
2024,M,AR,15180091,124593,895.0
2024,M,AR,16024911,19219,31.62
2024,M,AR,17019910,20665,250.0
2024,M,AR,20059950,37156,248.4
2024,M,AR,20093119,54,0.06
2024,M,AR,20093939,23702,220.0
2024,M,AR,20094999,150,0.1
2024,M,AR,20096919,2537138,14936.63
2024,M,AR,22042109,5678,5.62
2024,M,AR,22042195,73842,85.74
2024,M,AR,22042196,340284,356.15
2024,M,AR,22042198,455,0.31
2024,M,AR,23011000,247059,3100.0
2024,M,AR,23040000,230560098,5376802.11
2024,M,AR,24012035,1662213,2386.0
2024,M,AR,24012085,674038,1286.0
2024,M,AR,29189990,737670,0.02
2024,M,AR,29221900,176074,0.03
2024,M,AR,29269070,21972,0.1
2024,M,AR,29333999,1662,0.02
2024,M,AR,30024900,341533,5.47
2024,M,AR,32011000,127013,576.0
2024,M,AR,32151100,109,0.01
2024,M,AR,32151900,326,0.05
2024,M,AR,33011310,610,0.25
2024,M,AR,33011920,64,0.01
2024,M,AR,34013000,69,0.01
2024,M,AR,38061000,823,0.03
2024,M,AR,38221900,28267,2.65
2024,M,AR,38229000,45754,5.8
2024,M,AR,38249996,3091,0.41
2024,M,AR,39089000,2260,0.18
2024,M,AR,39233010,51,0.01
2024,M,AR,41015050,11443,195.35
2024,M,AR,42022900,2222,0.09
2024,M,AR,44071190,45535,1187.27
2024,M,AR,49100000,877,0.4
2024,M,AR,49119900,200,0.18
2024,M,AR,57029100,1173,0.2
2024,M,AR,61102091,267,0.13
2024,M,AR,68152000,615,0.54
2024,M,AR,70109047,196,0.06
2024,M,AR,70133799,259,0.35
2024,M,AR,71131100,282,0.01
2024,M,AR,73151200,281,0.01
2024,M,AR,76151080,390,0.22
2024,M,AR,84148011,14131,1.06
2024,M,AR,84149000,3608,0.21
2024,M,AR,84229090,1529,0.05
2024,M,AR,84386000,49474,9.0
2024,M,AR,84389000,160,0.03
2024,M,AR,84411070,1413,0.18
2024,M,AR,84713000,1905,0.01
2024,M,AR,84798997,54001,1.51
2024,M,AR,84799070,1145,0.01
2024,M,AR,84818081,778,0.11
2024,M,AR,85232100,70,0.01
2024,M,AR,87082990,122018,209.77
2024,M,AR,87089435,310,0.03
2024,M,AR,87089993,12216,17.65
2024,M,AR,87141090,1694,0.17
2024,M,AR,90189084,1595,0.05
2024,M,AR,90192090,2898,0.03
2024,M,AR,90211090,1508,0.01
2024,M,AR,90269000,255,0.03
2024,M,AR,90278990,6820,0.13
2024,M,AR,90329000,1148,0.07
2024,M,AR,90330090,3332,0.03
2024,M,AR,92093000,6133,0.88
2024,M,AR,94052190,1385,0.33
2024,M,AR,96020000,2096,0.23
2024,M,AR,96151900,13541,2.34
2024,M,AR,97019100,2553,0.1
2024,M,AR,97019900,555,0.01
2024,M,BO,08012100,26400,80.0
2024,M,BO,08012200,655587,1152.9
2024,M,BO,09011100,38,0.02
2024,M,BO,10085000,428132,1460.0
2024,M,BO,11029090,2111,6.0
2024,M,BO,11041969,4972,13.95
2024,M,BO,12074090,82751,470.0
2024,M,BO,25280000,256805,3626.0
2024,M,BO,41041159,32655,211.67
2024,M,BO,76020019,693092,4118.65
2024,M,BR,02023090,329429,460.13
2024,M,BR,07133390,40097,500.0
2024,M,BR,08119011,33518,108.21
2024,M,BR,08134095,2970,2.0
2024,M,BR,08135039,4945,3.65
2024,M,BR,09011100,104269362,244585.59
2024,M,BR,09041100,47877,150.0
2024,M,BR,09101100,62050,340.0
2024,M,BR,09109991,77097,75.0
2024,M,BR,11010015,17842,77.06
2024,M,BR,12019000,49217522,1135874.02
2024,M,BR,12024200,356597,2036.25
2024,M,BR,12073000,1524,0.6
2024,M,BR,12074090,566922,4460.0
2024,M,BR,12079996,42,0.01
2024,M,BR,15159099,1311,0.44
2024,M,BR,15179099,8491,16.34
2024,M,BR,15180091,267781,1880.0
2024,M,BR,16025031,107424,171.07
2024,M,BR,17019910,155100,2376.51
2024,M,BR,17041090,422,0.23
2024,M,BR,17049010,1615,1.21
2024,M,BR,17049061,30,0.05
2024,M,BR,17049099,2908,3.29
2024,M,BR,18050000,184,0.24
2024,M,BR,18063210,1697,1.07
2024,M,BR,19019099,886,0.35
2024,M,BR,19059070,80,0.01
2024,M,BR,20079950,953,3.1
2024,M,BR,20081191,147,0.28
2024,M,BR,20091199,264039,499.04
2024,M,BR,20091998,3442003,7182.01
2024,M,BR,20094930,314461,1202.9
2024,M,BR,21021090,369,0.4
2024,M,BR,21022019,400,0.92
2024,M,BR,22072000,1989372,30084.35
2024,M,BR,23040000,11808689,268033.9
2024,M,BR,23099031,666502,7055.0
2024,M,BR,23099096,101292,720.5
2024,M,BR,24011035,295,0.28
2024,M,BR,24012035,1651957,2482.0
2024,M,BR,24012085,46819378,63726.0
2024,M,BR,24012095,144,0.07
2024,M,BR,24013000,180476,1980.0
2024,M,BR,25062000,14420,548.42
2024,M,BR,25140000,8067,263.36
2024,M,BR,25151200,14357,262.0
2024,M,BR,25309070,627,0.55
2024,M,BR,26060000,31828850,5391542.84
2024,M,BR,27101999,11738,17.34
2024,M,BR,27109900,248,0.02
2024,M,BR,28112200,308,0.2
2024,M,BR,29061900,56399,5.67
2024,M,BR,29124100,1224,0.26
2024,M,BR,29141300,30690,186.0
2024,M,BR,29144010,488423,3012.0
2024,M,BR,29153100,193648,1872.0
2024,M,BR,29159070,36878,198.3
2024,M,BR,29181400,61,0.02
2024,M,BR,29181500,61,0.02
2024,M,BR,29239000,41,0.01
2024,M,BR,29242970,205493,6.9
2024,M,BR,29332990,23,0.01
2024,M,BR,29372300,2041,0.01
2024,M,BR,29379000,10139,0.1
2024,M,BR,30019091,55808,0.1
2024,M,BR,30029010,207,0.02
2024,M,BR,30042000,81490,8.76
2024,M,BR,30045000,11073,19.81
2024,M,BR,30049000,863553,58.63
2024,M,BR,30061090,3284,0.03
2024,M,BR,30064000,121158,5.4
2024,M,BR,32012000,26595,140.0
2024,M,BR,32019090,21963,108.0
2024,M,BR,33011920,2500,0.2
2024,M,BR,33012991,1140,0.25
2024,M,BR,33021090,153,0.01
2024,M,BR,33049900,968,0.8
2024,M,BR,33051000,85481,70.7
2024,M,BR,33052000,10752,3.09
2024,M,BR,33059000,135076,110.19
2024,M,BR,33061000,298,0.17
2024,M,BR,33069000,11090,1.59
2024,M,BR,33072000,8049,4.16
2024,M,BR,33079000,4682,2.45
2024,M,BR,34024200,51,0.01
2024,M,BR,34070000,9112,1.24
2024,M,BR,37013000,1206,1.06
2024,M,BR,38061000,4223609,42000.01
2024,M,BR,38069000,40998,245.0
2024,M,BR,38229000,23845,3.58
2024,M,BR,38249996,1420,0.54
2024,M,BR,38259090,50,0.01
2024,M,BR,39021000,529,0.25
2024,M,BR,39022000,308085,1190.0
2024,M,BR,39095090,60,0.01
2024,M,BR,39122019,68040,210.0
2024,M,BR,39129090,79590,210.0
2024,M,BR,39173200,176,0.11
2024,M,BR,39203000,821,3.6
2024,M,BR,39209990,230,0.03
2024,M,BR,39219090,3057,1.97
2024,M,BR,39231090,412,0.21
2024,M,BR,39232100,731,1.27
2024,M,BR,39232990,129,0.25
2024,M,BR,39235010,236,0.03
2024,M,BR,39239000,100,0.02
2024,M,BR,39241000,5272,3.48
2024,M,BR,39249000,82951,104.53
2024,M,BR,39264000,3108,0.2
2024,M,BR,39269097,15363,25.98
2024,M,BR,40021910,210023,1361.02
2024,M,BR,40111000,1976,2.43
2024,M,BR,40114000,232182,218.75
2024,M,BR,40117000,95796,179.79
2024,M,BR,40169100,971,2.65
2024,M,BR,40169997,1520,0.02
2024,M,BR,41041959,31559,200.85
2024,M,BR,42010000,105,0.01
2024,M,BR,42021219,210,0.07
2024,M,BR,42021990,5433,1.45
2024,M,BR,42022100,3971,0.15
2024,M,BR,42022210,1442,1.15
2024,M,BR,42022290,834,0.1
2024,M,BR,42022900,5335,2.65
2024,M,BR,42023210,30,0.01
2024,M,BR,42029211,785,0.32
2024,M,BR,42033000,32,0.01
2024,M,BR,44072995,40312,261.41
2024,M,BR,44083930,110662,3680.19
2024,M,BR,44092200,51162,521.58
2024,M,BR,44101210,77318,1521.02
2024,M,BR,44123190,25438,283.0
2024,M,BR,44123330,74402,819.77
2024,M,BR,44123900,1081520,15354.41
2024,M,BR,44151010,430,0.01
2024,M,BR,44152020,4517,0.89
2024,M,BR,44170000,2253,2.85
2024,M,BR,44191900,2947,3.26
2024,M,BR,44199000,12061,11.32
2024,M,BR,44201900,1442,0.14
2024,M,BR,44219999,186,2.67
2024,M,BR,46029000,1900,0.05
2024,M,BR,47032100,143834,1621.83
2024,M,BR,47032900,41084605,611449.67
2024,M,BR,48010000,457355,7061.08
2024,M,BR,48025525,44656,495.95
2024,M,BR,48025590,57138,649.1
2024,M,BR,48025620,1781897,20551.82
2024,M,BR,48025700,190368,2119.7
2024,M,BR,48030039,228054,1687.87
2024,M,BR,48030090,100,0.35
2024,M,BR,48041111,91878,1630.5
2024,M,BR,48041115,13170,241.66
2024,M,BR,48041119,17640,284.51
2024,M,BR,48041190,481791,9037.2
2024,M,BR,48041990,150859,2215.01
2024,M,BR,48042110,101177,1279.13
2024,M,BR,48043158,13858,254.28
2024,M,BR,48043180,85127,1214.87
2024,M,BR,48102980,218080,3414.15
2024,M,BR,48103100,23098,497.02
2024,M,BR,48109230,60099,728.47
2024,M,BR,48109290,21489,233.47
2024,M,BR,48115900,13462,12.18
2024,M,BR,48191000,1684,5.25
2024,M,BR,48192000,136,0.12
2024,M,BR,48194000,299,0.42
2024,M,BR,48196000,125,0.36
2024,M,BR,48202000,113,0.11
2024,M,BR,48209000,111,0.02
2024,M,BR,48219090,463,1.0
2024,M,BR,48237090,8606,1.04
2024,M,BR,48239085,33,0.02
2024,M,BR,49011000,760,1.51
2024,M,BR,49019900,70,0.06
2024,M,BR,49089000,30,0.04
2024,M,BR,49111010,72,0.06
2024,M,BR,49111090,941,1.35
2024,M,BR,49119900,112,0.46
2024,M,BR,52053100,25740,32.33
2024,M,BR,52071000,10367,4.56
2024,M,BR,52081900,138,0.02
2024,M,BR,52082216,21854,8.44
2024,M,BR,52083216,2927,0.91
2024,M,BR,52085200,4458,1.3
2024,M,BR,52094900,883,0.13
2024,M,BR,52095200,6491,1.68
2024,M,BR,52103100,1700,0.33
2024,M,BR,52114990,492,0.12
2024,M,BR,54041900,1311,1.0
2024,M,BR,54075200,151,0.01
2024,M,BR,55032000,18,0.03
2024,M,BR,55111000,308,0.33
2024,M,BR,55112000,2999,2.72
2024,M,BR,55161400,7303,1.25
2024,M,BR,56060099,3370,0.54
2024,M,BR,56072100,15466,77.52
2024,M,BR,56072900,5836,26.29
2024,M,BR,56075030,14496,0.11
2024,M,BR,57021000,7440,0.11
2024,M,BR,57029290,113,0.14
2024,M,BR,57050030,1182,0.63
2024,M,BR,59111000,13531,0.33
2024,M,BR,60041000,11169,4.27
2024,M,BR,60063200,5720,1.55
2024,M,BR,60063400,157,0.06
2024,M,BR,61022090,40,0.01
2024,M,BR,61032200,5747,1.93
2024,M,BR,61042200,5533,1.46
2024,M,BR,61044200,6246,1.68
2024,M,BR,61044300,3315,0.26
2024,M,BR,61044900,1945,0.21
2024,M,BR,61045900,357,0.01
2024,M,BR,61046200,439,0.1
2024,M,BR,61046300,263,0.02
2024,M,BR,61046900,341,0.12
2024,M,BR,61051000,53,0.01
2024,M,BR,61061000,2682,0.17
2024,M,BR,61069090,91,0.05
2024,M,BR,61072100,577,0.18
2024,M,BR,61083100,275,0.07
2024,M,BR,61083200,80,0.06
2024,M,BR,61091000,1324,0.35
2024,M,BR,61099090,216,0.03
2024,M,BR,61103099,139,0.01
2024,M,BR,61112090,3444,1.12
2024,M,BR,61113090,23521,7.39
2024,M,BR,61119090,116,0.08
2024,M,BR,61124110,38521,3.24
2024,M,BR,61124190,101842,13.81
2024,M,BR,61124990,13353,3.36
2024,M,BR,62024010,532,0.01
2024,M,BR,62024090,1009,0.04
2024,M,BR,62029000,833,0.01
2024,M,BR,62033100,579,0.01
2024,M,BR,62034390,2438,0.17
2024,M,BR,62042280,265,0.06
2024,M,BR,62044200,4697,0.1
2024,M,BR,62044300,175,0.01
2024,M,BR,62044400,44,0.01
2024,M,BR,62044990,473,0.06
2024,M,BR,62045100,997,0.01
2024,M,BR,62045200,37,0.01
2024,M,BR,62045990,516,0.01
2024,M,BR,62046231,37044,9.31
2024,M,BR,62046290,216,0.03
2024,M,BR,62046990,759,0.04
2024,M,BR,62063000,848,0.05
2024,M,BR,62064000,214,0.02
2024,M,BR,62069090,800,0.02
2024,M,BR,62092000,16,0.01
2024,M,BR,62171000,96,0.05
2024,M,BR,63023990,1287,0.05
2024,M,BR,63025390,3378,0.6
2024,M,BR,63026000,13827,10.89
2024,M,BR,63080000,254,0.14
2024,M,BR,63090000,2584,3.53
2024,M,BR,64022000,1337162,1191.13
2024,M,BR,64029190,1180,0.37
2024,M,BR,64029939,1700,0.7
2024,M,BR,64029991,2137,1.02
2024,M,BR,64029993,107,0.02
2024,M,BR,64029996,239,0.09
2024,M,BR,64029998,525153,209.05
2024,M,BR,64032000,1198,0.19
2024,M,BR,64035999,1027,0.28
2024,M,BR,64039196,36398,15.52
2024,M,BR,64039198,2373,1.27
2024,M,BR,64039905,147,0.01
2024,M,BR,64039911,6136,1.13
2024,M,BR,64039933,135,0.01
2024,M,BR,64039938,745,0.16
2024,M,BR,64039993,2090,0.36
2024,M,BR,64039996,101423,33.57
2024,M,BR,64039998,533169,116.12
2024,M,BR,64041100,63,0.02
2024,M,BR,64041990,420476,185.92
2024,M,BR,64059010,9037,1.41
2024,M,BR,64059090,35,0.01
2024,M,BR,65050030,305,0.01
2024,M,BR,65050090,38,0.02
2024,M,BR,65069990,83,0.01
2024,M,BR,68029100,23584,263.98
2024,M,BR,68029390,163726,1421.17
2024,M,BR,68029990,22808,166.59
2024,M,BR,68030090,14294,264.52
2024,M,BR,68061000,8924,4.32
2024,M,BR,68159900,24964,5.17
2024,M,BR,69031000,27208,32.83
2024,M,BR,69072100,333564,8778.53
2024,M,BR,69072200,1894,0.77
2024,M,BR,69120023,41457,81.71
2024,M,BR,69120089,300,0.27
2024,M,BR,69149000,25026,0.11
2024,M,BR,70072180,17682,7.07
2024,M,BR,70099200,2031,0.84
2024,M,BR,70133799,194574,1104.68
2024,M,BR,70139900,200,0.17
2024,M,BR,71039900,33933,24.94
2024,M,BR,71131900,66930,0.07
2024,M,BR,71159000,10970,0.01
2024,M,BR,71162080,45708,27.52
2024,M,BR,71171900,993,0.11
2024,M,BR,72173090,365319,680.51
2024,M,BR,73071910,16962,36.47
2024,M,BR,73071990,36909,107.64
2024,M,BR,73072980,77710,1.02
2024,M,BR,73181520,1836,0.16
2024,M,BR,73181699,105,0.15
2024,M,BR,73201090,30558,129.6
2024,M,BR,73239300,157,0.18
2024,M,BR,73251000,92820,516.5
2024,M,BR,73259990,2295,0.19
2024,M,BR,73269098,166879,614.5
2024,M,BR,74040099,967405,2084.6
2024,M,BR,74130000,316,0.01
2024,M,BR,76020019,6989162,36811.26
2024,M,BR,76061250,3883,3.3
2024,M,BR,76151080,24840,63.93
2024,M,BR,78019100,369827,2041.12
2024,M,BR,78019990,309607,1511.35
2024,M,BR,81041100,114081,200.02
2024,M,BR,82011000,4475,6.02
2024,M,BR,82013000,8045,26.97
2024,M,BR,82014000,5632,13.89
2024,M,BR,82019000,1781,5.24
2024,M,BR,82022000,16191,8.32
2024,M,BR,82029920,87,0.03
2024,M,BR,82031000,1825,0.97
2024,M,BR,82041100,5239,9.48
2024,M,BR,82055100,96,0.03
2024,M,BR,82055980,79,0.07
2024,M,BR,82073010,899,0.01
2024,M,BR,82075060,118,0.01
2024,M,BR,82075090,2391,0.12
2024,M,BR,82079091,86,0.05
2024,M,BR,82079099,1392,0.48
2024,M,BR,82089000,379,0.02
2024,M,BR,82119100,291671,191.48
2024,M,BR,82119200,336762,233.34
2024,M,BR,82121090,2390,0.68
2024,M,BR,82122000,320,0.05
2024,M,BR,82129000,1212,0.11
2024,M,BR,82130000,4538,1.95
2024,M,BR,82149000,4571,2.55
2024,M,BR,82159910,60192,35.58
2024,M,BR,83021000,6459,1.52
2024,M,BR,83023000,880,0.85
2024,M,BR,84099100,43,0.01
2024,M,BR,84099900,46410,30.95
2024,M,BR,84122180,7169,4.46
2024,M,BR,84133080,4728,0.99
2024,M,BR,84138100,14570,0.71
2024,M,BR,84138200,41785,46.09
2024,M,BR,84139100,26136,6.5
2024,M,BR,84143020,85089,155.28
2024,M,BR,84143081,1203,0.32
2024,M,BR,84145995,2525,0.71
2024,M,BR,84148011,15636,8.92
2024,M,BR,84148080,30426,16.98
2024,M,BR,84198998,13036,1.72
2024,M,BR,84213100,105,0.01
2024,M,BR,84219990,1596,0.01
2024,M,BR,84229090,31668,0.5
2024,M,BR,84244990,73323,8.22
2024,M,BR,84249080,7028,0.19
2024,M,BR,84291100,921352,616.78
2024,M,BR,84292000,1207504,610.2
2024,M,BR,84295199,3546914,2342.47
2024,M,BR,84314920,14822,18.0
2024,M,BR,84329000,96686,443.92
2024,M,BR,84332090,66251,58.97
2024,M,BR,84381010,3978,1.53
2024,M,BR,84382000,3940,0.69
2024,M,BR,84431600,360902,82.58
2024,M,BR,84523000,11769,1.68
2024,M,BR,84669360,196,0.01
2024,M,BR,84681000,4573,0.24
2024,M,BR,84717020,46,0.01
2024,M,BR,84718000,245,0.05
2024,M,BR,84799070,3074,111.95
2024,M,BR,84818059,3491,0.09
2024,M,BR,84818099,388,0.04
2024,M,BR,84819000,200,0.01
2024,M,BR,84831021,2979,7.3
2024,M,BR,84833080,445,0.56
2024,M,BR,84841000,261,0.07
2024,M,BR,84879040,188,0.5
2024,M,BR,85011091,2628,0.53
2024,M,BR,85015230,396825,756.39
2024,M,BR,85015381,81752,118.88
2024,M,BR,85015399,993849,544.28
2024,M,BR,85030099,25485,41.45
2024,M,BR,85043200,231,0.04
2024,M,BR,85119000,61305,40.52
2024,M,BR,85153100,4080,13.0
2024,M,BR,85163200,8655,2.21
2024,M,BR,85176200,305,0.14
2024,M,BR,85176990,500,0.25
2024,M,BR,85184000,85215,16.7
2024,M,BR,85185000,14635,2.1
2024,M,BR,85189000,1313,0.02
2024,M,BR,85235190,176,0.11
2024,M,BR,85235200,105489,0.18
2024,M,BR,85238090,102,0.05
2024,M,BR,85258900,150,0.04
2024,M,BR,85269180,620,0.01
2024,M,BR,85312020,100,0.02
2024,M,BR,85322200,1002,0.01
2024,M,BR,85332100,456,0.01
2024,M,BR,85354000,122123,65.01
2024,M,BR,85364190,83463,65.71
2024,M,BR,85365019,213,0.01
2024,M,BR,85365080,65,0.01
2024,M,BR,85369095,90698,41.29
2024,M,BR,85389019,51,0.01
2024,M,BR,85389091,249,0.01
2024,M,BR,85389099,29003,3.42
2024,M,BR,85414300,708,1.29
2024,M,BR,85437090,3175,0.45
2024,M,BR,85444993,3102,0.45
2024,M,BR,85447000,1171,0.33
2024,M,BR,85462000,3568,1.47
2024,M,BR,87079090,17311,12.61
2024,M,BR,87082990,7002,3.99
2024,M,BR,87083099,3001,5.63
2024,M,BR,87084099,4140,0.64
2024,M,BR,87085099,33444,47.81
2024,M,BR,87087099,15838,38.76
2024,M,BR,87088099,867,0.33
2024,M,BR,87089135,590,0.84
2024,M,BR,87089993,10765,4.62
2024,M,BR,87089997,68892,49.89
2024,M,BR,89032100,10944,2.7
2024,M,BR,90031100,2767,0.04
2024,M,BR,90041099,3570,0.04
2024,M,BR,90131010,15288,0.04
2024,M,BR,90148000,819,0.36
2024,M,BR,90149000,1994,2.03
2024,M,BR,90179000,218,0.1
2024,M,BR,90181990,2873,0.08
2024,M,BR,90183900,50515,1.84
2024,M,BR,90184100,5024,0.14
2024,M,BR,90184910,374,0.01
2024,M,BR,90184990,11921,0.99
2024,M,BR,90189084,8369,0.21
2024,M,BR,90192090,5399,0.22
2024,M,BR,90211010,234,0.01
2024,M,BR,90212900,78199,2.07
2024,M,BR,90213990,156440,0.41
2024,M,BR,90219090,43575,0.71
2024,M,BR,90230080,6142,0.13
2024,M,BR,90261029,1355,0.25
2024,M,BR,90262020,14456,1.0
2024,M,BR,90262080,7792,2.67
2024,M,BR,90268020,150,0.01
2024,M,BR,90269000,996,0.26
2024,M,BR,90271010,2212,0.01
2024,M,BR,90279000,455,0.04
2024,M,BR,90281000,100,0.04
2024,M,BR,90301000,517,0.01
2024,M,BR,90318080,1290,0.05
2024,M,BR,90319000,310,0.01
2024,M,BR,90328900,13262,0.79
2024,M,BR,90330090,6382,0.71
2024,M,BR,92060000,1485,0.4
2024,M,BR,92093000,6187,0.4
2024,M,BR,92099400,167,0.01
2024,M,BR,94016100,97808,46.31
2024,M,BR,94016900,41313,8.66
2024,M,BR,94017100,38222,23.05
2024,M,BR,94019190,7894,6.05
2024,M,BR,94019980,401,0.03
2024,M,BR,94021000,24629,11.96
2024,M,BR,94029000,3473,0.56
2024,M,BR,94032080,16860,60.96
2024,M,BR,94033099,6696,3.52
2024,M,BR,94036010,64111,47.06
2024,M,BR,94036090,44307,49.19
2024,M,BR,94039990,1281,0.05
2024,M,BR,94042990,2341,3.42
2024,M,BR,94049090,357,0.02
2024,M,BR,94051190,4760,0.02
2024,M,BR,94052940,2008,0.14
2024,M,BR,95062900,50,0.02
2024,M,BR,95069190,2535,0.32
2024,M,BR,96020000,9303,3.77
2024,M,BR,96039091,27,0.01
2024,M,BR,96039099,3761,11.53
2024,M,BR,96081010,30,0.02
2024,M,BR,96086000,588,0.08
2024,M,BR,96089900,19,0.01
2024,M,BR,96151900,3187,0.4
2024,M,BR,96170000,8095,11.24
2024,M,BR,97012900,3471,0.01
2024,M,BR,97019100,2787,0.16
2024,M,PY,12024200,122137,787.5
2024,M,PY,12074090,506549,2080.02
2024,M,PY,12079996,496490,2235.0
2024,M,PY,12119086,1897,0.01
2024,M,PY,23040000,4021233,86382.5
2024,M,PY,38229000,375,0.06
2024,M,PY,44029000,1654951,29344.25
2024,M,PY,44123330,171508,1503.9
2024,M,PY,76020019,1241807,6450.4
2024,M,UY,02013000,1465,0.19
2024,M,UY,03036612,317866,1214.94
2024,M,UY,03074392,564692,1529.62
2024,M,UY,08055010,53268,733.14
2024,M,UY,10063027,124879,1540.0
2024,M,UY,15050090,52000,52.0
2024,M,UY,22042195,4085,4.5
2024,M,UY,22042196,14362,13.46
2024,M,UY,23012000,58520,220.0
2024,M,UY,38122090,21,0.01
2024,M,UY,38130000,380,0.09
2024,M,UY,44029000,24428,400.0
2024,M,UY,44039800,57827,479.31
2024,M,UY,44079990,181609,1500.93
2024,M,UY,44123330,54821,766.16
2024,M,UY,63079098,389,0.27
2024,M,UY,76020019,197586,1079.3
2024,M,UY,84099900,6799,22.44
2024,M,UY,84733080,291,0.06
2024,M,UY,84836080,1378,1.6
2024,M,UY,85219000,228,0.2
2024,M,UY,85235190,2836,0.01
2024,M,UY,85429000,509,0.38
2024,M,UY,90141000,2028,0.29
2024,M,UY,90229020,7931,0.6
2024,M,UY,97019100,4104,0.2
2024,M,UY,97039000,3304,0.8
2014,X,AR,03036612,66145,269.04
2014,X,AR,14019000,85600,348.27
2014,X,AR,20071010,271612,2955.47
2014,X,AR,20087061,328883,3750.03
2014,X,AR,20087079,121934,1380.06
2014,X,AR,21050010,50,0.5
2014,X,AR,21050099,10,0.09
2014,X,AR,24022090,54,0.06
2014,X,AR,25030010,927421,87998.93
2014,X,AR,25199030,91354,1440.0
2014,X,AR,25231000,1259274,385000.0
2014,X,AR,30064000,19950,0.8
2014,X,AR,34022090,217253,487.97
2014,X,AR,34070000,3040,9.0
2014,X,AR,39232100,10,7.9
2014,X,AR,39269097,16650,0.65
2014,X,AR,40101100,89037,203.22
2014,X,AR,40101200,27210,92.6
2014,X,AR,49011000,321,0.02
2014,X,AR,49019900,37714,53.84
2014,X,AR,49059900,47753,3.44
2014,X,AR,49111090,7,0.17
2014,X,AR,49119900,200,2.3
2014,X,AR,56074919,35850,51.37
2014,X,AR,57031000,22900,30.59
2014,X,AR,63090000,2,11.55
2014,X,AR,68022100,109428,1985.91
2014,X,AR,68029100,116928,1850.78
2014,X,AR,73201090,1694,0.01
2014,X,AR,76061193,11369,48.86
2014,X,AR,76061293,470259,1621.77
2014,X,AR,76069100,604765,2939.68
2014,X,AR,83099090,464325,2172.9
2014,X,AR,84099900,160920,62.56
2014,X,AR,84191900,28071,88.65
2014,X,AR,84199085,8396,21.31
2014,X,AR,84239000,6087,0.08
2014,X,AR,84248110,444463,1490.28
2014,X,AR,84249000,10451,12.38
2014,X,AR,84514000,14850,90.0
2014,X,AR,84651090,8628,6.6
2014,X,AR,84669400,70,0.01
2014,X,AR,84733080,108,0.2
2014,X,AR,85291031,1000,0.04
2014,X,AR,85389099,2780,0.09
2014,X,AR,89079000,24320,20.8
2014,X,AR,90268080,4762,0.02
2014,X,AR,90278011,925,0.15
2014,X,BO,20071010,104947,1105.85
2014,X,BO,20087061,127677,1322.0
2014,X,BO,20087071,1407178,13774.59
2014,X,BO,20087079,384466,4361.04
2014,X,BO,20087092,245374,2217.37
2014,X,BO,20089774,48783,367.2
2014,X,BO,25081000,260,2.8
2014,X,BO,38089110,13176,18.0
2014,X,BO,38119000,1267,0.26
2014,X,BO,39232100,1382,2.74
2014,X,BO,39235010,22998,17.55
2014,X,BO,48119000,12081,12.88
2014,X,BO,49011000,760,1.0
2014,X,BO,49019900,39,0.07
2014,X,BO,84191900,21322,57.85
2014,X,BO,84401030,4500,80.0
2014,X,BO,84431310,23000,200.0
2014,X,BO,87089997,4415,365.0
2014,X,BR,08062010,18150,100.0
2014,X,BR,11010015,11960,230.0
2014,X,BR,12074090,2004,2.14
2014,X,BR,13021970,700,0.3
2014,X,BR,15091090,1818110,4012.79
2014,X,BR,15159060,5436,11.0
2014,X,BR,19021910,5054,84.24
2014,X,BR,19053299,23694,37.76
2014,X,BR,19059090,7037,16.87
2014,X,BR,20019065,143302,575.64
2014,X,BR,20019070,5233,6.83
2014,X,BR,20051000,18956,33.79
2014,X,BR,20057000,305155,883.17
2014,X,BR,20071010,646746,6500.97
2014,X,BR,20079110,5080,17.76
2014,X,BR,20079130,4248,19.04
2014,X,BR,20079931,6129,22.64
2014,X,BR,20079933,24090,90.35
2014,X,BR,20079939,617764,5933.97
2014,X,BR,20079950,581905,6577.35
2014,X,BR,20079997,6411,14.94
2014,X,BR,20087061,8144,93.49
2014,X,BR,20087071,21839,230.52
2014,X,BR,20087079,251877,2821.26
2014,X,BR,20089774,14539,113.09
2014,X,BR,21033090,14733,51.15
2014,X,BR,21039090,41411,47.12
2014,X,BR,21069098,7422,18.28
2014,X,BR,22030001,16100,138.59
2014,X,BR,22042138,16286,22.79
2014,X,BR,22042178,27026,71.67
2014,X,BR,22042179,10030,31.53
2014,X,BR,22042180,29546,69.4
2014,X,BR,22042183,8283,44.15
2014,X,BR,22042184,1295,7.75
2014,X,BR,22042188,766,1.8
2014,X,BR,22042190,1560,5.18
2014,X,BR,22089041,4557,23.1
2014,X,BR,22090011,8587,22.04
2014,X,BR,24022090,872,0.19
2014,X,BR,24031910,261,0.06
2014,X,BR,25151200,19246,747.0
2014,X,BR,25199030,1055718,18720.0
2014,X,BR,25231000,6325271,2066690.0
2014,X,BR,27101999,1435,1.58
2014,X,BR,27111397,77303,348.38
2014,X,BR,28112200,1394,0.32
2014,X,BR,29054500,2465,10.0
2014,X,BR,29159070,746,1.75
2014,X,BR,29224985,688,2.5
2014,X,BR,29280090,179,0.05
2014,X,BR,30042000,127,0.05
2014,X,BR,32030090,51475,16.0
2014,X,BR,32041700,51625,215.72
2014,X,BR,32041900,362878,2234.9
2014,X,BR,32064970,3496,5.0
2014,X,BR,32081090,52897,225.83
2014,X,BR,32089091,195157,703.58
2014,X,BR,32089099,84242,225.24
2014,X,BR,32099000,38884,154.43
2014,X,BR,32141090,1166,1.44
2014,X,BR,32149000,22398,281.2
2014,X,BR,32159000,1712,0.14
2014,X,BR,33030010,1298,3.2
2014,X,BR,33041000,11137,3.48
2014,X,BR,33049900,989765,392.27
2014,X,BR,34021190,1350,10.5
2014,X,BR,34021900,2836,8.4
2014,X,BR,34070000,16150,17.4
2014,X,BR,35069100,2090,0.23
2014,X,BR,38249015,34716,2210.0
2014,X,BR,38249058,4217434,917.08
2014,X,BR,38249097,2519,240.0
2014,X,BR,39021000,1083024,6063.75
2014,X,BR,39031900,27782,111.0
2014,X,BR,39032000,122220,414.75
2014,X,BR,39039090,132430,514.25
2014,X,BR,39072011,51352,34.05
2014,X,BR,39072099,49984,229.25
2014,X,BR,39073000,333,0.12
2014,X,BR,39094000,1000,2.0
2014,X,BR,39202021,50811,67.39
2014,X,BR,39203000,35118,46.37
2014,X,BR,39204910,7066,10.15
2014,X,BR,39206219,122041,554.39
2014,X,BR,39206290,139831,607.9
2014,X,BR,39206900,31802,144.62
2014,X,BR,39209990,113201,135.46
2014,X,BR,39219090,81880,252.16
2014,X,BR,39231000,109575,500.24
2014,X,BR,39232100,1854,10.57
2014,X,BR,39264000,14500,0.6
2014,X,BR,39269097,3933,2.03
2014,X,BR,40101100,78509,207.62
2014,X,BR,42022100,10281,0.36
2014,X,BR,42022210,2237,0.13
2014,X,BR,42022290,3330,0.11
2014,X,BR,42023100,585,0.05
2014,X,BR,42023210,268,0.03
2014,X,BR,42029219,605,0.16
2014,X,BR,42033000,472,0.02
2014,X,BR,43031090,760,0.01
2014,X,BR,48183000,182824,449.07
2014,X,BR,48191000,1,0.3
2014,X,BR,48201050,341,0.02
2014,X,BR,49011000,1182,0.37
2014,X,BR,49019900,147562,163.77
2014,X,BR,49059900,130049,22.3
2014,X,BR,49119900,100,7.41
2014,X,BR,52105900,29959,12.06
2014,X,BR,54076130,4045,1.47
2014,X,BR,54076150,8776,5.48
2014,X,BR,56031390,6000,5.4
2014,X,BR,56074919,100514,207.07
2014,X,BR,56075019,20463,38.5
2014,X,BR,60029000,79689,123.07
2014,X,BR,60063290,2432,1.15
2014,X,BR,60069000,51482,32.44
2014,X,BR,61021090,167,0.01
2014,X,BR,61022090,1411,0.07
2014,X,BR,61044200,816,0.01
2014,X,BR,61045900,393,0.01
2014,X,BR,61091000,131,0.04
2014,X,BR,61101190,1248,0.03
2014,X,BR,61102099,252,0.01
2014,X,BR,61159500,244,0.01
2014,X,BR,62021100,2204,0.05
2014,X,BR,62033100,1037,0.02
2014,X,BR,62034211,1194,0.67
2014,X,BR,62034235,205,0.01
2014,X,BR,62043100,1284,0.02
2014,X,BR,62043390,553,0.01
2014,X,BR,62044100,1225,0.02
2014,X,BR,62044200,772,0.01
2014,X,BR,62044300,4944,0.07
2014,X,BR,62044400,1484,0.02
2014,X,BR,62044910,730,0.02
2014,X,BR,62044990,931,0.01
2014,X,BR,62045200,470,0.02
2014,X,BR,62046239,159,0.01
2014,X,BR,62046251,4632,1.3
2014,X,BR,62046918,268,0.01
2014,X,BR,62046990,753,0.05
2014,X,BR,62052000,171,0.01
2014,X,BR,62061000,374,0.01
2014,X,BR,62063000,1181,0.06
2014,X,BR,62113210,8460,3.68
2014,X,BR,62114231,7444,7.0
2014,X,BR,62142000,959,0.03
2014,X,BR,64021900,229,0.02
2014,X,BR,64029998,813,0.07
2014,X,BR,64035119,508,0.02
2014,X,BR,64039938,3226,0.6
2014,X,BR,64039998,8850,0.43
2014,X,BR,64041990,468,0.04
2014,X,BR,64052099,93,0.02
2014,X,BR,64059010,501,0.04
2014,X,BR,68022100,5058705,76921.87
2014,X,BR,68029100,463441,9893.37
2014,X,BR,68109100,53669,1364.8
2014,X,BR,68109900,243523,6774.23
2014,X,BR,69131000,284,0.01
2014,X,BR,69139098,29050,52.62
2014,X,BR,70193900,9,0.07
2014,X,BR,70195900,14373,24.64
2014,X,BR,70200080,6439,53.5
2014,X,BR,71131100,18255,0.22
2014,X,BR,71179000,803,0.05
2014,X,BR,72109030,489006,2918.9
2014,X,BR,73101000,3855,38.11
2014,X,BR,73121083,3726,9.77
2014,X,BR,73121085,70520,360.92
2014,X,BR,73151190,7325,16.28
2014,X,BR,73151200,10600,28.52
2014,X,BR,73181499,8,0.12
2014,X,BR,73181559,21779,28.41
2014,X,BR,73241000,45798,40.65
2014,X,BR,74040099,549259,1121.15
2014,X,BR,76061293,232920,847.21
2014,X,BR,76061299,918312,3165.44
2014,X,BR,76071190,369269,1007.32
2014,X,BR,76101000,74367,218.97
2014,X,BR,81029500,1796,0.09
2014,X,BR,82122000,1134813,619.05
2014,X,BR,82129000,1062992,566.46
2014,X,BR,82159990,8,0.56
2014,X,BR,83024900,4349,1.59
2014,X,BR,84099100,6800,1.6
2014,X,BR,84099900,891059,337.99
2014,X,BR,84137035,66599,7.3
2014,X,BR,84138200,25360,2.44
2014,X,BR,84191900,23210,15.88
2014,X,BR,84193100,15849,12.6
2014,X,BR,84212900,35582,3.65
2014,X,BR,84219100,13705,0.3
2014,X,BR,84219900,1845,0.3
2014,X,BR,84229090,187719,4.35
2014,X,BR,84248110,513393,1611.19
2014,X,BR,84248900,6289,8.17
2014,X,BR,84249000,415,0.18
2014,X,BR,84312000,5000,6.27
2014,X,BR,84335985,592,0.12
2014,X,BR,84349000,3506,4.83
2014,X,BR,84381010,248000,79.08
2014,X,BR,84431390,85000,669.0
2014,X,BR,84433210,36239,5.25
2014,X,BR,84439990,3152,0.18
2014,X,BR,84451100,25003,22.15
2014,X,BR,84483900,1783,0.52
2014,X,BR,84562000,34252,4.7
2014,X,BR,84633000,1068000,660.4
2014,X,BR,84714900,2280,0.09
2014,X,BR,84733080,5159,0.45
2014,X,BR,84779080,11908,3.15
2014,X,BR,84798100,439003,51.3
2014,X,BR,84798997,851553,55.44
2014,X,BR,84799080,12007,1.34
2014,X,BR,84821090,8090,2.35
2014,X,BR,85012000,490,2.1
2014,X,BR,85015230,830,2.45
2014,X,BR,85044030,296,0.01
2014,X,BR,85078000,1040,0.01
2014,X,BR,85171200,496,0.01
2014,X,BR,85177090,78497,5.75
2014,X,BR,85234939,252,0.01
2014,X,BR,85234999,46,0.02
2014,X,BR,85269180,7310,1.04
2014,X,BR,85291031,2800,0.09
2014,X,BR,85361090,292141,445.04
2014,X,BR,85369010,468795,320.91
2014,X,BR,85389099,1201413,1522.76
2014,X,BR,87089993,27247,2.86
2014,X,BR,87149990,1158,0.07
2014,X,BR,90041099,394,0.02
2014,X,BR,90049010,394,0.02
2014,X,BR,90141000,1474,0.04
2014,X,BR,90148000,592,0.08
2014,X,BR,90149000,15620,0.21
2014,X,BR,90173000,150,0.01
2014,X,BR,90282000,289,0.1
2014,X,BR,90329000,3628,0.07
2014,X,BR,90330000,14340,1.32
2014,X,BR,91021100,19730,0.54
2014,X,BR,91022100,10358,0.26
2014,X,BR,92099970,1094,0.05
2014,X,BR,93040000,1033,1.09
2014,X,BR,94019010,825,0.35
2014,X,BR,94039010,13542,5.3
2014,X,BR,94054095,1586,0.19
2014,X,BR,94054099,38351,8.37
2014,X,BR,94059900,435,0.05
2014,X,BR,96110000,979,1.35
2014,X,BR,97020000,5000,0.24
2014,X,PY,20071010,494860,3192.12
2014,X,PY,20087061,68071,922.08
2014,X,PY,20087071,1120566,13831.2
2014,X,PY,20087079,1919072,21596.18
2014,X,PY,24011060,175076,444.61
2014,X,PY,24012035,1991021,4959.69
2014,X,PY,24013000,215160,5760.0
2014,X,PY,25081000,690,6.0
2014,X,PY,25199030,13464,240.0
2014,X,PY,39232100,8,6.41
2014,X,PY,49019900,707,0.72
2014,X,PY,56081930,5557,11.06
2014,X,PY,73089098,3971,23.2
2014,X,PY,76071910,67300,134.57
2014,X,PY,76071990,133369,274.17
2014,X,PY,84185019,118128,101.76
2014,X,PY,84248110,64452,204.18
2014,X,PY,84562000,2600,0.45
2014,X,PY,90158091,992,0.03
2014,X,PY,90282000,820411,296.37
2014,X,PY,90330000,1446,1.0
2014,X,UY,15091090,1279,2.2
2014,X,UY,18069060,624,1.92
2014,X,UY,19053299,125927,300.68
2014,X,UY,19059020,17306,84.24
2014,X,UY,20057000,4476,11.77
2014,X,UY,20059980,674,1.04
2014,X,UY,20087061,21503,230.01
2014,X,UY,20087071,29217,367.2
2014,X,UY,20087079,595383,7411.32
2014,X,UY,24011035,172341,574.47
2014,X,UY,24011060,1350736,4341.28
2014,X,UY,24011085,1010297,3679.22
2014,X,UY,25030010,838495,77773.11
2014,X,UY,25081000,740,8.4
2014,X,UY,25231000,1836611,601060.0
2014,X,UY,32081090,13520,48.31
2014,X,UY,32149000,27828,116.1
2014,X,UY,34021900,15732,114.42
2014,X,UY,34022090,9732,22.06
2014,X,UY,38119000,22251,6.39
2014,X,UY,39251000,42000,190.76
2014,X,UY,40169997,348,0.19
2014,X,UY,42023210,144,0.17
2014,X,UY,48239085,14850,25.85
2014,X,UY,49019900,25562,20.81
2014,X,UY,49059900,12998,1.33
2014,X,UY,56012900,10002,24.19
2014,X,UY,56079090,5038,16.0
2014,X,UY,56081930,43823,159.51
2014,X,UY,60029000,37402,56.86
2014,X,UY,68022100,48230,696.01
2014,X,UY,71131100,3669,0.02
2014,X,UY,82059090,3109,2.55
2014,X,UY,84099900,126821,149.78
2014,X,UY,84248110,192246,866.44
2014,X,UY,84342000,38623,33.67
2014,X,UY,85072020,862207,2755.52
2014,X,UY,85072080,7265,22.96
2014,X,UY,85079080,19792,66.59
2014,X,UY,85177090,91615,7.23
2014,X,UY,85291031,8673,1.04
2014,X,UY,89019010,2900000,0
2014,X,UY,90011090,680,0.4
2014,X,UY,90031100,1010,0.1
2014,X,UY,90041099,2078,0.17
2014,X,UY,90329000,801,0.01
2014,X,UY,97030000,3500,0.17
2015,X,AR,14019000,13424,326.22
2015,X,AR,22042180,49,0.07
2015,X,AR,22083071,38,0.02
2015,X,AR,22085011,17,0.02
2015,X,AR,24011060,1656786,3255.0
2015,X,AR,24022090,185,0.03
2015,X,AR,25199030,17797,240.0
2015,X,AR,25231000,2401156,687990.0
2015,X,AR,29011000,571,0.56
2015,X,AR,30064000,19070,0.85
2015,X,AR,34022090,275541,615.16
2015,X,AR,39191012,8546,16.57
2015,X,AR,39191080,9678,38.86
2015,X,AR,39199000,21444,51.86
2015,X,AR,39201089,52677,218.66
2015,X,AR,39241000,4531,8.16
2015,X,AR,40069000,1160,0.59
2015,X,AR,40101100,28826,66.04
2015,X,AR,40101200,92163,242.18
2015,X,AR,40161000,14655,18.6
2015,X,AR,49019900,194564,196.96
2015,X,AR,49059900,133871,12.98
2015,X,AR,56074919,26990,77.97
2015,X,AR,57031000,25756,30.59
2015,X,AR,60063290,5483,3.36
2015,X,AR,62113210,674,0.33
2015,X,AR,63090000,60,14.0
2015,X,AR,68022100,256426,3394.41
2015,X,AR,68029100,59513,962.39
2015,X,AR,68109100,238228,5087.17
2015,X,AR,68138900,2049,0.4
2015,X,AR,69139098,650,0.06
2015,X,AR,76061293,463828,1369.89
2015,X,AR,76061299,74462,220.57
2015,X,AR,82055980,996,0.44
2015,X,AR,83099090,233379,918.76
2015,X,AR,84099900,222413,80.97
2015,X,AR,84191900,27420,119.92
2015,X,AR,84248110,603395,1851.9
2015,X,AR,84249000,11264,14.86
2015,X,AR,84439910,360,0.01
2015,X,AR,84669400,14594,0.33
2015,X,AR,85176200,2230,0.09
2015,X,AR,85256000,2275,0.2
2015,X,AR,85291031,8401,0.24
2015,X,AR,85334090,1341,0.14
2015,X,AR,85363090,543,0.04
2015,X,AR,85389091,1280,0.01
2015,X,AR,85389099,1098,0.7
2015,X,AR,90031900,2650,0.09
2015,X,AR,90148000,3908,0.1
2015,X,AR,90200000,3648,0.28
2015,X,AR,90269000,905,0.01
2015,X,AR,90282000,811400,280.0
2015,X,AR,90329000,5828,0.58
2015,X,AR,90330000,1395,0.08
2015,X,BO,20071010,317570,3310.23
2015,X,BO,20087061,21050,187.0
2015,X,BO,20087071,535784,4773.6
2015,X,BO,20087079,117044,1147.5
2015,X,BO,20089774,26085,183.6
2015,X,BO,27101947,27596,500.0
2015,X,BO,27101968,27307,1000.0
2015,X,BO,30049000,435,0.09
2015,X,BO,34070000,7895,15.73
2015,X,BO,38220000,2477,0.58
2015,X,BO,39232100,1382,2.74
2015,X,BO,39235010,5362,3.6
2015,X,BO,49019900,9356,7.0
2015,X,BO,62034211,868,0.22
2015,X,BO,71131100,1000,0.01
2015,X,BO,73101000,17559,171.48
2015,X,BO,84099900,5544,1.34
2015,X,BO,84191900,17527,50.23
2015,X,BO,84381010,5000,25.0
2015,X,BO,85334090,380,0.4
2015,X,BO,87042299,30000,700.0
2015,X,BO,87089993,500,6.0
2015,X,BO,87089997,19610,445.0
2015,X,BR,05119939,430,0.01
2015,X,BR,11010015,11960,230.0
2015,X,BR,13021970,3300,1.4
2015,X,BR,15091090,1540558,3007.66
2015,X,BR,15099000,3150,5.0
2015,X,BR,15121910,2745,8.5
2015,X,BR,15152990,2520,7.2
2015,X,BR,15159060,14867,39.1
2015,X,BR,15162095,3450,7.5
2015,X,BR,17029095,5060,7.0
2015,X,BR,20019065,3602,12.88
2015,X,BR,20055900,16006,56.16
2015,X,BR,20057000,471853,1827.29
2015,X,BR,20079939,7147,24.86
2015,X,BR,20079950,115547,1316.25
2015,X,BR,20079997,5940,30.5
2015,X,BR,20087071,60488,653.9
2015,X,BR,20087079,23357,243.15
2015,X,BR,21039090,13342,14.01
2015,X,BR,21069098,25925,50.38
2015,X,BR,22030001,12125,114.52
2015,X,BR,22030009,15,0.08
2015,X,BR,22041011,150,0.05
2015,X,BR,22041098,528,2.45
2015,X,BR,22042138,9036,15.25
2015,X,BR,22042178,4496,15.89
2015,X,BR,22042179,20927,40.72
2015,X,BR,22042180,34051,47.2
2015,X,BR,22042183,52945,169.26
2015,X,BR,22042184,57490,196.94
2015,X,BR,22082029,282,0.29
2015,X,BR,22083071,38,0.02
2015,X,BR,24022090,272,0.04
2015,X,BR,25030010,725244,63994.19
2015,X,BR,25151200,3951,230.0
2015,X,BR,25171010,802004,609984.9
2015,X,BR,25199030,1096732,19080.0
2015,X,BR,25231000,1653862,494940.0
2015,X,BR,27101999,4305,4.68
2015,X,BR,27111397,17854,87.55
2015,X,BR,27112900,95,0.05
2015,X,BR,28365000,23889,1350.0
2015,X,BR,29053920,1500,3.0
2015,X,BR,29054900,2700,2.2
2015,X,BR,29061900,3075,0.2
2015,X,BR,29362400,27454,67.65
2015,X,BR,30049000,26421,0.85
2015,X,BR,30064000,16500,16.51
2015,X,BR,32041700,189768,353.75
2015,X,BR,32041900,486656,2875.36
2015,X,BR,32064970,1712,3.0
2015,X,BR,32089099,40164,96.5
2015,X,BR,32091000,203,1.11
2015,X,BR,32099000,28864,156.39
2015,X,BR,32141010,18,0.8
2015,X,BR,32149000,29772,366.5
2015,X,BR,32151900,37489,6.0
2015,X,BR,32159000,68,0.03
2015,X,BR,33029090,13751,4.6
2015,X,BR,33049900,9480,3.61
2015,X,BR,34012090,13844,117.28
2015,X,BR,34021190,56684,455.4
2015,X,BR,34021900,1428,4.2
2015,X,BR,34029010,770,1.4
2015,X,BR,34070000,37720,47.2
2015,X,BR,35069100,3887,1.11
2015,X,BR,38119000,5543,3.0
2015,X,BR,38220000,3630,0.14
2015,X,BR,38245090,37,0.2
2015,X,BR,38249015,64203,3780.0
2015,X,BR,38249096,2347,240.0
2015,X,BR,39021000,906300,5661.95
2015,X,BR,39032000,246699,823.75
2015,X,BR,39033000,4086,16.0
2015,X,BR,39039090,355215,1099.5
2015,X,BR,39072011,22254,10.6
2015,X,BR,39072099,145329,157.7
2015,X,BR,39203000,71515,69.89
2015,X,BR,39204910,11551,11.73
2015,X,BR,39206290,166173,645.16
2015,X,BR,39209990,502716,1391.06
2015,X,BR,39233010,6104,10.0
2015,X,BR,39235010,75984,134.04
2015,X,BR,39241000,1958,2.21
2015,X,BR,39269097,6449,47.72
2015,X,BR,40082900,1464,0.75
2015,X,BR,40101200,765288,2851.74
2015,X,BR,42022100,11010,0.18
2015,X,BR,42022210,2243,0.07
2015,X,BR,42022290,108,0.01
2015,X,BR,42022900,760,0.02
2015,X,BR,42023100,134,0.01
2015,X,BR,42029219,309,0.11
2015,X,BR,42032990,134,0.06
2015,X,BR,42033000,1156,0.04
2015,X,BR,42050090,203,0.02
2015,X,BR,44152090,200,4.2
2015,X,BR,48183000,50982,68.69
2015,X,BR,48211090,176,0.55
2015,X,BR,49019900,116298,135.73
2015,X,BR,49059900,213625,43.93
2015,X,BR,49060000,27,0.09
2015,X,BR,49111010,751,3.0
2015,X,BR,49111090,2596,0.56
2015,X,BR,49119900,51,0.09
2015,X,BR,54076130,16993,5.33
2015,X,BR,54076150,1807,0.47
2015,X,BR,54078200,2613,0.95
2015,X,BR,55151290,5885,2.38
2015,X,BR,55161200,9748,3.84
2015,X,BR,56031290,2000,1.66
2015,X,BR,56031390,63571,998.26
2015,X,BR,56074919,60739,187.91
2015,X,BR,56075019,17563,34.08
2015,X,BR,57033088,9360,5.0
2015,X,BR,58013300,14337,3.5
2015,X,BR,58109210,5910,2.63
2015,X,BR,60029000,35934,58.11
2015,X,BR,60053390,4048,1.8
2015,X,BR,60063290,32414,11.51
2015,X,BR,61034200,2681,9.03
2015,X,BR,61044200,1426,0.03
2015,X,BR,61044300,841,0.01
2015,X,BR,61044400,1296,0.02
2015,X,BR,61045900,2194,0.03
2015,X,BR,61061000,261,0.01
2015,X,BR,61062000,400,0.02
2015,X,BR,61069030,394,0.01
2015,X,BR,61091000,1028,0.07
2015,X,BR,61099090,459,0.01
2015,X,BR,61101290,805,0.01
2015,X,BR,61102099,427,0.01
2015,X,BR,62033210,256,0.12
2015,X,BR,62033290,6139,0.11
2015,X,BR,62034211,1865,0.81
2015,X,BR,62034235,170,0.01
2015,X,BR,62034290,813,0.02
2015,X,BR,62043290,1427,0.01
2015,X,BR,62044200,2644,0.02
2015,X,BR,62044300,4614,0.07
2015,X,BR,62044400,2818,0.03
2015,X,BR,62044910,807,0.01
2015,X,BR,62045200,2768,0.06
2015,X,BR,62045990,1463,0.02
2015,X,BR,62046390,858,0.01
2015,X,BR,62052000,313,0.01
2015,X,BR,62061000,873,0.02
2015,X,BR,62063000,447,0.01
2015,X,BR,62064000,853,0.02
2015,X,BR,62113210,14519,4.44
2015,X,BR,62113310,1456,0.53
2015,X,BR,62142000,1158,0.02
2015,X,BR,63071030,163,0.07
2015,X,BR,64029996,437,0.2
2015,X,BR,64029998,941,0.05
2015,X,BR,64031900,578,0.02
2015,X,BR,64035999,4994,0.14
2015,X,BR,64039198,1800,0.06
2015,X,BR,64039938,1752,0.08
2015,X,BR,64039998,4391,0.18
2015,X,BR,64041100,1528,0.07
2015,X,BR,64041990,236,0.02
2015,X,BR,64059010,1000,0.39
2015,X,BR,68022100,4026093,66560.01
2015,X,BR,68022300,3379,90.24
2015,X,BR,68029100,387981,10555.0
2015,X,BR,68109100,387583,9836.67
2015,X,BR,70072180,140,0.17
2015,X,BR,70080089,7000,16.77
2015,X,BR,70195100,8159,9.14
2015,X,BR,70195900,5330,12.8
2015,X,BR,71131100,1648,0.01
2015,X,BR,71131900,25680,0.01
2015,X,BR,71171900,745,0.04
2015,X,BR,71179000,122,0.02
2015,X,BR,72124080,380011,1405.79
2015,X,BR,73089051,4968576,15630.4
2015,X,BR,73089098,3067796,7582.52
2015,X,BR,73121083,1059,1.6
2015,X,BR,73141900,114,0.03
2015,X,BR,73181559,9775,13.8
2015,X,BR,73181589,36657,51.0
2015,X,BR,73241000,10909,10.45
2015,X,BR,73269050,12513,1.5
2015,X,BR,73269098,40,0.01
2015,X,BR,74111090,45,0.46
2015,X,BR,76061220,60528,181.93
2015,X,BR,76061292,48169,126.55
2015,X,BR,76061293,84404,281.44
2015,X,BR,76061299,187477,619.16
2015,X,BR,76071190,597461,1692.15
2015,X,BR,76101000,28282,102.02
2015,X,BR,76129080,16800,45.47
2015,X,BR,76169990,1000,0.19
2015,X,BR,82055980,6622,7.2
2015,X,BR,82059090,24586,27.75
2015,X,BR,82079099,47228,107.58
2015,X,BR,82122000,419531,150.53
2015,X,BR,82129000,1842167,568.86
2015,X,BR,83099090,46486,181.19
2015,X,BR,84099100,2614,0.33
2015,X,BR,84099900,1543588,553.72
2015,X,BR,84122120,25574,5.3
2015,X,BR,84137035,21687,1.64
2015,X,BR,84139100,5871,0.4
2015,X,BR,84189990,4511,0.4
2015,X,BR,84193100,9570,6.3
2015,X,BR,84212300,880,0.15
2015,X,BR,84229090,98429,8.39
2015,X,BR,84248110,536581,1374.84
2015,X,BR,84249000,10775,7.11
2015,X,BR,84254900,36829,18.94
2015,X,BR,84433210,27185,5.25
2015,X,BR,84439199,4058,0.2
2015,X,BR,84439990,2102,0.31
2015,X,BR,84483200,20723,6.32
2015,X,BR,84483900,365695,240.5
2015,X,BR,84562000,4620,0.5
2015,X,BR,84717050,801,0.03
2015,X,BR,84733080,486,0.02
2015,X,BR,84735080,4497,0.04
2015,X,BR,84742000,13926,16.78
2015,X,BR,84749090,28800,86.23
2015,X,BR,84779080,4316,0.97
2015,X,BR,84798997,770061,53.36
2015,X,BR,84799080,55599,12.62
2015,X,BR,85012000,17075,23.57
2015,X,BR,85072020,432874,1611.08
2015,X,BR,85072080,3150,10.9
2015,X,BR,85079080,7396,13.4
2015,X,BR,85176990,84371,6.29
2015,X,BR,85256000,8335,0.28
2015,X,BR,85287119,1660,0.08
2015,X,BR,85291031,1000,0.03
2015,X,BR,85291095,4800,0.18
2015,X,BR,85311030,100,0.8
2015,X,BR,85334090,341,0.05
2015,X,BR,85361050,60006,94.2
2015,X,BR,85361090,184074,256.11
2015,X,BR,85369010,319525,205.27
2015,X,BR,85381000,140,0.01
2015,X,BR,85389099,987411,1387.52
2015,X,BR,85479000,11015,1.37
2015,X,BR,87089993,24112,2.65
2015,X,BR,87131000,3300,0.6
2015,X,BR,88033000,30912,4.0
2015,X,BR,89079000,6580,5.1
2015,X,BR,90041091,82,0.03
2015,X,BR,90049010,228,0.01
2015,X,BR,90141000,17800,0.05
2015,X,BR,90148000,3737,0.64
2015,X,BR,90149000,9918,0.59
2015,X,BR,90158011,2752,0.7
2015,X,BR,90251180,3584,0.49
2015,X,BR,90261089,6132,0.38
2015,X,BR,90268080,500,0.01
2015,X,BR,90269000,4046,0.07
2015,X,BR,90281000,20,0.01
2015,X,BR,90289090,212,1.0
2015,X,BR,90319085,1692,0.01
2015,X,BR,90328900,3206,0.28
2015,X,BR,90329000,14210,0.39
2015,X,BR,90330000,240,0.04
2015,X,BR,92099970,1215,0.01
2015,X,BR,94029000,1270,0.15
2015,X,BR,94032080,10110,23.45
2015,X,BR,94054039,330,0.14
2015,X,BR,94059190,435,0.05
2015,X,BR,94059200,2540,0.16
2015,X,BR,94060038,1271646,3352.64
2015,X,BR,96121010,1862,0.28
2015,X,BR,96121020,500,0.14
2015,X,BR,97011000,2000,0.08
2015,X,PY,15091090,31378,56.44
2015,X,PY,19053299,9926,15.84
2015,X,PY,20087071,113522,1285.2
2015,X,PY,20087079,3019613,33228.99
2015,X,PY,24012035,2774102,5599.68
2015,X,PY,24022090,10,0.01
2015,X,PY,25199030,41513,720.0
2015,X,PY,25231000,2107738,629990.0
2015,X,PY,30049000,22107,16.46
2015,X,PY,32091000,174,0.95
2015,X,PY,32141090,51,0.83
2015,X,PY,32149000,1950,33.4
2015,X,PY,35061000,90,0.13
2015,X,PY,38245090,71668,414.97
2015,X,PY,40059100,68,0.06
2015,X,PY,40169300,2007,4.2
2015,X,PY,56031290,767,0.5
2015,X,PY,68109100,4175,99.3
2015,X,PY,68109900,907,16.13
2015,X,PY,70195100,213,0.15
2015,X,PY,70195900,631,0.88
2015,X,PY,73089098,3921,39.85
2015,X,PY,73110091,30146,126.25
2015,X,PY,73181499,35,0.07
2015,X,PY,73181559,146,0.2
2015,X,PY,76071119,58794,162.09
2015,X,PY,76071990,57709,104.49
2015,X,PY,76072010,1434,4.59
2015,X,PY,84248110,189435,573.59
2015,X,PY,84562000,4270,0.99
2015,X,PY,85299097,265,0.01
2015,X,PY,87033290,6738,33.7
2015,X,PY,87083091,3505,7.33
2015,X,PY,87083099,15768,38.75
2015,X,UY,15091090,1546,2.2
2015,X,UY,18069060,1404,4.32
2015,X,UY,19053299,142898,339.07
2015,X,UY,20057000,14236,35.56
2015,X,UY,20059980,3782,5.74
2015,X,UY,20087079,13597,177.12
2015,X,UY,24011035,161984,534.6
2015,X,UY,24011060,922316,1771.98
2015,X,UY,24011085,2373090,8249.09
2015,X,UY,24012085,170514,393.8
2015,X,UY,24022090,9240,14.0
2015,X,UY,25171010,283436,210000.0
2015,X,UY,28070000,930,9.3
2015,X,UY,30064000,11930,1.8
2015,X,UY,32081090,11001,50.64
2015,X,UY,32149000,53213,233.13
2015,X,UY,38119000,32455,0.34
2015,X,UY,39199000,5984,0.53
2015,X,UY,39251000,27000,125.66
2015,X,UY,40082900,635,1.0
2015,X,UY,48209000,177,0.15
2015,X,UY,48211010,346,0.02
2015,X,UY,48239085,3249,5.25
2015,X,UY,49019900,8525,5.92
2015,X,UY,49059900,12506,2.26
2015,X,UY,56074911,2500,4.5
2015,X,UY,56074919,361,1.02
2015,X,UY,56075019,375,0.76
2015,X,UY,62032210,674,0.14
2015,X,UY,62046918,2615,0.66
2015,X,UY,62113210,5310,5.96
2015,X,UY,63013090,1772,2.2
2015,X,UY,68022100,77501,1220.19
2015,X,UY,72109030,13427,68.59
2015,X,UY,73089098,45785,355.5
2015,X,UY,73121085,1292,7.38
2015,X,UY,73218900,3150,0.95
2015,X,UY,73269040,30240,45.45
2015,X,UY,82055980,4286,4.75
2015,X,UY,82059090,61111,57.6
2015,X,UY,83024900,402,0.25
2015,X,UY,84099900,515659,238.88
2015,X,UY,84139100,2846,0.06
2015,X,UY,84219900,2790,0.42
2015,X,UY,84248110,421201,1854.14
2015,X,UY,84249000,2361,2.1
2015,X,UY,85023100,793424,6432.0
2015,X,UY,85072020,74433,255.79
2015,X,UY,85072080,55,2.24
2015,X,UY,85079080,78311,188.61
2015,X,UY,85176990,1995,0.04
2015,X,UY,85309000,2085,0.03
2015,X,UY,85311095,2977,0.4
2015,X,UY,85389099,17250,3.7
2015,X,UY,85407100,2230,0.11
2015,X,UY,85446090,894956,3048.15
2015,X,UY,87032290,60000,14.6
2015,X,UY,89071000,2647,4.84
2015,X,UY,90015041,1554,0.05
2015,X,UY,90149000,336,0.01
2015,X,UY,90262080,101,0.03
2015,X,UY,90330000,1227,0.11
2015,X,UY,94051098,627,0.6
2016,X,AR,07020000,3137,12.53
2016,X,AR,14019000,15001,407.2
2016,X,AR,25081000,12,12.0
2016,X,AR,25199030,59200,1000.0
2016,X,AR,25231000,817002,287690.0
2016,X,AR,27111397,19354,87.55
2016,X,AR,30064000,10530,0.47
2016,X,AR,32091000,2,0.31
2016,X,AR,32151900,2441,0.2
2016,X,AR,34022090,201729,452.05
2016,X,AR,35061000,7,0.06
2016,X,AR,38160000,6008,270.0
2016,X,AR,39191012,34439,69.93
2016,X,AR,39191015,1936,7.26
2016,X,AR,39199000,7681,20.16
2016,X,AR,39241000,31763,54.53
2016,X,AR,40082190,560,0.08
2016,X,AR,40101200,23300,75.46
2016,X,AR,48114120,35919,99.79
2016,X,AR,48114190,3743,10.52
2016,X,AR,49019900,376889,369.07
2016,X,AR,49059900,60374,6.52
2016,X,AR,49111090,912,0.19
2016,X,AR,54072011,31413,132.43
2016,X,AR,56074919,19700,57.78
2016,X,AR,64039938,270,0.01
2016,X,AR,68022100,118570,1202.4
2016,X,AR,68029100,68453,1130.56
2016,X,AR,68109100,214972,4889.5
2016,X,AR,68159900,19530,580.46
2016,X,AR,73043180,5149,28.87
2016,X,AR,73181499,4,0.08
2016,X,AR,76061292,7898,30.68
2016,X,AR,76061293,442778,1343.36
2016,X,AR,76061299,78779,236.1
2016,X,AR,83099090,71535,245.97
2016,X,AR,84099900,135169,56.46
2016,X,AR,84139200,150,0.1
2016,X,AR,84191900,89228,312.58
2016,X,AR,84248110,264491,800.82
2016,X,AR,84249000,11050,12.42
2016,X,AR,84433210,108092,12.01
2016,X,AR,84439990,1027,0.09
2016,X,AR,84532000,14064,2.09
2016,X,AR,84562000,11001,0.51
2016,X,AR,84718000,3606,0.8
2016,X,AR,84828000,170,0.07
2016,X,AR,85065030,480,0.1
2016,X,AR,85072020,99839,206.82
2016,X,AR,85171200,1063,0.03
2016,X,AR,85177090,11950,0.72
2016,X,AR,85235110,9,0.01
2016,X,AR,85269180,865,0.04
2016,X,AR,85285100,230,0.08
2016,X,AR,85291031,5282,0.14
2016,X,AR,85291095,1996,0.08
2016,X,AR,85299097,7217,3.17
2016,X,AR,85389099,686,0.04
2016,X,AR,85407100,1995,0.05
2016,X,AR,85444210,711,0.26
2016,X,AR,90184990,8069,1.0
2016,X,AR,90269000,558,0.02
2016,X,AR,90283011,1049,0.32
2016,X,AR,90283019,2027,0.44
2016,X,AR,94054039,1331,0.47
2016,X,AR,95030035,545,0.09
2016,X,AR,96033010,13679,0.5
2016,X,AR,97011000,9777,2.0
2016,X,AR,99050000,2000,0
2016,X,BO,20071010,52404,554.04
2016,X,BO,20087061,59410,566.61
2016,X,BO,20087071,634414,5875.2
2016,X,BO,20087079,159915,2012.54
2016,X,BO,20089774,49342,367.2
2016,X,BO,25199030,11823,210.0
2016,X,BO,27101947,21531,498.82
2016,X,BO,32151900,4050,12.0
2016,X,BO,38220000,4542,0.8
2016,X,BO,39235010,7411,4.32
2016,X,BO,40082190,190,0.01
2016,X,BO,40169997,590,0.06
2016,X,BO,49019900,941,0.27
2016,X,BO,58013600,2058,0.71
2016,X,BO,73101000,2760,28.58
2016,X,BO,84191900,14973,48.1
2016,X,BO,84295199,10000,97.0
2016,X,BO,84433210,17276,2.2
2016,X,BO,84779080,104,0.3
2016,X,BO,87012090,5000,77.7
2016,X,BO,87042299,11524,494.87
2016,X,BO,87042399,1100,218.5
2016,X,BO,87089997,33049,1264.94
2016,X,BO,87164000,1050,1.3
2016,X,BO,89039991,8875,5.2
2016,X,BO,90283019,2599,0.15
2016,X,BO,90289010,1605,0.25
2016,X,BO,95030069,1723,0.3
2016,X,BR,05119939,1061,0.03
2016,X,BR,07112090,26400,383.2
2016,X,BR,11010015,43820,911.0
2016,X,BR,13021970,2175,0.9
2016,X,BR,15091090,2241255,4716.19
2016,X,BR,15152990,5040,14.4
2016,X,BR,17049065,10536,10.03
2016,X,BR,20019065,5994,32.4
2016,X,BR,20051000,2769,5.11
2016,X,BR,20057000,256968,1428.5
2016,X,BR,20085071,1670,9.11
2016,X,BR,20087071,73629,746.15
2016,X,BR,20087079,186457,2196.14
2016,X,BR,21039090,3835,2.55
2016,X,BR,22030001,2,0.02
2016,X,BR,22030009,23,0.24
2016,X,BR,22041011,208,0.06
2016,X,BR,22041093,13,0.02
2016,X,BR,22041098,76,0.1
2016,X,BR,22042128,1056,3.96
2016,X,BR,22042138,1069,3.77
2016,X,BR,22042178,839,8.25
2016,X,BR,22042179,22954,55.36
2016,X,BR,22042180,31654,59.91
2016,X,BR,22042182,1056,3.96
2016,X,BR,22042183,1826,4.91
2016,X,BR,22042184,1715,12.79
2016,X,BR,22042189,9,0.01
2016,X,BR,22051010,12,0.02
2016,X,BR,22083071,310,0.3
2016,X,BR,22084031,32,0.03
2016,X,BR,22084039,158,0.18
2016,X,BR,22085011,38,0.07
2016,X,BR,22086011,39,0.05
2016,X,BR,22087010,20,0.03
2016,X,BR,22089041,11,0.03
2016,X,BR,22089069,78,0.07
2016,X,BR,24011060,22000,86.07
2016,X,BR,24022090,326,0.04
2016,X,BR,25151200,3364,240.3
2016,X,BR,25171010,1123815,785260.8
2016,X,BR,25199030,1252922,21860.0
2016,X,BR,25301000,2099,244.5
2016,X,BR,27101211,70668395,2188888.1
2016,X,BR,27101921,45532,893.01
2016,X,BR,27111391,18957,76.19
2016,X,BR,27111397,35330,175.1
2016,X,BR,29061900,825,0.05
2016,X,BR,29159070,746,1.76
2016,X,BR,29329900,8390,0.1
2016,X,BR,29362400,2545,2.35
2016,X,BR,30044080,88,0.45
2016,X,BR,30049000,43691,5.55
2016,X,BR,32041700,15169,27.66
2016,X,BR,32041900,390811,2523.66
2016,X,BR,32089091,98839,443.3
2016,X,BR,32089099,58255,140.6
2016,X,BR,32149000,12391,154.0
2016,X,BR,32151900,6749,3.1
2016,X,BR,32159000,3343,0.39
2016,X,BR,33019090,3479,3.23
2016,X,BR,33029090,884,0.4
2016,X,BR,33030010,12652,4.22
2016,X,BR,34021190,17428,143.0
2016,X,BR,34021900,2142,6.3
2016,X,BR,34070000,21600,27.7
2016,X,BR,35069100,92,0.12
2016,X,BR,38140090,2100,9.65
2016,X,BR,38220000,2240,0.01
2016,X,BR,38245090,37109,309.35
2016,X,BR,38249015,130645,8640.0
2016,X,BR,39021000,1054461,7048.73
2016,X,BR,39032000,620531,2183.63
2016,X,BR,39039090,103982,403.25
2016,X,BR,39072011,107432,74.13
2016,X,BR,39100000,3960,0.93
2016,X,BR,39199000,45438,188.3
2016,X,BR,39203000,172315,203.71
2016,X,BR,39204910,27,0.25
2016,X,BR,39206290,417549,1851.66
2016,X,BR,39269097,4202,1.96
2016,X,BR,40094200,435,0.05
2016,X,BR,40169300,4569,0.27
2016,X,BR,42022100,6323,0.09
2016,X,BR,42022210,3908,0.95
2016,X,BR,42022290,1048,0.01
2016,X,BR,42033000,208,0.01
2016,X,BR,48022000,794,0.12
2016,X,BR,48183000,19447,27.14
2016,X,BR,48201090,938,0.65
2016,X,BR,49011000,150,1.8
2016,X,BR,49019900,264614,250.21
2016,X,BR,49059900,262908,68.65
2016,X,BR,49111090,222,0.2
2016,X,BR,49119900,44476,7.5
2016,X,BR,54076130,1342,0.52
2016,X,BR,54076150,25,0.01
2016,X,BR,55161200,30940,9.0
2016,X,BR,56031290,382,0.64
2016,X,BR,56031390,18000,16.2
2016,X,BR,56074919,21639,65.64
2016,X,BR,56075011,122060,46.82
2016,X,BR,56075019,9804,21.3
2016,X,BR,57031000,2930,1.76
2016,X,BR,58042190,19419,10.38
2016,X,BR,58063290,140,0.01
2016,X,BR,58089000,135,0.02
2016,X,BR,59100000,103,0.04
2016,X,BR,61034900,1703,0.05
2016,X,BR,61044300,395,0.01
2016,X,BR,61044400,548,0.01
2016,X,BR,61045200,443,0.01
2016,X,BR,61062000,605,0.01
2016,X,BR,61091000,519,0.03
2016,X,BR,61103099,684,0.01
2016,X,BR,61112090,71,0.01
2016,X,BR,62033100,982,0.02
2016,X,BR,62033290,4551,0.08
2016,X,BR,62034211,8650,4.88
2016,X,BR,62034235,1874,0.03
2016,X,BR,62034990,395,0.01
2016,X,BR,62045200,203,0.01
2016,X,BR,62052000,122,0.01
2016,X,BR,62061000,433,0.01
2016,X,BR,62064000,1225,0.02
2016,X,BR,62093000,127,0.02
2016,X,BR,62113210,12857,4.56
2016,X,BR,62113310,4526,1.22
2016,X,BR,62142000,237,0.01
2016,X,BR,63022100,9880,2.3
2016,X,BR,63039100,449,0.7
2016,X,BR,64035199,952,0.04
2016,X,BR,64035999,1770,0.09
2016,X,BR,64039198,990,0.04
2016,X,BR,64039938,2117,0.11
2016,X,BR,64039998,2254,0.13
2016,X,BR,64041990,5420,0.28
2016,X,BR,68022100,2392542,48313.62
2016,X,BR,68029100,178413,3585.06
2016,X,BR,68109100,355655,9453.79
2016,X,BR,69139010,500,1.4
2016,X,BR,70195100,10317,11.2
2016,X,BR,70195900,9827,23.6
2016,X,BR,71131900,42827,0.02
2016,X,BR,71171100,120,0.02
2016,X,BR,71171900,533,0.09
2016,X,BR,73079100,10,0.01
2016,X,BR,73089098,392946,1194.14
2016,X,BR,73129000,788,0.38
2016,X,BR,73181499,9883,13.03
2016,X,BR,73181559,15046,13.77
2016,X,BR,73262000,800,0.51
2016,X,BR,73269098,30,0.1
2016,X,BR,74020000,900,0.87
2016,X,BR,74111090,286054,518.29
2016,X,BR,74199990,302,0.03
2016,X,BR,76071190,393427,1161.11
2016,X,BR,76101000,40455,232.2
2016,X,BR,76109090,372663,538.1
2016,X,BR,76129080,1000,45.47
2016,X,BR,76152000,14555,11.85
2016,X,BR,82023100,11859,14.9
2016,X,BR,82060000,1282,0.11
2016,X,BR,82075090,2239,0.01
2016,X,BR,82079099,3904,1.2
2016,X,BR,82089000,688,0.01
2016,X,BR,82122000,995632,384.52
2016,X,BR,82129000,971356,434.82
2016,X,BR,83014019,26030,5.84
2016,X,BR,83014090,3160,0.48
2016,X,BR,83024110,8802,2.36
2016,X,BR,83099090,27649,97.23
2016,X,BR,84051000,40000,3.15
2016,X,BR,84099900,1331778,666.17
2016,X,BR,84122989,2500,10.5
2016,X,BR,84137035,86749,6.56
2016,X,BR,84139100,5030,0.26
2016,X,BR,84139200,6240,0.65
2016,X,BR,84185090,18760,3.0
2016,X,BR,84193100,64755,37.94
2016,X,BR,84212900,17911,1.8
2016,X,BR,84219100,1372,0.8
2016,X,BR,84224000,1141658,95.41
2016,X,BR,84229090,648328,18.54
2016,X,BR,84248110,732909,2166.34
2016,X,BR,84248199,4928,5.55
2016,X,BR,84249000,2542,5.49
2016,X,BR,84433210,32524,3.88
2016,X,BR,84439199,4608,1.95
2016,X,BR,84439990,488,0.17
2016,X,BR,84483200,31076,13.66
2016,X,BR,84483900,88273,46.04
2016,X,BR,84562000,5647,1.29
2016,X,BR,84633000,133000,72.51
2016,X,BR,84713000,886,0.02
2016,X,BR,84717020,7319,0.25
2016,X,BR,84717050,285,0.08
2016,X,BR,84719000,2577,1.2
2016,X,BR,84733080,5572,3.3
2016,X,BR,84749090,9751,0.8
2016,X,BR,84779080,11187,1.09
2016,X,BR,84798997,762,0.02
2016,X,BR,84807100,39961,22.85
2016,X,BR,84807900,2850,1.63
2016,X,BR,84821090,40,0.18
2016,X,BR,84842000,929,0.29
2016,X,BR,84879090,425624,272.35
2016,X,BR,85011010,1540,3.1
2016,X,BR,85012000,260,0.24
2016,X,BR,85013300,2128,5.4
2016,X,BR,85015220,3065,3.24
2016,X,BR,85030099,1090,0.15
2016,X,BR,85044090,944,0.02
2016,X,BR,85171200,791,0.02
2016,X,BR,85176100,1950,0.09
2016,X,BR,85176200,8365,0.5
2016,X,BR,85176990,6935,0.29
2016,X,BR,85177090,594,0.04
2016,X,BR,85234945,537,0.01
2016,X,BR,85256000,485,0.02
2016,X,BR,85269180,500,0.02
2016,X,BR,85287199,213,0.04
2016,X,BR,85287280,241,0.12
2016,X,BR,85291031,1000,0.03
2016,X,BR,85299097,2200,0.02
2016,X,BR,85334090,4792,0.58
2016,X,BR,85361010,1808,3.18
2016,X,BR,85361050,42494,82.18
2016,X,BR,85361090,150787,195.84
2016,X,BR,85369010,271724,167.75
2016,X,BR,85371010,104993,220.06
2016,X,BR,85389099,876621,1258.76
2016,X,BR,85394900,2346,4.15
2016,X,BR,85407100,3427,0.13
2016,X,BR,85442000,3746,3.0
2016,X,BR,85444995,600,0.22
2016,X,BR,85471000,700,0.01
2016,X,BR,85479000,3029,0.32
2016,X,BR,87089993,13574,1.71
2016,X,BR,90041099,621,0.04
2016,X,BR,90131000,24650,0.3
2016,X,BR,90148000,12836,1.45
2016,X,BR,90149000,7899,0.56
2016,X,BR,90184990,3300,0.78
2016,X,BR,90191090,3032,0.11
2016,X,BR,90213990,4040,0.22
2016,X,BR,90258080,180,0.07
2016,X,BR,90268080,621,0.05
2016,X,BR,90269000,3822,0.18
2016,X,BR,90282000,2954,0.16
2016,X,BR,90289090,161,0.07
2016,X,BR,90318098,6061,0.66
2016,X,BR,90328100,5792,0.16
2016,X,BR,90328900,956,0.03
2016,X,BR,90329000,34223,1.54
2016,X,BR,94029000,1630,0.27
2016,X,BR,94042990,17518,7.75
2016,X,BR,94049090,41693,20.1
2016,X,BR,94059190,1760,0.13
2016,X,BR,95030035,556,0.08
2016,X,BR,95059000,127,0.35
2016,X,BR,95062900,1701,0.67
2016,X,BR,96035000,16293,10.65
2016,X,BR,96121010,3236,0.33
2016,X,PY,20071010,362,1.55
2016,X,PY,20087061,106583,1475.6
2016,X,PY,20087071,36196,367.2
2016,X,PY,20087079,3145922,36844.82
2016,X,PY,20089774,5689,42.32
2016,X,PY,24011060,104353,192.65
2016,X,PY,24012035,1525658,3204.1
2016,X,PY,25231000,1099138,360000.0
2016,X,PY,30049000,13525,13.22
2016,X,PY,38160000,3484,60.0
2016,X,PY,38245090,41788,208.36
2016,X,PY,56081930,5557,12.01
2016,X,PY,76071119,121644,366.28
2016,X,PY,76071990,13,9.38
2016,X,PY,76072010,28159,100.39
2016,X,PY,84099900,2157,0.35
2016,X,PY,84248110,133392,434.84
2016,X,PY,84819000,5996,0.12
2016,X,PY,87083099,807,0.18
2016,X,PY,90282000,115299,23.6
2016,X,UY,08081080,13225,208.27
2016,X,UY,15091090,1549,2.22
2016,X,UY,17049099,1584,2.4
2016,X,UY,18069060,1248,3.84
2016,X,UY,19053299,188227,425.29
2016,X,UY,19059020,21540,94.13
2016,X,UY,20057000,6135,16.28
2016,X,UY,20059980,1901,2.87
2016,X,UY,20079939,1607,11.66
2016,X,UY,20087079,238893,3121.2
2016,X,UY,22082029,10,0.01
2016,X,UY,22083071,151,0.13
2016,X,UY,22083082,13,0.01
2016,X,UY,22085011,25,0.03
2016,X,UY,22086011,29,0.01
2016,X,UY,22087010,16,0.01
2016,X,UY,22089041,24,0.06
2016,X,UY,24011035,289441,955.25
2016,X,UY,24011060,1085288,2792.16
2016,X,UY,24011085,1681952,5829.26
2016,X,UY,24012085,169844,392.25
2016,X,UY,24022090,30818,34.88
2016,X,UY,24031910,45,0.01
2016,X,UY,25090000,115,10.0
2016,X,UY,25171010,139078,105000.0
2016,X,UY,30042000,454,0.22
2016,X,UY,32081090,11844,50.89
2016,X,UY,32089091,6194,13.86
2016,X,UY,32149000,3060,8.86
2016,X,UY,33049900,12244,2.03
2016,X,UY,34022090,700,11.0
2016,X,UY,38089390,54015,17.85
2016,X,UY,38119000,53292,1.0
2016,X,UY,39191019,2888,0.43
2016,X,UY,39251000,8000,31.5
2016,X,UY,39269097,1119,0.18
2016,X,UY,40082900,714,1.22
2016,X,UY,48201050,1106,1.5
2016,X,UY,48209000,1140,0.37
2016,X,UY,48211090,399,0.04
2016,X,UY,48239085,24674,45.91
2016,X,UY,49019900,5686,4.92
2016,X,UY,49059900,2976,0.46
2016,X,UY,49119900,3332,0.18
2016,X,UY,56012110,10002,24.19
2016,X,UY,56074919,9912,26.18
2016,X,UY,60029000,41545,62.14
2016,X,UY,62113210,377,0.26
2016,X,UY,63013090,456,0.55
2016,X,UY,63026000,1789,1.39
2016,X,UY,63101000,1080,15.0
2016,X,UY,65050030,429,0.02
2016,X,UY,68022100,65603,956.99
2016,X,UY,73089051,39266,261.8
2016,X,UY,73089098,1483,1.4
2016,X,UY,73121085,512,2.14
2016,X,UY,74153300,297,0.28
2016,X,UY,82032000,6411,5.15
2016,X,UY,82059090,28184,23.31
2016,X,UY,82129000,75570,16.44
2016,X,UY,83024200,396,0.7
2016,X,UY,84099900,139127,56.46
2016,X,UY,84219900,15060,18.39
2016,X,UY,84248110,36580,152.66
2016,X,UY,84388099,25000,98.8
2016,X,UY,84433299,773,0.36
2016,X,UY,84433931,130,0.05
2016,X,UY,84439199,1104,0.24
2016,X,UY,84718000,2985,0.12
2016,X,UY,85011099,250,0.65
2016,X,UY,85072020,20830,74.21
2016,X,UY,85079080,24489,65.77
2016,X,UY,85098000,642,0.18
2016,X,UY,85176990,4095,0.14
2016,X,UY,85177090,12523,0.66
2016,X,UY,85184080,3340,0.51
2016,X,UY,85258019,86,0.01
2016,X,UY,85261000,12103,0.1
2016,X,UY,85299097,1639,0.16
2016,X,UY,85311095,4997,0.12
2016,X,UY,85389099,11061,5.13
2016,X,UY,85429000,3950,0.01
2016,X,UY,87032390,13900,7.55
2016,X,UY,90329000,501,0.02
2016,X,UY,94036090,15480,86.43
2016,X,UY,94054039,6460,1.64
2016,X,UY,96121020,749,0.2
2017,X,AR,09021000,1000,0.5
2017,X,AR,14019000,16298,253.6
2017,X,AR,19053299,20658,59.76
2017,X,AR,20079939,327309,5196.0
2017,X,AR,25081000,3292,431.0
2017,X,AR,25199030,57020,1000.0
2017,X,AR,30064000,19180,0.66
2017,X,AR,32159070,7660,1.07
2017,X,AR,33049900,46,0.01
2017,X,AR,34022090,88649,166.39
2017,X,AR,34070000,18053,15.5
2017,X,AR,38160000,60896,1600.0
2017,X,AR,39191012,54797,116.75
2017,X,AR,39191015,219,0.64
2017,X,AR,39191080,114424,498.06
2017,X,AR,39199080,21830,107.44
2017,X,AR,40082190,836,0.12
2017,X,AR,40161000,66314,143.75
2017,X,AR,48114120,73551,202.66
2017,X,AR,49019900,22198,19.46
2017,X,AR,49029000,463,0.03
2017,X,AR,49059900,37123,3.06
2017,X,AR,49119900,277,0.27
2017,X,AR,56074919,40650,82.54
2017,X,AR,57024190,33232,36.08
2017,X,AR,61051000,1272,0.19
2017,X,AR,61091000,1912,0.32
2017,X,AR,68022100,171826,2346.33
2017,X,AR,68022900,5827,98.3
2017,X,AR,68029100,182190,1957.6
2017,X,AR,68109100,405315,13527.25
2017,X,AR,68159900,760154,21107.73
2017,X,AR,71179000,1444,0.03
2017,X,AR,73044993,2122,0.33
2017,X,AR,76061293,388423,1095.41
2017,X,AR,76061299,29583,85.54
2017,X,AR,76071190,6162,20.98
2017,X,AR,76090000,239,1.9
2017,X,AR,82034000,955,0.02
2017,X,AR,82055100,7189,9.0
2017,X,AR,82119300,13231,13.9
2017,X,AR,83099090,94143,344.75
2017,X,AR,84099900,156613,36.67
2017,X,AR,84141025,29148,28.0
2017,X,AR,84191900,2969,1.52
2017,X,AR,84212100,334,0.37
2017,X,AR,84224000,97159,68.0
2017,X,AR,84239090,5746,0.29
2017,X,AR,84244990,2832,0.6
2017,X,AR,84248210,471840,1940.95
2017,X,AR,84249080,10150,13.92
2017,X,AR,84281080,11442,35.0
2017,X,AR,84341000,8199,1.1
2017,X,AR,84385000,32849,10.5
2017,X,AR,84389000,1291,0.06
2017,X,AR,84433210,218979,23.61
2017,X,AR,84439199,867,0.17
2017,X,AR,84483200,23463,8.69
2017,X,AR,84519000,2352,0.01
2017,X,AR,84532000,10959,3.41
2017,X,AR,84562000,1520,0.02
2017,X,AR,84622110,35000,152.5
2017,X,AR,84623100,25000,119.0
2017,X,AR,84669400,1026,0.01
2017,X,AR,84679900,220,0.04
2017,X,AR,84714900,8730,0.55
2017,X,AR,84733080,5078,0.17
2017,X,AR,84818099,9662,2.1
2017,X,AR,85011099,160,0.17
2017,X,AR,85043180,56,0.01
2017,X,AR,85094000,8200,1.29
2017,X,AR,85176200,4554,0.19
2017,X,AR,85177000,5996,0.64
2017,X,AR,85234910,510,0.21
2017,X,AR,85269180,850,0.08
2017,X,AR,85364900,1475,0.1
2017,X,AR,85439000,520,0.01
2017,X,AR,89039110,56000,0
2017,X,AR,90049010,61,0.01
2017,X,AR,90148000,8206,0.95
2017,X,AR,90149000,6242,0.3
2017,X,AR,90230080,2670,1.44
2017,X,AR,90282000,1248040,357.22
2017,X,AR,90283011,1059,0.22
2017,X,AR,90319000,4210,0.15
2017,X,AR,90329000,1343,0.03
2017,X,AR,95030035,541,0.12
2017,X,AR,96121020,495,0.2
2017,X,AR,96121080,4482,1.58
2017,X,BO,20087061,72366,755.48
2017,X,BO,20087071,652232,8373.18
2017,X,BO,20087079,135551,1652.4
2017,X,BO,20089774,33365,256.02
2017,X,BO,32151990,887,0.24
2017,X,BO,32159070,1137,0.16
2017,X,BO,38086100,116652,130.62
2017,X,BO,38220000,6321,1.4
2017,X,BO,40082190,763,0.07
2017,X,BO,49019900,82250,82.65
2017,X,BO,60011000,157,0.05
2017,X,BO,60063200,168,0.04
2017,X,BO,76072010,2701,13.96
2017,X,BO,76109090,4374,3.57
2017,X,BO,84099100,4651,0.47
2017,X,BO,84099900,16602,2.2
2017,X,BO,84191900,16499,47.0
2017,X,BO,84281020,59672,200.7
2017,X,BO,84313100,32,0.02
2017,X,BO,84439990,1106,0.06
2017,X,BO,84562000,2500,0.57
2017,X,BO,87012090,7200,230.0
2017,X,BO,87042299,15900,482.2
2017,X,BO,87089997,13504,573.07
2017,X,BO,90283019,37949,7.48
2017,X,BO,90289010,5656,0.57
2017,X,BO,95030069,610,0.11
2017,X,BR,05119939,1011,0.04
2017,X,BR,09012100,51,0.05
2017,X,BR,11010015,82800,1841.0
2017,X,BR,13021970,700,0.28
2017,X,BR,15091020,2410585,4149.5
2017,X,BR,15091080,101374,162.64
2017,X,BR,15099000,1050,2.5
2017,X,BR,15152990,6300,18.0
2017,X,BR,17049065,1432,4.61
2017,X,BR,18069031,15969,32.47
2017,X,BR,20019065,20688,86.72
2017,X,BR,20057000,442913,1231.75
2017,X,BR,20085071,23279,148.29
2017,X,BR,20087071,234965,2182.11
2017,X,BR,20087079,237062,2987.86
2017,X,BR,21069098,21694,37.33
2017,X,BR,22041011,50,0.02
2017,X,BR,22041093,25,0.03
2017,X,BR,22041098,15,0.01
2017,X,BR,22042138,6564,16.8
2017,X,BR,22042142,20,0.02
2017,X,BR,22042178,52350,144.57
2017,X,BR,22042179,30013,72.29
2017,X,BR,22042180,54523,92.57
2017,X,BR,22042183,8624,44.07
2017,X,BR,22042184,6264,30.06
2017,X,BR,22042189,26,0.02
2017,X,BR,22042190,3992,10.2
2017,X,BR,22042283,300,5.95
2017,X,BR,22042284,300,5.96
2017,X,BR,22082029,13,0.03
2017,X,BR,22083071,218,0.18
2017,X,BR,22087010,186,0.23
2017,X,BR,22089041,1937,8.44
2017,X,BR,22089054,24,0.02
2017,X,BR,22089069,46,0.05
2017,X,BR,24011060,660066,2455.3
2017,X,BR,25081000,14,13.75
2017,X,BR,25151200,15001,212.15
2017,X,BR,25174100,1203771,899977.2
2017,X,BR,25199030,1264345,22010.0
2017,X,BR,25199090,8178,199.5
2017,X,BR,27101921,7408,116.96
2017,X,BR,27111391,36508,139.46
2017,X,BR,27111397,34690,175.1
2017,X,BR,28365000,17238,1350.0
2017,X,BR,29224920,688,2.5
2017,X,BR,29329900,6768,0.34
2017,X,BR,29362400,8030,7.3
2017,X,BR,30049000,734862,156.93
2017,X,BR,31021090,58464,672.0
2017,X,BR,32041700,157445,348.34
2017,X,BR,32041900,436679,1506.68
2017,X,BR,32061900,280,0.55
2017,X,BR,32064970,2485,14.55
2017,X,BR,32089091,213002,652.86
2017,X,BR,32089099,89046,209.38
2017,X,BR,32149000,10732,138.0
2017,X,BR,32159070,9309,1.24
2017,X,BR,33029090,1794,0.75
2017,X,BR,33030010,3379,2.01
2017,X,BR,33049900,2140,2.3
2017,X,BR,33051000,80,0.01
2017,X,BR,34021190,10416,72.1
2017,X,BR,34021900,714,2.1
2017,X,BR,34070000,810,1.3
2017,X,BR,35069900,821,0.65
2017,X,BR,38140090,2300,9.68
2017,X,BR,38160000,75880,2000.0
2017,X,BR,38220000,1702,0.06
2017,X,BR,38245090,15357,201.78
2017,X,BR,38247900,7715,240.0
2017,X,BR,38249915,6971,240.0
2017,X,BR,39021000,858177,6523.75
2017,X,BR,39032000,309573,1413.5
2017,X,BR,39039090,15221,96.25
2017,X,BR,39072011,148565,133.95
2017,X,BR,39100000,19679,15.89
2017,X,BR,39139000,2723,0.06
2017,X,BR,39173100,290,1.33
2017,X,BR,39189000,109,0.27
2017,X,BR,39199080,1439,7.44
2017,X,BR,39201040,26884,122.09
2017,X,BR,39201089,6948,31.58
2017,X,BR,39203000,188775,265.25
2017,X,BR,39206219,39236,124.83
2017,X,BR,39206290,255332,1121.54
2017,X,BR,39231090,12706,67.73
2017,X,BR,39232100,1490,6.96
2017,X,BR,39241000,520,0.67
2017,X,BR,39249000,58080,33.5
2017,X,BR,39269097,230,0.62
2017,X,BR,40082900,2160,3.82
2017,X,BR,40091100,467,0.27
2017,X,BR,40094200,889,0.17
2017,X,BR,40169300,209,0.02
2017,X,BR,40169997,2600,0.49
2017,X,BR,42022100,6740,0.08
2017,X,BR,42022210,2939,0.06
2017,X,BR,42022290,605,0.01
2017,X,BR,42023210,1738,1.12
2017,X,BR,42029900,1900,0.27
2017,X,BR,43039000,110,0.01
2017,X,BR,48183000,16425,22.96
2017,X,BR,48192000,1059,2.17
2017,X,BR,48201090,1759,0.08
2017,X,BR,48209000,12338,4.5
2017,X,BR,48211090,28,0.04
2017,X,BR,49019900,67867,80.95
2017,X,BR,49029000,2324,0.46
2017,X,BR,49059900,119259,27.19
2017,X,BR,49111090,7805,7.11
2017,X,BR,49119900,754,0.12
2017,X,BR,52083216,2290,0.87
2017,X,BR,52083900,14941,5.95
2017,X,BR,54076130,16513,5.92
2017,X,BR,54078200,90,0.03
2017,X,BR,54079200,8486,9.8
2017,X,BR,55133900,1985,0.63
2017,X,BR,55161200,1719,1.2
2017,X,BR,56031290,679,0.63
2017,X,BR,56074919,20508,61.2
2017,X,BR,56075090,905,0.22
2017,X,BR,56079090,26020,34.88
2017,X,BR,57031000,9686,5.98
2017,X,BR,58062000,840,0.18
2017,X,BR,60053700,1545,0.71
2017,X,BR,61044200,112,0.02
2017,X,BR,61044400,1331,0.01
2017,X,BR,61045100,416,0.01
2017,X,BR,61062000,354,0.01
2017,X,BR,61091000,1292,0.19
2017,X,BR,61099090,384,0.01
2017,X,BR,61101190,566,0.02
2017,X,BR,61101290,488,0.01
2017,X,BR,61102099,53,0.01
2017,X,BR,61103099,524,0.01
2017,X,BR,61112090,189,0.02
2017,X,BR,61178080,110,0.01
2017,X,BR,62021310,347,0.01
2017,X,BR,62033290,1073,0.01
2017,X,BR,62033390,718,0.01
2017,X,BR,62033990,2297,0.07
2017,X,BR,62034211,503,2.26
2017,X,BR,62034231,234,0.01
2017,X,BR,62034235,1191,0.07
2017,X,BR,62034251,2686,1.85
2017,X,BR,62044200,1952,0.04
2017,X,BR,62044300,1687,0.02
2017,X,BR,62044400,105,0.01
2017,X,BR,62044910,440,0.01
2017,X,BR,62045100,879,0.01
2017,X,BR,62046239,299,0.03
2017,X,BR,62046290,135,0.01
2017,X,BR,62052000,327,0.01
2017,X,BR,62059080,476,0.01
2017,X,BR,62061000,2641,0.05
2017,X,BR,62064000,629,0.01
2017,X,BR,62069090,726,0.01
2017,X,BR,62092000,423,0.05
2017,X,BR,62093000,374,0.04
2017,X,BR,62111100,153,0.01
2017,X,BR,62113210,19073,5.06
2017,X,BR,62113310,5758,1.11
2017,X,BR,62141000,428,0.02
2017,X,BR,63022100,14869,2.2
2017,X,BR,63029910,4200,0.8
2017,X,BR,63071090,580,0.08
2017,X,BR,63072000,1884,0.67
2017,X,BR,63090000,2,5.6
2017,X,BR,63109000,22134,694.4
2017,X,BR,64031900,134,0.01
2017,X,BR,64035199,1578,0.06
2017,X,BR,64035999,2533,0.08
2017,X,BR,64039938,1420,0.06
2017,X,BR,64039998,3332,0.14
2017,X,BR,64041100,450,0.01
2017,X,BR,64041990,520,0.01
2017,X,BR,64042090,1943,0.06
2017,X,BR,64059010,1607,0.58
2017,X,BR,65050030,194,0.01
2017,X,BR,65050090,210,0.01
2017,X,BR,68021000,35678,328.0
2017,X,BR,68022100,2606881,42298.04
2017,X,BR,68029100,236435,4743.12
2017,X,BR,68029390,4400,250.0
2017,X,BR,68109100,278129,6278.64
2017,X,BR,68138100,1252,0.55
2017,X,BR,68159900,52740,1727.71
2017,X,BR,69120081,1486,2.26
2017,X,BR,70139900,5425,2.0
2017,X,BR,70195100,542,0.58
2017,X,BR,71131900,3004,0.01
2017,X,BR,71171900,301,0.02
2017,X,BR,71179000,105,0.01
2017,X,BR,73059000,7981,1.45
2017,X,BR,73090090,3918,1.2
2017,X,BR,73110011,6661,0.08
2017,X,BR,73158200,4046,5.8
2017,X,BR,73181210,30029,11.5
2017,X,BR,73181499,9712,12.92
2017,X,BR,73181575,3282,1.05
2017,X,BR,73241000,3311,6.07
2017,X,BR,73269030,5313,2.26
2017,X,BR,73269098,18909,37.84
2017,X,BR,74111090,460602,697.27
2017,X,BR,74199990,2950,0.7
2017,X,BR,76071119,96,0.96
2017,X,BR,76071190,724147,1958.84
2017,X,BR,76090000,16009,2.4
2017,X,BR,76101000,48813,168.26
2017,X,BR,76169990,6444,2.76
2017,X,BR,82023100,12836,11.97
2017,X,BR,82059090,53410,70.9
2017,X,BR,82071300,958,0.47
2017,X,BR,82077090,1759,0.2
2017,X,BR,82079099,258,2.26
2017,X,BR,82122000,356490,105.67
2017,X,BR,82129000,1538158,689.68
2017,X,BR,83071000,844,0.22
2017,X,BR,83099090,98849,392.82
2017,X,BR,83100000,1135,0.18
2017,X,BR,84051000,66000,5.0
2017,X,BR,84099900,955851,274.19
2017,X,BR,84122989,1900,0.7
2017,X,BR,84129040,903,0.15
2017,X,BR,84138100,300,0.18
2017,X,BR,84139100,619,0.01
2017,X,BR,84148051,3878,3.3
2017,X,BR,84149000,9009,2.14
2017,X,BR,84189990,1345,0.34
2017,X,BR,84195080,2350,1.0
2017,X,BR,84219990,2000,0.1
2017,X,BR,84223000,95220,8.35
2017,X,BR,84224000,24219,20.0
2017,X,BR,84229090,196821,6.74
2017,X,BR,84242000,1869,0.16
2017,X,BR,84243010,17780,4.8
2017,X,BR,84248210,1064930,4080.41
2017,X,BR,84248290,7254,31.32
2017,X,BR,84249080,4924,13.59
2017,X,BR,84289090,6000,1.27
2017,X,BR,84339000,69333,72.31
2017,X,BR,84433280,1430,0.07
2017,X,BR,84433900,414,0.08
2017,X,BR,84439199,9316,2.27
2017,X,BR,84439990,525,0.1
2017,X,BR,84483200,49876,24.15
2017,X,BR,84483900,583730,403.16
2017,X,BR,84562000,103241,16.71
2017,X,BR,84621090,53215,102.64
2017,X,BR,84669360,817,0.09
2017,X,BR,84714100,3835,1.44
2017,X,BR,84717050,150,0.11
2017,X,BR,84733080,3738,0.46
2017,X,BR,84735080,3120,0.7
2017,X,BR,84779080,2776,1.09
2017,X,BR,84798997,896780,72.03
2017,X,BR,84807100,65932,52.13
2017,X,BR,84811099,8199,26.5
2017,X,BR,84812010,729,0.02
2017,X,BR,84818059,948,0.48
2017,X,BR,84821010,6708,2.91
2017,X,BR,84821090,1853,0.38
2017,X,BR,84841000,7458,13.5
2017,X,BR,84842000,2161,0.15
2017,X,BR,84879090,35664,20.0
2017,X,BR,85011010,3321,2.0
2017,X,BR,85013100,1300,3.2
2017,X,BR,85015220,415,1.2
2017,X,BR,85015290,120,0.14
2017,X,BR,85044090,1827,0.21
2017,X,BR,85072020,66066,246.46
2017,X,BR,85078000,2376,0.79
2017,X,BR,85079080,1399,0.9
2017,X,BR,85131000,195,0.03
2017,X,BR,85168080,324,0.05
2017,X,BR,85176200,131024,24.04
2017,X,BR,85176990,27236,2.34
2017,X,BR,85177000,50442,10.15
2017,X,BR,85235910,104,0.01
2017,X,BR,85256000,1628,0.24
2017,X,BR,85269180,6534,0.38
2017,X,BR,85269200,1000,0.06
2017,X,BR,85287280,1462,1.02
2017,X,BR,85291065,24,0.01
2017,X,BR,85291095,2336,0.13
2017,X,BR,85299065,1090,0.02
2017,X,BR,85299097,7514,1.14
2017,X,BR,85334090,11594,1.66
2017,X,BR,85361010,4350,7.23
2017,X,BR,85361050,49844,93.44
2017,X,BR,85361090,115753,157.09
2017,X,BR,85365080,6341,2.73
2017,X,BR,85369010,181874,110.88
2017,X,BR,85369095,57,0.04
2017,X,BR,85389099,939522,1468.23
2017,X,BR,85407100,5011,0.05
2017,X,BR,85437001,1710,0.05
2017,X,BR,85471000,1400,0.01
2017,X,BR,85479000,3146,0.23
2017,X,BR,87089993,17602,2.81
2017,X,BR,87089997,139,0.03
2017,X,BR,90041099,27615,3.55
2017,X,BR,90049010,274,0.01
2017,X,BR,90148000,2064,0.25
2017,X,BR,90149000,27703,2.76
2017,X,BR,90151010,63733,3.1
2017,X,BR,90178090,18498,0.32
2017,X,BR,90200000,7092,1.21
2017,X,BR,90262080,520,0.06
2017,X,BR,90268080,4502,0.06
2017,X,BR,90281000,2242,0.24
2017,X,BR,90289090,6987,0.39
2017,X,BR,90318080,3295,0.07
2017,X,BR,90319000,10200,0.1
2017,X,BR,90328900,500,0.02
2017,X,BR,90329000,61037,13.53
2017,X,BR,90330090,1221,0.07
2017,X,BR,92099970,150,0.01
2017,X,BR,94051098,1128,2.26
2017,X,BR,94054099,245,0.01
2017,X,BR,94059190,470,0.05
2017,X,BR,95030035,1917,0.3
2017,X,BR,96039099,41389,1.06
2017,X,BR,96121010,1539,0.4
2017,X,PY,15091020,59326,96.52
2017,X,PY,15100090,3398,12.31
2017,X,PY,20021090,499,0.47
2017,X,PY,20057000,1101,2.13
2017,X,PY,20087061,111620,1519.97
2017,X,PY,20087071,554539,6058.8
2017,X,PY,20087079,3798241,44872.84
2017,X,PY,20087098,30633,367.2
2017,X,PY,20089774,3010,21.14
2017,X,PY,21039090,3326,1.85
2017,X,PY,24012035,352855,693.79
2017,X,PY,25199030,94926,1620.0
2017,X,PY,32141090,508,5.0
2017,X,PY,32149000,9476,155.0
2017,X,PY,32159070,8733,0.78
2017,X,PY,33049900,10581,3.32
2017,X,PY,35061000,790,1.08
2017,X,PY,38245090,21887,100.73
2017,X,PY,49019900,150,0.07
2017,X,PY,56031310,1309,1.92
2017,X,PY,56031390,980,1.4
2017,X,PY,56074919,6800,3.18
2017,X,PY,68109100,9687,284.57
2017,X,PY,68109900,20904,417.03
2017,X,PY,70195100,651,0.64
2017,X,PY,70195900,1929,3.92
2017,X,PY,73089098,171775,1186.9
2017,X,PY,73181499,3034,3.38
2017,X,PY,84212100,1028,1.72
2017,X,PY,84248210,27366,105.88
2017,X,PY,84483200,19093,7.06
2017,X,PY,84669360,210,0.04
2017,X,PY,87083099,257,0.09
2017,X,PY,90262020,850,0.42
2017,X,PY,94054099,3360,4.5
2017,X,UY,08105000,65143,436.8
2017,X,UY,15091020,1555,2.2
2017,X,UY,17049099,5400,8.4
2017,X,UY,18069060,2946,11.62
2017,X,UY,19053219,127358,221.04
2017,X,UY,19053299,80973,236.22
2017,X,UY,19059020,16101,86.02
2017,X,UY,20059980,8886,20.2
2017,X,UY,20079939,1607,11.66
2017,X,UY,20087061,34628,408.0
2017,X,UY,20087071,61503,734.4
2017,X,UY,20087079,44201,550.8
2017,X,UY,22030009,10563,233.28
2017,X,UY,24011060,830825,1961.62
2017,X,UY,24011085,1990971,6721.2
2017,X,UY,24022090,47566,55.16
2017,X,UY,25030010,479278,65000.0
2017,X,UY,25090000,11419,1080.0
2017,X,UY,25199030,16017,270.0
2017,X,UY,27132000,928905,40066.38
2017,X,UY,28170000,69880,420.0
2017,X,UY,30042000,2228,0.63
2017,X,UY,31024010,41715,3000.0
2017,X,UY,32081090,16997,63.78
2017,X,UY,32089091,3532,11.67
2017,X,UY,32099000,2269,0.09
2017,X,UY,32149000,33765,141.69
2017,X,UY,32159020,481,0.16
2017,X,UY,33049900,6480,1.13
2017,X,UY,33074100,2039,2.74
2017,X,UY,34021900,18099,106.83
2017,X,UY,34022090,386,4.15
2017,X,UY,38119000,76464,1.41
2017,X,UY,38245090,22328,398.38
2017,X,UY,39181090,323,0.28
2017,X,UY,39191080,230,0.55
2017,X,UY,39251000,32100,148.79
2017,X,UY,39259080,5667,35.42
2017,X,UY,40139000,746,4.5
2017,X,UY,40161000,12640,28.52
2017,X,UY,41021010,440,0.87
2017,X,UY,48201050,146,0.13
2017,X,UY,48209000,5378,1.47
2017,X,UY,48211010,466,0.14
2017,X,UY,48239085,3830,8.01
2017,X,UY,49011000,234,0.19
2017,X,UY,49019900,4245,3.18
2017,X,UY,49029000,70,0.01
2017,X,UY,49059900,47336,4.67
2017,X,UY,49111090,431,0.12
2017,X,UY,49119900,38,0.5
2017,X,UY,56012110,9895,24.49
2017,X,UY,56074911,2902,10.46
2017,X,UY,56074919,20735,51.01
2017,X,UY,56075019,261,0.53
2017,X,UY,56079090,814,1.8
2017,X,UY,56090000,845,0.97
2017,X,UY,59090090,1430,1.48
2017,X,UY,60029000,41545,61.06
2017,X,UY,61091000,249,0.01
2017,X,UY,62032210,300,0.25
2017,X,UY,62034251,2249,1.5
2017,X,UY,62113210,3984,3.68
2017,X,UY,63023100,319,0.12
2017,X,UY,63079098,211,0.22
2017,X,UY,65061010,117,0.06
2017,X,UY,68022100,65957,690.3
2017,X,UY,68053000,17,0.06
2017,X,UY,68109100,33189,1126.03
2017,X,UY,71131100,15215,0.05
2017,X,UY,73089051,43030,274.6
2017,X,UY,73089098,1383,9.5
2017,X,UY,73121081,409,1.06
2017,X,UY,73121083,3239,6.58
2017,X,UY,73239900,2307,2.5
2017,X,UY,73269098,6540,3.2
2017,X,UY,76041090,1785,6.5
2017,X,UY,76072010,5585,20.14
2017,X,UY,82059090,50321,70.35
2017,X,UY,82129000,62389,13.15
2017,X,UY,84099900,130940,95.13
2017,X,UY,84139200,317,0.6
2017,X,UY,84198998,16179,6.06
2017,X,UY,84212100,99920,46.02
2017,X,UY,84219100,872,1.0
2017,X,UY,84243008,5316,2.35
2017,X,UY,84248210,495185,2304.48
2017,X,UY,84249080,1388,0.7
2017,X,UY,84433900,290,0.17
2017,X,UY,84439199,512,0.1
2017,X,UY,84679900,328,0.08
2017,X,UY,84718000,13972,1.6
2017,X,UY,84733080,5575,0.4
2017,X,UY,85013200,1600,5.39
2017,X,UY,85072020,122404,379.98
2017,X,UY,85079080,13641,3.05
2017,X,UY,85131000,220,0.02
2017,X,UY,85168080,750,0.07
2017,X,UY,85171200,1560,0.14
2017,X,UY,85176200,2370,0.17
2017,X,UY,85176990,540,0.02
2017,X,UY,85177000,30217,1.53
2017,X,UY,85269180,840,0.01
2017,X,UY,85311095,220,0.02
2017,X,UY,85353090,3356,1.9
2017,X,UY,85366990,554,1.8
2017,X,UY,85389099,3818,2.56
2017,X,UY,85392992,625,0.25
2017,X,UY,85429000,2100,0.06
2017,X,UY,87089997,210,0.05
2017,X,UY,87169090,300,1.9
2017,X,UY,90262080,284,0.01
2017,X,UY,90269000,449,0.2
2017,X,UY,90329000,561,0.57
2017,X,UY,94051098,4212,0.96
2017,X,UY,94054010,5951,1.41
2017,X,UY,95049080,360,1.5
2017,X,UY,95069990,3622,25.0
2017,X,UY,96121020,699,0.18
2018,X,AR,14019000,12227,107.65
2018,X,AR,19053219,58647,112.2
2018,X,AR,19053299,21764,68.16
2018,X,AR,20079950,364877,7144.0
2018,X,AR,20087079,14024,183.6
2018,X,AR,25081000,56,57.25
2018,X,AR,25199030,85641,1420.0
2018,X,AR,27101921,2672,40.0
2018,X,AR,27101943,16238381,322703.7
2018,X,AR,27132000,9457787,274741.4
2018,X,AR,30045000,26817,2.25
2018,X,AR,30049000,60299,2.59
2018,X,AR,30064000,59515,2.5
2018,X,AR,32089091,17330,64.23
2018,X,AR,32149000,207,2.2
2018,X,AR,32159070,10817,1.98
2018,X,AR,34022090,91471,175.1
2018,X,AR,34029010,11850,790.0
2018,X,AR,35061000,117,0.16
2018,X,AR,35079090,3360,1.75
2018,X,AR,38089250,391641,127.65
2018,X,AR,38089327,374568,320.0
2018,X,AR,38160000,45480,1200.0
2018,X,AR,38220000,380,0.03
2018,X,AR,39191012,33467,60.41
2018,X,AR,39191015,17456,67.65
2018,X,AR,39199080,12420,32.78
2018,X,AR,40082190,437,0.13
2018,X,AR,40082900,99,0.01
2018,X,AR,40161000,115983,267.04
2018,X,AR,48114120,38369,104.03
2018,X,AR,48114190,2911,9.58
2018,X,AR,49019900,239378,250.99
2018,X,AR,49029000,2358,0.2
2018,X,AR,49059900,2881,0.56
2018,X,AR,49111090,1607,0.05
2018,X,AR,56031310,140,0.2
2018,X,AR,56074919,41110,117.35
2018,X,AR,58062000,1694,0.3
2018,X,AR,62113210,400,0.18
2018,X,AR,62113310,6258,0.9
2018,X,AR,63072000,5630,0.91
2018,X,AR,64035199,381,0.01
2018,X,AR,64041990,185,0.01
2018,X,AR,68022100,50376,946.1
2018,X,AR,68029100,125403,1191.6
2018,X,AR,68109100,409602,10836.05
2018,X,AR,68159900,117722,3242.74
2018,X,AR,70139900,630,0.04
2018,X,AR,70194000,2450,1.8
2018,X,AR,70195100,95,0.09
2018,X,AR,71179000,1485,0.03
2018,X,AR,73089059,75614,363.83
2018,X,AR,73089098,89812,545.05
2018,X,AR,73181499,8768,11.05
2018,X,AR,73239300,10037,12.0
2018,X,AR,73269098,1150,0.07
2018,X,AR,76061292,4737,17.06
2018,X,AR,76061293,540571,1575.97
2018,X,AR,76061299,252245,772.78
2018,X,AR,76071190,61937,194.9
2018,X,AR,76109090,470,1.66
2018,X,AR,83099090,262322,1025.75
2018,X,AR,84099900,211018,76.15
2018,X,AR,84123900,8019,1.95
2018,X,AR,84137035,40500,16.9
2018,X,AR,84137089,2491,0.65
2018,X,AR,84138100,13500,5.88
2018,X,AR,84145995,15648,1.4
2018,X,AR,84191900,25500,95.0
2018,X,AR,84199085,32757,88.18
2018,X,AR,84213985,7877,1.19
2018,X,AR,84243008,6247,1.9
2018,X,AR,84248210,138811,586.65
2018,X,AR,84249080,34105,32.92
2018,X,AR,84389000,21864,22.25
2018,X,AR,84425000,2460,2.0
2018,X,AR,84433210,94589,10.5
2018,X,AR,84439191,302,0.8
2018,X,AR,84439199,2360,0.01
2018,X,AR,84439990,2750,0.04
2018,X,AR,84483200,37897,13.43
2018,X,AR,84659190,13300,20.0
2018,X,AR,84733080,150,0.01
2018,X,AR,84789000,200232,229.6
2018,X,AR,84799070,1300,0.01
2018,X,AR,84804900,20334,12.37
2018,X,AR,84818099,11009,1.9
2018,X,AR,84819000,417,0.02
2018,X,AR,84834051,3950,0.28
2018,X,AR,84836080,488,0.01
2018,X,AR,85011010,9600,1.9
2018,X,AR,85024000,127450,115.0
2018,X,AR,85044030,620,0.14
2018,X,AR,85044055,3241,0.15
2018,X,AR,85044090,488,0.55
2018,X,AR,85087000,767,0.12
2018,X,AR,85176200,194436,18.9
2018,X,AR,85234990,680,0.56
2018,X,AR,85238090,259,0.17
2018,X,AR,85256000,2249,0.07
2018,X,AR,85269120,1280,0.05
2018,X,AR,85291031,5975,0.07
2018,X,AR,85299097,743,0.02
2018,X,AR,85311030,1934,0.05
2018,X,AR,85319000,457,0.4
2018,X,AR,85354000,1520,0.26
2018,X,AR,85359000,15426,2.91
2018,X,AR,85369010,256,0.01
2018,X,AR,85389019,1267,0.17
2018,X,AR,85389099,29058,8.51
2018,X,AR,85439000,418,0.02
2018,X,AR,85447000,3000,14.5
2018,X,AR,90268080,5590,0.08
2018,X,AR,90278011,11678,0.41
2018,X,AR,90278017,1177,0.18
2018,X,AR,90282000,664300,192.99
2018,X,AR,90289010,295,0.02
2018,X,AR,90289090,527,0.04
2018,X,AR,90309000,6462,0.2
2018,X,AR,90328900,4718,0.09
2018,X,AR,90329000,2841,2.05
2018,X,AR,95030069,35,0.01
2018,X,AR,96033010,18091,0.9
2018,X,AR,96140010,6996,1.3
2018,X,BO,20087061,125468,1322.09
2018,X,BO,20087071,610295,6556.64
2018,X,BO,20087079,65653,810.0
2018,X,BO,20089774,73496,550.8
2018,X,BO,27101921,4742,66.53
2018,X,BO,34070000,8325,19.83
2018,X,BO,38220000,1756,0.6
2018,X,BO,39235010,13529,8.94
2018,X,BO,40082900,150,0.02
2018,X,BO,40169997,1690,0.19
2018,X,BO,48196000,125,0.25
2018,X,BO,48211090,1629,0.11
2018,X,BO,49019900,41942,48.97
2018,X,BO,54077300,280,0.06
2018,X,BO,56012110,8927,15.22
2018,X,BO,60063200,242,0.08
2018,X,BO,76072010,20735,76.52
2018,X,BO,84191900,15106,47.74
2018,X,BO,84281020,18389,55.0
2018,X,BO,84313100,5117,1.1
2018,X,BO,85395000,7640,1.65
2018,X,BO,87089997,30682,735.49
2018,X,BO,90283019,47070,8.87
2018,X,BO,90289010,1751,0.39
2018,X,BR,05119939,506,0.02
2018,X,BR,11010015,72450,1610.0
2018,X,BR,13021970,900,0.39
2018,X,BR,15091020,2699973,4981.41
2018,X,BR,15091080,124320,83.73
2018,X,BR,15099000,1050,0.25
2018,X,BR,15152990,5040,14.4
2018,X,BR,17029095,220,0.25
2018,X,BR,20019065,9911,27.36
2018,X,BR,20057000,217838,526.47
2018,X,BR,20059980,4866,10.15
2018,X,BR,20079997,1348,3.1
2018,X,BR,20085071,63626,417.79
2018,X,BR,20085079,21470,137.81
2018,X,BR,20087071,210007,1700.6
2018,X,BR,20087079,150969,1220.82
2018,X,BR,20087098,48838,449.24
2018,X,BR,21032000,371,1.16
2018,X,BR,21039090,5991,4.22
2018,X,BR,21069098,3432,5.75
2018,X,BR,22042138,2766,4.24
2018,X,BR,22042178,23162,59.96
2018,X,BR,22042179,42334,80.5
2018,X,BR,22042180,45533,87.45
2018,X,BR,22042183,9994,41.54
2018,X,BR,22042184,7140,34.33
2018,X,BR,22042190,2580,9.54
2018,X,BR,22082029,2550,4.2
2018,X,BR,22089041,1440,4.2
2018,X,BR,25151100,13202,259.79
2018,X,BR,25199030,1227334,20470.0
2018,X,BR,25199090,8850,200.0
2018,X,BR,25231000,7364213,2767950.03
2018,X,BR,27101211,58605412,1188813.12
2018,X,BR,27101921,9050,111.52
2018,X,BR,27101968,17204514,449702.15
2018,X,BR,27111391,63200,210.62
2018,X,BR,27111397,17750,87.55
2018,X,BR,28365000,133688,14310.0
2018,X,BR,29054900,300,0.25
2018,X,BR,29181500,70,0.25
2018,X,BR,29329900,4041,0.04
2018,X,BR,29362400,9600,3.0
2018,X,BR,30033900,1279,0.4
2018,X,BR,30042000,1189891,72.55
2018,X,BR,30049000,824476,192.35
2018,X,BR,31055900,3678,214.6
2018,X,BR,32041700,372785,1095.26
2018,X,BR,32061900,2385,0.69
2018,X,BR,32089091,239505,708.71
2018,X,BR,32089099,86672,192.15
2018,X,BR,32099000,46288,144.96
2018,X,BR,32149000,53110,932.8
2018,X,BR,32151900,3926,1.14
2018,X,BR,32159020,2357,0.45
2018,X,BR,32159070,3079,0.28
2018,X,BR,33029090,3276,1.02
2018,X,BR,33030010,3858,1.58
2018,X,BR,33049900,21711,8.39
2018,X,BR,34021190,2140,15.4
2018,X,BR,34029010,5169,0.35
2018,X,BR,35069900,2750,0.93
2018,X,BR,38140090,15948,73.44
2018,X,BR,38245090,20158,225.14
2018,X,BR,38249915,97855,9960.0
2018,X,BR,38249996,2216,270.0
2018,X,BR,39021000,765399,5966.74
2018,X,BR,39032000,512080,1965.33
2018,X,BR,39039090,253293,972.94
2018,X,BR,39072011,130433,86.54
2018,X,BR,39079980,1348,3.0
2018,X,BR,39139000,5648,0.06
2018,X,BR,39173900,33,0.01
2018,X,BR,39199080,28742,145.87
2018,X,BR,39201040,6129,31.24
2018,X,BR,39201089,39800,198.86
2018,X,BR,39203000,81957,235.25
2018,X,BR,39206219,21486,103.78
2018,X,BR,39206290,181431,848.21
2018,X,BR,39231090,26464,48.26
2018,X,BR,39233010,13254,18.46
2018,X,BR,39241000,135700,130.56
2018,X,BR,39269097,369,0.99
2018,X,BR,40030000,288,0.6
2018,X,BR,40169300,319,0.25
2018,X,BR,40169991,2600,0.52
2018,X,BR,42022100,10741,0.13
2018,X,BR,42022210,1458,0.03
2018,X,BR,42022290,2548,0.05
2018,X,BR,42023100,866,0.02
2018,X,BR,42023210,3526,5.23
2018,X,BR,42029211,238,0.02
2018,X,BR,42032910,2206,1.25
2018,X,BR,42033000,274,0.01
2018,X,BR,44201019,242,0.1
2018,X,BR,44209099,65,0.01
2018,X,BR,48183000,15743,23.09
2018,X,BR,48192000,1011,1.99
2018,X,BR,48209000,1123,0.35
2018,X,BR,48211010,497,0.14
2018,X,BR,48211090,61,0.06
2018,X,BR,49019900,188579,233.53
2018,X,BR,49029000,3719,0.5
2018,X,BR,49059100,438,0.2
2018,X,BR,49059900,129186,19.1
2018,X,BR,49060000,1613,0.4
2018,X,BR,49100000,80,0.06
2018,X,BR,49111010,329,0.9
2018,X,BR,49111090,10360,8.09
2018,X,BR,49119900,25514,2.69
2018,X,BR,52083900,50983,18.95
2018,X,BR,53091900,6025,1.97
2018,X,BR,54021100,13,0.01
2018,X,BR,54076130,612,0.09
2018,X,BR,54079200,1894,2.15
2018,X,BR,56031310,11836,17.74
2018,X,BR,56031390,4959,5.0
2018,X,BR,56074911,9410,25.32
2018,X,BR,56074919,28944,92.35
2018,X,BR,56075011,3648,8.4
2018,X,BR,56075019,650,1.2
2018,X,BR,57031000,40928,27.03
2018,X,BR,60029000,752,0.96
2018,X,BR,60052200,327,0.17
2018,X,BR,60053700,23409,7.07
2018,X,BR,60063400,2700,0.57
2018,X,BR,61033200,43,0.01
2018,X,BR,61034200,666,0.04
2018,X,BR,61034300,1500,0.01
2018,X,BR,61044400,618,0.01
2018,X,BR,61044900,1411,0.01
2018,X,BR,61045200,802,0.01
2018,X,BR,61051000,167,0.01
2018,X,BR,61061000,199,0.01
2018,X,BR,61091000,438,0.03
2018,X,BR,61101110,164,0.01
2018,X,BR,61101130,691,0.01
2018,X,BR,61102099,632,0.04
2018,X,BR,61109090,101,0.01
2018,X,BR,61112090,133,0.03
2018,X,BR,61130010,552,0.12
2018,X,BR,61130090,930,0.12
2018,X,BR,61149000,1180,0.14
2018,X,BR,62029300,476,0.05
2018,X,BR,62029900,1815,0.01
2018,X,BR,62032210,1203,0.4
2018,X,BR,62033100,2572,0.04
2018,X,BR,62034211,2020,2.3
2018,X,BR,62034231,1163,0.07
2018,X,BR,62034235,104,0.01
2018,X,BR,62034251,2108,0.4
2018,X,BR,62034290,36,0.01
2018,X,BR,62044200,1129,0.01
2018,X,BR,62044300,65,0.01
2018,X,BR,62044400,2225,0.03
2018,X,BR,62044990,2800,0.03
2018,X,BR,62045300,601,0.01
2018,X,BR,62045990,788,0.02
2018,X,BR,62061000,1528,0.02
2018,X,BR,62063000,721,0.03
2018,X,BR,62092000,163,0.02
2018,X,BR,62093000,47,0.01
2018,X,BR,62111100,194,0.01
2018,X,BR,62113210,11787,5.55
2018,X,BR,62113310,2407,1.19
2018,X,BR,62151000,289,0.03
2018,X,BR,63071090,510,0.21
2018,X,BR,63079098,7299,3.31
2018,X,BR,63109000,8096,231.3
2018,X,BR,64029998,681,0.01
2018,X,BR,64031900,579,0.04
2018,X,BR,64034000,225,0.07
2018,X,BR,64035199,1223,0.04
2018,X,BR,64035999,2396,0.09
2018,X,BR,64039196,177,0.02
2018,X,BR,64039198,315,0.02
2018,X,BR,64039936,345,0.02
2018,X,BR,64039938,1105,0.09
2018,X,BR,64039996,1191,0.07
2018,X,BR,64039998,1547,0.06
2018,X,BR,64041100,577,0.03
2018,X,BR,64041990,1225,0.06
2018,X,BR,64059010,820,0.39
2018,X,BR,65040000,395,0.02
2018,X,BR,65050030,473,0.14
2018,X,BR,68022100,1950811,28986.33
2018,X,BR,68029100,291909,5513.19
2018,X,BR,68109100,173468,4789.52
2018,X,BR,68151090,114,0.06
2018,X,BR,68159900,76507,2438.17
2018,X,BR,69022099,6885,271.3
2018,X,BR,69139098,1530,0.03
2018,X,BR,70195100,14263,15.58
2018,X,BR,70195900,10716,25.61
2018,X,BR,71131100,4542,0.02
2018,X,BR,71131900,4166,0.01
2018,X,BR,71171900,157,0.01
2018,X,BR,71179000,445,0.1
2018,X,BR,73110011,104,0.02
2018,X,BR,73121083,371,0.45
2018,X,BR,73158200,388,0.18
2018,X,BR,73181499,21720,26.25
2018,X,BR,73211190,1720,0.8
2018,X,BR,73239900,255,1.2
2018,X,BR,73241000,4885,5.45
2018,X,BR,73262000,1080,0.97
2018,X,BR,74130000,641,0.51
2018,X,BR,76042990,133,0.12
2018,X,BR,76061292,50547,184.87
2018,X,BR,76061293,29648,88.41
2018,X,BR,76061299,93655,271.96
2018,X,BR,76071190,844568,2225.38
2018,X,BR,76072010,86511,329.62
2018,X,BR,76101000,18919,88.62
2018,X,BR,76169910,5000,0.2
2018,X,BR,76169990,4555,8.39
2018,X,BR,82023100,45358,58.07
2018,X,BR,82059090,21384,15.0
2018,X,BR,82071300,2350,1.47
2018,X,BR,82079030,1028,0.17
2018,X,BR,82089000,912,0.01
2018,X,BR,82122000,182463,47.67
2018,X,BR,82129000,1462848,464.8
2018,X,BR,83024110,317,0.26
2018,X,BR,83099090,119793,630.1
2018,X,BR,83100000,723,0.22
2018,X,BR,84021990,956,0.01
2018,X,BR,84099900,907488,309.66
2018,X,BR,84132000,60,0.04
2018,X,BR,84137035,39710,9.3
2018,X,BR,84145995,461,0.28
2018,X,BR,84148051,6744,1.2
2018,X,BR,84148080,645,1.0
2018,X,BR,84193100,19060,23.65
2018,X,BR,84199085,4930,1.29
2018,X,BR,84212100,45074,23.6
2018,X,BR,84212300,398,0.18
2018,X,BR,84213100,3446,1.25
2018,X,BR,84224000,705577,49.3
2018,X,BR,84229090,49150,0.37
2018,X,BR,84242000,4437,0.9
2018,X,BR,84248210,410913,1987.4
2018,X,BR,84339000,7540,1.3
2018,X,BR,84381010,230000,105.56
2018,X,BR,84433100,243,0.05
2018,X,BR,84433900,567,0.35
2018,X,BR,84439990,6342,0.48
2018,X,BR,84483200,1104300,661.6
2018,X,BR,84562000,8617,0.7
2018,X,BR,84633000,275000,222.15
2018,X,BR,84669360,820,0.08
2018,X,BR,84669400,64742,0.52
2018,X,BR,84671900,720,0.04
2018,X,BR,84713000,1636,0.05
2018,X,BR,84715000,1596,0.17
2018,X,BR,84718000,8509,1.61
2018,X,BR,84719000,836,0.65
2018,X,BR,84733080,12482,0.44
2018,X,BR,84735080,1851,0.94
2018,X,BR,84779080,284094,26.22
2018,X,BR,84781000,379932,10.2
2018,X,BR,84798200,33735,4.03
2018,X,BR,84798997,1528419,96.11
2018,X,BR,84799070,1854,0.9
2018,X,BR,84807100,174366,104.97
2018,X,BR,84818059,228,0.01
2018,X,BR,85012000,49,0.04
2018,X,BR,85013100,5355,8.0
2018,X,BR,85015100,360,0.6
2018,X,BR,85015290,7775,8.0
2018,X,BR,85016180,780,0.65
2018,X,BR,85030099,3986,1.5
2018,X,BR,85044030,105,0.04
2018,X,BR,85044055,2472,0.46
2018,X,BR,85044090,1040,0.08
2018,X,BR,85049018,981,0.08
2018,X,BR,85065090,749,0.01
2018,X,BR,85078000,193,0.15
2018,X,BR,85081100,3427,0.8
2018,X,BR,85131000,395,0.05
2018,X,BR,85159080,6299,0.65
2018,X,BR,85168080,420,0.36
2018,X,BR,85171200,336,0.01
2018,X,BR,85176200,365044,43.65
2018,X,BR,85176920,1892,0.4
2018,X,BR,85176930,2590,0.21
2018,X,BR,85176990,86612,8.08
2018,X,BR,85177000,17527,1.0
2018,X,BR,85256000,24683,0.46
2018,X,BR,85269180,18346,1.24
2018,X,BR,85269200,1000,0.14
2018,X,BR,85284200,135,0.06
2018,X,BR,85291095,570,0.1
2018,X,BR,85299097,19306,1.79
2018,X,BR,85311030,10695,2.8
2018,X,BR,85311095,5139,0.79
2018,X,BR,85319000,1753,0.09
2018,X,BR,85334090,8264,1.03
2018,X,BR,85354000,33062,5.5
2018,X,BR,85361010,1849,3.03
2018,X,BR,85361050,44801,81.78
2018,X,BR,85361090,172062,210.35
2018,X,BR,85363090,3963,0.48
2018,X,BR,85369010,162756,97.79
2018,X,BR,85371010,80002,1.92
2018,X,BR,85389091,2869,0.25
2018,X,BR,85389099,161810,239.9
2018,X,BR,85391000,1240,0.75
2018,X,BR,85407100,6011,0.15
2018,X,BR,85444290,1499,0.9
2018,X,BR,85479000,578,0.05
2018,X,BR,87089993,10450,1.58
2018,X,BR,88021100,22555,8.15
2018,X,BR,88033000,218,0.01
2018,X,BR,90041099,16398,0.6
2018,X,BR,90049010,132,0.01
2018,X,BR,90141000,650,0.27
2018,X,BR,90148000,7133,0.48
2018,X,BR,90149000,570,0.01
2018,X,BR,90200000,641,0.34
2018,X,BR,90230080,920,0.18
2018,X,BR,90251980,332,0.05
2018,X,BR,90258040,32358,0.25
2018,X,BR,90258080,39466,3.8
2018,X,BR,90259000,410,0.22
2018,X,BR,90262020,783,0.01
2018,X,BR,90268020,4132,1.35
2018,X,BR,90269000,3701,0.23
2018,X,BR,90271010,1225,0.16
2018,X,BR,90283090,960,0.02
2018,X,BR,90289090,18884,1.16
2018,X,BR,90318080,150324,1.8
2018,X,BR,90329000,9983,2.24
2018,X,BR,94017900,22719,22.58
2018,X,BR,94054039,1512,0.11
2018,X,BR,94054099,90250,14.46
2018,X,BR,95073000,842,0.13
2018,X,BR,96110000,1029,0.25
2018,X,BR,97011000,1121,0.41
2018,X,PY,15091020,76032,125.78
2018,X,PY,15100090,10195,29.18
2018,X,PY,20057000,11751,23.56
2018,X,PY,20087071,49293,688.5
2018,X,PY,20087079,2583431,32653.11
2018,X,PY,20087098,31392,367.2
2018,X,PY,20089774,1021,7.87
2018,X,PY,21039090,475,0.26
2018,X,PY,25090000,19162,1890.0
2018,X,PY,30049000,70309,10.27
2018,X,PY,32149000,10246,184.75
2018,X,PY,32159070,2612,0.59
2018,X,PY,38099100,124,0.04
2018,X,PY,38245090,30900,81.83
2018,X,PY,48115900,42,0.01
2018,X,PY,49019900,5824,2.54
2018,X,PY,56031310,7423,10.95
2018,X,PY,56081930,75297,266.55
2018,X,PY,68109100,49654,1467.07
2018,X,PY,69149000,29,1.61
2018,X,PY,70195100,2089,2.13
2018,X,PY,70195900,1759,3.04
2018,X,PY,73089098,34901,234.8
2018,X,PY,73181499,2085,2.82
2018,X,PY,82129000,71767,32.88
2018,X,PY,84248210,66773,270.57
2018,X,PY,84248970,96,0.03
2018,X,PY,84483200,21070,16.17
2018,X,UY,04069032,5979,7.92
2018,X,UY,04069092,2442,1.76
2018,X,UY,08105000,26434,228.8
2018,X,UY,15091080,1555,2.2
2018,X,UY,17049099,1823,2.88
2018,X,UY,18069060,321,0.96
2018,X,UY,19053219,111006,190.65
2018,X,UY,19053299,49739,152.85
2018,X,UY,20057000,33076,84.25
2018,X,UY,20059980,2879,4.84
2018,X,UY,21069098,39375,68.32
2018,X,UY,22030001,38,0.32
2018,X,UY,22030009,31689,699.84
2018,X,UY,22060039,38,0.32
2018,X,UY,24011035,56644,177.01
2018,X,UY,24011060,765132,1455.09
2018,X,UY,24011085,1596263,5261.89
2018,X,UY,24022090,17822,21.0
2018,X,UY,25030010,709748,57328.51
2018,X,UY,25090000,19591,1890.0
2018,X,UY,26180000,2340,260.0
2018,X,UY,30042000,778,0.14
2018,X,UY,30049000,750,0.04
2018,X,UY,30065000,855,0.2
2018,X,UY,32081090,9101,35.98
2018,X,UY,32089019,2389,3.65
2018,X,UY,32089091,2448,7.1
2018,X,UY,32091000,406,4.44
2018,X,UY,32149000,20743,135.05
2018,X,UY,32151100,780,0.18
2018,X,UY,32159020,2591,0.59
2018,X,UY,33029090,1820,0.02
2018,X,UY,33049900,4786,0.69
2018,X,UY,34022020,303,2.55
2018,X,UY,34022090,4071,20.07
2018,X,UY,38119000,20209,1.26
2018,X,UY,38220000,222,0.01
2018,X,UY,38245090,4560,144.75
2018,X,UY,39172900,507,1.5
2018,X,UY,39191012,468,1.13
2018,X,UY,39201040,20277,79.68
2018,X,UY,39201089,17737,69.55
2018,X,UY,39231090,53,0.06
2018,X,UY,39233010,302,0.3
2018,X,UY,39261000,1964,1.45
2018,X,UY,39262000,675,0.75
2018,X,UY,39269097,2109,3.75
2018,X,UY,40040000,7649,611.9
2018,X,UY,40091200,12295,10.2
2018,X,UY,40103900,845,0.85
2018,X,UY,40161000,34906,79.26
2018,X,UY,48201050,6135,0.66
2018,X,UY,48209000,474,0.14
2018,X,UY,48211010,308,0.1
2018,X,UY,48239085,4184,9.1
2018,X,UY,49019900,22893,16.25
2018,X,UY,49059900,1161,0.15
2018,X,UY,49111090,259,0.1
2018,X,UY,56074911,4954,13.79
2018,X,UY,56090000,1670,3.02
2018,X,UY,59090090,761,1.34
2018,X,UY,59119099,254,0.05
2018,X,UY,60029000,41135,60.16
2018,X,UY,61113010,15,0.01
2018,X,UY,62032210,17597,2.8
2018,X,UY,62033210,171,0.03
2018,X,UY,62034911,33,0.02
2018,X,UY,62113210,7783,8.06
2018,X,UY,63014090,273,0.35
2018,X,UY,63053390,5665,3.12
2018,X,UY,63072000,216,0.06
2018,X,UY,63101000,1368,20.0
2018,X,UY,64034000,1084,0.98
2018,X,UY,64039938,145,0.01
2018,X,UY,68109100,94696,3911.5
2018,X,UY,72109030,11381,50.03
2018,X,UY,73089051,17564,104.1
2018,X,UY,73089098,1694,10.9
2018,X,UY,73121083,2789,6.5
2018,X,UY,73181595,174,0.15
2018,X,UY,74122000,1094,0.98
2018,X,UY,76169990,2011,0.98
2018,X,UY,82041200,422,0.04
2018,X,UY,82059090,66218,70.0
2018,X,UY,84099900,135857,65.41
2018,X,UY,84144010,314,0.25
2018,X,UY,84198120,16775,3.6
2018,X,UY,84213100,366,1.25
2018,X,UY,84248210,17207,105.45
2018,X,UY,84349000,1134,0.09
2018,X,UY,84663000,539,0.34
2018,X,UY,84718000,900,0.06
2018,X,UY,84733080,9352,1.25
2018,X,UY,84781000,94300,62.47
2018,X,UY,84789000,640,0.15
2018,X,UY,84818011,175,0.05
2018,X,UY,85011010,600,0.18
2018,X,UY,85071020,1442,1.7
2018,X,UY,85071080,521,1.0
2018,X,UY,85072020,295703,1048.89
2018,X,UY,85074000,888,0.02
2018,X,UY,85078000,1515,0.06
2018,X,UY,85079080,7362,1.9
2018,X,UY,85131000,1385,0.11
2018,X,UY,85176990,6472,0.31
2018,X,UY,85177000,2068,0.69
2018,X,UY,85256000,7427,0.41
2018,X,UY,85269180,530,0.02
2018,X,UY,85299097,528,0.01
2018,X,UY,85311095,162,0.01
2018,X,UY,85312040,79,0.01
2018,X,UY,85319000,2644,0.04
2018,X,UY,85364900,430,0.01
2018,X,UY,85389099,3092,1.11
2018,X,UY,85391000,1505,0.67
2018,X,UY,85407100,660,0.01
2018,X,UY,85444290,249,0.1
2018,X,UY,90149000,673,0.06
2018,X,UY,90278017,60,0.01
2018,X,UY,94034010,21255,108.54
2019,X,AR,04031031,3386,12.04
2019,X,AR,04031039,1734,6.04
2019,X,AR,04031053,4476,12.84
2019,X,AR,08105000,26473,205.92
2019,X,AR,14019000,10998,109.98
2019,X,AR,19053219,36246,53.94
2019,X,AR,20019097,109431,420.0
2019,X,AR,20089999,9,0.16
2019,X,AR,25081000,13,12.0
2019,X,AR,25174100,951,150.0
2019,X,AR,25199030,55717,910.0
2019,X,AR,30045000,152892,5.6
2019,X,AR,30059099,188,0.01
2019,X,AR,30061010,19764,1.49
2019,X,AR,30061030,1988,0.01
2019,X,AR,30064000,34765,1.4
2019,X,AR,32089091,43499,146.4
2019,X,AR,32151900,496,0.2
2019,X,AR,32159070,3235,0.17
2019,X,AR,34029090,286,0.11
2019,X,AR,34070000,5700,7.4
2019,X,AR,35079090,5040,2.4
2019,X,AR,38089250,244323,85.1
2019,X,AR,38160000,6604,240.0
2019,X,AR,38220000,8213,1.05
2019,X,AR,38249996,4934,630.0
2019,X,AR,39191012,30801,55.05
2019,X,AR,39191015,11737,45.1
2019,X,AR,39199080,3348,8.3
2019,X,AR,39201089,42489,179.48
2019,X,AR,39269097,1427,0.6
2019,X,AR,40082190,85,0.01
2019,X,AR,40161000,131512,313.11
2019,X,AR,40169997,515,0.04
2019,X,AR,48114120,56528,152.54
2019,X,AR,48209000,612,0.08
2019,X,AR,49019900,46524,40.7
2019,X,AR,49059900,6876,1.19
2019,X,AR,49060000,450,1.46
2019,X,AR,49119900,1207,0.16
2019,X,AR,56031310,1056,1.52
2019,X,AR,56074100,4162,2.4
2019,X,AR,56074919,17950,47.15
2019,X,AR,56075011,16038,37.08
2019,X,AR,56079090,35245,64.0
2019,X,AR,56081930,29830,88.27
2019,X,AR,62032210,6412,9.1
2019,X,AR,62113210,898,0.58
2019,X,AR,64039938,125,0.01
2019,X,AR,68022100,167516,2839.5
2019,X,AR,68029100,246172,3527.2
2019,X,AR,68109100,290594,11541.19
2019,X,AR,68159900,43018,1202.48
2019,X,AR,70194000,4150,1.28
2019,X,AR,70195100,133,0.14
2019,X,AR,70195900,1230,3.36
2019,X,AR,71171900,598,0.03
2019,X,AR,73121020,15268,22.44
2019,X,AR,73181499,280,0.39
2019,X,AR,73181595,19277,70.18
2019,X,AR,73259990,195,0.4
2019,X,AR,76061293,127735,372.01
2019,X,AR,76061299,74737,223.66
2019,X,AR,82055980,40000,3.0
2019,X,AR,82079099,3077,6.65
2019,X,AR,84072900,1560,2.5
2019,X,AR,84099900,443286,228.86
2019,X,AR,84137035,13028,6.0
2019,X,AR,84138100,6130,6.0
2019,X,AR,84191900,38707,107.42
2019,X,AR,84224000,15659,3.9
2019,X,AR,84243001,3009,0.2
2019,X,AR,84244990,5100,0.65
2019,X,AR,84248210,19727,88.11
2019,X,AR,84248970,3712,0.59
2019,X,AR,84249080,5813,0.55
2019,X,AR,84283300,7038,2.8
2019,X,AR,84313100,1953,0.02
2019,X,AR,84328000,500,0.02
2019,X,AR,84385000,163708,62.0
2019,X,AR,84433210,5918,0.73
2019,X,AR,84439990,2786,0.07
2019,X,AR,84483200,53736,10.76
2019,X,AR,84485190,508,0.01
2019,X,AR,84562000,5814,0.27
2019,X,AR,84713000,25202,1.05
2019,X,AR,84714100,6000,0.45
2019,X,AR,84717050,614,0.07
2019,X,AR,84733080,170,0.15
2019,X,AR,84735080,4445,0.06
2019,X,AR,84789000,204327,157.65
2019,X,AR,84798997,1302,0.06
2019,X,AR,84799070,5,0.4
2019,X,AR,84819000,4509,0.18
2019,X,AR,84879090,439031,187.25
2019,X,AR,85013100,276,0.03
2019,X,AR,85030099,76,0.12
2019,X,AR,85072020,141042,396.18
2019,X,AR,85072080,1614,3.41
2019,X,AR,85079080,3264,8.34
2019,X,AR,85098000,1350,0.06
2019,X,AR,85176200,3150,0.14
2019,X,AR,85177000,3045,0.25
2019,X,AR,85238090,386,0.41
2019,X,AR,85269200,20923,0.25
2019,X,AR,85291031,13900,0.35
2019,X,AR,85299097,1225,0.01
2019,X,AR,85334090,400,0.12
2019,X,AR,85361090,1116,0.67
2019,X,AR,85362010,2600,0.13
2019,X,AR,85363010,480,0.01
2019,X,AR,85363090,1990,0.21
2019,X,AR,85364900,440,0.01
2019,X,AR,85366990,156,0.08
2019,X,AR,85371098,288192,20.05
2019,X,AR,85372091,660,0.11
2019,X,AR,85389099,617,0.08
2019,X,AR,85407100,1735,0.02
2019,X,AR,85444995,2555,2.16
2019,X,AR,87141090,125,0.01
2019,X,AR,90148000,1275,0.1
2019,X,AR,90149000,1667,0.08
2019,X,AR,90184990,2363,0.01
2019,X,AR,90283019,1521,0.23
2019,X,AR,90289010,712,0.01
2019,X,AR,90289090,1300,0.01
2019,X,AR,90291000,650,0.01
2019,X,AR,90309000,600,0.02
2019,X,AR,90318080,1650,0.06
2019,X,AR,90319000,1017,0.14
2019,X,AR,90329000,3088,0.66
2019,X,AR,91059100,9655,0.15
2019,X,AR,94032080,3700,2.25
2019,X,AR,94054039,883,0.58
2019,X,AR,96110000,4512,4.0
2019,X,AR,96121020,530,0.2
2019,X,AR,96140090,9144,13.0
2019,X,BO,20087061,68320,748.62
2019,X,BO,20087071,240150,2546.27
2019,X,BO,20089774,23618,177.12
2019,X,BO,27101921,5011,56.01
2019,X,BO,30061090,191,0.01
2019,X,BO,32149000,383,7.05
2019,X,BO,35061000,99,0.13
2019,X,BO,38086100,236847,255.36
2019,X,BO,39235010,14438,9.69
2019,X,BO,40082190,242,0.02
2019,X,BO,42022290,130,0.01
2019,X,BO,48196000,125,0.25
2019,X,BO,49019900,34376,28.73
2019,X,BO,56012110,5830,9.29
2019,X,BO,56031310,71,0.1
2019,X,BO,68109100,9953,217.47
2019,X,BO,70195100,22,0.02
2019,X,BO,70195900,93,0.16
2019,X,BO,73181499,30,0.03
2019,X,BO,76072010,8909,31.8
2019,X,BO,84099100,4311,0.63
2019,X,BO,84099900,3633,0.4
2019,X,BO,84133080,205,0.06
2019,X,BO,84289090,32463,42.55
2019,X,BO,84313100,679,0.01
2019,X,BO,84401040,53500,200.0
2019,X,BO,84483200,5048,4.51
2019,X,BO,84718000,500,0.03
2019,X,BO,84748010,304490,172.35
2019,X,BO,85234910,225,0.13
2019,X,BO,85234990,95,0.1
2019,X,BO,87089997,55760,1531.87
2019,X,BO,90189084,68,0.01
2019,X,BO,90213910,190,0.01
2019,X,BO,90283019,14999,2.07
2019,X,BO,90289010,6545,0.42
2019,X,BR,05119939,759,0.03
2019,X,BR,09109190,22834,106.5
2019,X,BR,11010015,104420,2300.2
2019,X,BR,13019000,3387,0.3
2019,X,BR,15091020,1578695,3390.5
2019,X,BR,15091080,37607,20.24
2019,X,BR,15099000,108864,150.76
2019,X,BR,15152990,5040,14.4
2019,X,BR,17049061,406,0.53
2019,X,BR,18069031,9227,10.52
2019,X,BR,19059080,14,0.05
2019,X,BR,20019065,63278,192.0
2019,X,BR,20057000,314091,752.93
2019,X,BR,20059980,3151,2.5
2019,X,BR,20071010,33467,553.89
2019,X,BR,20079110,2472,4.32
2019,X,BR,20085071,72159,458.51
2019,X,BR,20085079,6497,39.74
2019,X,BR,20087071,240082,1927.62
2019,X,BR,20087079,101197,1135.22
2019,X,BR,20087098,73839,738.11
2019,X,BR,21039090,5719,3.8
2019,X,BR,21069098,82993,119.35
2019,X,BR,22041098,403,0.98
2019,X,BR,22042138,4059,10.69
2019,X,BR,22042178,18954,42.1
2019,X,BR,22042179,52692,110.92
2019,X,BR,22042180,45139,110.5
2019,X,BR,22042181,5913,34.42
2019,X,BR,22042183,3206,19.04
2019,X,BR,22042184,6528,27.79
2019,X,BR,22042284,600,11.92
2019,X,BR,22082029,1992,3.19
2019,X,BR,22089041,1776,6.38
2019,X,BR,22089069,2964,3.52
2019,X,BR,24011060,291145,1004.05
2019,X,BR,25090000,90,20.0
2019,X,BR,25151100,25447,721.54
2019,X,BR,25174100,2735,270.0
2019,X,BR,25199030,1102695,18370.0
2019,X,BR,25231000,4342468,1479000.0
2019,X,BR,25262000,906,20.0
2019,X,BR,25301000,3049,200.0
2019,X,BR,27101211,104705728,2325150.41
2019,X,BR,27101921,26190,366.95
2019,X,BR,27111391,53218,229.73
2019,X,BR,27111397,33550,175.1
2019,X,BR,28365000,239129,22590.0
2019,X,BR,28399000,8631,810.0
2019,X,BR,29329900,14038,0.59
2019,X,BR,29375000,87000,0.01
2019,X,BR,30042000,18163,0.17
2019,X,BR,30049000,2946872,438.06
2019,X,BR,31024010,4532,229.7
2019,X,BR,32030010,555,0.15
2019,X,BR,32041700,295792,744.87
2019,X,BR,32065000,841,1.0
2019,X,BR,32089091,216943,696.83
2019,X,BR,32089099,142685,355.68
2019,X,BR,32091000,295,1.5
2019,X,BR,32149000,31596,602.0
2019,X,BR,32151900,4529,1.38
2019,X,BR,32159020,719,0.05
2019,X,BR,32159070,1466,0.58
2019,X,BR,33049900,26,0.01
2019,X,BR,33079000,20620,8.06
2019,X,BR,34012090,5427,45.56
2019,X,BR,34021190,917,6.6
2019,X,BR,34029090,2737,2.0
2019,X,BR,34070000,4365,12.3
2019,X,BR,37079090,1999,0.2
2019,X,BR,38140090,34322,148.66
2019,X,BR,38220000,1697,0.08
2019,X,BR,38249915,4743,270.0
2019,X,BR,38249996,4179,540.0
2019,X,BR,39011090,29957,178.88
2019,X,BR,39021000,719964,5913.18
2019,X,BR,39031900,4981,27.5
2019,X,BR,39032000,882050,2651.25
2019,X,BR,39039090,172061,780.5
2019,X,BR,39061000,120,0.1
2019,X,BR,39072011,166538,143.46
2019,X,BR,39072099,1546,1.0
2019,X,BR,39076900,358159,7179.4
2019,X,BR,39079980,5814,15.0
2019,X,BR,39100000,16080,3.59
2019,X,BR,39191019,5969,15.0
2019,X,BR,39199080,1558,0.63
2019,X,BR,39201040,96807,376.68
2019,X,BR,39201089,38540,194.48
2019,X,BR,39203000,242734,405.57
2019,X,BR,39206290,163562,734.76
2019,X,BR,39249000,31,0.01
2019,X,BR,39259080,325,0.08
2019,X,BR,39261000,598,0.02
2019,X,BR,39269097,80,0.08
2019,X,BR,40082190,1130,0.13
2019,X,BR,40082900,3900,7.77
2019,X,BR,40091200,12,0.01
2019,X,BR,40159000,230,0.08
2019,X,BR,40169300,170,0.08
2019,X,BR,42022100,5024,0.05
2019,X,BR,42022290,1110,0.02
2019,X,BR,42029219,109,0.01
2019,X,BR,42031000,518,0.01
2019,X,BR,42032910,847,0.97
2019,X,BR,42033000,444,0.02
2019,X,BR,42050090,371,0.01
2019,X,BR,44029000,3456,11.88
2019,X,BR,44219999,1678,2.2
2019,X,BR,48183000,36564,48.36
2019,X,BR,48201090,309,0.12
2019,X,BR,48209000,997,0.26
2019,X,BR,48211010,170,0.04
2019,X,BR,49019900,239533,249.18
2019,X,BR,49029000,2309,0.29
2019,X,BR,49059900,100444,16.68
2019,X,BR,49089000,703,0.42
2019,X,BR,49111090,4313,1.67
2019,X,BR,49119900,45797,7.57
2019,X,BR,53091900,12923,4.61
2019,X,BR,54075100,49204,16.73
2019,X,BR,54079300,40269,20.73
2019,X,BR,56031310,4923,7.2
2019,X,BR,56074911,20957,43.46
2019,X,BR,56074919,14270,35.24
2019,X,BR,56075019,24803,33.86
2019,X,BR,56079090,1964,1.4
2019,X,BR,56081930,110362,379.0
2019,X,BR,56090000,1170,0.4
2019,X,BR,58062000,434,0.08
2019,X,BR,59100000,46470,23.0
2019,X,BR,60029000,38239,61.62
2019,X,BR,61034200,481,0.01
2019,X,BR,61034300,407,0.01
2019,X,BR,61044300,306,0.01
2019,X,BR,61045200,148,0.01
2019,X,BR,61046300,288,0.01
2019,X,BR,61091000,2780,0.24
2019,X,BR,61099090,50,0.02
2019,X,BR,61101130,172,0.01
2019,X,BR,61101190,235,0.01
2019,X,BR,61102091,100,0.02
2019,X,BR,61102099,1240,0.04
2019,X,BR,61103099,819,0.02
2019,X,BR,61109090,468,0.01
2019,X,BR,61112090,50,0.02
2019,X,BR,62021390,306,0.02
2019,X,BR,62029100,169,0.01
2019,X,BR,62029200,112,0.01
2019,X,BR,62029300,1686,0.03
2019,X,BR,62032210,6644,6.5
2019,X,BR,62033210,1240,0.01
2019,X,BR,62033290,1573,0.02
2019,X,BR,62034110,262,0.03
2019,X,BR,62034231,34,0.01
2019,X,BR,62034235,942,0.04
2019,X,BR,62034251,9075,6.1
2019,X,BR,62034290,720,0.01
2019,X,BR,62043919,294,0.01
2019,X,BR,62044200,2417,0.04
2019,X,BR,62044300,2651,0.04
2019,X,BR,62044910,762,0.01
2019,X,BR,62045100,442,0.01
2019,X,BR,62045300,1522,0.03
2019,X,BR,62045990,605,0.01
2019,X,BR,62046239,58,0.01
2019,X,BR,62046251,732,0.19
2019,X,BR,62052000,177,0.02
2019,X,BR,62053000,237,0.01
2019,X,BR,62059010,113,0.01
2019,X,BR,62059080,179,0.01
2019,X,BR,62061000,639,0.01
2019,X,BR,62063000,979,0.03
2019,X,BR,62064000,562,0.02
2019,X,BR,62069090,814,0.02
2019,X,BR,62071100,319,0.01
2019,X,BR,62082100,65,0.01
2019,X,BR,62082200,399,0.01
2019,X,BR,62092000,51,0.01
2019,X,BR,62111100,399,0.03
2019,X,BR,62113210,12963,6.18
2019,X,BR,62113310,2483,0.98
2019,X,BR,62129000,125,0.01
2019,X,BR,62141000,123,0.01
2019,X,BR,62142000,449,0.01
2019,X,BR,62149000,319,0.01
2019,X,BR,62151000,177,0.01
2019,X,BR,62171000,3641,1.17
2019,X,BR,63041910,1284,2.0
2019,X,BR,63079098,324,0.02
2019,X,BR,64032000,2762,2.8
2019,X,BR,64035999,414,0.02
2019,X,BR,64039936,165,0.01
2019,X,BR,64039938,2759,0.19
2019,X,BR,64039996,2871,0.14
2019,X,BR,64039998,5389,0.14
2019,X,BR,64041990,1640,0.07
2019,X,BR,65050030,20,0.01
2019,X,BR,65050090,649,0.05
2019,X,BR,68022100,1535991,20225.21
2019,X,BR,68029100,267995,5491.06
2019,X,BR,68109100,123698,3173.99
2019,X,BR,68138100,333,0.54
2019,X,BR,69139010,149,0.6
2019,X,BR,69139093,1966,4.3
2019,X,BR,70109053,82,0.11
2019,X,BR,70194000,4760,0.8
2019,X,BR,70195100,2585,3.29
2019,X,BR,70195900,4775,10.56
2019,X,BR,71131100,73,0.01
2019,X,BR,71131900,16585,0.01
2019,X,BR,71159000,3200,0.08
2019,X,BR,71171900,1165,0.03
2019,X,BR,73079980,257,0.25
2019,X,BR,73089098,5387,8.53
2019,X,BR,73101000,2568,28.58
2019,X,BR,73121083,3107,6.52
2019,X,BR,73129000,1292,2.9
2019,X,BR,73181499,651,0.8
2019,X,BR,73211900,2079,0.5
2019,X,BR,73219000,1050,0.14
2019,X,BR,73241000,16058,20.01
2019,X,BR,76061292,522074,1939.54
2019,X,BR,76071190,538845,1558.64
2019,X,BR,76072010,247177,890.03
2019,X,BR,76101000,146863,569.8
2019,X,BR,82023100,18888,21.72
2019,X,BR,82055100,28946,82.41
2019,X,BR,82055980,5430,3.2
2019,X,BR,82059090,5501,7.4
2019,X,BR,82060000,757,0.9
2019,X,BR,82071990,2203,0.9
2019,X,BR,82079099,20678,36.32
2019,X,BR,82122000,43260,4.07
2019,X,BR,82129000,1821845,562.9
2019,X,BR,83024900,245,0.58
2019,X,BR,83099090,150419,873.2
2019,X,BR,83100000,5724,1.58
2019,X,BR,84099900,958168,413.35
2019,X,BR,84135080,903,0.41
2019,X,BR,84137035,4220,1.7
2019,X,BR,84139100,3896,0.12
2019,X,BR,84141089,1565,0.93
2019,X,BR,84143089,8260,3.57
2019,X,BR,84148080,1872,0.9
2019,X,BR,84149000,867,0.27
2019,X,BR,84159000,1506,0.65
2019,X,BR,84191900,18393,52.8
2019,X,BR,84195080,4280,1.71
2019,X,BR,84212100,45074,22.8
2019,X,BR,84213100,7106,2.41
2019,X,BR,84219990,809,0.01
2019,X,BR,84229090,5826,0.02
2019,X,BR,84242000,726,0.09
2019,X,BR,84248210,111603,433.37
2019,X,BR,84249080,1490,0.27
2019,X,BR,84313900,6216,3.56
2019,X,BR,84335985,8884,1.08
2019,X,BR,84339000,1160,0.18
2019,X,BR,84433900,20586,3.17
2019,X,BR,84439990,16670,3.24
2019,X,BR,84483200,1981475,1131.38
2019,X,BR,84514000,900,1.0
2019,X,BR,84562000,29316,4.6
2019,X,BR,84669400,3695,0.4
2019,X,BR,84713000,90,0.03
2019,X,BR,84714100,3538,0.47
2019,X,BR,84715000,6839,0.28
2019,X,BR,84717050,271,0.02
2019,X,BR,84718000,935,0.07
2019,X,BR,84719000,5277,1.08
2019,X,BR,84733080,19941,2.61
2019,X,BR,84735080,2825,0.61
2019,X,BR,84798997,3495,3.44
2019,X,BR,84799070,15200,0.06
2019,X,BR,84818099,418,0.55
2019,X,BR,84821010,390,0.09
2019,X,BR,85011099,4515,10.5
2019,X,BR,85012000,1375,0.8
2019,X,BR,85013100,710,1.13
2019,X,BR,85015290,2830,7.01
2019,X,BR,85015381,4280,9.4
2019,X,BR,85044055,2017,0.06
2019,X,BR,85044090,23,0.01
2019,X,BR,85051100,1225,0.04
2019,X,BR,85051990,1330,0.03
2019,X,BR,85072020,33217,138.0
2019,X,BR,85078000,1538,0.46
2019,X,BR,85079080,673,0.56
2019,X,BR,85159020,2016,0.2
2019,X,BR,85176200,98136,15.54
2019,X,BR,85176990,213405,14.26
2019,X,BR,85177000,29613,10.47
2019,X,BR,85219000,9900,0.5
2019,X,BR,85234990,4863,0.03
2019,X,BR,85235190,100,0.01
2019,X,BR,85238090,24587,0.16
2019,X,BR,85256000,1591,0.19
2019,X,BR,85258091,71,0.03
2019,X,BR,85258099,100,0.04
2019,X,BR,85261000,13800,3.82
2019,X,BR,85269180,5818,0.25
2019,X,BR,85269200,2400,0.04
2019,X,BR,85285210,275,0.08
2019,X,BR,85285291,89,0.04
2019,X,BR,85299097,14770,0.83
2019,X,BR,85311030,90913,21.0
2019,X,BR,85311095,9944,0.53
2019,X,BR,85319000,1278,0.04
2019,X,BR,85353090,722,0.12
2019,X,BR,85361010,2980,9.0
2019,X,BR,85361050,42989,70.34
2019,X,BR,85361090,120095,145.67
2019,X,BR,85363090,3737,0.47
2019,X,BR,85364900,110,0.01
2019,X,BR,85369001,1430,0.05
2019,X,BR,85369010,208740,136.14
2019,X,BR,85369095,19204,17.31
2019,X,BR,85371098,11021,0.14
2019,X,BR,85389099,51159,36.77
2019,X,BR,85407100,982,0.13
2019,X,BR,85423990,1705,0.04
2019,X,BR,85442000,3971,3.8
2019,X,BR,86073000,265,0.12
2019,X,BR,87089299,496,0.22
2019,X,BR,87089993,7722,1.17
2019,X,BR,87089997,4257,0.65
2019,X,BR,87141090,85,0.02
2019,X,BR,89079000,5846,4.6
2019,X,BR,90041099,10978,0.7
2019,X,BR,90141000,8000,0.09
2019,X,BR,90148000,3413,0.24
2019,X,BR,90149000,3980,0.28
2019,X,BR,90158020,26449,0.19
2019,X,BR,90158080,37047,0.35
2019,X,BR,90192000,7897,0.03
2019,X,BR,90200000,1179,0.03
2019,X,BR,90251920,395,0.03
2019,X,BR,90258040,140,0.04
2019,X,BR,90258080,13590,4.31
2019,X,BR,90259000,432,0.12
2019,X,BR,90262080,70088,6.08
2019,X,BR,90268020,618,0.3
2019,X,BR,90268080,570,0.04
2019,X,BR,90269000,4567,0.18
2019,X,BR,90271010,696,0.06
2019,X,BR,90271090,904,0.02
2019,X,BR,90278011,13500,0.41
2019,X,BR,90278099,8169,0.21
2019,X,BR,90279050,81,0.01
2019,X,BR,90279080,1836,0.04
2019,X,BR,90289090,22165,2.36
2019,X,BR,90318080,1300,0.21
2019,X,BR,90329000,6142,1.3
2019,X,BR,92099200,76,0.02
2019,X,BR,92099400,319,0.01
2019,X,BR,94016100,1110,1.2
2019,X,BR,94017900,15743,14.17
2019,X,BR,94021000,1486,0.32
2019,X,BR,94051098,2016,0.59
2019,X,BR,94054039,648,0.17
2019,X,BR,94054099,1361,0.08
2019,X,BR,95045000,2487,0.32
2019,X,BR,97030000,1000,0.07
2019,X,PY,15091020,9699,16.21
2019,X,PY,20057000,17098,65.83
2019,X,PY,20086060,5485,10.93
2019,X,PY,20087079,883866,11468.81
2019,X,PY,20087098,12038,148.78
2019,X,PY,24011060,70137,184.12
2019,X,PY,25090000,78854,7560.0
2019,X,PY,25199030,32180,540.0
2019,X,PY,29011000,173,0.18
2019,X,PY,30049000,445407,5622.4
2019,X,PY,32091000,151,0.75
2019,X,PY,32149000,4328,65.6
2019,X,PY,34022090,1300,1.37
2019,X,PY,38119000,3545,0.48
2019,X,PY,38245090,80404,249.03
2019,X,PY,49019900,3019,1.35
2019,X,PY,56031290,204,0.4
2019,X,PY,56031310,3570,5.07
2019,X,PY,56081930,55498,192.36
2019,X,PY,68109100,24823,606.84
2019,X,PY,70195100,2775,2.59
2019,X,PY,70195900,2790,4.8
2019,X,PY,73181499,725,0.86
2019,X,PY,84483200,84603,45.03
2019,X,PY,84562000,3292,0.6
2019,X,PY,85072020,4662,12.45
2019,X,PY,90289010,100,0.02
2019,X,UY,04069032,3769,4.8
2019,X,UY,04069092,2337,1.8
2019,X,UY,07139000,370,1.5
2019,X,UY,08105000,115391,1122.68
2019,X,UY,13019000,1090,1.72
2019,X,UY,15091020,81657,175.49
2019,X,UY,15091080,1392,2.2
2019,X,UY,16024190,101,0.1
2019,X,UY,16041441,259,0.1
2019,X,UY,19053119,189,0.35
2019,X,UY,19053219,85771,137.24
2019,X,UY,19053299,45565,133.04
2019,X,UY,19059020,9659,52.92
2019,X,UY,20021090,63,1.4
2019,X,UY,20057000,25026,69.32
2019,X,UY,20059980,1901,2.87
2019,X,UY,21069098,55484,114.75
2019,X,UY,22030001,11341,125.45
2019,X,UY,22030009,31982,706.32
2019,X,UY,24011060,519513,1122.66
2019,X,UY,24011085,1349687,4455.0
2019,X,UY,24012085,99321,220.71
2019,X,UY,25090000,19066,2160.0
2019,X,UY,30042000,827,0.2
2019,X,UY,30065000,195,0.02
2019,X,UY,32149000,15846,67.2
2019,X,UY,32159020,559,0.1
2019,X,UY,33049900,2924,0.45
2019,X,UY,34022090,559,6.05
2019,X,UY,38029000,17596,462.3
2019,X,UY,38119000,6882,0.67
2019,X,UY,39173100,882,1.6
2019,X,UY,39173900,1045,0.32
2019,X,UY,39199080,490,0.07
2019,X,UY,39201089,22868,99.66
2019,X,UY,39231090,794,0.77
2019,X,UY,39232990,3440,6.84
2019,X,UY,39251000,11880,60.8
2019,X,UY,39259080,47845,332.2
2019,X,UY,39261000,916,1.3
2019,X,UY,39262000,107,0.18
2019,X,UY,40082190,348,0.49
2019,X,UY,40091200,2036,1.1
2019,X,UY,40161000,26854,63.0
2019,X,UY,48115900,6644,20.82
2019,X,UY,48201090,2139,0.64
2019,X,UY,48209000,523,0.17
2019,X,UY,48239085,6257,13.27
2019,X,UY,49019900,4112,3.1
2019,X,UY,49029000,191,0.05
2019,X,UY,49059900,1151,0.4
2019,X,UY,56012110,7738,19.08
2019,X,UY,56074911,4075,8.1
2019,X,UY,56074919,6713,20.8
2019,X,UY,56075019,4544,8.71
2019,X,UY,56090000,2445,3.65
2019,X,UY,59090090,727,0.77
2019,X,UY,60029000,81006,121.12
2019,X,UY,62113210,8823,7.94
2019,X,UY,62113310,2375,2.4
2019,X,UY,62114210,9980,1.9
2019,X,UY,63014090,707,1.2
2019,X,UY,63053390,3440,1.05
2019,X,UY,63072000,877,0.03
2019,X,UY,63101000,907,14.5
2019,X,UY,68022100,23815,240.0
2019,X,UY,68109100,238573,10382.49
2019,X,UY,68138100,2497,1.2
2019,X,UY,71171900,391,0.01
2019,X,UY,72102000,10674,57.35
2019,X,UY,73089051,8802,49.4
2019,X,UY,73089098,8220,51.88
2019,X,UY,73121081,257,0.48
2019,X,UY,73121083,4066,21.94
2019,X,UY,73121085,1610,8.06
2019,X,UY,73259990,2178,1.05
2019,X,UY,74020000,1989,1.6
2019,X,UY,76061293,191467,569.02
2019,X,UY,76061299,90507,276.04
2019,X,UY,76109090,122,0.1
2019,X,UY,82059090,82760,133.97
2019,X,UY,82129000,24144,16.44
2019,X,UY,83119000,205,0.18
2019,X,UY,84031010,851,0.65
2019,X,UY,84099900,143924,85.75
2019,X,UY,84131900,1290,0.5
2019,X,UY,84198180,1051,0.85
2019,X,UY,84219990,572,0.03
2019,X,UY,84243001,783,0.7
2019,X,UY,84313900,3496,1.8
2019,X,UY,84349000,945,0.12
2019,X,UY,84433900,1951,0.9
2019,X,UY,84501119,287,0.6
2019,X,UY,84678900,323,0.03
2019,X,UY,84718000,17621,1.15
2019,X,UY,84733080,6718,1.31
2019,X,UY,84818011,554,0.2
2019,X,UY,84818059,4980,0.9
2019,X,UY,85012000,4000,2.3
2019,X,UY,85030099,112,0.01
2019,X,UY,85044090,546,0.06
2019,X,UY,85071020,963,1.2
2019,X,UY,85072020,345190,1198.28
2019,X,UY,85072080,1562,1.06
2019,X,UY,85074000,420,0.01
2019,X,UY,85079080,16825,24.5
2019,X,UY,85122000,1013,0.6
2019,X,UY,85131000,1319,0.11
2019,X,UY,85176200,9056,0.53
2019,X,UY,85176990,1719,0.05
2019,X,UY,85177000,471,0.01
2019,X,UY,85234190,26,0.04
2019,X,UY,85269180,2067,0.06
2019,X,UY,85287280,326,0.12
2019,X,UY,85299097,630,0.02
2019,X,UY,85311095,6745,0.08
2019,X,UY,85319000,1197,0.04
2019,X,UY,85332900,84,0.02
2019,X,UY,85362090,527,0.06
2019,X,UY,85364900,756,0.05
2019,X,UY,85389099,16437,3.75
2019,X,UY,85391000,4458,2.95
2019,X,UY,85392992,300,0.02
2019,X,UY,85392998,153,0.04
2019,X,UY,85429000,305,0.02
2019,X,UY,90141000,10700,0.23
2019,X,UY,90251180,653,0.13
2019,X,UY,90269000,821,0.12
2019,X,UY,90281000,1174,0.03
2019,X,UY,91021100,56,0.01
2019,X,UY,92099200,171,0.03
2019,X,UY,94051098,210,0.12
2019,X,UY,95030035,64,0.01
2020,X,AR,04069032,17136,20.3
2020,X,AR,04069089,5236,7.32
2020,X,AR,04069092,3075,2.25
2020,X,AR,08105000,413563,2735.7
2020,X,AR,19053219,85667,142.99
2020,X,AR,25081000,12,1.75
2020,X,AR,25174100,44876,7920.0
2020,X,AR,25199030,28556,470.0
2020,X,AR,30045000,204922,9.85
2020,X,AR,30049000,2802,0.57
2020,X,AR,32089091,11417,17.01
2020,X,AR,32149000,2863,84.0
2020,X,AR,32159070,1306,0.15
2020,X,AR,38160000,6614,240.0
2020,X,AR,38220000,966,0.05
2020,X,AR,38249996,69622,9600.0
2020,X,AR,39191012,14887,27.92
2020,X,AR,39191015,37381,152.86
2020,X,AR,39199080,5651,12.86
2020,X,AR,39201089,166531,711.6
2020,X,AR,40161000,141181,342.09
2020,X,AR,40169997,50,0.01
2020,X,AR,48114120,35011,104.59
2020,X,AR,49019900,62832,41.97
2020,X,AR,49059100,232,0.03
2020,X,AR,49059900,7259,0.66
2020,X,AR,49119900,1217,0.42
2020,X,AR,56031310,1084,1.62
2020,X,AR,56074919,7610,19.59
2020,X,AR,56081930,29234,92.67
2020,X,AR,62034319,59,0.01
2020,X,AR,62179000,102,0.01
2020,X,AR,64039996,264,0.01
2020,X,AR,65010000,193,0.03
2020,X,AR,68022100,384552,5621.5
2020,X,AR,68029100,192400,2925.25
2020,X,AR,68109100,247912,8980.25
2020,X,AR,68159900,12203,252.17
2020,X,AR,70194000,5455,1.44
2020,X,AR,70195100,2077,2.17
2020,X,AR,70195900,2640,7.2
2020,X,AR,73181499,344,0.48
2020,X,AR,73269098,1200,0.29
2020,X,AR,76061293,140313,495.96
2020,X,AR,76061299,43467,135.76
2020,X,AR,84041000,6140,3.9
2020,X,AR,84099100,25,0.01
2020,X,AR,84099900,292554,68.86
2020,X,AR,84137035,279438,46.88
2020,X,AR,84138100,8265,0.94
2020,X,AR,84191900,52511,144.85
2020,X,AR,84212100,26400,5.3
2020,X,AR,84219990,420,0.01
2020,X,AR,84221100,500,0.9
2020,X,AR,84241000,25966,206.44
2020,X,AR,84248210,33644,107.28
2020,X,AR,84249080,14297,23.79
2020,X,AR,84283300,1739273,464.9
2020,X,AR,84389000,4930,0.94
2020,X,AR,84431390,17500,19.0
2020,X,AR,84433210,56270,8.36
2020,X,AR,84439990,2510,0.04
2020,X,AR,84483200,77680,32.13
2020,X,AR,84562000,6392,0.27
2020,X,AR,84669280,424,0.02
2020,X,AR,84713000,63457,2.36
2020,X,AR,84715000,640,0.04
2020,X,AR,84716070,1882,0.31
2020,X,AR,84719000,408354,11.6
2020,X,AR,84733080,12126,1.28
2020,X,AR,84798997,13214,0.72
2020,X,AR,84812090,1082,0.03
2020,X,AR,84819000,4881,0.07
2020,X,AR,84842000,80,0.01
2020,X,AR,84879090,1200,0.25
2020,X,AR,85011010,610,1.5
2020,X,AR,85015100,1750,2.5
2020,X,AR,85044090,1790,0.03
2020,X,AR,85072020,141654,377.66
2020,X,AR,85076000,480,0.01
2020,X,AR,85079080,169,0.34
2020,X,AR,85161080,319,1.17
2020,X,AR,85176990,39392,3.0
2020,X,AR,85234910,601,0.05
2020,X,AR,85238090,396,0.29
2020,X,AR,85291069,4464,0.11
2020,X,AR,85299097,1695,0.12
2020,X,AR,85334090,421,0.03
2020,X,AR,85389099,2480,0.16
2020,X,AR,85407100,1962,0.12
2020,X,AR,85444210,20,0.03
2020,X,AR,85444290,1182,0.94
2020,X,AR,87141090,80,0.01
2020,X,AR,90141000,250,0.2
2020,X,AR,90142020,4100,0.05
2020,X,AR,90148000,1190,0.01
2020,X,AR,90149000,3126,0.17
2020,X,AR,90248000,2394,0.1
2020,X,AR,90258040,5,0.01
2020,X,AR,90258080,238857,3.1
2020,X,AR,90262020,5151,0.14
2020,X,AR,90268020,274403,17.03
2020,X,AR,90273000,199637,5.0
2020,X,AR,90283019,919,0.11
2020,X,AR,90318080,11013,0.45
2020,X,AR,90328900,2285,0.15
2020,X,AR,90329000,750,0.01
2020,X,AR,92099400,1409,0.05
2020,X,AR,96110000,4335,1.8
2020,X,BO,20087061,118740,1483.52
2020,X,BO,20087071,308642,3594.35
2020,X,BO,20089774,21676,177.12
2020,X,BO,32159070,983,0.14
2020,X,BO,38086100,36415,51.81
2020,X,BO,38220000,2078,0.49
2020,X,BO,48196000,500,1.0
2020,X,BO,49019900,30540,13.65
2020,X,BO,56012110,29670,50.12
2020,X,BO,84149000,25236,32.45
2020,X,BO,84439990,1799,0.1
2020,X,BO,84483200,22323,6.98
2020,X,BO,85234990,236,0.13
2020,X,BO,87089993,4836,0.54
2020,X,BO,87089997,58570,471.12
2020,X,BO,90283019,5103,0.37
2020,X,BO,90289010,12144,1.75
2020,X,BR,09011200,61,0.06
2020,X,BR,11010015,41860,920.0
2020,X,BR,15091020,1452036,3453.33
2020,X,BR,15099000,101535,147.18
2020,X,BR,15152990,3150,9.0
2020,X,BR,20019065,11377,91.93
2020,X,BR,20057000,176191,486.32
2020,X,BR,20071010,35700,551.11
2020,X,BR,20081913,72,0.09
2020,X,BR,20084071,29603,187.36
2020,X,BR,20085071,33090,187.53
2020,X,BR,20085079,6239,43.74
2020,X,BR,20087071,410726,3505.7
2020,X,BR,20087079,39546,357.22
2020,X,BR,20087098,82882,802.45
2020,X,BR,21039090,12464,8.28
2020,X,BR,21069098,66586,223.93
2020,X,BR,22042138,9360,11.3
2020,X,BR,22042178,16249,39.41
2020,X,BR,22042179,66253,179.72
2020,X,BR,22042180,76324,225.94
2020,X,BR,22042181,8765,51.06
2020,X,BR,22042183,5196,18.96
2020,X,BR,22042184,675,3.34
2020,X,BR,22042280,225,0.25
2020,X,BR,22082012,396,0.17
2020,X,BR,24011060,616770,1978.75
2020,X,BR,25084000,16124,610.0
2020,X,BR,25090000,2240,270.0
2020,X,BR,25151100,121217,3448.6
2020,X,BR,25199030,902462,15020.0
2020,X,BR,25199090,770,10.0
2020,X,BR,25301000,2314,200.0
2020,X,BR,27101290,124,0.31
2020,X,BR,27101921,2637,45.73
2020,X,BR,27101999,8837669,169957.11
2020,X,BR,27111397,31509,175.1
2020,X,BR,28011000,1620,0.02
2020,X,BR,28281000,3,0.01
2020,X,BR,28365000,207230,19306.0
2020,X,BR,29189990,24825,0.01
2020,X,BR,29349990,75,0.01
2020,X,BR,29359090,165,0.01
2020,X,BR,29375000,5940,0.01
2020,X,BR,30031000,225,0.22
2020,X,BR,30039000,360,0.2
2020,X,BR,30043900,1500,0.08
2020,X,BR,30049000,3038225,409.13
2020,X,BR,30059099,949,0.05
2020,X,BR,30065000,126,0.01
2020,X,BR,32041700,474204,1148.47
2020,X,BR,32065000,1500,1.0
2020,X,BR,32081090,2,0.07
2020,X,BR,32089091,67664,200.14
2020,X,BR,32089099,87744,236.0
2020,X,BR,32099000,9828,20.0
2020,X,BR,32100090,17902,57.5
2020,X,BR,32149000,28021,417.6
2020,X,BR,32151900,6510,1.15
2020,X,BR,32159020,1447,0.16
2020,X,BR,32159070,2458,0.52
2020,X,BR,33029090,6268,0.7
2020,X,BR,33030010,27927,2.65
2020,X,BR,33049900,75329,36.69
2020,X,BR,34029090,6236,10.05
2020,X,BR,34070000,8450,11.26
2020,X,BR,35069900,32,0.01
2020,X,BR,38140090,1681,7.91
2020,X,BR,38220000,14130,0.68
2020,X,BR,38245090,14284,93.75
2020,X,BR,39021000,288896,3399.0
2020,X,BR,39032000,970744,4233.57
2020,X,BR,39072011,142799,91.05
2020,X,BR,39079980,387,0.85
2020,X,BR,39159080,2372,206.3
2020,X,BR,39199080,1966,1.08
2020,X,BR,39201040,6182,35.73
2020,X,BR,39201089,32972,184.99
2020,X,BR,39203000,278537,377.07
2020,X,BR,39206100,752,7.18
2020,X,BR,39206290,125309,539.1
2020,X,BR,39209990,96,0.2
2020,X,BR,39233010,150,0.1
2020,X,BR,39235090,18989,2.35
2020,X,BR,39259080,740,0.03
2020,X,BR,39261000,552,0.9
2020,X,BR,39269097,877,0.11
2020,X,BR,40069000,286,2.93
2020,X,BR,40082190,497,0.05
2020,X,BR,40094200,180,0.06
2020,X,BR,40101900,176,0.01
2020,X,BR,40103900,382,0.01
2020,X,BR,40159000,1180,0.09
2020,X,BR,40169997,988,2.76
2020,X,BR,42022100,4001,0.06
2020,X,BR,42022290,847,0.05
2020,X,BR,42023100,1604,0.04
2020,X,BR,42031000,956,0.02
2020,X,BR,42033000,2088,0.03
2020,X,BR,43031090,1355,0.01
2020,X,BR,48201090,1383,2.03
2020,X,BR,48209000,2284,1.29
2020,X,BR,48211090,16,0.01
2020,X,BR,48234000,368,0.05
2020,X,BR,48239040,273,0.01
2020,X,BR,49019900,158227,105.72
2020,X,BR,49029000,1491,0.11
2020,X,BR,49059900,61706,8.82
2020,X,BR,49111090,6697,0.27
2020,X,BR,49119100,258,0.15
2020,X,BR,49119900,25982,3.39
2020,X,BR,52083900,13995,5.68
2020,X,BR,54079200,10137,9.58
2020,X,BR,54079300,78367,41.28
2020,X,BR,55161200,1269,0.5
2020,X,BR,55161300,274,0.5
2020,X,BR,56012190,3997,21.07
2020,X,BR,56031390,14173,21.39
2020,X,BR,56074919,18524,51.28
2020,X,BR,56075011,13,0.01
2020,X,BR,56079090,24580,47.6
2020,X,BR,56081930,55360,191.75
2020,X,BR,56090000,809,2.04
2020,X,BR,58109290,463,0.27
2020,X,BR,60029000,23056,38.22
2020,X,BR,60063200,643,0.55
2020,X,BR,61031090,59,0.01
2020,X,BR,61034200,2822,1.81
2020,X,BR,61034300,76,0.01
2020,X,BR,61043200,326,0.01
2020,X,BR,61044200,2203,0.28
2020,X,BR,61044900,6584,1.07
2020,X,BR,61045900,119,0.02
2020,X,BR,61046900,185,0.03
2020,X,BR,61069090,182,0.03
2020,X,BR,61071900,54,0.01
2020,X,BR,61091000,2975,0.27
2020,X,BR,61099090,322,0.03
2020,X,BR,61101130,643,0.02
2020,X,BR,61101190,76,0.01
2020,X,BR,61102091,206,0.02
2020,X,BR,61102099,135,0.02
2020,X,BR,61103099,622,0.02
2020,X,BR,61112090,104,0.03
2020,X,BR,61153019,123,0.01
2020,X,BR,62019200,313,0.02
2020,X,BR,62029100,174,0.02
2020,X,BR,62029300,718,0.02
2020,X,BR,62032210,1371,0.22
2020,X,BR,62032280,7740,15.3
2020,X,BR,62034190,711,0.02
2020,X,BR,62034235,3875,0.18
2020,X,BR,62034251,7843,4.79
2020,X,BR,62044200,508,0.06
2020,X,BR,62044300,559,0.03
2020,X,BR,62044910,685,0.01
2020,X,BR,62044990,3546,0.06
2020,X,BR,62045200,728,0.01
2020,X,BR,62045990,358,0.01
2020,X,BR,62046239,430,0.02
2020,X,BR,62046990,317,0.02
2020,X,BR,62052000,1081,0.1
2020,X,BR,62059080,802,0.01
2020,X,BR,62061000,296,0.01
2020,X,BR,62063000,2478,0.13
2020,X,BR,62064000,2862,0.4
2020,X,BR,62069090,3017,0.15
2020,X,BR,62071100,35,0.01
2020,X,BR,62092000,317,0.03
2020,X,BR,62111100,1046,0.05
2020,X,BR,62111200,698,0.02
2020,X,BR,62113210,21003,11.4
2020,X,BR,62113310,22821,12.86
2020,X,BR,62114390,153,0.02
2020,X,BR,62142000,560,0.01
2020,X,BR,62143000,72,0.01
2020,X,BR,62151000,211,0.02
2020,X,BR,62171000,273,0.04
2020,X,BR,63052000,30,0.01
2020,X,BR,63069000,2863,4.78
2020,X,BR,63072000,1982,0.17
2020,X,BR,63079098,344,0.04
2020,X,BR,64031900,96,0.01
2020,X,BR,64032000,2912,0.25
2020,X,BR,64039936,180,0.01
2020,X,BR,64039938,1701,0.14
2020,X,BR,64039996,3448,0.15
2020,X,BR,64039998,2065,0.13
2020,X,BR,64041100,481,0.04
2020,X,BR,64041990,1729,0.12
2020,X,BR,65050090,583,0.04
2020,X,BR,68022100,886034,13197.26
2020,X,BR,68029100,261883,3770.92
2020,X,BR,68061000,423,4.57
2020,X,BR,68109100,309133,7544.71
2020,X,BR,68138100,297,0.08
2020,X,BR,69120081,150,0.01
2020,X,BR,70179000,84,0.02
2020,X,BR,70195100,7653,7.95
2020,X,BR,70195900,8259,20.0
2020,X,BR,71171900,2285,0.26
2020,X,BR,73030010,18539,98.96
2020,X,BR,73089098,1255,2.35
2020,X,BR,73101000,2568,28.58
2020,X,BR,73121081,70,0.09
2020,X,BR,73121085,3035,4.79
2020,X,BR,73129000,1080,2.0
2020,X,BR,73160000,33240,291.9
2020,X,BR,73181499,3433,4.58
2020,X,BR,73182900,5,0.01
2020,X,BR,73269030,6388,4.8
2020,X,BR,73269098,92,0.03
2020,X,BR,76061292,593341,2311.74
2020,X,BR,76061293,43845,157.96
2020,X,BR,76061299,71972,254.65
2020,X,BR,76071190,1167758,3373.99
2020,X,BR,76072010,375019,1354.81
2020,X,BR,76101000,22517,24.73
2020,X,BR,76109090,30,0.15
2020,X,BR,82023100,23354,23.62
2020,X,BR,82041100,14,0.01
2020,X,BR,82055910,12,0.01
2020,X,BR,82055980,2438,1.81
2020,X,BR,82059090,25159,12.21
2020,X,BR,82071300,1526,0.87
2020,X,BR,82079099,217067,208.0
2020,X,BR,82122000,126027,13.32
2020,X,BR,82129000,1395945,484.86
2020,X,BR,83099090,144838,881.9
2020,X,BR,83100000,205,1.0
2020,X,BR,83119000,19,1.92
2020,X,BR,84072900,280,0.45
2020,X,BR,84099100,740,0.08
2020,X,BR,84099900,1007366,421.95
2020,X,BR,84137035,9500,2.9
2020,X,BR,84138100,8000,2.2
2020,X,BR,84139100,7363,10.85
2020,X,BR,84145995,995,0.23
2020,X,BR,84149000,654,0.11
2020,X,BR,84159000,931,0.42
2020,X,BR,84178030,741529,5294.95
2020,X,BR,84193900,200000,366.6
2020,X,BR,84212100,1099,0.86
2020,X,BR,84213100,12570,3.71
2020,X,BR,84219990,685,0.04
2020,X,BR,84229090,133651,2.54
2020,X,BR,84242000,2930,0.47
2020,X,BR,84243008,11384,3.44
2020,X,BR,84248210,41333,204.19
2020,X,BR,84248970,1500,0.18
2020,X,BR,84433100,1669,0.89
2020,X,BR,84433210,767,0.06
2020,X,BR,84433900,1118,0.02
2020,X,BR,84439990,9285,4.11
2020,X,BR,84483200,1890717,1059.35
2020,X,BR,84532000,15870,3.85
2020,X,BR,84631010,34067,307.3
2020,X,BR,84669400,2800,0.37
2020,X,BR,84714100,470,0.05
2020,X,BR,84714900,1600,0.16
2020,X,BR,84715000,4710,0.75
2020,X,BR,84716070,18,0.01
2020,X,BR,84717050,390,0.01
2020,X,BR,84718000,480,0.01
2020,X,BR,84733080,23348,5.02
2020,X,BR,84735080,3654,0.98
2020,X,BR,84749090,200,0.02
2020,X,BR,84779080,26171,0.03
2020,X,BR,84798997,150,0.03
2020,X,BR,84799020,365,0.29
2020,X,BR,84799070,100887,0.21
2020,X,BR,84807100,112990,24.29
2020,X,BR,84819000,27,0.02
2020,X,BR,84821090,321,0.14
2020,X,BR,84834051,546,0.14
2020,X,BR,84841000,354,0.02
2020,X,BR,84849000,46,0.04
2020,X,BR,84879090,1078,2.37
2020,X,BR,85011010,3435,6.39
2020,X,BR,85011091,1630,4.0
2020,X,BR,85011099,825,1.71
2020,X,BR,85013200,89200,5.63
2020,X,BR,85015290,1197,0.1
2020,X,BR,85016180,2806,7.48
2020,X,BR,85044055,170,0.01
2020,X,BR,85044090,2272,0.46
2020,X,BR,85049090,222,0.01
2020,X,BR,85051100,1321,0.05
2020,X,BR,85051990,2041,0.03
2020,X,BR,85068080,1086,1.84
2020,X,BR,85076000,975,0.01
2020,X,BR,85078000,702,0.12
2020,X,BR,85119000,390,0.07
2020,X,BR,85122000,15,0.01
2020,X,BR,85123090,10,0.01
2020,X,BR,85131000,1093,0.09
2020,X,BR,85159080,5000,0.35
2020,X,BR,85166070,540,0.08
2020,X,BR,85169000,786,0.13
2020,X,BR,85171200,2232,0.32
2020,X,BR,85176200,1532,0.07
2020,X,BR,85176990,22122,1.24
2020,X,BR,85177000,8072,0.35
2020,X,BR,85234910,596,0.04
2020,X,BR,85234920,130,0.07
2020,X,BR,85234990,1138,0.2
2020,X,BR,85238090,2556,0.6
2020,X,BR,85256000,5877,0.68
2020,X,BR,85285210,210,0.04
2020,X,BR,85285900,410,0.2
2020,X,BR,85291030,36,0.01
2020,X,BR,85291069,510,0.01
2020,X,BR,85299015,345,0.01
2020,X,BR,85299097,6884,0.57
2020,X,BR,85311095,66050,14.08
2020,X,BR,85318070,6,0.01
2020,X,BR,85319000,374,0.01
2020,X,BR,85323000,223,0.02
2020,X,BR,85361010,1285,4.38
2020,X,BR,85361050,24419,29.35
2020,X,BR,85361090,69274,83.64
2020,X,BR,85362090,1913,0.03
2020,X,BR,85365080,2590,0.17
2020,X,BR,85369010,220997,122.6
2020,X,BR,85369095,886,0.09
2020,X,BR,85389099,49436,42.55
2020,X,BR,85393190,65,0.05
2020,X,BR,85393980,2597,1.43
2020,X,BR,85395000,2010,0.25
2020,X,BR,85407100,2765,0.1
2020,X,BR,85408100,258,0.24
2020,X,BR,85429000,499,0.02
2020,X,BR,85432000,1985,0.1
2020,X,BR,85439000,7928,0.22
2020,X,BR,85442000,5793,3.39
2020,X,BR,85444290,221,0.04
2020,X,BR,85444995,2922,1.64
2020,X,BR,85469090,12,0.01
2020,X,BR,87084099,331,0.01
2020,X,BR,87089993,3619,0.55
2020,X,BR,87089997,137,0.11
2020,X,BR,87131000,1715,0.2
2020,X,BR,89039190,35000,90.0
2020,X,BR,90031900,445,0.01
2020,X,BR,90131010,648000,8.51
2020,X,BR,90141000,1450,0.03
2020,X,BR,90142080,1512,0.03
2020,X,BR,90149000,13420,1.66
2020,X,BR,90158020,517,0.01
2020,X,BR,90185010,31082,3.35
2020,X,BR,90200000,234,0.08
2020,X,BR,90251900,272,0.02
2020,X,BR,90258080,1166,0.09
2020,X,BR,90261021,2670,0.06
2020,X,BR,90262020,1598,0.29
2020,X,BR,90268020,3081,0.39
2020,X,BR,90268080,4963,0.74
2020,X,BR,90269000,9581,1.61
2020,X,BR,90271010,5175,0.33
2020,X,BR,90271090,842,0.03
2020,X,BR,90273000,190000,5.0
2020,X,BR,90278020,195,0.01
2020,X,BR,90278080,9675,0.47
2020,X,BR,90279000,16434,0.42
2020,X,BR,90281000,1950,0.43
2020,X,BR,90289090,5214,0.38
2020,X,BR,90308900,4303,0.04
2020,X,BR,90309000,156,0.03
2020,X,BR,90312000,40979,5.66
2020,X,BR,90318080,4885,0.3
2020,X,BR,90319000,4515,0.12
2020,X,BR,90328900,7600,0.35
2020,X,BR,90329000,19364,1.22
2020,X,BR,90330090,2874,0.04
2020,X,BR,92099400,928,0.05
2020,X,BR,94017900,508,0.11
2020,X,BR,94052091,4589,4.24
2020,X,BR,94054039,2947,0.2
2020,X,BR,95030035,58,0.02
2020,X,BR,95049080,231,0.85
2020,X,BR,95062900,30,0.05
2020,X,BR,95069110,437,0.53
2020,X,BR,96110000,10,0.01
2020,X,BR,96121010,102,0.01
2020,X,PY,15091020,23047,37.48
2020,X,PY,20057000,29615,52.35
2020,X,PY,20087079,2791455,41483.43
2020,X,PY,20087098,29450,442.8
2020,X,PY,24011060,4365,7.0
2020,X,PY,25090000,82021,7494.0
2020,X,PY,25199030,63930,1080.0
2020,X,PY,28112200,1138,0.2
2020,X,PY,30049000,415991,5960.76
2020,X,PY,32091000,155,0.75
2020,X,PY,32149000,2128,29.7
2020,X,PY,38245090,51981,136.67
2020,X,PY,39173900,173,0.01
2020,X,PY,40082190,900,0.77
2020,X,PY,56031290,203,0.39
2020,X,PY,56081930,193751,662.11
2020,X,PY,68109100,7524,198.03
2020,X,PY,73181499,370,0.44
2020,X,PY,73239300,16803,27.04
2020,X,PY,84389000,3840,0.11
2020,X,PY,84483200,14700,9.65
2020,X,PY,85072020,4693,14.71
2020,X,PY,85072080,15954,71.47
2020,X,PY,85079080,2308,4.0
2020,X,UY,04069032,4112,4.44
2020,X,UY,04069092,4781,3.33
2020,X,UY,08105000,276747,2241.16
2020,X,UY,19053219,61839,100.72
2020,X,UY,19053299,38310,108.75
2020,X,UY,20087061,26793,369.75
2020,X,UY,20087079,12248,177.12
2020,X,UY,20087092,558,7.85
2020,X,UY,21069098,33153,68.91
2020,X,UY,22030009,10563,233.28
2020,X,UY,22083030,41,0.01
2020,X,UY,22083071,77,0.01
2020,X,UY,22084011,174,0.04
2020,X,UY,22084031,148,0.02
2020,X,UY,22085011,50,0.05
2020,X,UY,22089069,24,0.04
2020,X,UY,24011035,24458,77.4
2020,X,UY,24011060,116809,280.18
2020,X,UY,24011085,936905,3019.15
2020,X,UY,24012085,271091,589.33
2020,X,UY,24022090,23936,28.03
2020,X,UY,24031910,128,0.02
2020,X,UY,25081000,8,7.5
2020,X,UY,25090000,20637,2430.0
2020,X,UY,28112100,290,0.12
2020,X,UY,28170000,39320,250.0
2020,X,UY,29322090,16834,5.4
2020,X,UY,30049000,2631,0.19
2020,X,UY,32089091,1454,8.87
2020,X,UY,32149000,20553,126.3
2020,X,UY,32159020,2685,0.56
2020,X,UY,39201025,11147,19.89
2020,X,UY,39201040,37906,152.1
2020,X,UY,39201089,11747,45.46
2020,X,UY,39232990,183764,196.2
2020,X,UY,39233010,100,0.17
2020,X,UY,39269097,270,0.07
2020,X,UY,40082190,375,2.21
2020,X,UY,40082900,1578,4.7
2020,X,UY,40091100,8126,23.93
2020,X,UY,40091200,368,0.12
2020,X,UY,40161000,18375,36.8
2020,X,UY,40169400,3546,5.49
2020,X,UY,48115900,11732,58.24
2020,X,UY,48201090,4615,1.08
2020,X,UY,48211010,154,0.04
2020,X,UY,48239085,4856,10.15
2020,X,UY,49019900,12237,9.28
2020,X,UY,49029000,780,0.05
2020,X,UY,49059100,1229,0.18
2020,X,UY,49059900,6315,0.81
2020,X,UY,56012110,15649,39.76
2020,X,UY,56074919,22604,72.76
2020,X,UY,56075019,3366,7.12
2020,X,UY,56081930,24894,84.93
2020,X,UY,56090000,1093,1.85
2020,X,UY,59100000,80,0.07
2020,X,UY,60029000,38836,60.4
2020,X,UY,61130010,6007,2.0
2020,X,UY,62034251,3136,0.15
2020,X,UY,62113210,10906,9.3
2020,X,UY,62113310,2101,0.94
2020,X,UY,63072000,7250,4.32
2020,X,UY,63101000,696,12.0
2020,X,UY,64035939,11616,2.96
2020,X,UY,68022100,52463,742.09
2020,X,UY,68053000,698,0.15
2020,X,UY,68109100,255955,10902.92
2020,X,UY,68159900,13824,337.3
2020,X,UY,70193900,308,0.65
2020,X,UY,70195100,771,0.7
2020,X,UY,71171900,1134,0.02
2020,X,UY,72109030,5006,23.42
2020,X,UY,73064080,1691,2.4
2020,X,UY,73089051,14979,90.1
2020,X,UY,73089098,9842,39.05
2020,X,UY,73121083,6873,18.65
2020,X,UY,73121085,24255,91.23
2020,X,UY,73218900,16620,69.1
2020,X,UY,73259990,2867,2.45
2020,X,UY,73269094,456,0.4
2020,X,UY,76061293,144541,440.0
2020,X,UY,76061299,17590,55.72
2020,X,UY,82059090,76618,106.71
2020,X,UY,84099900,242026,181.82
2020,X,UY,84169000,1241,0.02
2020,X,UY,84181020,1600,1.5
2020,X,UY,84221100,576,0.4
2020,X,UY,84349000,2539,0.32
2020,X,UY,84433100,1150,0.08
2020,X,UY,84433900,256,0.14
2020,X,UY,84501119,288,0.5
2020,X,UY,84501190,338,0.65
2020,X,UY,84672985,365,0.1
2020,X,UY,84718000,16656,0.38
2020,X,UY,84733080,3040,0.19
2020,X,UY,84798997,9612,0.11
2020,X,UY,85072020,275107,1059.57
2020,X,UY,85076000,396,0.01
2020,X,UY,85079080,29354,9.89
2020,X,UY,85122000,756,0.08
2020,X,UY,85131000,677,0.1
2020,X,UY,85176990,2130,0.08
2020,X,UY,85177000,850,0.27
2020,X,UY,85256000,2080,0.12
2020,X,UY,85258091,126,0.01
2020,X,UY,85269180,2500,0.15
2020,X,UY,85287280,318,0.15
2020,X,UY,85291069,1491,0.01
2020,X,UY,85299097,3900,0.1
2020,X,UY,85308000,216,0.04
2020,X,UY,85311095,4554,0.15
2020,X,UY,85319000,2109,0.09
2020,X,UY,85332900,519,0.06
2020,X,UY,85389099,4122,1.11
2020,X,UY,85391000,2535,0.72
2020,X,UY,85429000,3473,0.08
2020,X,UY,85442000,359,0.33
2020,X,UY,90149000,831,0.13
2020,X,UY,90192000,450,0.09
2020,X,UY,90200000,3288,0.81
2020,X,UY,90269000,1920,0.11
2020,X,UY,94051091,1634,0.49
2020,X,UY,94051098,5520,1.39
2020,X,UY,95030035,14622,30.27
2020,X,UY,95062900,7200,2.7
2021,X,AR,04069032,19705,25.05
2021,X,AR,04069089,4713,6.76
2021,X,AR,04069092,3014,2.21
2021,X,AR,08105000,610869,4002.02
2021,X,AR,15091020,10406,21.48
2021,X,AR,19053219,38250,63.4
2021,X,AR,20079950,26742,195.2
2021,X,AR,20087092,16427,159.72
2021,X,AR,24011060,557170,693.0
2021,X,AR,25081000,135,19.25
2021,X,AR,25199030,57127,940.0
2021,X,AR,27101999,5364205,52401.26
2021,X,AR,27132000,4072746,117344.84
2021,X,AR,30045000,423797,23.38
2021,X,AR,30046000,30813,1.49
2021,X,AR,30064000,16150,0.85
2021,X,AR,31022100,23550,960.0
2021,X,AR,32149000,5726,168.0
2021,X,AR,34070000,29,0.12
2021,X,AR,38089250,202376,75.65
2021,X,AR,38160000,8080,300.0
2021,X,AR,38220000,3731,0.58
2021,X,AR,38249996,34168,4440.0
2021,X,AR,39191015,39806,133.75
2021,X,AR,39199080,71243,119.01
2021,X,AR,40069000,272,0.2
2021,X,AR,40082190,513,0.02
2021,X,AR,40161000,176260,410.87
2021,X,AR,48114120,75203,220.27
2021,X,AR,48201090,407,0.33
2021,X,AR,49011000,85,0.01
2021,X,AR,49019900,3938,2.85
2021,X,AR,49059900,2009,0.12
2021,X,AR,49111090,3347,0.21
2021,X,AR,56031310,2168,3.24
2021,X,AR,56074919,22833,55.67
2021,X,AR,61071100,6,0.01
2021,X,AR,61071200,228,0.01
2021,X,AR,61071900,137,0.01
2021,X,AR,61143000,362,0.01
2021,X,AR,62071900,261,0.01
2021,X,AR,68022100,93619,1061.3
2021,X,AR,68029100,390296,3823.5
2021,X,AR,68109100,604419,19902.93
2021,X,AR,68159900,94022,2782.07
2021,X,AR,70194000,16874,2.51
2021,X,AR,70195100,1118,1.16
2021,X,AR,70195900,4400,12.0
2021,X,AR,71171900,852,0.02
2021,X,AR,73101000,872,8.98
2021,X,AR,73181499,688,0.96
2021,X,AR,73182900,468,0.03
2021,X,AR,73239900,9740,9.5
2021,X,AR,76061293,618737,1835.48
2021,X,AR,76061299,101462,298.96
2021,X,AR,82055910,2969,1.14
2021,X,AR,82059090,670,0.15
2021,X,AR,82073010,200,4.14
2021,X,AR,84072900,360,0.17
2021,X,AR,84081019,1420,2.8
2021,X,AR,84099100,165,0.08
2021,X,AR,84099900,263556,51.7
2021,X,AR,84136020,4240,0.9
2021,X,AR,84137035,12160,1.98
2021,X,AR,84139100,900,0.08
2021,X,AR,84143089,9392,3.8
2021,X,AR,84144090,1060,0.46
2021,X,AR,84149000,1894,0.1
2021,X,AR,84189990,786,0.02
2021,X,AR,84191900,75028,271.94
2021,X,AR,84199085,20675,37.88
2021,X,AR,84212100,1118,0.09
2021,X,AR,84213100,2366,0.34
2021,X,AR,84229090,18620,0.22
2021,X,AR,84232010,441370,45.4
2021,X,AR,84248970,410,0.01
2021,X,AR,84249080,15444,20.28
2021,X,AR,84335985,2210,0.34
2021,X,AR,84349000,427,0.01
2021,X,AR,84385000,314718,17.4
2021,X,AR,84425000,2925,2.4
2021,X,AR,84433210,66090,10.4
2021,X,AR,84433280,22770,20.0
2021,X,AR,84439990,2446,0.05
2021,X,AR,84483200,39363,10.53
2021,X,AR,84622110,138300,235.0
2021,X,AR,84672985,1710,0.24
2021,X,AR,84678900,288,0.03
2021,X,AR,84714100,300,0.08
2021,X,AR,84714900,5824,0.5
2021,X,AR,84719000,1100,0.01
2021,X,AR,84733020,190,0.02
2021,X,AR,84733080,11667,1.12
2021,X,AR,84735080,1126,0.3
2021,X,AR,84798997,2546,0.01
2021,X,AR,84818099,3263,4.43
2021,X,AR,84819000,850,0.02
2021,X,AR,84836020,322,0.01
2021,X,AR,85011010,1125,2.45
2021,X,AR,85011091,550,0.05
2021,X,AR,85011099,1345,3.4
2021,X,AR,85012000,2750,4.5
2021,X,AR,85023980,517,0.21
2021,X,AR,85072020,61062,223.6
2021,X,AR,85094000,225,0.04
2021,X,AR,85168080,396,0.04
2021,X,AR,85171200,1170,0.05
2021,X,AR,85176200,804,0.01
2021,X,AR,85176990,8564,1.95
2021,X,AR,85177000,615,0.12
2021,X,AR,85258091,2548,0.22
2021,X,AR,85269180,4248,0.13
2021,X,AR,85299097,5591,0.11
2021,X,AR,85361090,8639,2.72
2021,X,AR,85365005,50,0.01
2021,X,AR,85366990,66,0.01
2021,X,AR,85369010,56,0.05
2021,X,AR,85369095,97,0.01
2021,X,AR,85371098,5050,0.25
2021,X,AR,85389099,1190,0.13
2021,X,AR,85407100,180,0.07
2021,X,AR,85423190,2365,1.0
2021,X,AR,85432000,1600,0.01
2021,X,AR,85442000,396,0.15
2021,X,AR,85444210,72,0.07
2021,X,AR,85444290,732,0.02
2021,X,AR,85444999,1420,0.5
2021,X,AR,87089997,35,0.01
2021,X,AR,87141090,356,0.03
2021,X,AR,89039110,90000,0
2021,X,AR,90019000,4200,0.03
2021,X,AR,90059000,6034,0.22
2021,X,AR,90132000,36020,0.15
2021,X,AR,90139080,19423,0.16
2021,X,AR,90148000,1390,0.05
2021,X,AR,90185010,12133,1.85
2021,X,AR,90185090,1256,0.17
2021,X,AR,90251900,2436,0.02
2021,X,AR,90261021,3500,0.05
2021,X,AR,90261089,1300,0.04
2021,X,AR,90268020,900,0.48
2021,X,AR,90269000,8163,0.23
2021,X,AR,90271010,555,0.02
2021,X,AR,90275000,10,0.02
2021,X,AR,90279000,8400,0.08
2021,X,AR,90301000,349,0.03
2021,X,AR,90312000,199836,11.49
2021,X,AR,90318080,10666,0.3
2021,X,AR,90319000,462,0.07
2021,X,AR,90328900,33807,1.24
2021,X,AR,90329000,12360,0.55
2021,X,AR,90330090,1934,0.7
2021,X,AR,93059900,185,0.01
2021,X,AR,94054091,752,0.17
2021,X,AR,99050000,200,0
2021,X,BO,20087061,41109,556.32
2021,X,BO,20087071,209704,2274.24
2021,X,BO,20089774,21295,177.12
2021,X,BO,28112200,4799,1.4
2021,X,BO,30042000,320000,82.2
2021,X,BO,32081090,4262,11.46
2021,X,BO,38086100,38159,51.81
2021,X,BO,38220000,23510,8.21
2021,X,BO,39235010,42338,31.82
2021,X,BO,42022100,73,0.02
2021,X,BO,49019900,5036,4.19
2021,X,BO,56012110,46125,81.83
2021,X,BO,61121200,77,0.01
2021,X,BO,73269098,117,0.01
2021,X,BO,84099900,28297,4.02
2021,X,BO,84191900,38808,123.09
2021,X,BO,84281080,16584,58.0
2021,X,BO,84313100,283,0.01
2021,X,BO,84483200,9835,7.24
2021,X,BO,85078000,300,0.01
2021,X,BO,85176200,602,0.03
2021,X,BO,85299097,147,0.01
2021,X,BO,87042299,700,124.93
2021,X,BO,87089997,81150,362.76
2021,X,BO,90159000,800,0.01
2021,X,BO,90185090,953,0.12
2021,X,BO,90261089,1385,0.06
2021,X,BO,90271090,1621,0.07
2021,X,BO,90283019,15380,1.68
2021,X,BO,90318080,320,0.01
2021,X,BR,09012100,44577,72.37
2021,X,BR,11010015,64170,1380.0
2021,X,BR,12119086,920,0.43
2021,X,BR,15091020,1491565,3162.9
2021,X,BR,15152990,1260,3.6
2021,X,BR,15179099,5760,7.05
2021,X,BR,20019065,8810,40.15
2021,X,BR,20057000,390755,1121.65
2021,X,BR,20085071,30508,159.9
2021,X,BR,20085079,8489,44.06
2021,X,BR,20085098,79285,493.82
2021,X,BR,20087071,248290,1744.96
2021,X,BR,20087079,59626,514.31
2021,X,BR,20087092,560,2.05
2021,X,BR,20087098,33420,290.58
2021,X,BR,21039090,9413,8.14
2021,X,BR,21069098,51286,99.49
2021,X,BR,22029100,5082,37.07
2021,X,BR,22029919,24214,153.36
2021,X,BR,22030009,3677,68.12
2021,X,BR,22041011,65,0.02
2021,X,BR,22041098,210,0.22
2021,X,BR,22042113,18,0.02
2021,X,BR,22042138,8753,5.02
2021,X,BR,22042166,28,0.02
2021,X,BR,22042178,10565,19.91
2021,X,BR,22042179,14814,52.22
2021,X,BR,22042180,26391,107.71
2021,X,BR,22042181,343,1.97
2021,X,BR,22042182,270,1.34
2021,X,BR,22042183,11790,14.17
2021,X,BR,22042184,615,3.79
2021,X,BR,22051010,20,0.03
2021,X,BR,22082028,6,0.01
2021,X,BR,22083011,45,0.02
2021,X,BR,22083071,279,0.21
2021,X,BR,22083082,10,0.01
2021,X,BR,22084039,19,0.02
2021,X,BR,22085011,142,0.06
2021,X,BR,22086011,26,0.03
2021,X,BR,22087010,29,0.03
2021,X,BR,24011060,1245968,4035.63
2021,X,BR,24039100,12,0.03
2021,X,BR,25084000,26105,920.0
2021,X,BR,25151100,116992,2422.4
2021,X,BR,25199030,672881,11200.0
2021,X,BR,26060000,396,0.65
2021,X,BR,27101921,38478513,806727.02
2021,X,BR,27101999,3690,34.0
2021,X,BR,27111391,15863,83.79
2021,X,BR,27111397,32256,175.1
2021,X,BR,27122090,8445,27.2
2021,X,BR,28365000,180044,18060.0
2021,X,BR,29189990,255000,0.01
2021,X,BR,29241900,15655,48.0
2021,X,BR,29349990,11600,0.1
2021,X,BR,29359090,327578,4.21
2021,X,BR,29375000,333551,0.02
2021,X,BR,30031000,1084,0.24
2021,X,BR,30039000,271,0.03
2021,X,BR,30042000,1432097,326.61
2021,X,BR,30044900,400,0.01
2021,X,BR,30049000,3353508,528.49
2021,X,BR,30059099,1204,0.2
2021,X,BR,32041700,367287,734.37
2021,X,BR,32041900,50600,220.0
2021,X,BR,32064970,455,0.25
2021,X,BR,32065000,115927,525.05
2021,X,BR,32089091,86343,280.21
2021,X,BR,32089099,154661,390.29
2021,X,BR,32149000,8345,106.5
2021,X,BR,32151900,7280,1.3
2021,X,BR,32159020,3872,0.58
2021,X,BR,32159070,4570,1.27
2021,X,BR,34029010,4814,0.19
2021,X,BR,34029090,671,3.55
2021,X,BR,38160000,11475,280.0
2021,X,BR,38220000,40318,3.22
2021,X,BR,38249915,46132,3780.0
2021,X,BR,39011090,41558,673.75
2021,X,BR,39012090,23875,216.82
2021,X,BR,39021000,439636,5083.75
2021,X,BR,39032000,1174115,4742.85
2021,X,BR,39033000,5029,24.0
2021,X,BR,39039090,114012,475.5
2021,X,BR,39072011,165767,108.5
2021,X,BR,39073000,908,2.0
2021,X,BR,39100000,20412,4.35
2021,X,BR,39129090,47,0.03
2021,X,BR,39191080,97,0.01
2021,X,BR,39199080,1163,0.04
2021,X,BR,39201040,89232,379.15
2021,X,BR,39201089,117433,454.06
2021,X,BR,39203000,307466,362.9
2021,X,BR,39231090,308,0.43
2021,X,BR,39233010,550,0.26
2021,X,BR,39259080,490,0.2
2021,X,BR,39269097,523,0.06
2021,X,BR,40082190,805,0.11
2021,X,BR,40094100,380,0.15
2021,X,BR,40169300,3476,1.27
2021,X,BR,40169997,2115,0.21
2021,X,BR,42022100,4979,0.07
2021,X,BR,42022210,585,0.04
2021,X,BR,42022290,2725,0.24
2021,X,BR,42022900,1173,0.07
2021,X,BR,42023100,74,0.01
2021,X,BR,42023290,63,0.01
2021,X,BR,42031000,415,0.01
2021,X,BR,42033000,239,0.01
2021,X,BR,42050090,73,0.01
2021,X,BR,44199090,109,0.01
2021,X,BR,44219999,259,0.04
2021,X,BR,48022000,432,0.06
2021,X,BR,48103900,1701,8.59
2021,X,BR,48119000,164,0.03
2021,X,BR,48201090,10299,2.56
2021,X,BR,48209000,165,0.32
2021,X,BR,48211010,321,0.07
2021,X,BR,49011000,54,0.01
2021,X,BR,49019900,118703,73.88
2021,X,BR,49059900,10170,1.74
2021,X,BR,49100000,978,0.42
2021,X,BR,49111090,5215,0.26
2021,X,BR,49119900,1378,0.33
2021,X,BR,52083900,788,0.25
2021,X,BR,54076130,760,0.43
2021,X,BR,54076150,1307,0.85
2021,X,BR,54079200,92053,54.27
2021,X,BR,56031390,5317,7.6
2021,X,BR,56074911,20818,33.88
2021,X,BR,56074919,14960,36.91
2021,X,BR,56081930,756,1.08
2021,X,BR,56090000,2044,3.77
2021,X,BR,57031000,9161,7.1
2021,X,BR,58109110,28171,8.22
2021,X,BR,59090090,867,1.55
2021,X,BR,59119099,1200,0.34
2021,X,BR,60019200,41,0.03
2021,X,BR,60029000,121743,189.67
2021,X,BR,60041000,1947,0.85
2021,X,BR,61021010,338,0.01
2021,X,BR,61031090,77,0.01
2021,X,BR,61033100,271,0.01
2021,X,BR,61033200,300,0.02
2021,X,BR,61034200,516,0.05
2021,X,BR,61034300,238,0.01
2021,X,BR,61041300,475,0.01
2021,X,BR,61044200,5003,0.5
2021,X,BR,61044300,1743,0.03
2021,X,BR,61044400,6921,0.72
2021,X,BR,61044900,730,0.01
2021,X,BR,61045200,243,0.02
2021,X,BR,61061000,96,0.01
2021,X,BR,61062000,641,0.01
2021,X,BR,61071100,133,0.03
2021,X,BR,61071900,219,0.02
2021,X,BR,61082100,44,0.01
2021,X,BR,61082200,123,0.01
2021,X,BR,61082900,264,0.01
2021,X,BR,61091000,3761,0.29
2021,X,BR,61099090,95,0.01
2021,X,BR,61101130,122,0.01
2021,X,BR,61101190,1805,0.03
2021,X,BR,61102091,110,0.01
2021,X,BR,61102099,708,0.06
2021,X,BR,61103091,95,0.01
2021,X,BR,61103099,348,0.01
2021,X,BR,61109090,496,0.01
2021,X,BR,61112090,265,0.05
2021,X,BR,61123190,1558,0.05
2021,X,BR,61130010,1265,0.27
2021,X,BR,61152900,101,0.02
2021,X,BR,62019100,231,0.02
2021,X,BR,62019900,94,0.02
2021,X,BR,62021310,769,0.02
2021,X,BR,62021390,2045,0.05
2021,X,BR,62029300,94,0.01
2021,X,BR,62031910,82,0.01
2021,X,BR,62032210,743,0.08
2021,X,BR,62033290,202,0.01
2021,X,BR,62033390,333,0.01
2021,X,BR,62034190,283,0.01
2021,X,BR,62034235,766,0.05
2021,X,BR,62034251,44,0.12
2021,X,BR,62034290,53,0.01
2021,X,BR,62034319,133,0.02
2021,X,BR,62034390,192,0.01
2021,X,BR,62043390,1846,0.07
2021,X,BR,62044200,8234,0.61
2021,X,BR,62044300,316,0.01
2021,X,BR,62044910,1076,0.01
2021,X,BR,62044990,5923,0.45
2021,X,BR,62045200,454,0.05
2021,X,BR,62045300,1229,0.04
2021,X,BR,62046239,72,0.01
2021,X,BR,62046290,1732,0.04
2021,X,BR,62046318,202,0.01
2021,X,BR,62046990,595,0.06
2021,X,BR,62052000,1809,0.12
2021,X,BR,62053000,40,0.01
2021,X,BR,62059080,977,0.03
2021,X,BR,62061000,3031,0.06
2021,X,BR,62063000,1121,0.08
2021,X,BR,62064000,368,0.01
2021,X,BR,62069090,1098,0.06
2021,X,BR,62092000,447,0.06
2021,X,BR,62093000,415,0.04
2021,X,BR,62111100,288,0.02
2021,X,BR,62111200,304,0.02
2021,X,BR,62113210,22066,13.48
2021,X,BR,62113310,728,0.42
2021,X,BR,62121090,231,0.01
2021,X,BR,62143000,161,0.01
2021,X,BR,62151000,351,0.02
2021,X,BR,62160000,48,0.01
2021,X,BR,63069000,297,0.8
2021,X,BR,63090000,25000,49.5
2021,X,BR,63101000,963,13.0
2021,X,BR,64029950,324,0.01
2021,X,BR,64032000,102,0.01
2021,X,BR,64034000,155,0.01
2021,X,BR,64035199,332,0.01
2021,X,BR,64035999,2935,0.26
2021,X,BR,64039113,328,0.02
2021,X,BR,64039198,2125,0.11
2021,X,BR,64039933,825,0.04
2021,X,BR,64039938,2563,0.18
2021,X,BR,64039996,1460,0.09
2021,X,BR,64039998,2332,0.21
2021,X,BR,64041100,2519,0.15
2021,X,BR,64041990,3143,0.24
2021,X,BR,64042090,506,0.01
2021,X,BR,65050090,241,0.03
2021,X,BR,65061010,594,0.08
2021,X,BR,68022100,1098615,17302.61
2021,X,BR,68029100,342827,4066.22
2021,X,BR,68051000,1631,2.37
2021,X,BR,68053000,303,0.18
2021,X,BR,68109100,294447,7144.77
2021,X,BR,68138900,518,0.09
2021,X,BR,70194000,150,0.03
2021,X,BR,70195100,13739,13.93
2021,X,BR,70195900,1954,3.2
2021,X,BR,71131100,126,0.03
2021,X,BR,71131900,28008,0.03
2021,X,BR,71171900,635,0.03
2021,X,BR,71179000,255,0.01
2021,X,BR,72172030,48945,499.5
2021,X,BR,73089098,73860,367.87
2021,X,BR,73102990,590,0.5
2021,X,BR,73121069,1646,0.91
2021,X,BR,73121085,37528,127.15
2021,X,BR,73151200,4256,13.0
2021,X,BR,73181499,8467,9.15
2021,X,BR,73182900,130,0.1
2021,X,BR,73211190,440,0.24
2021,X,BR,74020000,826,0.92
2021,X,BR,74112190,58,0.01
2021,X,BR,74121000,195,0.01
2021,X,BR,76061292,880246,3006.99
2021,X,BR,76061299,117318,267.0
2021,X,BR,76071190,1517085,3845.1
2021,X,BR,76072010,333952,1179.45
2021,X,BR,76101000,63862,172.02
2021,X,BR,76129080,1792,9.09
2021,X,BR,76169990,2390,2.46
2021,X,BR,82023100,5119,5.52
2021,X,BR,82055910,64,0.01
2021,X,BR,82059090,42680,78.99
2021,X,BR,82071300,1820,0.67
2021,X,BR,82071990,1288,0.47
2021,X,BR,82129000,2215050,722.28
2021,X,BR,83024900,670,1.28
2021,X,BR,83079000,3360,0.45
2021,X,BR,83099090,37694,225.0
2021,X,BR,84029000,759,0.19
2021,X,BR,84072900,185,0.11
2021,X,BR,84099900,1066893,425.38
2021,X,BR,84122120,850,2.55
2021,X,BR,84122981,7580,6.0
2021,X,BR,84129040,3621,0.61
2021,X,BR,84129080,18027,5.38
2021,X,BR,84131900,1100,1.05
2021,X,BR,84135080,630,0.1
2021,X,BR,84137035,72160,7.25
2021,X,BR,84137045,25267,10.0
2021,X,BR,84138100,1816,0.64
2021,X,BR,84139100,6241,0.15
2021,X,BR,84139200,5000,4.05
2021,X,BR,84148080,5120,3.03
2021,X,BR,84149000,2659,0.33
2021,X,BR,84159000,2117,0.13
2021,X,BR,84213100,14372,5.02
2021,X,BR,84243090,680,0.25
2021,X,BR,84248210,78475,239.2
2021,X,BR,84254900,2504,0.48
2021,X,BR,84313100,171,0.01
2021,X,BR,84336000,1155,0.14
2021,X,BR,84339000,9501,1.1
2021,X,BR,84389000,3948,0.21
2021,X,BR,84433210,534,0.18
2021,X,BR,84433900,1102,0.54
2021,X,BR,84439990,8018,1.88
2021,X,BR,84483200,1865753,1115.13
2021,X,BR,84485190,256,0.02
2021,X,BR,84532000,46795,15.7
2021,X,BR,84714100,11298,0.17
2021,X,BR,84715000,250,0.04
2021,X,BR,84716070,4356,0.46
2021,X,BR,84717050,105,0.16
2021,X,BR,84718000,5977,0.84
2021,X,BR,84732110,3970,0.08
2021,X,BR,84733080,19017,1.09
2021,X,BR,84735080,3712,0.41
2021,X,BR,84779080,15176,0.05
2021,X,BR,84798997,3931,0.55
2021,X,BR,84799070,47718,0.15
2021,X,BR,84807100,16922,8.8
2021,X,BR,84812090,315,0.02
2021,X,BR,84818011,674,0.33
2021,X,BR,84818059,220,0.06
2021,X,BR,84818099,5420,0.4
2021,X,BR,84819000,5070,0.86
2021,X,BR,84821090,458,0.3
2021,X,BR,84832000,9144,0.06
2021,X,BR,84835080,720,0.52
2021,X,BR,85011010,10055,13.75
2021,X,BR,85011099,6370,9.35
2021,X,BR,85012000,2553,3.5
2021,X,BR,85013200,1457,1.3
2021,X,BR,85015100,155,0.12
2021,X,BR,85015220,1260,1.2
2021,X,BR,85015381,550,0.75
2021,X,BR,85044088,39,0.01
2021,X,BR,85044090,436,0.24
2021,X,BR,85049011,66,0.01
2021,X,BR,85051100,3670,0.24
2021,X,BR,85052000,1580,0.11
2021,X,BR,85068080,17,0.01
2021,X,BR,85074000,510,0.01
2021,X,BR,85078000,2700,0.8
2021,X,BR,85118000,6150,0.46
2021,X,BR,85122000,303,0.02
2021,X,BR,85168080,366,0.02
2021,X,BR,85176100,3679,0.19
2021,X,BR,85176200,10016,0.34
2021,X,BR,85176990,15932,0.91
2021,X,BR,85177000,17256,1.35
2021,X,BR,85219000,1005,0.02
2021,X,BR,85234910,1263,0.06
2021,X,BR,85234920,831,0.25
2021,X,BR,85235190,133,0.01
2021,X,BR,85238090,16,0.01
2021,X,BR,85256000,1296,0.12
2021,X,BR,85269120,700,0.01
2021,X,BR,85269180,23402,2.22
2021,X,BR,85285210,2054,0.15
2021,X,BR,85287280,386,0.19
2021,X,BR,85291069,4151,0.19
2021,X,BR,85291080,3500,0.14
2021,X,BR,85291095,20785,0.91
2021,X,BR,85299097,8261,0.27
2021,X,BR,85311095,52408,10.42
2021,X,BR,85318070,1555,0.02
2021,X,BR,85319000,16667,0.6
2021,X,BR,85333900,1127,0.9
2021,X,BR,85334090,23326,1.74
2021,X,BR,85361010,1706,6.32
2021,X,BR,85361050,24566,22.37
2021,X,BR,85361090,114050,141.92
2021,X,BR,85365080,1291,0.21
2021,X,BR,85366990,59,0.01
2021,X,BR,85369010,159046,118.47
2021,X,BR,85369095,293,0.02
2021,X,BR,85371091,1246,0.02
2021,X,BR,85371098,116,0.02
2021,X,BR,85389019,2459,0.24
2021,X,BR,85389099,34958,17.39
2021,X,BR,85392198,287,0.14
2021,X,BR,85407100,4615,0.1
2021,X,BR,85423190,8707,3.35
2021,X,BR,85444210,55,0.01
2021,X,BR,85444290,4975,1.65
2021,X,BR,85479000,179,0.52
2021,X,BR,86090090,7800,78.8
2021,X,BR,87081090,3192,0.2
2021,X,BR,87084091,6259,0.07
2021,X,BR,87089997,498,0.1
2021,X,BR,87141090,71,0.01
2021,X,BR,90022000,570,0.16
2021,X,BR,90131010,1964511,14.26
2021,X,BR,90139005,675677,6.87
2021,X,BR,90141000,8755,0.07
2021,X,BR,90148000,9600,0.52
2021,X,BR,90149000,34399,2.24
2021,X,BR,90185090,21395,2.58
2021,X,BR,90189084,117150,14.04
2021,X,BR,90200090,749,0.3
2021,X,BR,90259000,2935,0.15
2021,X,BR,90262080,40,0.01
2021,X,BR,90268020,1354,0.09
2021,X,BR,90268080,995,0.2
2021,X,BR,90269000,3389,0.32
2021,X,BR,90271010,4300,1.15
2021,X,BR,90271090,496,0.17
2021,X,BR,90278080,10708,0.39
2021,X,BR,90279000,2734,0.15
2021,X,BR,90281000,257,0.04
2021,X,BR,90282000,393,0.01
2021,X,BR,90289090,7705,0.81
2021,X,BR,90301000,124,0.01
2021,X,BR,90312000,5140,0.3
2021,X,BR,90318080,2904,0.17
2021,X,BR,90319000,10901,0.85
2021,X,BR,90328900,37116,1.62
2021,X,BR,90329000,45146,2.73
2021,X,BR,90330090,11275,1.52
2021,X,BR,91132000,50,0.01
2021,X,BR,92029080,878,0.04
2021,X,BR,92099400,1454,0.04
2021,X,BR,92099970,275,0.01
2021,X,BR,94017900,46803,31.66
2021,X,BR,94032080,6966,11.53
2021,X,BR,94056020,1425,0.1
2021,X,BR,95049080,182,0.01
2021,X,BR,95069190,383,0.9
2021,X,BR,96110000,201,0.02
2021,X,PY,15091020,87042,138.15
2021,X,PY,20057000,13154,21.25
2021,X,PY,20086060,2528,5.46
2021,X,PY,20087079,1474744,19404.32
2021,X,PY,22030010,72670,1215.2
2021,X,PY,24011060,165992,200.77
2021,X,PY,25090000,87557,8910.0
2021,X,PY,25199030,15975,270.0
2021,X,PY,30049000,570067,9457.12
2021,X,PY,32149000,4561,90.0
2021,X,PY,38089250,1337717,289.8
2021,X,PY,39011010,19696,209.0
2021,X,PY,49019900,4976,2.11
2021,X,PY,56081930,325893,1026.04
2021,X,PY,61061000,966,0.44
2021,X,PY,61091000,975,0.29
2021,X,PY,61121200,74,0.01
2021,X,PY,68109100,29593,630.12
2021,X,PY,70195900,491,0.8
2021,X,PY,73181499,1092,1.3
2021,X,PY,82129000,71275,32.88
2021,X,PY,84099100,460,0.03
2021,X,PY,84212980,39,0.01
2021,X,PY,84483200,10239,5.78
2021,X,PY,85079080,49,0.04
2021,X,PY,85299097,40,0.01
2021,X,PY,87012090,14000,142.0
2021,X,PY,87089997,2150,260.84
2021,X,PY,90278080,2590,0.12
2021,X,PY,90279000,314,0.02
2021,X,UY,04069032,7284,7.2
2021,X,UY,04069089,1530,2.25
2021,X,UY,04069092,7409,5.4
2021,X,UY,08105000,113885,657.6
2021,X,UY,13019000,1166,1.59
2021,X,UY,19053219,88746,145.9
2021,X,UY,19053299,57339,158.98
2021,X,UY,20079939,165788,1710.8
2021,X,UY,21069098,33582,62.43
2021,X,UY,22030009,10563,233.28
2021,X,UY,22030010,5860,98.0
2021,X,UY,22041011,40,0.01
2021,X,UY,22083030,118,0.04
2021,X,UY,22083071,165,0.13
2021,X,UY,22086011,41,0.03
2021,X,UY,22089041,14,0.03
2021,X,UY,24011060,662709,1227.25
2021,X,UY,24011085,1061070,3372.3
2021,X,UY,24012085,268353,583.37
2021,X,UY,24022090,22778,29.27
2021,X,UY,24031910,252,0.05
2021,X,UY,25081000,4,4.0
2021,X,UY,25090000,19824,2430.0
2021,X,UY,28170000,42394,240.0
2021,X,UY,32082090,576,0.79
2021,X,UY,32089091,2169,9.0
2021,X,UY,32149000,23544,97.8
2021,X,UY,32159020,3871,0.9
2021,X,UY,38220000,1020,0.06
2021,X,UY,39011010,57767,658.55
2021,X,UY,39191080,215,0.07
2021,X,UY,39201025,52884,122.35
2021,X,UY,39232990,150704,211.41
2021,X,UY,39233010,1236,0.39
2021,X,UY,39249000,56790,352.8
2021,X,UY,39259080,720,0.2
2021,X,UY,40082190,2852,0.36
2021,X,UY,40091100,405,0.76
2021,X,UY,48099000,587,3.2
2021,X,UY,48115900,6144,28.98
2021,X,UY,48201090,2971,0.65
2021,X,UY,48211010,448,0.08
2021,X,UY,48211090,31,0.01
2021,X,UY,48239085,8683,18.43
2021,X,UY,49019900,12532,9.96
2021,X,UY,49029000,397,0.03
2021,X,UY,49059900,32,0.01
2021,X,UY,49100000,880,0.25
2021,X,UY,49111010,45,0.09
2021,X,UY,49119900,2879,0.35
2021,X,UY,56012110,7738,19.08
2021,X,UY,56074911,434,0.91
2021,X,UY,56074919,3021,8.7
2021,X,UY,56081930,63898,197.86
2021,X,UY,56090000,454,0.85
2021,X,UY,59090090,151,0.25
2021,X,UY,60029000,41423,61.25
2021,X,UY,61130010,1193,0.35
2021,X,UY,62113210,22607,19.19
2021,X,UY,63023100,282,0.09
2021,X,UY,63069000,200,0.3
2021,X,UY,63072000,8426,4.38
2021,X,UY,63101000,1217,18.0
2021,X,UY,64052091,115,0.01
2021,X,UY,68022100,38774,505.5
2021,X,UY,68053000,997,0.43
2021,X,UY,68109100,369484,15676.37
2021,X,UY,68138100,1056,0.6
2021,X,UY,68138900,454,0.4
2021,X,UY,68159900,23236,564.95
2021,X,UY,71171900,464,0.01
2021,X,UY,72109030,8623,32.72
2021,X,UY,73064080,1910,1.0
2021,X,UY,73089098,58973,105.59
2021,X,UY,73121083,3688,14.04
2021,X,UY,73170060,21846,249.6
2021,X,UY,73181900,4419,8.7
2021,X,UY,73218900,16218,70.1
2021,X,UY,74020000,14510,8.1
2021,X,UY,76061299,65048,189.85
2021,X,UY,76109090,470,0.2
2021,X,UY,82059090,60098,92.76
2021,X,UY,83111000,994,3.48
2021,X,UY,83119000,349,0.15
2021,X,UY,84099900,307079,72.68
2021,X,UY,84148080,2470,2.7
2021,X,UY,84169000,808,0.01
2021,X,UY,84182199,441,0.45
2021,X,UY,84198180,320,0.24
2021,X,UY,84213100,69,0.01
2021,X,UY,84261100,15000,107.3
2021,X,UY,84314980,300,0.9
2021,X,UY,84349000,6086,0.87
2021,X,UY,84433900,1001,0.52
2021,X,UY,84689000,1816,0.5
2021,X,UY,84714900,434,0.06
2021,X,UY,84716070,234,0.01
2021,X,UY,84718000,19197,0.95
2021,X,UY,84733080,13032,1.48
2021,X,UY,84798997,237,0.05
2021,X,UY,84829900,2968,1.05
2021,X,UY,85015230,2880,5.2
2021,X,UY,85041080,379,0.03
2021,X,UY,85072020,176270,681.84
2021,X,UY,85072080,925,2.35
2021,X,UY,85079080,21513,13.99
2021,X,UY,85122000,2120,0.4
2021,X,UY,85131000,1327,0.09
2021,X,UY,85152900,4687,1.77
2021,X,UY,85171200,732,0.02
2021,X,UY,85176200,1555,0.07
2021,X,UY,85176990,400,0.01
2021,X,UY,85177000,476,0.09
2021,X,UY,85183000,806,0.14
2021,X,UY,85256000,7408,0.48
2021,X,UY,85269180,6157,0.6
2021,X,UY,85285210,448,0.13
2021,X,UY,85299097,560,0.01
2021,X,UY,85311095,1748,0.02
2021,X,UY,85319000,7563,0.58
2021,X,UY,85389099,19760,3.66
2021,X,UY,85391000,4195,0.48
2021,X,UY,85392998,1200,0.3
2021,X,UY,85407100,1225,0.02
2021,X,UY,85442000,5040,0.74
2021,X,UY,85444991,438,0.33
2021,X,UY,85444999,547310,1088.58
2021,X,UY,89079000,1378,2.3
2021,X,UY,90200090,394,0.02
2021,X,UY,90268080,240,0.01
2021,X,UY,90271090,1009,0.01
2021,X,UY,90278080,427,0.03
2021,X,UY,90301000,207,0.02
2021,X,UY,90330090,4410,1.6
2021,X,UY,94051098,1493,0.39
2022,X,AR,04069032,17680,18.52
2022,X,AR,04069035,3636,2.4
2022,X,AR,04069085,3612,2.4
2022,X,AR,04069089,4833,6.75
2022,X,AR,04069092,3051,2.03
2022,X,AR,08105000,830783,6369.37
2022,X,AR,15092000,13267,26.57
2022,X,AR,19053219,158901,246.27
2022,X,AR,25081000,88,5.5
2022,X,AR,27101999,1909706,16936.6
2022,X,AR,27109900,443,0.76
2022,X,AR,27132000,6044602,118915.69
2022,X,AR,30045000,578079,33.84
2022,X,AR,30061090,2250,0.3
2022,X,AR,30067000,767,0.02
2022,X,AR,31022100,153810,2880.0
2022,X,AR,32149000,2863,84.0
2022,X,AR,32151900,839,0.09
2022,X,AR,32159070,3446,0.53
2022,X,AR,34070000,19138,23.96
2022,X,AR,38221900,4511,0.6
2022,X,AR,38229000,13905,1.49
2022,X,AR,38249964,13200,2.09
2022,X,AR,38249996,43031,4560.0
2022,X,AR,39173100,1890,0.21
2022,X,AR,39191015,116319,251.69
2022,X,AR,39199080,171307,220.87
2022,X,AR,39261000,1324,0.52
2022,X,AR,39269097,1426,0.17
2022,X,AR,40069000,1720,0.7
2022,X,AR,40161000,151295,320.39
2022,X,AR,40169991,32,0.01
2022,X,AR,40169997,1790,0.12
2022,X,AR,48114120,132728,266.39
2022,X,AR,48201090,197,0.12
2022,X,AR,49019900,23614,18.82
2022,X,AR,49059000,2838,0.33
2022,X,AR,49119900,599,0.17
2022,X,AR,56031390,1084,1.62
2022,X,AR,56074919,12510,27.48
2022,X,AR,56079090,9725,21.5
2022,X,AR,56081930,164204,398.62
2022,X,AR,61130010,2138,0.74
2022,X,AR,62113210,1298,1.06
2022,X,AR,62151000,266,0.02
2022,X,AR,63072000,2399,0.45
2022,X,AR,68022100,42527,398.4
2022,X,AR,68029100,251738,2611.63
2022,X,AR,68109100,408192,10634.51
2022,X,AR,68159900,58436,802.23
2022,X,AR,70199000,3199,7.78
2022,X,AR,70200080,50,0.01
2022,X,AR,71131100,158,0.01
2022,X,AR,71171900,4831,0.05
2022,X,AR,73181499,344,0.48
2022,X,AR,73259990,104,0.02
2022,X,AR,76041090,2178,1.25
2022,X,AR,76061299,480386,934.3
2022,X,AR,76069100,4668,12.0
2022,X,AR,82055100,2000,3.2
2022,X,AR,82073010,4275,3.1
2022,X,AR,82121090,9629,3.8
2022,X,AR,84099900,267375,71.83
2022,X,AR,84122180,7800,5.95
2022,X,AR,84131900,4588,0.38
2022,X,AR,84133080,3205,0.15
2022,X,AR,84139100,2007,0.31
2022,X,AR,84149000,9359,0.75
2022,X,AR,84212100,853500,476.75
2022,X,AR,84229090,7045,0.1
2022,X,AR,84248210,53765,117.71
2022,X,AR,84349000,106,0.04
2022,X,AR,84385000,1600,0.05
2022,X,AR,84425000,3060,2.9
2022,X,AR,84433210,39690,5.97
2022,X,AR,84433280,31300,22.62
2022,X,AR,84439990,2045,0.26
2022,X,AR,84483200,40160,12.63
2022,X,AR,84485190,320,0.02
2022,X,AR,84622300,227068,559.0
2022,X,AR,84662098,216,0.01
2022,X,AR,84669280,1874,0.05
2022,X,AR,84669400,13378,1.21
2022,X,AR,84713000,3395,0.46
2022,X,AR,84716070,2423,0.17
2022,X,AR,84717098,394,0.02
2022,X,AR,84718000,1530,0.06
2022,X,AR,84733080,1761,0.05
2022,X,AR,84798997,77306,48.9
2022,X,AR,84818099,7811,9.42
2022,X,AR,84819000,201,0.06
2022,X,AR,84829900,196,0.04
2022,X,AR,84841000,172,0.01
2022,X,AR,85011091,795,1.1
2022,X,AR,85011099,2460,3.35
2022,X,AR,85013200,1490,1.9
2022,X,AR,85015100,350,0.4
2022,X,AR,85016180,1119,0.52
2022,X,AR,85044090,815,0.02
2022,X,AR,85072020,193628,592.9
2022,X,AR,85122000,135,0.03
2022,X,AR,85168080,720,0.18
2022,X,AR,85176200,2004,0.01
2022,X,AR,85177900,4975,0.32
2022,X,AR,85234910,272,0.02
2022,X,AR,85238090,40,0.02
2022,X,AR,85269180,344,0.15
2022,X,AR,85285210,2170,0.18
2022,X,AR,85299097,1604,0.18
2022,X,AR,85361090,4079,0.3
2022,X,AR,85389019,1080,0.16
2022,X,AR,85389099,4406,1.0
2022,X,AR,85423190,1102,0.05
2022,X,AR,85423390,3006,0.02
2022,X,AR,85423990,130,0.01
2022,X,AR,85444210,880,0.16
2022,X,AR,87089997,216,0.03
2022,X,AR,87141090,381,0.28
2022,X,AR,90058000,8488,0.32
2022,X,AR,90139080,7792,0.23
2022,X,AR,90148000,9660,0.04
2022,X,AR,90178090,783,0.01
2022,X,AR,90181200,22000,0.25
2022,X,AR,90183900,578,0.05
2022,X,AR,90185010,11725,0.84
2022,X,AR,90185090,22092,2.01
2022,X,AR,90241080,1952,0.05
2022,X,AR,90251900,24,0.01
2022,X,AR,90259000,3474,0.04
2022,X,AR,90268080,3556,0.18
2022,X,AR,90269000,1539,0.01
2022,X,AR,90271090,1477,0.02
2022,X,AR,90273000,4500,0.15
2022,X,AR,90278990,161,0.02
2022,X,AR,90299000,6600,0.05
2022,X,AR,90312000,156218,9.38
2022,X,AR,90318080,3922,0.1
2022,X,AR,90319000,682,0.06
2022,X,AR,90328900,92034,2.43
2022,X,AR,90329000,4604,0.36
2022,X,AR,93059900,459,0.04
2022,X,AR,94054110,727,0.18
2022,X,AR,95030069,373,0.19
2022,X,AR,95030099,22,0.01
2022,X,AR,95049080,82,0.15
2022,X,AR,95062900,469,0.15
2022,X,AR,96140090,9344,13.04
2022,X,BO,20079950,143840,940.0
2022,X,BO,20087061,25923,185.44
2022,X,BO,20087071,193721,1201.45
2022,X,BO,20089774,30281,182.04
2022,X,BO,27101921,747,14.94
2022,X,BO,28170000,53278,240.0
2022,X,BO,32081090,8683,19.58
2022,X,BO,38086100,51428,70.32
2022,X,BO,38221900,5123,0.87
2022,X,BO,38229000,2184,0.2
2022,X,BO,39235010,30491,15.35
2022,X,BO,49019900,1669,1.54
2022,X,BO,56012110,29519,55.68
2022,X,BO,61061000,9788,3.84
2022,X,BO,61091000,8890,2.47
2022,X,BO,65010000,290,0.01
2022,X,BO,85238090,320,0.08
2022,X,BO,87089993,8892,1108.2
2022,X,BO,87089997,106036,13.5
2022,X,BO,87141090,129,0.02
2022,X,BO,90283019,18513,1.59
2022,X,BR,09012100,80305,94.32
2022,X,BR,11010015,61916,920.0
2022,X,BR,13019000,19581,58.01
2022,X,BR,15092000,2652265,4864.31
2022,X,BR,15179099,7734,20.13
2022,X,BR,18069060,69784,240.0
2022,X,BR,19059080,28991,74.47
2022,X,BR,20019065,21398,49.25
2022,X,BR,20057000,460356,939.84
2022,X,BR,20079950,82054,552.11
2022,X,BR,20085071,72621,308.61
2022,X,BR,20085098,61320,331.46
2022,X,BR,20087071,614844,3550.24
2022,X,BR,20087079,26419,191.29
2022,X,BR,20087092,24177,164.12
2022,X,BR,21023000,44,0.01
2022,X,BR,21039090,11926,9.81
2022,X,BR,21069098,27567,46.21
2022,X,BR,22029100,1279,9.27
2022,X,BR,22029919,6616,56.37
2022,X,BR,22030001,2526,23.04
2022,X,BR,22030009,2119,38.88
2022,X,BR,22041011,39,0.01
2022,X,BR,22041093,26,0.03
2022,X,BR,22042113,9,0.01
2022,X,BR,22042128,1152,8.64
2022,X,BR,22042138,5137,11.2
2022,X,BR,22042178,934,1.3
2022,X,BR,22042179,49243,163.8
2022,X,BR,22042180,35507,90.25
2022,X,BR,22042181,5044,15.55
2022,X,BR,22042182,1152,8.64
2022,X,BR,22042183,1367,8.35
2022,X,BR,22042184,16,0.03
2022,X,BR,22042189,8,0.01
2022,X,BR,22051010,33,0.05
2022,X,BR,22083011,65,0.02
2022,X,BR,22083030,520,0.09
2022,X,BR,22083071,585,0.54
2022,X,BR,22083082,105,0.02
2022,X,BR,22084039,185,0.19
2022,X,BR,22085011,60,0.05
2022,X,BR,22086011,171,0.21
2022,X,BR,22087010,147,0.12
2022,X,BR,22089041,1840,4.82
2022,X,BR,22089054,23,0.02
2022,X,BR,22089069,5101,5.08
2022,X,BR,24011060,418274,1288.97
2022,X,BR,24022090,213,0.04
2022,X,BR,24039100,4,0.01
2022,X,BR,25084000,29992,920.0
2022,X,BR,25151100,49672,2119.0
2022,X,BR,25199030,859526,11508.7
2022,X,BR,25199090,1008,11.2
2022,X,BR,27101921,8301,58.81
2022,X,BR,27101929,8120,38.2
2022,X,BR,27101999,5854914,51925.45
2022,X,BR,27111397,76189,259.92
2022,X,BR,28365000,400188,36902.0
2022,X,BR,29241900,86010,228.0
2022,X,BR,29359090,434996,4.89
2022,X,BR,30042000,1600000,445.43
2022,X,BR,30043900,169,0.05
2022,X,BR,30049000,5230362,859.9
2022,X,BR,31022100,21316,480.0
2022,X,BR,31059080,123799,194.4
2022,X,BR,32041700,385989,834.38
2022,X,BR,32041900,922,2.0
2022,X,BR,32065000,4816,3.0
2022,X,BR,32089091,35939,66.69
2022,X,BR,32089099,216084,543.87
2022,X,BR,32149000,40436,544.8
2022,X,BR,32151900,11314,1.21
2022,X,BR,32159020,1162,0.31
2022,X,BR,32159070,2877,0.17
2022,X,BR,33049900,53589,41.54
2022,X,BR,38021000,39191,54.42
2022,X,BR,38160090,17941,370.0
2022,X,BR,38221900,85514,7.8
2022,X,BR,38229000,26856,1.5
2022,X,BR,38249915,52833,3240.0
2022,X,BR,38249996,750,0.02
2022,X,BR,38259090,250,0.01
2022,X,BR,39011090,15800,210.0
2022,X,BR,39021000,279024,2833.75
2022,X,BR,39031900,9013,55.0
2022,X,BR,39032000,1677250,5988.75
2022,X,BR,39033000,36561,128.0
2022,X,BR,39039090,34574,156.25
2022,X,BR,39071000,151477,108.27
2022,X,BR,39072999,18480,12.0
2022,X,BR,39100000,10742,2.2
2022,X,BR,39173100,2264,0.54
2022,X,BR,39173900,1636,0.02
2022,X,BR,39199080,1076,0.2
2022,X,BR,39201040,14012,47.92
2022,X,BR,39201089,49301,162.5
2022,X,BR,39203000,290570,262.96
2022,X,BR,39231090,9739,164.48
2022,X,BR,39233010,750,0.2
2022,X,BR,39235090,3170,0.74
2022,X,BR,39269097,1266,0.25
2022,X,BR,40029990,16044,50.0
2022,X,BR,40069000,2100,0.39
2022,X,BR,40082190,1412,0.14
2022,X,BR,40169300,8218,4.14
2022,X,BR,41142000,502,0.09
2022,X,BR,42021190,725,0.04
2022,X,BR,42021299,277,0.02
2022,X,BR,42022100,7608,0.18
2022,X,BR,42022210,171,0.02
2022,X,BR,42022290,1848,0.15
2022,X,BR,42022900,2091,0.16
2022,X,BR,42023100,136,0.01
2022,X,BR,42023210,92,0.01
2022,X,BR,42029110,238,0.02
2022,X,BR,42029219,380,0.04
2022,X,BR,42029291,152,0.01
2022,X,BR,42029900,244,0.02
2022,X,BR,42033000,547,0.03
2022,X,BR,42034000,618,0.01
2022,X,BR,42050090,259,0.01
2022,X,BR,44123110,49618,195.4
2022,X,BR,44219999,1108,0.55
2022,X,BR,48103900,8430,36.92
2022,X,BR,48119000,411,0.28
2022,X,BR,48194000,3,0.05
2022,X,BR,48201030,179,0.07
2022,X,BR,48201050,220,0.19
2022,X,BR,48201090,2001,0.39
2022,X,BR,48209000,477,0.02
2022,X,BR,48211090,519,0.24
2022,X,BR,49011000,344,0.02
2022,X,BR,49019900,158300,90.06
2022,X,BR,49029000,422,0.04
2022,X,BR,49059000,4694,1.39
2022,X,BR,49111090,12673,0.87
2022,X,BR,49119100,60,0.01
2022,X,BR,49119900,3465,1.51
2022,X,BR,54076130,2444,0.83
2022,X,BR,54079200,240740,119.36
2022,X,BR,56031390,3723,5.07
2022,X,BR,56074911,1612,0.74
2022,X,BR,56074919,7494,15.1
2022,X,BR,56075019,1126,1.73
2022,X,BR,56075030,1692,2.85
2022,X,BR,56090000,2477,2.54
2022,X,BR,57031000,5679,3.86
2022,X,BR,58041090,17,0.02
2022,X,BR,58090000,268,0.05
2022,X,BR,58109210,55090,11.48
2022,X,BR,59100000,608,0.43
2022,X,BR,60029000,109920,146.97
2022,X,BR,60053700,36,0.03
2022,X,BR,61034300,109,0.01
2022,X,BR,61043100,552,0.02
2022,X,BR,61043200,116,0.01
2022,X,BR,61043300,164,0.01
2022,X,BR,61044200,298,0.01
2022,X,BR,61044300,3385,0.17
2022,X,BR,61046200,1219,0.07
2022,X,BR,61046300,1950,0.03
2022,X,BR,61061000,60,0.04
2022,X,BR,61071100,416,0.05
2022,X,BR,61071200,38,0.01
2022,X,BR,61071900,38,0.01
2022,X,BR,61091000,12200,2.29
2022,X,BR,61099020,208,0.01
2022,X,BR,61099090,1369,0.07
2022,X,BR,61101130,128,0.01
2022,X,BR,61101190,614,0.03
2022,X,BR,61101290,357,0.02
2022,X,BR,61102010,18468,6.19
2022,X,BR,61102091,1089,0.04
2022,X,BR,61102099,1429,0.09
2022,X,BR,61103099,833,0.04
2022,X,BR,61112090,204,0.04
2022,X,BR,61123190,90,0.01
2022,X,BR,61124190,512,0.03
2022,X,BR,61169900,55,0.01
2022,X,BR,61171000,64,0.01
2022,X,BR,62019000,940,0.03
2022,X,BR,62022000,1525,0.05
2022,X,BR,62032210,9141,4.6
2022,X,BR,62033290,235,0.01
2022,X,BR,62033310,220,0.15
2022,X,BR,62033390,580,0.04
2022,X,BR,62034231,550,0.01
2022,X,BR,62034251,2339,0.48
2022,X,BR,62034990,618,0.04
2022,X,BR,62041100,1276,0.02
2022,X,BR,62042380,2013,0.21
2022,X,BR,62043100,2030,0.03
2022,X,BR,62043290,754,0.02
2022,X,BR,62043390,2459,0.1
2022,X,BR,62044200,2825,0.06
2022,X,BR,62044300,7803,0.12
2022,X,BR,62044910,625,0.01
2022,X,BR,62045100,305,0.01
2022,X,BR,62045200,278,0.01
2022,X,BR,62046185,605,0.02
2022,X,BR,62046231,1003,0.03
2022,X,BR,62046233,705,0.04
2022,X,BR,62046239,348,0.02
2022,X,BR,62046290,609,0.04
2022,X,BR,62046990,580,0.03
2022,X,BR,62052000,1334,0.06
2022,X,BR,62059010,544,0.03
2022,X,BR,62059080,885,0.03
2022,X,BR,62061000,401,0.01
2022,X,BR,62063000,985,0.05
2022,X,BR,62064000,5882,0.47
2022,X,BR,62092000,152,0.02
2022,X,BR,62093000,101,0.01
2022,X,BR,62099090,517,0.03
2022,X,BR,62111100,426,0.02
2022,X,BR,62111200,5883,0.38
2022,X,BR,62113210,21815,10.59
2022,X,BR,62113310,5341,1.46
2022,X,BR,62143000,164,0.01
2022,X,BR,62151000,292,0.02
2022,X,BR,63025390,463,0.6
2022,X,BR,63041910,615,0.4
2022,X,BR,63071090,284,0.12
2022,X,BR,63072000,4901,0.93
2022,X,BR,63101000,504,7.0
2022,X,BR,64011000,273,0.15
2022,X,BR,64021900,57,0.01
2022,X,BR,64022000,71,0.01
2022,X,BR,64031900,865,0.02
2022,X,BR,64035119,124,0.01
2022,X,BR,64035199,125,0.01
2022,X,BR,64035939,1238,0.05
2022,X,BR,64035999,1488,0.11
2022,X,BR,64039113,1596,0.12
2022,X,BR,64039193,50,0.01
2022,X,BR,64039198,875,0.06
2022,X,BR,64039938,2583,0.16
2022,X,BR,64039996,2315,0.13
2022,X,BR,64039998,5268,0.32
2022,X,BR,64041100,1417,0.13
2022,X,BR,64041910,289,0.02
2022,X,BR,64041990,4444,0.34
2022,X,BR,65040000,30,0.01
2022,X,BR,65050030,2160,0.35
2022,X,BR,65050090,446,0.05
2022,X,BR,65069990,45,0.01
2022,X,BR,68022100,1243835,17952.53
2022,X,BR,68029100,293072,2524.61
2022,X,BR,68061000,274,0.98
2022,X,BR,68109100,383132,9065.09
2022,X,BR,69120081,20,0.01
2022,X,BR,70072180,1760,0.08
2022,X,BR,70131000,53,0.01
2022,X,BR,70196500,1948,1.68
2022,X,BR,70196600,11048,24.0
2022,X,BR,70200080,232,0.04
2022,X,BR,71131100,581,0.04
2022,X,BR,71131900,24519,0.02
2022,X,BR,73043180,52300,134.9
2022,X,BR,73089098,66686,164.89
2022,X,BR,73090090,2769,2.9
2022,X,BR,73121020,13400,39.0
2022,X,BR,73121069,1604,1.3
2022,X,BR,73121081,484726,1812.63
2022,X,BR,73121083,19,0.06
2022,X,BR,73121085,19481,48.4
2022,X,BR,73121089,12947,26.5
2022,X,BR,73181499,17964,21.11
2022,X,BR,73181520,4188,0.15
2022,X,BR,73182900,774,0.06
2022,X,BR,73269098,5816,0.6
2022,X,BR,74031900,290,0.14
2022,X,BR,74198090,83,0.01
2022,X,BR,76041010,936,0.38
2022,X,BR,76061292,1316893,3247.27
2022,X,BR,76061299,171236,356.12
2022,X,BR,76069100,656251,1839.64
2022,X,BR,76071190,2530755,5236.9
2022,X,BR,76072010,815872,1945.51
2022,X,BR,76101000,135616,350.4
2022,X,BR,82029980,61266,94.95
2022,X,BR,82055980,37,0.04
2022,X,BR,82059090,36204,36.12
2022,X,BR,82079099,6107,1.4
2022,X,BR,82122000,272459,67.03
2022,X,BR,82129000,1911685,612.23
2022,X,BR,83062900,85,0.03
2022,X,BR,83100000,1364,0.21
2022,X,BR,83111000,2385,8.76
2022,X,BR,84029000,4685,1.18
2022,X,BR,84099100,1948,0.37
2022,X,BR,84099900,1458507,633.14
2022,X,BR,84133080,450,0.09
2022,X,BR,84138100,870,0.04
2022,X,BR,84138200,29150,1.4
2022,X,BR,84139100,9149,0.92
2022,X,BR,84143089,9800,3.5
2022,X,BR,84149000,5227,1.61
2022,X,BR,84158200,5814,0.32
2022,X,BR,84212100,11059,0.24
2022,X,BR,84212980,624,0.08
2022,X,BR,84213100,65200,13.27
2022,X,BR,84219990,3499,0.31
2022,X,BR,84242000,1596,0.18
2022,X,BR,84243008,1041,0.03
2022,X,BR,84243090,6736,2.9
2022,X,BR,84248210,50400,34.65
2022,X,BR,84249080,327,0.01
2022,X,BR,84329000,17649,0.43
2022,X,BR,84339000,29034,3.76
2022,X,BR,84433210,746,0.42
2022,X,BR,84439990,9913,2.11
2022,X,BR,84483200,3030478,1365.91
2022,X,BR,84532000,59235,19.49
2022,X,BR,84633000,3868550,1964.67
2022,X,BR,84669400,2600,0.18
2022,X,BR,84689000,672,0.02
2022,X,BR,84713000,300,0.02
2022,X,BR,84714100,4991,0.57
2022,X,BR,84714900,2991,5.8
2022,X,BR,84715000,1341,0.8
2022,X,BR,84716070,1000,0.03
2022,X,BR,84717050,1320,0.01
2022,X,BR,84717098,550,0.01
2022,X,BR,84718000,664,0.14
2022,X,BR,84733080,7143,1.08
2022,X,BR,84735080,5007,0.35
2022,X,BR,84749090,760,0.04
2022,X,BR,84779080,1132837,732.0
2022,X,BR,84796000,2112,0.38
2022,X,BR,84798997,18220,1.49
2022,X,BR,84813099,280,0.25
2022,X,BR,84814010,669,1.4
2022,X,BR,84818099,131,0.01
2022,X,BR,84819000,370,0.07
2022,X,BR,84821090,750,0.01
2022,X,BR,84836080,1104,0.09
2022,X,BR,84842000,2805,0.37
2022,X,BR,85011010,1750,1.83
2022,X,BR,85012000,11318,11.98
2022,X,BR,85013200,9873,4.94
2022,X,BR,85015100,7420,12.05
2022,X,BR,85015381,4110,7.56
2022,X,BR,85016180,6490,9.02
2022,X,BR,85030099,386,0.04
2022,X,BR,85044030,196,0.13
2022,X,BR,85044055,16,0.01
2022,X,BR,85044090,2924,0.22
2022,X,BR,85049017,20160,4.76
2022,X,BR,85049090,291,0.05
2022,X,BR,85051990,5952,0.01
2022,X,BR,85071080,140,0.02
2022,X,BR,85075000,370,0.89
2022,X,BR,85122000,236,0.03
2022,X,BR,85131000,3106,0.21
2022,X,BR,85152900,7245,4.7
2022,X,BR,85159080,3330,0.28
2022,X,BR,85166050,1241,0.51
2022,X,BR,85166070,420,0.18
2022,X,BR,85169000,720,0.44
2022,X,BR,85171800,1840,0.02
2022,X,BR,85176100,19920,1.26
2022,X,BR,85176200,2420,0.28
2022,X,BR,85176990,23859,1.81
2022,X,BR,85177100,1802,0.04
2022,X,BR,85177900,2635,0.04
2022,X,BR,85183000,200,0.01
2022,X,BR,85219000,114,0.01
2022,X,BR,85234910,1397,0.08
2022,X,BR,85235190,600,0.01
2022,X,BR,85238090,316,0.03
2022,X,BR,85256000,4233,0.07
2022,X,BR,85269180,30040,2.47
2022,X,BR,85284900,6440,0.4
2022,X,BR,85285210,203,0.08
2022,X,BR,85287280,592,0.21
2022,X,BR,85291069,760,0.03
2022,X,BR,85291095,520,0.01
2022,X,BR,85299097,32338,0.55
2022,X,BR,85309000,621,0.15
2022,X,BR,85311030,943,0.01
2022,X,BR,85311095,133197,12.64
2022,X,BR,85319000,3526,0.03
2022,X,BR,85334090,47192,4.43
2022,X,BR,85340090,462,0.02
2022,X,BR,85361010,3308,4.91
2022,X,BR,85361050,23369,24.13
2022,X,BR,85361090,220923,196.34
2022,X,BR,85362090,1575,0.04
2022,X,BR,85364900,183,0.03
2022,X,BR,85365080,310,0.02
2022,X,BR,85366910,813,0.07
2022,X,BR,85369010,242904,183.89
2022,X,BR,85369095,60,0.01
2022,X,BR,85389099,98892,19.41
2022,X,BR,85391000,1818,0.4
2022,X,BR,85394900,396,0.01
2022,X,BR,85407100,6870,0.16
2022,X,BR,85423190,14379,1.2
2022,X,BR,85423990,360,0.02
2022,X,BR,85432000,11190,3.85
2022,X,BR,85442000,7237,6.4
2022,X,BR,85444290,143,0.02
2022,X,BR,85444991,9056,7.2
2022,X,BR,85444995,44956,31.2
2022,X,BR,85462000,900,1.3
2022,X,BR,85469090,42840,16.19
2022,X,BR,86090090,6500,22.0
2022,X,BR,87081090,4606,0.42
2022,X,BR,87089997,672,0.18
2022,X,BR,87141090,171,0.05
2022,X,BR,88073000,7000,0.09
2022,X,BR,89032290,157500,13.0
2022,X,BR,90041099,4552,0.47
2022,X,BR,90131010,5106786,29.38
2022,X,BR,90132000,38712,0.2
2022,X,BR,90139005,66000,0.58
2022,X,BR,90148000,4889,2.3
2022,X,BR,90149000,10697,0.33
2022,X,BR,90158080,1840,0.06
2022,X,BR,90183900,44855,0.61
2022,X,BR,90185010,196775,17.91
2022,X,BR,90200090,131,0.03
2022,X,BR,90251900,247,0.02
2022,X,BR,90259000,1900,0.08
2022,X,BR,90261021,2907,0.2
2022,X,BR,90262080,1304,0.03
2022,X,BR,90268020,2501,0.08
2022,X,BR,90268080,3337,0.15
2022,X,BR,90269000,7480,0.59
2022,X,BR,90271010,10342,0.42
2022,X,BR,90275000,6900,0.07
2022,X,BR,90278990,11031,0.37
2022,X,BR,90279000,2370,0.08
2022,X,BR,90281000,286,0.01
2022,X,BR,90283090,2394,0.03
2022,X,BR,90289090,7973,0.13
2022,X,BR,90292090,396,0.03
2022,X,BR,90303100,1188,0.35
2022,X,BR,90312000,8679,9.01
2022,X,BR,90318080,47498,3.76
2022,X,BR,90319000,11852,0.36
2022,X,BR,90321020,82,0.01
2022,X,BR,90328900,4212,0.14
2022,X,BR,90329000,33751,2.38
2022,X,BR,90330090,20748,0.78
2022,X,BR,91011100,280,0.01
2022,X,BR,92021090,1606,0.04
2022,X,BR,92029080,1694,0.04
2022,X,BR,92099400,938,0.09
2022,X,BR,93059900,1118,0.11
2022,X,BR,94017900,1233,0.24
2022,X,BR,94054139,567,0.11
2022,X,BR,94054990,4060,0.25
2022,X,BR,95030035,81,0.01
2022,X,BR,95030069,142,0.12
2022,X,BR,95044000,345,0.05
2022,X,BR,95049080,116,0.03
2022,X,BR,95069190,50,0.04
2022,X,BR,96083000,120,0.01
2022,X,BR,96151900,115,0.01
2022,X,BR,96170000,25,0.03
2022,X,PY,20087079,188178,1328.4
2022,X,PY,22030010,143704,1842.4
2022,X,PY,24011060,242550,277.2
2022,X,PY,24012035,35914,82.56
2022,X,PY,25090000,129569,9450.0
2022,X,PY,28112200,3648,0.45
2022,X,PY,30049000,702752,6518.94
2022,X,PY,32149000,4889,94.5
2022,X,PY,38089250,2339759,399.0
2022,X,PY,38221900,4859,0.27
2022,X,PY,38245090,54110,144.37
2022,X,PY,40169997,2322,0.16
2022,X,PY,49019900,2468,1.08
2022,X,PY,56081930,81921,199.68
2022,X,PY,68109100,15261,377.07
2022,X,PY,70196500,1457,1.28
2022,X,PY,70196600,2444,3.17
2022,X,PY,84099100,335,0.25
2022,X,PY,84213100,227,0.01
2022,X,PY,84433210,9740,1.35
2022,X,PY,84713000,800,0.02
2022,X,PY,87042299,2900,169.5
2022,X,PY,87089997,675,0.02
2022,X,PY,90189084,22342,1.44
2022,X,PY,90278990,3310,0.09
2022,X,UY,04069032,19615,16.13
2022,X,UY,04069089,3898,5.45
2022,X,UY,04069092,10416,6.87
2022,X,UY,08105000,475054,3842.2
2022,X,UY,15093000,1895,2.75
2022,X,UY,17049099,2732,1.73
2022,X,UY,19053219,121938,193.53
2022,X,UY,19053299,144903,376.64
2022,X,UY,20019065,6923,6.0
2022,X,UY,20079939,301092,1466.4
2022,X,UY,20079950,75684,376.0
2022,X,UY,20087071,79636,550.8
2022,X,UY,21069098,33659,63.1
2022,X,UY,22011011,224,0.95
2022,X,UY,22030010,15288,196.0
2022,X,UY,22041011,36,0.01
2022,X,UY,22041093,19,0.02
2022,X,UY,22042168,6,0.01
2022,X,UY,22051010,13,0.02
2022,X,UY,22083082,35,0.03
2022,X,UY,22084011,46,0.01
2022,X,UY,22085011,75,0.04
2022,X,UY,22086011,29,0.03
2022,X,UY,22087010,47,0.04
2022,X,UY,22089069,23,0.02
2022,X,UY,24011060,493551,1189.38
2022,X,UY,24011085,1425762,4261.51
2022,X,UY,24012085,141930,306.0
2022,X,UY,24022090,380,0.08
2022,X,UY,24031910,210,0.04
2022,X,UY,25090000,19799,1350.0
2022,X,UY,27132000,1550620,45642.45
2022,X,UY,28112100,23405,0.43
2022,X,UY,28112200,2500,0.07
2022,X,UY,28211000,85,0.01
2022,X,UY,28273200,11135,243.0
2022,X,UY,30049000,12750,12.0
2022,X,UY,30065000,146,0.02
2022,X,UY,32041900,17958,82.0
2022,X,UY,32091000,7,0.86
2022,X,UY,32149000,8263,150.5
2022,X,UY,32159020,3243,0.68
2022,X,UY,34053000,1258,1.17
2022,X,UY,38221900,578,0.03
2022,X,UY,38229000,1500,0.03
2022,X,UY,38237000,570,0.02
2022,X,UY,38245090,655903,3753.62
2022,X,UY,39201040,46,0.46
2022,X,UY,39232990,37837,52.49
2022,X,UY,39233010,2100,0.7
2022,X,UY,39269097,941,0.32
2022,X,UY,40069000,218,0.01
2022,X,UY,40082190,13724,1.92
2022,X,UY,40082900,811,1.04
2022,X,UY,40169400,5613,4.54
2022,X,UY,48099000,459,0.07
2022,X,UY,48201090,954,0.62
2022,X,UY,48211010,254,0.04
2022,X,UY,48239085,823,1.81
2022,X,UY,49011000,162,0.03
2022,X,UY,49019900,21193,18.91
2022,X,UY,49100000,1374,0.1
2022,X,UY,49111090,20,0.43
2022,X,UY,49119900,1528,0.19
2022,X,UY,56012110,9931,20.68
2022,X,UY,56074911,4193,7.11
2022,X,UY,56074919,4955,13.35
2022,X,UY,56075019,71,0.18
2022,X,UY,56079020,62,0.23
2022,X,UY,56081930,251582,560.93
2022,X,UY,56090000,2969,3.95
2022,X,UY,59090090,1055,0.6
2022,X,UY,60019200,725,0.09
2022,X,UY,60029000,95877,121.93
2022,X,UY,61130010,2757,0.69
2022,X,UY,62113210,25903,15.96
2022,X,UY,63052000,4749,0.6
2022,X,UY,63072000,12205,4.49
2022,X,UY,63101000,560,8.0
2022,X,UY,68022100,18811,260.0
2022,X,UY,68029100,15382,235.0
2022,X,UY,68051000,4990,3.46
2022,X,UY,68053000,15234,8.8
2022,X,UY,68109100,446148,17398.99
2022,X,UY,68109900,4100,5.8
2022,X,UY,68138100,951,0.41
2022,X,UY,71171900,1681,0.04
2022,X,UY,73064080,4833,1.5
2022,X,UY,73089098,10998,23.7
2022,X,UY,73110011,824,0.04
2022,X,UY,73218900,31378,145.3
2022,X,UY,73269098,7676,1.08
2022,X,UY,76061299,105495,203.98
2022,X,UY,82055980,2156,0.52
2022,X,UY,82059090,54129,62.12
2022,X,UY,82122000,21575,12.34
2022,X,UY,83022000,263,0.16
2022,X,UY,84099100,275,0.12
2022,X,UY,84099900,212662,80.38
2022,X,UY,84122989,7380,4.5
2022,X,UY,84138100,620,0.35
2022,X,UY,84182191,941,0.9
2022,X,UY,84242000,2400,0.17
2022,X,UY,84349000,1347,0.28
2022,X,UY,84433210,263,0.12
2022,X,UY,84439990,1086,0.37
2022,X,UY,84501111,548,0.9
2022,X,UY,84512100,746,1.1
2022,X,UY,84679200,4576,0.66
2022,X,UY,84689000,220,0.22
2022,X,UY,84718000,800,0.17
2022,X,UY,84719000,258,0.27
2022,X,UY,84733080,3656,1.04
2022,X,UY,84798997,1131,0.14
2022,X,UY,84818011,196,0.09
2022,X,UY,84836080,276,0.01
2022,X,UY,85012000,1500,2.3
2022,X,UY,85072020,287680,900.31
2022,X,UY,85076000,300,0.01
2022,X,UY,85079080,3432,12.84
2022,X,UY,85131000,551,0.1
2022,X,UY,85171100,170,0.01
2022,X,UY,85171800,1061,0.91
2022,X,UY,85176990,11027,0.38
2022,X,UY,85198900,95,0.05
2022,X,UY,85234920,17,0.01
2022,X,UY,85234990,2016,0.09
2022,X,UY,85269180,3810,0.07
2022,X,UY,85285210,208,0.09
2022,X,UY,85287280,123,0.03
2022,X,UY,85299097,7177,0.08
2022,X,UY,85319000,6711,0.54
2022,X,UY,85361090,17280,1.51
2022,X,UY,85389099,11358,1.98
2022,X,UY,85391000,1843,0.75
2022,X,UY,85392192,352,0.03
2022,X,UY,85407100,7865,0.12
2022,X,UY,85429000,471,0.01
2022,X,UY,85441900,3940,0.3
2022,X,UY,85442000,99,0.15
2022,X,UY,85444995,110,0.09
2022,X,UY,87089997,65,0.01
2022,X,UY,89079000,1726,3.1
2022,X,UY,90149000,2104,0.07
2022,X,UY,90158020,96,0.01
2022,X,UY,90182000,5697,0.06
2022,X,UY,90200090,11096,4.04
2022,X,UY,90269000,52,0.08
2022,X,UY,90278990,455,0.03
2022,X,UY,90282000,160,0.01
2022,X,UY,90289090,2250,0.29
2022,X,UY,90318080,90,0.01
2022,X,UY,90329000,8418,0.2
2022,X,UY,90330090,4500,0.1
2022,X,UY,92089000,22,0.01
2022,X,UY,94051190,55414,12.83
2022,X,UY,94051990,9043,4.17
2022,X,UY,94054110,1074,0.06
2022,X,UY,94054139,3869,0.44
2022,X,UY,94069038,356,3.77
2022,X,UY,95030069,82,0.07
2022,X,UY,95049080,2924,2.29
2022,X,UY,96121080,255,0.08
2022,X,UY,97039000,1350,0.69
2023,X,AR,04069032,15790,12.75
2023,X,AR,08105000,858066,5533.39
2023,X,AR,15092000,5395,7.69
2023,X,AR,19053219,68479,95.27
2023,X,AR,22051010,39,0.06
2023,X,AR,22082012,22,0.01
2023,X,AR,22083030,58,0.02
2023,X,AR,22083071,123,0.05
2023,X,AR,22084011,20,0.02
2023,X,AR,22084039,10,0.01
2023,X,AR,22085011,109,0.08
2023,X,AR,22086011,18,0.02
2023,X,AR,22087010,630,0.69
2023,X,AR,22089041,5538,10.98
2023,X,AR,22089069,754,1.92
2023,X,AR,24021000,180,0.01
2023,X,AR,24022090,470,0.11
2023,X,AR,24031910,102,0.02
2023,X,AR,25081000,5,2.5
2023,X,AR,25199030,20075,270.0
2023,X,AR,25309070,11890,1785.0
2023,X,AR,27101943,34245911,370493.89
2023,X,AR,27101999,984430,16415.75
2023,X,AR,27109900,113,0.25
2023,X,AR,27132000,5455646,118670.42
2023,X,AR,30021500,9456,0.25
2023,X,AR,30045000,436098,29.62
2023,X,AR,30061090,2056,0.27
2023,X,AR,30064000,24660,1.35
2023,X,AR,30067000,2103,0.02
2023,X,AR,32159070,1098,0.09
2023,X,AR,33012991,30,0.01
2023,X,AR,33049900,74,0.02
2023,X,AR,34070000,26945,1.4
2023,X,AR,38099100,123,0.07
2023,X,AR,38221900,15917,1.18
2023,X,AR,38229000,16047,2.11
2023,X,AR,38249964,20079,1.49
2023,X,AR,39172110,17820,61.77
2023,X,AR,39191015,32118,108.84
2023,X,AR,39199080,41591,79.96
2023,X,AR,39235090,64,0.08
2023,X,AR,40082190,129,0.01
2023,X,AR,40161000,121635,251.13
2023,X,AR,40169300,1518,0.1
2023,X,AR,48114120,38028,81.96
2023,X,AR,48201090,38,0.03
2023,X,AR,49019900,31893,18.6
2023,X,AR,49100000,128,0.21
2023,X,AR,49111090,208,0.05
2023,X,AR,56075019,265,0.41
2023,X,AR,56079020,181,0.07
2023,X,AR,61071900,141,0.01
2023,X,AR,64032000,1,0.02
2023,X,AR,68022100,40060,459.64
2023,X,AR,68029100,154796,1479.73
2023,X,AR,68159900,29936,366.83
2023,X,AR,71171900,2315,0.02
2023,X,AR,71179000,442,0.01
2023,X,AR,73051100,33561606,283315.4
2023,X,AR,73151190,47936,100.8
2023,X,AR,73259990,1035,0.02
2023,X,AR,73269030,841,1.11
2023,X,AR,73269098,4639,7.13
2023,X,AR,74122000,8195,4.05
2023,X,AR,76061299,348383,767.24
2023,X,AR,76151080,9154,8.9
2023,X,AR,82059090,144,0.06
2023,X,AR,83024900,520,0.8
2023,X,AR,83062900,28,0.01
2023,X,AR,83071000,294,0.21
2023,X,AR,84099100,1141,0.03
2023,X,AR,84099900,200404,41.34
2023,X,AR,84139100,525,0.13
2023,X,AR,84149000,4006,0.25
2023,X,AR,84169000,758,0.02
2023,X,AR,84185090,2700,8.0
2023,X,AR,84191200,46874,97.2
2023,X,AR,84212100,14340,0.55
2023,X,AR,84219990,6802,0.04
2023,X,AR,84224000,92318,15.08
2023,X,AR,84232010,675000,38.4
2023,X,AR,84232090,148465,9.85
2023,X,AR,84248210,64800,138.82
2023,X,AR,84283300,646385,42.45
2023,X,AR,84385000,97281,17.25
2023,X,AR,84425000,8520,6.2
2023,X,AR,84431310,5510,45.0
2023,X,AR,84439990,792,0.01
2023,X,AR,84483200,7760,2.1
2023,X,AR,84713000,1620,0.04
2023,X,AR,84717098,2245,0.08
2023,X,AR,84718000,6755,0.5
2023,X,AR,84733080,800,0.03
2023,X,AR,84812010,106,0.04
2023,X,AR,84818059,8184,9.94
2023,X,AR,84818099,12032,19.52
2023,X,AR,84839089,1485,0.1
2023,X,AR,85011010,306,0.02
2023,X,AR,85012000,2550,4.0
2023,X,AR,85013200,2873,1.03
2023,X,AR,85015381,800,1.8
2023,X,AR,85016180,300,0.2
2023,X,AR,85068080,91,0.27
2023,X,AR,85072020,88666,236.55
2023,X,AR,85078000,2265,0.6
2023,X,AR,85113000,239,0.01
2023,X,AR,85122000,179,0.01
2023,X,AR,85168080,264,0.16
2023,X,AR,85169000,720,0.48
2023,X,AR,85176990,4377,0.07
2023,X,AR,85177900,2231,0.05
2023,X,AR,85269180,2010,0.08
2023,X,AR,85299097,1881,0.03
2023,X,AR,85311095,2750,0.06
2023,X,AR,85340090,60,0.01
2023,X,AR,85361090,3865,0.28
2023,X,AR,85389099,15362,0.73
2023,X,AR,85429000,240,0.05
2023,X,AR,85437090,1800,0.49
2023,X,AR,85442000,1160,0.2
2023,X,AR,85444290,698,0.02
2023,X,AR,85444999,1013,0.57
2023,X,AR,87089997,126,0.02
2023,X,AR,87141090,58,0.02
2023,X,AR,90148000,5505,0.06
2023,X,AR,90183900,804,0.12
2023,X,AR,90185010,194625,13.56
2023,X,AR,90213910,112997,8.02
2023,X,AR,90251900,504,0.03
2023,X,AR,90259000,1006,0.14
2023,X,AR,90268020,1745,0.05
2023,X,AR,90269000,4730,0.18
2023,X,AR,90271010,14306,0.3
2023,X,AR,90271090,293,0.01
2023,X,AR,90273000,44050,0.35
2023,X,AR,90275000,6186,0.38
2023,X,AR,90289090,2709,0.05
2023,X,AR,90312000,119546,12.75
2023,X,AR,90318080,29243,1.34
2023,X,AR,90319000,3424,0.53
2023,X,AR,90328900,98335,2.33
2023,X,AR,90329000,52,0.07
2023,X,AR,90330090,1663,0.15
2023,X,AR,94053900,2685,0.13
2023,X,AR,94054110,1070,0.12
2023,X,AR,95030069,154,0.15
2023,X,AR,95049080,962,0.69
2023,X,BO,20079950,670887,4286.4
2023,X,BO,20087071,179834,1218.2
2023,X,BO,20089774,34543,213.53
2023,X,BO,32081090,23599,43.68
2023,X,BO,34011900,6962,43.18
2023,X,BO,38221900,5196,0.35
2023,X,BO,38229000,3307,0.87
2023,X,BO,39235010,31674,14.76
2023,X,BO,40082190,521,0.05
2023,X,BO,48196000,4400,3.33
2023,X,BO,49019900,30071,21.49
2023,X,BO,56012110,67790,99.36
2023,X,BO,61061000,8100,2.95
2023,X,BO,84099100,850,0.21
2023,X,BO,84749090,1500,2.3
2023,X,BO,84839089,780,0.07
2023,X,BO,84849000,16185,1.62
2023,X,BO,87089997,229789,247.45
2023,X,BO,90283019,20749,3.0
2023,X,BO,95049080,145,0.15
2023,X,BR,08105000,6770609,40585.48
2023,X,BR,09011100,561153,1272.5
2023,X,BR,09012100,32533,34.68
2023,X,BR,11010015,15870,230.0
2023,X,BR,13019000,84520,91.71
2023,X,BR,15092000,2669221,3592.81
2023,X,BR,15179099,1836,4.45
2023,X,BR,18069060,73000,240.0
2023,X,BR,19059080,38787,102.69
2023,X,BR,20019065,1716,8.52
2023,X,BR,20057000,503890,1046.25
2023,X,BR,20079950,320920,2268.94
2023,X,BR,20085071,96307,402.18
2023,X,BR,20085079,7621,41.13
2023,X,BR,20085098,112002,662.52
2023,X,BR,20087071,535437,3088.57
2023,X,BR,20087079,113807,710.25
2023,X,BR,20087098,53464,293.19
2023,X,BR,21039090,7786,5.29
2023,X,BR,22021000,18,0.08
2023,X,BR,22029919,7812,45.14
2023,X,BR,22030001,4931,34.21
2023,X,BR,22030009,22,0.16
2023,X,BR,22041091,53,0.05
2023,X,BR,22041093,20,0.02
2023,X,BR,22041098,1008,1.79
2023,X,BR,22042107,11350,64.28
2023,X,BR,22042128,6,0.01
2023,X,BR,22042138,872,1.78
2023,X,BR,22042178,54983,118.61
2023,X,BR,22042179,49431,127.91
2023,X,BR,22042180,67682,157.95
2023,X,BR,22042181,10761,29.1
2023,X,BR,22042182,12351,47.47
2023,X,BR,22042183,17872,45.07
2023,X,BR,22042184,3955,11.04
2023,X,BR,22042189,53,0.05
2023,X,BR,22042194,12571,73.56
2023,X,BR,22051010,20,0.03
2023,X,BR,22082028,4266,3.23
2023,X,BR,22083011,22,0.01
2023,X,BR,22083030,504,0.06
2023,X,BR,22083071,460,0.33
2023,X,BR,22083082,11,0.01
2023,X,BR,22084031,106,0.02
2023,X,BR,22084039,129,0.13
2023,X,BR,22085011,101,0.08
2023,X,BR,22086011,100,0.12
2023,X,BR,22087010,153,0.13
2023,X,BR,22089041,2059,4.33
2023,X,BR,22089054,10,0.01
2023,X,BR,22089069,1958,3.79
2023,X,BR,24022090,25,0.02
2023,X,BR,25084000,29992,920.05
2023,X,BR,25199030,1380730,18630.0
2023,X,BR,25199090,118844,1592.0
2023,X,BR,27101921,49845,784.86
2023,X,BR,27101925,120,0.02
2023,X,BR,27111297,1025,0.1
2023,X,BR,27111397,102103,345.01
2023,X,BR,27132000,2591630,69993.25
2023,X,BR,28365000,377005,30030.0
2023,X,BR,29241900,46917,156.0
2023,X,BR,29291000,1047,1.2
2023,X,BR,30031000,246,0.04
2023,X,BR,30042000,2133,0.1
2023,X,BR,30049000,4958932,808.1
2023,X,BR,30059099,63,0.04
2023,X,BR,30065000,571,0.4
2023,X,BR,31052090,57120,480.0
2023,X,BR,32041700,435480,649.03
2023,X,BR,32041900,178427,858.1
2023,X,BR,32065000,106152,144.43
2023,X,BR,32089099,234079,541.33
2023,X,BR,32141010,540,0.6
2023,X,BR,32151900,5049,0.91
2023,X,BR,32159020,1837,0.29
2023,X,BR,32159070,17777,1.55
2023,X,BR,33049900,512098,411.65
2023,X,BR,34029010,1790,0.53
2023,X,BR,34070000,9450,1.84
2023,X,BR,38021000,25758,76.0
2023,X,BR,38159090,268,0.02
2023,X,BR,38221900,201136,18.06
2023,X,BR,38229000,13007,0.54
2023,X,BR,38249915,330199,23760.0
2023,X,BR,39021000,308858,1171.5
2023,X,BR,39031900,36417,134.75
2023,X,BR,39032000,1913820,5935.25
2023,X,BR,39033000,11366,40.0
2023,X,BR,39071000,142199,85.0
2023,X,BR,39072999,40273,33.5
2023,X,BR,39073000,1400,0.47
2023,X,BR,39095090,15443,63.9
2023,X,BR,39173100,520,0.28
2023,X,BR,39173900,2208,0.18
2023,X,BR,39191080,1091,0.13
2023,X,BR,39199080,1682,0.23
2023,X,BR,39201040,107294,453.47
2023,X,BR,39201089,117915,439.59
2023,X,BR,39203000,299697,303.96
2023,X,BR,39209990,673,0.72
2023,X,BR,39219055,3000,0.62
2023,X,BR,39233010,550,0.12
2023,X,BR,39233090,10,0.04
2023,X,BR,39269097,7421,3.37
2023,X,BR,40027000,7490,70.0
2023,X,BR,40029990,105568,280.0
2023,X,BR,40082190,1536,0.11
2023,X,BR,40093200,23590,10.56
2023,X,BR,40151900,66,0.01
2023,X,BR,40169300,3089,0.11
2023,X,BR,40169997,3115,1.31
2023,X,BR,41142000,14905,2.89
2023,X,BR,42021190,660,0.02
2023,X,BR,42021990,1445,0.02
2023,X,BR,42022100,7825,0.17
2023,X,BR,42022210,429,0.02
2023,X,BR,42022290,2691,0.11
2023,X,BR,42022900,6386,0.29
2023,X,BR,42023100,100,0.01
2023,X,BR,42023290,86,0.01
2023,X,BR,42032990,205,0.01
2023,X,BR,42033000,351,0.01
2023,X,BR,42034000,2389,0.01
2023,X,BR,42050090,822,0.02
2023,X,BR,44123110,290203,1206.8
2023,X,BR,44149000,92,0.01
2023,X,BR,44152020,140,2.0
2023,X,BR,44201900,413,0.03
2023,X,BR,44209099,569,0.05
2023,X,BR,44219999,230,0.01
2023,X,BR,48099000,746,2.54
2023,X,BR,48103900,2474,10.71
2023,X,BR,48191000,84,0.1
2023,X,BR,48201050,90,0.01
2023,X,BR,48201090,3552,1.98
2023,X,BR,48209000,641,0.33
2023,X,BR,48211010,317,0.12
2023,X,BR,48211090,79,0.07
2023,X,BR,48219010,402,0.06
2023,X,BR,49011000,46,0.15
2023,X,BR,49019900,300154,156.98
2023,X,BR,49059000,3549,1.0
2023,X,BR,49111010,13,0.04
2023,X,BR,49111090,4101,1.34
2023,X,BR,49119100,623,0.21
2023,X,BR,49119900,6587,1.49
2023,X,BR,54076130,117623,65.65
2023,X,BR,54079200,98397,52.16
2023,X,BR,54083200,126,0.01
2023,X,BR,56074911,24177,37.76
2023,X,BR,56074919,24207,67.35
2023,X,BR,56079090,14166,50.5
2023,X,BR,56090000,4469,1.75
2023,X,BR,58063210,23,0.01
2023,X,BR,58109110,10012,2.14
2023,X,BR,58109210,63467,19.73
2023,X,BR,59061000,3042,0.02
2023,X,BR,59090090,1721,1.3
2023,X,BR,59100000,311,0.03
2023,X,BR,59119099,720,0.17
2023,X,BR,60029000,47789,73.38
2023,X,BR,60041000,2425,1.01
2023,X,BR,60063200,233,0.03
2023,X,BR,61033200,166,0.01
2023,X,BR,61043100,1123,0.01
2023,X,BR,61043200,109,0.01
2023,X,BR,61044100,532,0.01
2023,X,BR,61044300,11217,0.18
2023,X,BR,61044900,1711,0.01
2023,X,BR,61045200,1168,0.01
2023,X,BR,61046200,591,0.03
2023,X,BR,61046300,1543,0.03
2023,X,BR,61051000,280,0.02
2023,X,BR,61061000,64,0.01
2023,X,BR,61062000,259,0.01
2023,X,BR,61071100,331,0.04
2023,X,BR,61071200,109,0.01
2023,X,BR,61071900,81,0.02
2023,X,BR,61083100,291,0.01
2023,X,BR,61091000,10133,0.57
2023,X,BR,61099090,1654,0.13
2023,X,BR,61101110,367,0.02
2023,X,BR,61101130,656,0.04
2023,X,BR,61101190,557,0.03
2023,X,BR,61101210,653,0.01
2023,X,BR,61102010,712,0.03
2023,X,BR,61102091,345,0.03
2023,X,BR,61102099,2896,0.14
2023,X,BR,61103010,79,0.01
2023,X,BR,61103091,73,0.01
2023,X,BR,61103099,1310,0.02
2023,X,BR,61112090,144,0.02
2023,X,BR,61123190,260,0.01
2023,X,BR,61124190,722,0.02
2023,X,BR,61130010,109,0.04
2023,X,BR,61152900,404,0.06
2023,X,BR,61171000,80,0.01
2023,X,BR,61178080,240,0.02
2023,X,BR,62014090,268,0.01
2023,X,BR,62019000,62,0.01
2023,X,BR,62022000,1219,0.02
2023,X,BR,62029000,1270,0.02
2023,X,BR,62032210,10639,4.77
2023,X,BR,62033310,426,0.21
2023,X,BR,62033390,1098,0.04
2023,X,BR,62034251,6347,2.8
2023,X,BR,62034319,80,0.01
2023,X,BR,62034990,936,0.05
2023,X,BR,62043100,256,0.01
2023,X,BR,62043290,2076,0.04
2023,X,BR,62043390,947,0.06
2023,X,BR,62044200,3516,0.06
2023,X,BR,62044300,6205,0.11
2023,X,BR,62044400,1410,0.02
2023,X,BR,62044990,3710,0.05
2023,X,BR,62045300,748,0.03
2023,X,BR,62045990,838,0.02
2023,X,BR,62046110,324,0.01
2023,X,BR,62046231,2087,0.04
2023,X,BR,62046290,4453,0.11
2023,X,BR,62046318,426,0.01
2023,X,BR,62046390,536,0.03
2023,X,BR,62046990,1556,0.06
2023,X,BR,62052000,2543,0.17
2023,X,BR,62053000,365,0.02
2023,X,BR,62059010,195,0.01
2023,X,BR,62059080,2672,0.08
2023,X,BR,62061000,533,0.01
2023,X,BR,62063000,549,0.03
2023,X,BR,62064000,10078,0.75
2023,X,BR,62071100,122,0.02
2023,X,BR,62092000,351,0.04
2023,X,BR,62093000,50,0.01
2023,X,BR,62111100,1418,0.07
2023,X,BR,62111200,4604,0.2
2023,X,BR,62113210,21692,7.93
2023,X,BR,62113390,2988,0.14
2023,X,BR,62129000,146,0.01
2023,X,BR,62141000,456,0.02
2023,X,BR,62142000,295,0.01
2023,X,BR,62149000,487,0.03
2023,X,BR,62151000,1042,0.04
2023,X,BR,62160000,90,0.01
2023,X,BR,62179000,313,0.01
2023,X,BR,63013090,82,0.01
2023,X,BR,63014090,975,0.3
2023,X,BR,63025990,26,0.32
2023,X,BR,63041910,2288,2.56
2023,X,BR,63072000,6771,1.73
2023,X,BR,63079098,98,0.01
2023,X,BR,63101000,729,7.0
2023,X,BR,64011000,5407,2.0
2023,X,BR,64029950,79,0.01
2023,X,BR,64032000,1618,0.08
2023,X,BR,64035111,193,0.01
2023,X,BR,64035119,358,0.02
2023,X,BR,64035199,1269,0.08
2023,X,BR,64035911,591,0.01
2023,X,BR,64035939,333,0.02
2023,X,BR,64035995,755,0.03
2023,X,BR,64035999,5942,0.23
2023,X,BR,64039111,184,0.01
2023,X,BR,64039113,705,0.03
2023,X,BR,64039118,671,0.03
2023,X,BR,64039196,194,0.02
2023,X,BR,64039198,130,0.01
2023,X,BR,64039911,76,0.01
2023,X,BR,64039938,2591,0.13
2023,X,BR,64039950,261,0.02
2023,X,BR,64039993,6884,0.32
2023,X,BR,64039996,3834,0.44
2023,X,BR,64039998,6591,0.3
2023,X,BR,64041100,1218,0.08
2023,X,BR,64041910,645,0.05
2023,X,BR,64041990,23838,0.59
2023,X,BR,64042090,1375,0.04
2023,X,BR,64052099,298,0.02
2023,X,BR,64059090,469,0.02
2023,X,BR,65050030,288,0.02
2023,X,BR,65050090,1618,0.13
2023,X,BR,65061080,540,0.2
2023,X,BR,65069990,37,0.01
2023,X,BR,66011000,1195,0.45
2023,X,BR,68022100,994739,12782.38
2023,X,BR,68022900,18056,253.3
2023,X,BR,68029100,294640,2245.04
2023,X,BR,68069000,1210,1.35
2023,X,BR,68109100,173239,4360.7
2023,X,BR,68138900,5023,1.68
2023,X,BR,68151100,283,0.05
2023,X,BR,68151200,1256,0.13
2023,X,BR,69120081,47,0.04
2023,X,BR,69139098,20,0.01
2023,X,BR,70080089,808,0.02
2023,X,BR,70109043,1,0.02
2023,X,BR,70133799,100,0.33
2023,X,BR,70134190,100,0.03
2023,X,BR,70196100,103,0.01
2023,X,BR,70196500,4185,3.36
2023,X,BR,71131100,2012,0.1
2023,X,BR,71131900,14048,0.04
2023,X,BR,71171900,1636,0.04
2023,X,BR,71179000,2751,0.1
2023,X,BR,73069000,456,0.08
2023,X,BR,73089098,7698,18.95
2023,X,BR,73101000,16364,99.02
2023,X,BR,73102990,634,2.71
2023,X,BR,73110013,184,0.01
2023,X,BR,73121020,55558,154.8
2023,X,BR,73121061,5958,13.5
2023,X,BR,73121069,887,0.48
2023,X,BR,73121083,6371,17.24
2023,X,BR,73121085,18540,55.28
2023,X,BR,73181575,993,0.04
2023,X,BR,73182200,41,0.01
2023,X,BR,73202020,10,0.01
2023,X,BR,73251000,378,0.06
2023,X,BR,73269030,1375,0.9
2023,X,BR,73269098,1439,0.72
2023,X,BR,74020000,230,0.18
2023,X,BR,74072110,1070,1.01
2023,X,BR,74198090,85,0.01
2023,X,BR,76041010,2133,1.7
2023,X,BR,76061292,756776,2054.35
2023,X,BR,76061299,370664,824.76
2023,X,BR,76071190,600097,1392.31
2023,X,BR,76072010,541359,1103.5
2023,X,BR,76101000,111940,342.1
2023,X,BR,76169990,3038,1.19
2023,X,BR,82023100,67531,40.99
2023,X,BR,82029980,2742,2.17
2023,X,BR,82055910,789,0.62
2023,X,BR,82059090,37005,37.71
2023,X,BR,82060000,288,0.09
2023,X,BR,82079099,779,0.18
2023,X,BR,82121090,292731,73.77
2023,X,BR,82122000,455059,37.8
2023,X,BR,82129000,2362169,700.95
2023,X,BR,83062900,345,0.15
2023,X,BR,83100000,381,0.11
2023,X,BR,84069090,1253,0.07
2023,X,BR,84072900,2220,1.0
2023,X,BR,84099100,603,0.09
2023,X,BR,84099900,2272979,844.63
2023,X,BR,84122180,11800,2.6
2023,X,BR,84129080,37300,11.67
2023,X,BR,84135040,6587,0.1
2023,X,BR,84136069,12700,1.45
2023,X,BR,84137081,1030,0.32
2023,X,BR,84138100,5241,0.46
2023,X,BR,84139100,24710,3.66
2023,X,BR,84148080,1768,1.79
2023,X,BR,84149000,18727,8.8
2023,X,BR,84159000,6938,1.17
2023,X,BR,84163000,520,0.05
2023,X,BR,84186900,5140,0.44
2023,X,BR,84189990,4597,0.62
2023,X,BR,84198180,1000,0.5
2023,X,BR,84201089,535032,3163.8
2023,X,BR,84212100,250984,52.51
2023,X,BR,84212300,294,0.06
2023,X,BR,84212980,8997,1.66
2023,X,BR,84213100,30316,3.8
2023,X,BR,84219100,4698,0.39
2023,X,BR,84219990,8683,0.35
2023,X,BR,84223000,1354500,93.5
2023,X,BR,84248210,106920,76.05
2023,X,BR,84249080,3883,0.9
2023,X,BR,84289090,3906,5.0
2023,X,BR,84339000,11558,1.0
2023,X,BR,84413000,37333,407.15
2023,X,BR,84433100,300,0.1
2023,X,BR,84433210,6139,1.1
2023,X,BR,84433280,360,0.09
2023,X,BR,84433900,1836,0.57
2023,X,BR,84439199,818,0.06
2023,X,BR,84439990,4302,1.08
2023,X,BR,84483200,2335006,1089.07
2023,X,BR,84501111,1571,2.2
2023,X,BR,84539000,2582,0.14
2023,X,BR,84669400,86735,14.93
2023,X,BR,84689000,116,0.02
2023,X,BR,84713000,7270,0.1
2023,X,BR,84714100,7104,0.66
2023,X,BR,84714900,639,0.03
2023,X,BR,84717020,710,0.4
2023,X,BR,84717098,70,0.01
2023,X,BR,84718000,18699,1.18
2023,X,BR,84719000,15234,0.26
2023,X,BR,84733080,12396,1.92
2023,X,BR,84735080,57083,6.09
2023,X,BR,84798997,17750,1.8
2023,X,BR,84811099,7648,0.4
2023,X,BR,84812090,8831,0.25
2023,X,BR,84818085,323,0.06
2023,X,BR,84818099,796,0.01
2023,X,BR,84819000,11123,0.63
2023,X,BR,84823000,60,0.02
2023,X,BR,84824000,20,0.01
2023,X,BR,84828000,27,0.01
2023,X,BR,84829900,1338,0.05
2023,X,BR,84836080,662,0.05
2023,X,BR,84839089,1260,0.18
2023,X,BR,84841000,1024,0.02
2023,X,BR,84842000,410,0.02
2023,X,BR,84849000,840,0.01
2023,X,BR,84879059,160266,0.62
2023,X,BR,85011010,779,0.03
2023,X,BR,85011091,3478,5.2
2023,X,BR,85012000,11241,9.63
2023,X,BR,85013200,15090,17.93
2023,X,BR,85015100,10630,8.85
2023,X,BR,85015220,500,0.63
2023,X,BR,85015290,2965,5.94
2023,X,BR,85015381,660,0.9
2023,X,BR,85016180,10388,13.89
2023,X,BR,85023980,2630,0.45
2023,X,BR,85030099,26,0.01
2023,X,BR,85043180,520,0.01
2023,X,BR,85044060,3242,1.22
2023,X,BR,85044095,6558,0.92
2023,X,BR,85049090,881,0.05
2023,X,BR,85072080,3640,4.0
2023,X,BR,85075000,145,0.01
2023,X,BR,85076000,980,0.06
2023,X,BR,85078000,7758,1.75
2023,X,BR,85098000,800,0.18
2023,X,BR,85122000,47,0.01
2023,X,BR,85131000,389,0.06
2023,X,BR,85158090,3000,0.1
2023,X,BR,85159080,2038,0.1
2023,X,BR,85166050,583,0.48
2023,X,BR,85166070,1991,0.94
2023,X,BR,85168080,264,0.05
2023,X,BR,85169000,3256,0.81
2023,X,BR,85171400,2217,0.02
2023,X,BR,85171800,2110,0.04
2023,X,BR,85176100,5528,0.37
2023,X,BR,85176200,18438,0.37
2023,X,BR,85176990,15828,1.18
2023,X,BR,85177900,6772,0.36
2023,X,BR,85181000,400,0.01
2023,X,BR,85219000,875,0.08
2023,X,BR,85234910,790,0.03
2023,X,BR,85234990,2348,3.29
2023,X,BR,85235200,264,0.01
2023,X,BR,85238090,9,0.01
2023,X,BR,85256000,12838,0.53
2023,X,BR,85269180,40698,2.47
2023,X,BR,85285210,4363,0.27
2023,X,BR,85287115,661,0.08
2023,X,BR,85291069,1580,0.06
2023,X,BR,85291080,16202,0.28
2023,X,BR,85299097,34251,1.53
2023,X,BR,85311095,457966,57.26
2023,X,BR,85319000,10999,0.66
2023,X,BR,85334090,15006,1.38
2023,X,BR,85340090,140,0.01
2023,X,BR,85353090,516,0.06
2023,X,BR,85361010,773,0.64
2023,X,BR,85361050,14792,19.29
2023,X,BR,85361090,55977,47.51
2023,X,BR,85362090,17068,3.19
2023,X,BR,85365080,17764,4.05
2023,X,BR,85366910,1953,0.15
2023,X,BR,85369010,68752,36.43
2023,X,BR,85371098,91,0.05
2023,X,BR,85389019,2682,0.19
2023,X,BR,85389091,1162,0.12
2023,X,BR,85389099,73388,16.22
2023,X,BR,85391000,1124,0.38
2023,X,BR,85394900,965,0.02
2023,X,BR,85395200,80,0.04
2023,X,BR,85407100,21327,1.19
2023,X,BR,85423190,21119,1.91
2023,X,BR,85423990,1206,0.05
2023,X,BR,85432000,36152,11.55
2023,X,BR,85439000,2867,0.12
2023,X,BR,85442000,6263,6.63
2023,X,BR,85444210,371,0.2
2023,X,BR,85444290,451,0.95
2023,X,BR,85444991,1115,0.89
2023,X,BR,85444995,1331,0.92
2023,X,BR,85444999,254,0.06
2023,X,BR,85451100,300,0.55
2023,X,BR,85469090,7500,15.51
2023,X,BR,87082990,1670,0.04
2023,X,BR,87088035,360,0.03
2023,X,BR,87089993,500,0.01
2023,X,BR,87089997,644,0.11
2023,X,BR,87141050,33,0.01
2023,X,BR,87141090,194,0.03
2023,X,BR,88073000,3813,0.03
2023,X,BR,90041099,994,0.06
2023,X,BR,90131010,1561530,12.22
2023,X,BR,90139080,385,0.04
2023,X,BR,90141000,25544,6.69
2023,X,BR,90149000,27889,0.9
2023,X,BR,90158080,690,0.01
2023,X,BR,90179000,1670,0.04
2023,X,BR,90183900,113822,1.83
2023,X,BR,90185010,264095,26.89
2023,X,BR,90185090,39723,4.32
2023,X,BR,90200010,578,0.08
2023,X,BR,90200090,6345,2.31
2023,X,BR,90211010,14708,0.47
2023,X,BR,90251900,126,0.01
2023,X,BR,90259000,28,0.02
2023,X,BR,90261021,7615,0.07
2023,X,BR,90262020,1951,0.05
2023,X,BR,90262080,415,0.01
2023,X,BR,90268020,3814,0.16
2023,X,BR,90268080,1777,0.22
2023,X,BR,90269000,13447,1.87
2023,X,BR,90271010,6959,0.3
2023,X,BR,90271090,615,0.12
2023,X,BR,90273000,2129,0.02
2023,X,BR,90278990,13214,0.22
2023,X,BR,90279000,1409,0.14
2023,X,BR,90289090,8256,0.1
2023,X,BR,90292031,308,0.03
2023,X,BR,90292038,1329,0.01
2023,X,BR,90314990,22590,0.28
2023,X,BR,90318080,71303,21.41
2023,X,BR,90319000,104141,5.98
2023,X,BR,90321080,5797,0.12
2023,X,BR,90328900,22431,0.41
2023,X,BR,90329000,62371,5.99
2023,X,BR,90330090,8375,0.06
2023,X,BR,92029030,1200,0.03
2023,X,BR,92099400,1608,0.1
2023,X,BR,93059900,4723,0.14
2023,X,BR,94013900,438,0.65
2023,X,BR,94017100,1295,0.25
2023,X,BR,94017900,33071,17.87
2023,X,BR,94029000,1812,1.42
2023,X,BR,94032080,343,0.08
2023,X,BR,94049090,503,0.02
2023,X,BR,94051140,2050,0.25
2023,X,BR,94051190,2328,1.15
2023,X,BR,95044000,452,0.08
2023,X,BR,95049080,1034,0.57
2023,X,BR,95062900,5715,0.55
2023,X,BR,96039099,3753,1.69
2023,X,BR,96121020,948,0.1
2023,X,BR,96151900,195,0.01
2023,X,BR,97019100,220,0.09
2023,X,PY,15092000,36821,41.28
2023,X,PY,20087079,205359,1573.34
2023,X,PY,22030010,206171,2409.8
2023,X,PY,24012035,47042,84.48
2023,X,PY,25090000,64215,4320.0
2023,X,PY,28365000,119714,8100.0
2023,X,PY,30049000,881590,9984.36
2023,X,PY,32159070,2699,0.4
2023,X,PY,38089250,2568249,399.0
2023,X,PY,38221900,5036,0.27
2023,X,PY,49019900,16428,9.46
2023,X,PY,56081930,26639,65.63
2023,X,PY,61071100,124,0.01
2023,X,PY,76071990,147117,202.97
2023,X,PY,84099100,135,0.6
2023,X,PY,84413000,2200,0.2
2023,X,PY,84483200,27909,10.24
2023,X,PY,84716070,189,0.01
2023,X,PY,84717098,50,0.01
2023,X,PY,89032210,160000,0
2023,X,PY,90278990,2173,0.06
2023,X,PY,90279000,299,0.01
2023,X,UY,04062000,1056,0.9
2023,X,UY,04069032,19882,14.88
2023,X,UY,04069089,1195,1.37
2023,X,UY,04069092,7470,4.5
2023,X,UY,08105000,799813,4943.34
2023,X,UY,13019000,1540,2.0
2023,X,UY,17049099,2818,1.73
2023,X,UY,18069060,811,0.99
2023,X,UY,19053219,105386,149.85
2023,X,UY,19053299,77347,182.06
2023,X,UY,19059020,9606,48.48
2023,X,UY,22030010,41109,490.0
2023,X,UY,22042179,6,0.01
2023,X,UY,22042180,7,0.01
2023,X,UY,22042198,3,0.03
2023,X,UY,22083030,28,0.01
2023,X,UY,22083071,203,0.22
2023,X,UY,22083082,77,0.06
2023,X,UY,22084031,31,0.04
2023,X,UY,22086011,61,0.1
2023,X,UY,22086091,96,0.15
2023,X,UY,22087010,251,0.23
2023,X,UY,22089041,29,0.06
2023,X,UY,22089054,41,0.04
2023,X,UY,22089069,25,0.02
2023,X,UY,24011085,1594521,3384.11
2023,X,UY,24012085,128700,198.0
2023,X,UY,24022090,28182,28.04
2023,X,UY,24031910,405,0.08
2023,X,UY,25081000,4,4.25
2023,X,UY,25090000,22616,1350.0
2023,X,UY,27132000,2395404,61110.43
2023,X,UY,28170000,134312,780.0
2023,X,UY,29224985,38291,47.8
2023,X,UY,30049000,12001,15.07
2023,X,UY,32089091,23920,51.57
2023,X,UY,32149000,696,0.12
2023,X,UY,32159020,2035,2.26
2023,X,UY,32159070,538,0.08
2023,X,UY,35061000,180,0.03
2023,X,UY,38221900,7119,0.9
2023,X,UY,39181090,122,0.26
2023,X,UY,39191080,1651,0.17
2023,X,UY,39201025,540,1.06
2023,X,UY,39219090,36447,118.47
2023,X,UY,39232990,155,0.4
2023,X,UY,39233010,1300,0.39
2023,X,UY,39235090,9140,20.48
2023,X,UY,39269097,2936,0.17
2023,X,UY,40082190,454,3.6
2023,X,UY,40091100,513,0.17
2023,X,UY,40091200,560,0.48
2023,X,UY,40169400,7344,20.8
2023,X,UY,40169991,609,0.05
2023,X,UY,40169997,796,0.55
2023,X,UY,48054000,65,0.18
2023,X,UY,48201090,961,0.61
2023,X,UY,48211010,788,0.18
2023,X,UY,48239085,3352,5.81
2023,X,UY,49019900,35764,21.78
2023,X,UY,49111090,3196,1.62
2023,X,UY,49119900,136,0.12
2023,X,UY,56012110,10418,18.01
2023,X,UY,56074911,9762,25.73
2023,X,UY,56074919,7208,20.98
2023,X,UY,56074990,130,0.28
2023,X,UY,56081930,95702,204.93
2023,X,UY,56081990,3120,0.8
2023,X,UY,56090000,2675,3.0
2023,X,UY,59090090,347,0.36
2023,X,UY,60019200,972,0.04
2023,X,UY,60029000,44252,61.15
2023,X,UY,61071900,154,0.01
2023,X,UY,61091000,44,0.07
2023,X,UY,61130010,1158,0.3
2023,X,UY,61143000,839,0.14
2023,X,UY,62044200,13228,1.0
2023,X,UY,62113210,10566,9.5
2023,X,UY,63071090,438,0.81
2023,X,UY,63072000,28961,3.32
2023,X,UY,63101000,2289,21.5
2023,X,UY,68022100,43731,511.7
2023,X,UY,68051000,5987,4.11
2023,X,UY,68053000,1167,0.45
2023,X,UY,68138100,1183,0.34
2023,X,UY,68159900,33071,605.99
2023,X,UY,69022099,60,0.6
2023,X,UY,70198010,1786,5.75
2023,X,UY,71171900,1933,0.04
2023,X,UY,72109030,25201,75.09
2023,X,UY,72249090,486,0.05
2023,X,UY,73089098,10532,38.3
2023,X,UY,73110011,732,0.2
2023,X,UY,73121081,166,0.04
2023,X,UY,73121083,6813,15.48
2023,X,UY,73160000,16560,68.8
2023,X,UY,73182900,896,0.14
2023,X,UY,73218900,23381,69.0
2023,X,UY,73259910,5757,48.6
2023,X,UY,73259990,1093,1.7
2023,X,UY,76061299,18138,37.12
2023,X,UY,79070000,360,0.02
2023,X,UY,82059090,59986,75.64
2023,X,UY,82119400,54,0.01
2023,X,UY,82121090,8175,3.29
2023,X,UY,82129000,16143,6.58
2023,X,UY,83024900,520,0.8
2023,X,UY,84099900,165460,47.41
2023,X,UY,84138100,705,0.45
2023,X,UY,84145995,1350,0.05
2023,X,UY,84148080,1290,0.25
2023,X,UY,84149000,3360,2.2
2023,X,UY,84169000,815,0.02
2023,X,UY,84198180,600,0.27
2023,X,UY,84219990,1040,0.06
2023,X,UY,84249080,2134,0.77
2023,X,UY,84349000,1300,0.14
2023,X,UY,84385000,14980,11.59
2023,X,UY,84433210,767,0.2
2023,X,UY,84501190,864,1.1
2023,X,UY,84512100,342,0.4
2023,X,UY,84625100,12500,2.4
2023,X,UY,84679200,586,0.07
2023,X,UY,84689000,953,0.03
2023,X,UY,84718000,11399,0.89
2023,X,UY,84836080,2593,0.1
2023,X,UY,85013200,280,0.16
2023,X,UY,85044060,300,0.08
2023,X,UY,85072020,283565,856.56
2023,X,UY,85072080,3121,1.38
2023,X,UY,85076000,1400,0.03
2023,X,UY,85078000,2265,0.6
2023,X,UY,85079080,9506,10.18
2023,X,UY,85152900,833,0.09
2023,X,UY,85176990,7683,0.3
2023,X,UY,85177900,1571,0.02
2023,X,UY,85234990,1029,0.03
2023,X,UY,85269180,900,0.01
2023,X,UY,85285210,767,0.19
2023,X,UY,85285291,710,0.01
2023,X,UY,85287240,270,0.12
2023,X,UY,85299097,1120,0.09
2023,X,UY,85311095,1157,0.04
2023,X,UY,85319000,7816,0.11
2023,X,UY,85332900,476,0.05
2023,X,UY,85340090,106,0.01
2023,X,UY,85389099,11035,1.65
2023,X,UY,85391000,535,0.24
2023,X,UY,85392998,180,0.01
2023,X,UY,85395200,1069,0.25
2023,X,UY,85407100,1360,0.01
2023,X,UY,85423119,16987,1.8
2023,X,UY,85423190,6143,0.39
2023,X,UY,85429000,5460,0.02
2023,X,UY,85437090,800,0.36
2023,X,UY,85444991,540,0.3
2023,X,UY,85444995,1269,0.76
2023,X,UY,85451900,1692,0.77
2023,X,UY,89079000,177,0.23
2023,X,UY,90158020,518,0.01
2023,X,UY,90183900,5752,0.07
2023,X,UY,90192090,504,0.03
2023,X,UY,90200090,3905,0.58
2023,X,UY,90262080,973,0.07
2023,X,UY,90268020,2750,0.06
2023,X,UY,90269000,578,0.07
2023,X,UY,90312000,120478,7.98
2023,X,UY,90318080,3974,0.44
2023,X,UY,90329000,223,0.01
2023,X,UY,94042910,1771,3.2
2023,X,UY,94051190,27609,6.66
2023,X,UY,94051990,692,0.14
2023,X,UY,94054139,3568,0.8
2023,X,UY,95049080,57,0.02
2023,X,UY,95069990,3494,90.0
2023,X,UY,96140090,3640,2.1
2023,X,UY,97019100,3365,0.28
2024,X,AR,04062000,1404,1.35
2024,X,AR,04069032,6030,5.18
2024,X,AR,04069089,7839,9.0
2024,X,AR,04069092,1494,0.9
2024,X,AR,08081080,35819,209.16
2024,X,AR,08105000,1763281,9917.96
2024,X,AR,15092000,16532,16.1
2024,X,AR,17049099,6509,8.8
2024,X,AR,18063100,1223,1.87
2024,X,AR,19053219,62612,88.74
2024,X,AR,20057000,27612,38.78
2024,X,AR,21039090,2578,4.8
2024,X,AR,22042179,3132,3.6
2024,X,AR,22042180,2138,1.8
2024,X,AR,22082028,155,0.04
2024,X,AR,22087010,2327,2.94
2024,X,AR,22089041,2517,6.83
2024,X,AR,22089069,30,0.04
2024,X,AR,22090011,873,4.0
2024,X,AR,22090091,2062,6.2
2024,X,AR,25199030,18185,270.0
2024,X,AR,27101921,1375,0.01
2024,X,AR,27132000,13435353,303611.4
2024,X,AR,28011000,1792,0.6
2024,X,AR,29121100,1,0.01
2024,X,AR,30042000,24822,0.08
2024,X,AR,30045000,459179,29.47
2024,X,AR,30061090,14784,1.04
2024,X,AR,30064000,32742,1.63
2024,X,AR,32041900,52652,230.0
2024,X,AR,32091000,3138,6.0
2024,X,AR,32141010,2287,8.7
2024,X,AR,32151100,280,0.05
2024,X,AR,32159070,2243,0.41
2024,X,AR,33074900,20,0.01
2024,X,AR,35069190,483,2.55
2024,X,AR,38159090,5,0.01
2024,X,AR,38221900,53597,4.51
2024,X,AR,38229000,6250,0.12
2024,X,AR,39095090,19981,38.5
2024,X,AR,39191015,49641,196.34
2024,X,AR,39191080,37981,139.24
2024,X,AR,39199080,18520,33.95
2024,X,AR,39232990,3800,2.75
2024,X,AR,39259080,47325,43.61
2024,X,AR,39269097,1625,0.05
2024,X,AR,40027000,51530,530.0
2024,X,AR,40139000,74,0.01
2024,X,AR,40161000,80504,162.16
2024,X,AR,40169300,1514,0.05
2024,X,AR,42010000,152,0.01
2024,X,AR,44219999,150,0.1
2024,X,AR,48026115,14038,237.94
2024,X,AR,48114120,57221,122.99
2024,X,AR,49011000,47,0.01
2024,X,AR,49019900,71070,51.49
2024,X,AR,49040000,257,0.01
2024,X,AR,49059000,1463,0.03
2024,X,AR,49119100,42,0.01
2024,X,AR,56074919,69750,188.19
2024,X,AR,56081930,34635,100.2
2024,X,AR,58063210,656,0.05
2024,X,AR,61046300,51,0.01
2024,X,AR,61071900,170,0.03
2024,X,AR,61091000,1940,0.77
2024,X,AR,62023090,2810,0.67
2024,X,AR,62129000,38,0.01
2024,X,AR,64032000,238,0.02
2024,X,AR,68022100,45130,730.4
2024,X,AR,68029100,133233,1442.13
2024,X,AR,70199000,25920,4.07
2024,X,AR,71131100,240,0.01
2024,X,AR,71171900,3632,0.03
2024,X,AR,71179000,1142,0.05
2024,X,AR,73083000,3000,2.2
2024,X,AR,73182400,770,0.24
2024,X,AR,73239900,210,0.03
2024,X,AR,73269098,915,0.14
2024,X,AR,74198090,16,0.01
2024,X,AR,83062900,37,0.02
2024,X,AR,84072900,250,0.26
2024,X,AR,84099100,465,0.22
2024,X,AR,84099900,147556,19.7
2024,X,AR,84122180,6700,3.1
2024,X,AR,84129080,1199,1.1
2024,X,AR,84149000,58,0.01
2024,X,AR,84213100,1779,0.19
2024,X,AR,84219990,2284,0.02
2024,X,AR,84224000,725000,70.1
2024,X,AR,84248210,22634,64.15
2024,X,AR,84249080,15862,34.1
2024,X,AR,84253100,920,0.04
2024,X,AR,84335985,550,0.09
2024,X,AR,84413000,3360,0.33
2024,X,AR,84431390,144420,60.0
2024,X,AR,84433210,39467,10.5
2024,X,AR,84439990,2888,0.07
2024,X,AR,84483200,49626,16.21
2024,X,AR,84715000,13887,0.1
2024,X,AR,84716070,78,0.01
2024,X,AR,84749090,10300,1.7
2024,X,AR,84799070,312,0.03
2024,X,AR,84814090,48278,0.52
2024,X,AR,84818099,7228,8.16
2024,X,AR,84819000,3659,1.78
2024,X,AR,84836080,212,0.03
2024,X,AR,85011010,2521,3.07
2024,X,AR,85011091,3312,3.3
2024,X,AR,85011099,10644,1.65
2024,X,AR,85015290,26808,7.81
2024,X,AR,85030099,273,0.01
2024,X,AR,85072020,159269,443.09
2024,X,AR,85079080,4198,0.7
2024,X,AR,85167970,180,0.18
2024,X,AR,85169000,492,0.26
2024,X,AR,85176200,2830,0.17
2024,X,AR,85176990,260,0.03
2024,X,AR,85177900,1153,0.38
2024,X,AR,85234990,40,0.03
2024,X,AR,85238090,370,0.29
2024,X,AR,85285291,121,0.01
2024,X,AR,85299097,1187,0.03
2024,X,AR,85340090,110,0.01
2024,X,AR,85353090,68,0.04
2024,X,AR,85365011,120,0.01
2024,X,AR,85365080,185,0.01
2024,X,AR,85369095,487,0.45
2024,X,AR,85371010,52163,2.86
2024,X,AR,85371098,34671,0.31
2024,X,AR,85389099,3338,0.03
2024,X,AR,85407100,2280,0.04
2024,X,AR,85413000,281,0.02
2024,X,AR,85423990,1257,0.06
2024,X,AR,85437090,3457,0.4
2024,X,AR,85444290,35,0.01
2024,X,AR,85444999,4608,0.19
2024,X,AR,87032390,13000,22.0
2024,X,AR,87089997,356,0.1
2024,X,AR,87141090,670,0.24
2024,X,AR,89032210,15000,0
2024,X,AR,90141000,11200,0.1
2024,X,AR,90142020,1098,0.04
2024,X,AR,90149000,64,0.01
2024,X,AR,90191090,20505,0.78
2024,X,AR,90259000,81,0.01
2024,X,AR,90269000,6819,0.78
2024,X,AR,90273000,54900,0.28
2024,X,AR,90275000,10168,0.8
2024,X,AR,90278990,3000,0.01
2024,X,AR,90279000,5794,0.02
2024,X,AR,90318080,13785,0.27
2024,X,AR,90319000,31646,0.43
2024,X,AR,90329000,7856,0.57
2024,X,AR,92099400,926,0.03
2024,X,AR,93059900,79,0.01
2024,X,AR,94051140,433,0.05
2024,X,AR,94054231,2835,0.34
2024,X,AR,94059200,152,0.01
2024,X,AR,95030085,182,0.04
2024,X,AR,95030099,89,0.02
2024,X,AR,95044000,36,0.01
2024,X,AR,95049080,186,0.06
2024,X,AR,96083000,116,0.01
2024,X,AR,96110000,18,0.01
2024,X,AR,96140090,6244,10.04
2024,X,BO,20079950,282110,1804.8
2024,X,BO,30049000,2,0.01
2024,X,BO,30061090,814,0.11
2024,X,BO,32081090,22788,52.96
2024,X,BO,38086100,104617,155.44
2024,X,BO,38221900,40394,4.25
2024,X,BO,38229000,1804,0.71
2024,X,BO,49019900,19106,14.55
2024,X,BO,56012110,80309,115.67
2024,X,BO,63079092,2434,0.87
2024,X,BO,68029100,44,0.01
2024,X,BO,73090090,37266,103.5
2024,X,BO,83062900,30,0.01
2024,X,BO,84099100,610,0.28
2024,X,BO,84213100,375,0.01
2024,X,BO,84295210,65890,240.0
2024,X,BO,84431310,13175,200.0
2024,X,BO,84716070,743,0.08
2024,X,BO,84831095,275,0.26
2024,X,BO,84839089,453,0.04
2024,X,BO,85011010,887,0.04
2024,X,BO,85011099,403,0.02
2024,X,BO,85169000,20,0.01
2024,X,BO,85182200,64000,29.8
2024,X,BO,85334010,171,0.01
2024,X,BO,87089997,66778,6.2
2024,X,BO,90181200,2800,0.02
2024,X,BO,90283019,70380,13.06
2024,X,BO,96138000,181,0.07
2024,X,BR,08105000,22440149,129062.55
2024,X,BR,09012100,28371,35.64
2024,X,BR,12119086,700,0.7
2024,X,BR,13019000,18942,19.8
2024,X,BR,15092000,2461367,2149.47
2024,X,BR,15179099,1890,1.32
2024,X,BR,18069039,11542,5.18
2024,X,BR,19059070,2348,8.76
2024,X,BR,19059080,81752,209.59
2024,X,BR,20057000,1159209,1900.77
2024,X,BR,20071010,54725,140.61
2024,X,BR,20079190,2310,2.16
2024,X,BR,20084079,3422,13.74
2024,X,BR,20085071,123882,522.85
2024,X,BR,20085098,171704,1099.28
2024,X,BR,20087071,721355,4020.78
2024,X,BR,20087079,108555,619.12
2024,X,BR,20087098,26784,146.88
2024,X,BR,21039090,16034,16.29
2024,X,BR,21069092,382,0.25
2024,X,BR,22019000,352,0.83
2024,X,BR,22029100,7,0.01
2024,X,BR,22029919,4050,22.46
2024,X,BR,22030001,14,0.07
2024,X,BR,22030009,36,0.24
2024,X,BR,22041011,68,0.02
2024,X,BR,22041091,23,0.02
2024,X,BR,22041093,42,0.04
2024,X,BR,22041098,1270,0.89
2024,X,BR,22042138,10900,6.33
2024,X,BR,22042174,11,0.01
2024,X,BR,22042178,6986,11.39
2024,X,BR,22042179,16939,39.48
2024,X,BR,22042180,38638,156.24
2024,X,BR,22042181,9393,40.59
2024,X,BR,22042182,6000,24.13
2024,X,BR,22042183,15051,30.24
2024,X,BR,22042184,1237,8.25
2024,X,BR,22042190,16,0.03
2024,X,BR,22051010,30,0.04
2024,X,BR,22082028,824,0.94
2024,X,BR,22083011,40,0.02
2024,X,BR,22083030,863,0.13
2024,X,BR,22083071,425,0.35
2024,X,BR,22083082,35,0.03
2024,X,BR,22084011,35,0.03
2024,X,BR,22084031,58,0.04
2024,X,BR,22084039,15,0.01
2024,X,BR,22085011,200,0.18
2024,X,BR,22086011,173,0.16
2024,X,BR,22086091,6,0.01
2024,X,BR,22087010,242,0.25
2024,X,BR,22089041,2381,7.58
2024,X,BR,22089054,24,0.02
2024,X,BR,22089056,28,0.01
2024,X,BR,22089069,167,0.12
2024,X,BR,24013000,347219,5788.79
2024,X,BR,24022090,51,0.03
2024,X,BR,25084000,34882,1070.0
2024,X,BR,25090000,3377,270.0
2024,X,BR,25199030,1318982,18630.0
2024,X,BR,25199090,80217,1120.0
2024,X,BR,27011100,867,2.05
2024,X,BR,27101921,39468,404.71
2024,X,BR,27101999,187359,2236.4
2024,X,BR,27111397,50081,173.01
2024,X,BR,27122090,14326,57.46
2024,X,BR,27129099,3909,2.0
2024,X,BR,27132000,1959749,42931.8
2024,X,BR,28365000,743979,60140.0
2024,X,BR,29241900,58617,192.0
2024,X,BR,30031000,918,0.01
2024,X,BR,30039000,8045,0.04
2024,X,BR,30049000,4385013,886.52
2024,X,BR,30059099,508,0.04
2024,X,BR,30065000,59,0.01
2024,X,BR,31052090,49776,480.0
2024,X,BR,31059080,70713,118.8
2024,X,BR,32041700,269184,528.32
2024,X,BR,32041900,449736,2091.32
2024,X,BR,32064970,6381,4.0
2024,X,BR,32065000,162268,267.11
2024,X,BR,32089099,241993,574.94
2024,X,BR,32091000,9785,19.11
2024,X,BR,32149000,410,0.33
2024,X,BR,32151900,3397,0.29
2024,X,BR,32159020,9331,0.81
2024,X,BR,32159070,46131,2.76
2024,X,BR,33029090,11651,1.22
2024,X,BR,33030010,3689,0.41
2024,X,BR,33049900,1770972,1206.83
2024,X,BR,33059000,57,0.01
2024,X,BR,34029010,3090,1.55
2024,X,BR,34029090,2927,10.8
2024,X,BR,34039900,304,0.14
2024,X,BR,34070000,12150,2.46
2024,X,BR,38029000,100,0.4
2024,X,BR,38112900,111,0.01
2024,X,BR,38159090,18,0.01
2024,X,BR,38160090,2672,13.8
2024,X,BR,38221900,491500,35.17
2024,X,BR,38229000,18060,0.64
2024,X,BR,38249915,20853,1620.0
2024,X,BR,39021000,186560,1100.0
2024,X,BR,39031900,25650,134.0
2024,X,BR,39032000,641225,2969.75
2024,X,BR,39033000,131547,584.0
2024,X,BR,39069090,1200,0.01
2024,X,BR,39071000,126564,84.29
2024,X,BR,39072999,55571,34.0
2024,X,BR,39095090,88191,434.76
2024,X,BR,39173100,1743,0.75
2024,X,BR,39199080,1169,0.67
2024,X,BR,39201040,51780,233.6
2024,X,BR,39201089,315178,962.81
2024,X,BR,39203000,301219,279.59
2024,X,BR,39206100,4018,0.65
2024,X,BR,39233010,450,0.18
2024,X,BR,39259080,4227,4.85
2024,X,BR,39261000,1079,2.21
2024,X,BR,39262000,244,0.19
2024,X,BR,39269097,9312,9.78
2024,X,BR,40027000,95150,911.39
2024,X,BR,40029990,170065,540.0
2024,X,BR,40069000,1382,1.0
2024,X,BR,40082190,1043,5.84
2024,X,BR,40091100,373,0.75
2024,X,BR,40092100,1469,0.35
2024,X,BR,40092200,50,1.6
2024,X,BR,40093200,17840,8.35
2024,X,BR,40129020,4372,8.0
2024,X,BR,40159000,941,0.51
2024,X,BR,40169300,6450,0.5
2024,X,BR,40169400,5160,1.8
2024,X,BR,40169997,632,0.02
2024,X,BR,42021990,176,0.01
2024,X,BR,42022100,10058,0.21
2024,X,BR,42022210,2568,0.08
2024,X,BR,42022290,4161,0.19
2024,X,BR,42022900,5075,0.3
2024,X,BR,42023100,261,0.03
2024,X,BR,42029110,1621,0.02
2024,X,BR,42029291,527,0.02
2024,X,BR,42031000,2141,0.02
2024,X,BR,42033000,1579,0.09
2024,X,BR,42034000,1030,0.01
2024,X,BR,44123110,286544,1233.7
2024,X,BR,44152020,116,1.6
2024,X,BR,44219999,802,1.3
2024,X,BR,46029000,304,0.01
2024,X,BR,48021000,51,0.09
2024,X,BR,48099000,1167,6.94
2024,X,BR,48192000,43033,148.02
2024,X,BR,48201050,101,0.01
2024,X,BR,48201090,3795,2.03
2024,X,BR,48203000,750,0.28
2024,X,BR,48209000,7524,3.5
2024,X,BR,48211010,1759,0.39
2024,X,BR,48211090,2031,0.52
2024,X,BR,49011000,20285,10.06
2024,X,BR,49019900,240145,115.48
2024,X,BR,49059000,1572,0.19
2024,X,BR,49111010,100,0.01
2024,X,BR,49111090,1366,0.4
2024,X,BR,49119100,245,0.01
2024,X,BR,49119900,3779,0.94
2024,X,BR,54075200,1341,1.52
2024,X,BR,54075300,255,0.05
2024,X,BR,54076130,1955,1.1
2024,X,BR,54079200,168037,73.5
2024,X,BR,54079300,2468,1.82
2024,X,BR,56074911,44898,136.62
2024,X,BR,56074919,26604,19.31
2024,X,BR,56075090,100,0.01
2024,X,BR,56079020,3916,6.02
2024,X,BR,56090000,6512,8.22
2024,X,BR,57021000,7155,0.08
2024,X,BR,58063900,2859,1.4
2024,X,BR,58109110,2809,0.76
2024,X,BR,58109210,38729,16.56
2024,X,BR,59061000,550,0.01
2024,X,BR,59100000,76,0.04
2024,X,BR,60029000,20549,31.95
2024,X,BR,60063200,866,0.76
2024,X,BR,61012090,617,0.01
2024,X,BR,61022090,785,0.01
2024,X,BR,61034200,80,0.01
2024,X,BR,61041920,82,0.01
2024,X,BR,61043300,471,0.01
2024,X,BR,61044100,416,0.01
2024,X,BR,61044200,70,0.01
2024,X,BR,61044300,8629,0.12
2024,X,BR,61045300,373,0.01
2024,X,BR,61046100,255,0.01
2024,X,BR,61046200,640,0.03
2024,X,BR,61046300,1097,0.03
2024,X,BR,61051000,264,0.02
2024,X,BR,61061000,424,0.03
2024,X,BR,61062000,141,0.01
2024,X,BR,61071100,709,0.09
2024,X,BR,61071900,829,0.05
2024,X,BR,61072100,85,0.01
2024,X,BR,61089200,100,0.01
2024,X,BR,61091000,8422,0.51
2024,X,BR,61099090,1106,0.07
2024,X,BR,61101130,1550,0.03
2024,X,BR,61101190,786,0.02
2024,X,BR,61101210,161,0.01
2024,X,BR,61102099,4377,0.16
2024,X,BR,61109090,689,0.02
2024,X,BR,61112090,860,0.1
2024,X,BR,61124190,219,0.02
2024,X,BR,61130010,1160,0.33
2024,X,BR,61142000,540,0.01
2024,X,BR,61143000,18,0.02
2024,X,BR,61152200,49,0.01
2024,X,BR,61152900,218,0.05
2024,X,BR,61159500,142,0.03
2024,X,BR,61178080,119,0.01
2024,X,BR,62014010,114,0.01
2024,X,BR,62014090,583,0.01
2024,X,BR,62023090,514,0.02
2024,X,BR,62024090,569,0.02
2024,X,BR,62031100,757,0.02
2024,X,BR,62032210,23181,9.68
2024,X,BR,62033100,574,0.01
2024,X,BR,62034235,1211,0.04
2024,X,BR,62034251,5278,1.5
2024,X,BR,62034290,409,0.01
2024,X,BR,62034990,846,0.02
2024,X,BR,62041100,1661,0.02
2024,X,BR,62041200,65,0.01
2024,X,BR,62043100,1672,0.02
2024,X,BR,62043290,514,0.01
2024,X,BR,62043390,1804,0.06
2024,X,BR,62044200,10468,0.5
2024,X,BR,62044300,28678,0.38
2024,X,BR,62044400,1680,0.03
2024,X,BR,62044990,7283,0.29
2024,X,BR,62045100,1314,0.02
2024,X,BR,62045200,1243,0.03
2024,X,BR,62045300,2921,0.08
2024,X,BR,62045990,745,0.03
2024,X,BR,62046185,2294,0.02
2024,X,BR,62046231,1158,0.05
2024,X,BR,62046239,628,0.02
2024,X,BR,62046290,1733,0.06
2024,X,BR,62046318,1660,0.05
2024,X,BR,62046390,377,0.02
2024,X,BR,62046990,5871,0.14
2024,X,BR,62052000,5183,0.25
2024,X,BR,62059010,5081,0.14
2024,X,BR,62059080,1470,0.07
2024,X,BR,62063000,1142,0.05
2024,X,BR,62064000,2349,0.06
2024,X,BR,62069090,1224,0.03
2024,X,BR,62071100,290,0.04
2024,X,BR,62089100,169,0.01
2024,X,BR,62092000,852,0.07
2024,X,BR,62093000,525,0.02
2024,X,BR,62111100,4264,0.16
2024,X,BR,62111200,4433,0.19
2024,X,BR,62113210,25756,13.06
2024,X,BR,62113290,1531,0.09
2024,X,BR,62113310,4143,0.89
2024,X,BR,62121090,885,0.02
2024,X,BR,62141000,352,0.01
2024,X,BR,62151000,508,0.03
2024,X,BR,63014090,592,0.9
2024,X,BR,63069000,85,0.01
2024,X,BR,63072000,5225,1.12
2024,X,BR,63101000,3840,32.6
2024,X,BR,64019900,435,0.02
2024,X,BR,64022000,476,0.02
2024,X,BR,64029950,194,0.02
2024,X,BR,64029998,970,0.08
2024,X,BR,64032000,3631,0.16
2024,X,BR,64035111,636,0.03
2024,X,BR,64035115,172,0.01
2024,X,BR,64035119,2919,0.06
2024,X,BR,64035199,800,0.06
2024,X,BR,64035905,361,0.01
2024,X,BR,64035939,386,0.02
2024,X,BR,64035999,11762,0.32
2024,X,BR,64039113,830,0.04
2024,X,BR,64039118,503,0.03
2024,X,BR,64039198,213,0.01
2024,X,BR,64039905,730,0.02
2024,X,BR,64039933,853,0.03
2024,X,BR,64039936,1112,0.02
2024,X,BR,64039938,3465,0.2
2024,X,BR,64039950,737,0.06
2024,X,BR,64039993,7177,0.23
2024,X,BR,64039998,4625,0.17
2024,X,BR,64041100,3142,0.09
2024,X,BR,64041910,408,0.04
2024,X,BR,64041990,9184,0.69
2024,X,BR,64042090,2593,0.04
2024,X,BR,64059090,436,0.02
2024,X,BR,65040000,209,0.02
2024,X,BR,65050030,1532,0.16
2024,X,BR,65050090,525,0.05
2024,X,BR,66011000,880,0.18
2024,X,BR,68022100,1334353,17413.95
2024,X,BR,68029100,110875,1747.17
2024,X,BR,68069000,502,0.9
2024,X,BR,68109100,407312,11431.32
2024,X,BR,68138900,8255,7.55
2024,X,BR,69139010,15,0.01
2024,X,BR,69139098,225,0.05
2024,X,BR,70099200,179,0.09
2024,X,BR,70191900,615,0.45
2024,X,BR,70200080,2220,0.7
2024,X,BR,71131100,687,0.03
2024,X,BR,71131900,38774,0.03
2024,X,BR,71171900,408,0.02
2024,X,BR,71179000,397,0.03
2024,X,BR,73072100,2841,1.83
2024,X,BR,73072980,5934,0.47
2024,X,BR,73079980,3500,2.7
2024,X,BR,73083000,9810,5.3
2024,X,BR,73089098,202716,474.51
2024,X,BR,73121049,8946,24.1
2024,X,BR,73121081,70449,450.43
2024,X,BR,73121083,184593,690.46
2024,X,BR,73121085,713,0.96
2024,X,BR,73121089,1620,6.74
2024,X,BR,73129000,756,0.32
2024,X,BR,73158900,1384,3.39
2024,X,BR,73159000,1730,3.3
2024,X,BR,73160000,3280,6.5
2024,X,BR,73181520,3578,0.15
2024,X,BR,73181552,10,0.05
2024,X,BR,73249000,2684,0.25
2024,X,BR,73251000,4372,2.01
2024,X,BR,73261990,412,0.13
2024,X,BR,73269092,3250,39.4
2024,X,BR,73269098,783,0.09
2024,X,BR,74071000,1012,1.5
2024,X,BR,74072110,2705,2.36
2024,X,BR,74153300,1671,0.89
2024,X,BR,74198090,98,0.01
2024,X,BR,76041010,5418,10.3
2024,X,BR,76061292,1027199,2850.22
2024,X,BR,76061299,100489,229.91
2024,X,BR,76071190,122601,276.85
2024,X,BR,76101000,148740,316.3
2024,X,BR,76169990,3843,1.65
2024,X,BR,79040000,2941,6.2
2024,X,BR,82023100,67482,40.39
2024,X,BR,82055100,443,0.32
2024,X,BR,82055980,179,0.01
2024,X,BR,82059090,98542,149.69
2024,X,BR,82076050,228,0.31
2024,X,BR,82122000,1024985,129.64
2024,X,BR,82129000,2230632,757.18
2024,X,BR,83024900,422,0.8
2024,X,BR,83062900,868,0.17
2024,X,BR,83099090,3430,0.66
2024,X,BR,83100000,615,0.1
2024,X,BR,83119000,150,0.5
2024,X,BR,84029000,410,0.26
2024,X,BR,84099100,1487,0.42
2024,X,BR,84099900,1855103,506.46
2024,X,BR,84128080,7500,2.1
2024,X,BR,84129080,34538,4.01
2024,X,BR,84131900,5360,0.79
2024,X,BR,84135080,2274,0.09
2024,X,BR,84138100,9308,1.96
2024,X,BR,84139100,23774,3.27
2024,X,BR,84141081,360,0.01
2024,X,BR,84143081,1082,0.33
2024,X,BR,84143089,3434,1.62
2024,X,BR,84148051,19796,6.61
2024,X,BR,84148080,650,0.9
2024,X,BR,84149000,4882,1.68
2024,X,BR,84162080,13752,1.86
2024,X,BR,84169000,352,0.02
2024,X,BR,84182191,171,0.25
2024,X,BR,84182199,446,0.45
2024,X,BR,84212100,158798,10.11
2024,X,BR,84212980,641,0.12
2024,X,BR,84213100,40641,6.3
2024,X,BR,84219100,18197,1.08
2024,X,BR,84219990,21505,1.17
2024,X,BR,84243008,16800,4.15
2024,X,BR,84243090,3700,0.6
2024,X,BR,84248210,6453,5.26
2024,X,BR,84249080,22278,4.95
2024,X,BR,84313100,1800,0.05
2024,X,BR,84339000,17423,1.97
2024,X,BR,84381010,2880585,1451.4
2024,X,BR,84389000,4490,0.41
2024,X,BR,84411010,6500,48.0
2024,X,BR,84431390,10000,48.0
2024,X,BR,84433900,2007,0.87
2024,X,BR,84439910,1033,0.28
2024,X,BR,84439990,3307,0.49
2024,X,BR,84483200,2521578,1202.89
2024,X,BR,84483900,14095,13.92
2024,X,BR,84501111,626,0.7
2024,X,BR,84501190,2998,0.41
2024,X,BR,84512100,1450,1.3
2024,X,BR,84515000,68440,6.85
2024,X,BR,84532000,61077,13.55
2024,X,BR,84539000,11113,1.01
2024,X,BR,84633000,1667000,905.05
2024,X,BR,84669400,18966,0.88
2024,X,BR,84679900,259,0.3
2024,X,BR,84689000,535,0.52
2024,X,BR,84713000,500,0.03
2024,X,BR,84714100,1572,0.12
2024,X,BR,84715000,3875,0.04
2024,X,BR,84716070,3670,0.28
2024,X,BR,84717050,341,0.01
2024,X,BR,84718000,37068,1.58
2024,X,BR,84719000,1091,0.03
2024,X,BR,84732110,4138,0.1
2024,X,BR,84732190,3468,0.02
2024,X,BR,84733020,1582,0.01
2024,X,BR,84733080,40226,10.43
2024,X,BR,84735080,29894,2.68
2024,X,BR,84771000,38363,208.2
2024,X,BR,84772000,20000,23.5
2024,X,BR,84779080,99250,0.26
2024,X,BR,84795000,134243,25.5
2024,X,BR,84798100,8121,47.4
2024,X,BR,84798997,170395,10.85
2024,X,BR,84807100,77022,42.37
2024,X,BR,84812010,5981,0.89
2024,X,BR,84812090,4184,1.98
2024,X,BR,84818011,139,0.03
2024,X,BR,84818059,3602,0.2
2024,X,BR,84818085,690,0.38
2024,X,BR,84818099,2510,0.07
2024,X,BR,84819000,1763,0.54
2024,X,BR,84821090,644,0.46
2024,X,BR,84824000,306,0.02
2024,X,BR,84831021,6379,7.3
2024,X,BR,84832000,204,0.1
2024,X,BR,84834090,182,0.01
2024,X,BR,84839089,3420,0.35
2024,X,BR,84841000,349,0.01
2024,X,BR,84842000,4036,0.55
2024,X,BR,84879040,5631,0.6
2024,X,BR,85011010,10346,13.44
2024,X,BR,85011091,801,0.02
2024,X,BR,85011099,2957,1.3
2024,X,BR,85012000,4943,3.77
2024,X,BR,85013200,35310,55.27
2024,X,BR,85015100,1500,0.79
2024,X,BR,85015220,1420,2.3
2024,X,BR,85015230,4730,4.12
2024,X,BR,85015290,3390,5.65
2024,X,BR,85015381,1800,2.82
2024,X,BR,85016180,12241,18.79
2024,X,BR,85030099,462,0.11
2024,X,BR,85043180,2436,0.37
2024,X,BR,85043300,4800,1.23
2024,X,BR,85044083,1200,0.3
2024,X,BR,85044095,1580,0.2
2024,X,BR,85072020,285,0.01
2024,X,BR,85072080,264,0.02
2024,X,BR,85075000,104,0.02
2024,X,BR,85078000,2100,0.32
2024,X,BR,85122000,325,0.04
2024,X,BR,85131000,688,0.06
2024,X,BR,85152900,2007,0.51
2024,X,BR,85153913,4850,0.63
2024,X,BR,85159080,1539,0.06
2024,X,BR,85166050,1168,0.49
2024,X,BR,85166070,790,0.52
2024,X,BR,85168080,580,0.1
2024,X,BR,85169000,690,0.11
2024,X,BR,85171300,760,0.01
2024,X,BR,85171400,4473,0.15
2024,X,BR,85171800,4507,0.21
2024,X,BR,85176200,16223,1.73
2024,X,BR,85176990,51255,2.72
2024,X,BR,85177900,6008,0.32
2024,X,BR,85183000,1064,0.02
2024,X,BR,85184000,200,0.01
2024,X,BR,85219000,503,0.1
2024,X,BR,85234910,1561,0.1
2024,X,BR,85234990,663,0.02
2024,X,BR,85238090,167,0.04
2024,X,BR,85256000,5693,0.61
2024,X,BR,85258900,750,0.3
2024,X,BR,85285210,876,0.21
2024,X,BR,85285291,2240,0.04
2024,X,BR,85285900,3400,0.19
2024,X,BR,85287115,149,0.02
2024,X,BR,85287240,745,0.45
2024,X,BR,85291069,3230,0.01
2024,X,BR,85291095,19177,1.44
2024,X,BR,85299020,2806,0.03
2024,X,BR,85299097,26596,2.06
2024,X,BR,85309000,24000,1.06
2024,X,BR,85311095,53448,2.26
2024,X,BR,85312040,559,0.01
2024,X,BR,85319000,683,0.04
2024,X,BR,85334090,7068,0.53
2024,X,BR,85340090,701,0.02
2024,X,BR,85353090,170,0.03
2024,X,BR,85361010,4405,8.66
2024,X,BR,85361050,77653,82.74
2024,X,BR,85361090,157078,157.82
2024,X,BR,85362090,21476,1.19
2024,X,BR,85363010,873,0.01
2024,X,BR,85365080,1177,0.03
2024,X,BR,85369010,37,0.01
2024,X,BR,85369095,280,0.04
2024,X,BR,85371091,181,0.01
2024,X,BR,85371098,5225,0.37
2024,X,BR,85381000,9620,0.4
2024,X,BR,85389019,2679,0.07
2024,X,BR,85389091,1741,0.01
2024,X,BR,85389099,186321,15.0
2024,X,BR,85391000,2027,0.8
2024,X,BR,85392198,879,0.05
2024,X,BR,85392998,624,0.91
2024,X,BR,85395200,790,0.17
2024,X,BR,85407100,23719,0.46
2024,X,BR,85423990,59,0.01
2024,X,BR,85429000,4320,0.02
2024,X,BR,85437090,750,0.01
2024,X,BR,85441900,838,0.15
2024,X,BR,85444210,295,0.12
2024,X,BR,85444290,79,0.01
2024,X,BR,85444991,261,0.27
2024,X,BR,85444995,12761,10.72
2024,X,BR,85444999,507,0.21
2024,X,BR,85447000,9385,0.43
2024,X,BR,85462000,5400,5.33
2024,X,BR,85472000,27,0.02
2024,X,BR,87089997,2174,0.51
2024,X,BR,87141090,396,0.04
2024,X,BR,89079000,603,0.12
2024,X,BR,90041010,268,0.04
2024,X,BR,90041091,339,0.01
2024,X,BR,90131010,2863769,30.18
2024,X,BR,90141000,32329,0.25
2024,X,BR,90142080,2775,0.01
2024,X,BR,90148000,545,0.02
2024,X,BR,90149000,90962,4.16
2024,X,BR,90158080,47535,0.32
2024,X,BR,90181990,2568,0.06
2024,X,BR,90183900,99111,2.14
2024,X,BR,90185010,290931,27.0
2024,X,BR,90185090,1792,0.2
2024,X,BR,90189084,259,0.02
2024,X,BR,90192090,2991,0.03
2024,X,BR,90200090,3420,0.43
2024,X,BR,90215000,170,0.01
2024,X,BR,90219090,7019,0.22
2024,X,BR,90230080,1200,0.63
2024,X,BR,90248000,700,0.01
2024,X,BR,90251900,502,0.11
2024,X,BR,90258080,4955,0.19
2024,X,BR,90259000,28770,0.37
2024,X,BR,90261029,11406,0.19
2024,X,BR,90268020,10164,0.1
2024,X,BR,90268080,6700,0.52
2024,X,BR,90269000,7938,1.12
2024,X,BR,90271090,196,0.02
2024,X,BR,90273000,5800,0.03
2024,X,BR,90278990,2951,0.03
2024,X,BR,90279000,3119,0.11
2024,X,BR,90289090,8654,0.06
2024,X,BR,90292038,397,0.01
2024,X,BR,90301000,324,0.01
2024,X,BR,90312000,109479,6.94
2024,X,BR,90318080,14216,1.47
2024,X,BR,90319000,40125,3.75
2024,X,BR,90321020,250,0.01
2024,X,BR,90322000,1209,0.04
2024,X,BR,90328900,21739,0.31
2024,X,BR,90329000,103862,8.08
2024,X,BR,90330090,10750,0.24
2024,X,BR,91029900,600,0.01
2024,X,BR,91139000,182,0.01
2024,X,BR,92099200,214,0.01
2024,X,BR,92099940,228,0.01
2024,X,BR,93059900,1328,0.05
2024,X,BR,94017900,25089,13.92
2024,X,BR,94042910,5786,13.25
2024,X,BR,94049090,112,0.04
2024,X,BR,94051990,89,0.03
2024,X,BR,95030085,133,0.02
2024,X,BR,95044000,76,0.01
2024,X,BR,95045000,1025,0.17
2024,X,BR,95049080,609,0.14
2024,X,BR,95062900,4451,0.38
2024,X,BR,95079000,19,0.01
2024,X,BR,96083000,94,0.01
2024,X,BR,97019900,58000,0.2
2024,X,BR,97039000,1750,0.1
2024,X,PY,15092000,79386,69.3
2024,X,PY,20087079,78613,637.62
2024,X,PY,22030010,245956,3038.0
2024,X,PY,22042138,4500,6.68
2024,X,PY,22042178,8280,8.93
2024,X,PY,22042179,8400,8.92
2024,X,PY,22042180,12216,13.84
2024,X,PY,25084000,12584,470.4
2024,X,PY,25199030,18220,270.0
2024,X,PY,28365000,121368,10530.0
2024,X,PY,30049000,887523,8448.13
2024,X,PY,33049900,81402,26.46
2024,X,PY,38089250,31597,6.1
2024,X,PY,38221900,11730,1.33
2024,X,PY,39201024,8056,31.8
2024,X,PY,39241000,140,0.03
2024,X,PY,49019900,27777,27.45
2024,X,PY,56081930,160226,475.02
2024,X,PY,60029000,7646,9.9
2024,X,PY,64039998,146,0.01
2024,X,PY,73239300,261,0.11
2024,X,PY,76071990,542050,787.75
2024,X,PY,85044060,3190,0.62
2024,X,PY,85072020,72143,197.37
2024,X,PY,85076000,11271,11.19
2024,X,PY,85094000,5693,2.42
2024,X,PY,85176200,55794,5.7
2024,X,PY,85185000,9880,1.0
2024,X,PY,85269120,75786,0.08
2024,X,PY,90192090,75,0.01
2024,X,PY,90261089,1680,0.05
2024,X,PY,90303370,337,0.04
2024,X,PY,90318080,3777,0.6
2024,X,PY,95030085,2642,0.23
2024,X,UY,04062000,3802,3.24
2024,X,UY,04069032,29064,21.93
2024,X,UY,04069089,5507,6.33
2024,X,UY,04069092,19273,11.61
2024,X,UY,08105000,1185346,6594.92
2024,X,UY,19053219,107226,153.17
2024,X,UY,19053299,109274,241.92
2024,X,UY,20057000,15303,31.78
2024,X,UY,20059980,4223,4.37
2024,X,UY,20081919,39127,68.7
2024,X,UY,22030010,15680,196.0
2024,X,UY,22041091,315,0.32
2024,X,UY,22041098,292,0.48
2024,X,UY,22042178,132,0.18
2024,X,UY,22042179,291,0.45
2024,X,UY,22042180,144,0.36
2024,X,UY,22083082,32,0.02
2024,X,UY,22086011,6,0.01
2024,X,UY,22087010,199,0.16
2024,X,UY,22089069,31,0.04
2024,X,UY,24011060,207900,277.2
2024,X,UY,24011085,1937925,3564.0
2024,X,UY,24012085,287161,393.37
2024,X,UY,24021000,572,0.02
2024,X,UY,24022090,54289,38.32
2024,X,UY,24031910,330,0.06
2024,X,UY,25090000,18710,1350.0
2024,X,UY,27132000,8199055,191872.32
2024,X,UY,28170000,37417,270.0
2024,X,UY,30049000,190416,18.39
2024,X,UY,32041900,18700,100.0
2024,X,UY,32149000,23889,77.74
2024,X,UY,32159020,3595,1.95
2024,X,UY,34025090,91,0.02
2024,X,UY,38221900,90624,6.53
2024,X,UY,39191015,39028,149.85
2024,X,UY,39231090,258,0.2
2024,X,UY,39232990,103962,98.57
2024,X,UY,39233010,1300,0.41
2024,X,UY,39261000,244,0.53
2024,X,UY,40082190,72,0.01
2024,X,UY,40082900,12628,2.45
2024,X,UY,40091200,763,1.13
2024,X,UY,40093200,4018,1.82
2024,X,UY,40169300,314,0.01
2024,X,UY,48099000,590,0.25
2024,X,UY,48114120,31248,69.8
2024,X,UY,48201090,1345,0.26
2024,X,UY,48211010,1040,0.25
2024,X,UY,48239085,41,0.07
2024,X,UY,49019900,34878,21.06
2024,X,UY,49111010,13,0.02
2024,X,UY,49111090,141,0.39
2024,X,UY,56012110,20890,39.23
2024,X,UY,56074911,8446,26.79
2024,X,UY,56074919,108880,69.67
2024,X,UY,56079020,570,1.3
2024,X,UY,56081930,160747,486.39
2024,X,UY,56090000,3462,4.6
2024,X,UY,59090090,1093,1.11
2024,X,UY,59100000,2430,0.4
2024,X,UY,60019200,281,0.01
2024,X,UY,60029000,43374,62.29
2024,X,UY,61046300,6294,0.64
2024,X,UY,61091000,356,0.01
2024,X,UY,61130010,747,0.24
2024,X,UY,61143000,6534,0.14
2024,X,UY,62044200,23279,1.17
2024,X,UY,62069090,7421,0.32
2024,X,UY,62113210,11497,10.0
2024,X,UY,63014090,2507,4.7
2024,X,UY,63069000,191,0.45
2024,X,UY,63072000,5256,0.82
2024,X,UY,63101000,4824,30.0
2024,X,UY,64034000,104,0.01
2024,X,UY,64039993,146,0.01
2024,X,UY,64051000,102,0.01
2024,X,UY,68022100,164606,1802.9
2024,X,UY,68029100,26,0.02
2024,X,UY,68051000,594,0.42
2024,X,UY,68053000,2692,0.86
2024,X,UY,68138100,1233,0.53
2024,X,UY,68138900,8051,1.95
2024,X,UY,70060090,119180,41.3
2024,X,UY,71171900,1256,0.03
2024,X,UY,71179000,1233,0.04
2024,X,UY,72109030,23724,75.35
2024,X,UY,73064080,4654,4.0
2024,X,UY,73089098,96962,211.9
2024,X,UY,73110011,1374,0.71
2024,X,UY,73121083,3851,9.89
2024,X,UY,73218900,33822,120.6
2024,X,UY,73269092,550,0.04
2024,X,UY,73269094,2918,5.3
2024,X,UY,74020000,2250,1.2
2024,X,UY,76041010,1575,2.25
2024,X,UY,76041090,1980,4.3
2024,X,UY,82055980,378,0.03
2024,X,UY,82059090,74935,88.02
2024,X,UY,83024110,766,0.26
2024,X,UY,83024900,520,0.8
2024,X,UY,83062900,18,0.01
2024,X,UY,84099100,12328,3.55
2024,X,UY,84099900,213896,42.6
2024,X,UY,84129080,1260,0.02
2024,X,UY,84139100,1780,0.01
2024,X,UY,84169000,4405,0.05
2024,X,UY,84179000,463,0.01
2024,X,UY,84182191,952,1.23
2024,X,UY,84182199,370,0.45
2024,X,UY,84191200,3248,3.98
2024,X,UY,84198180,8260,7.64
2024,X,UY,84213985,232,0.11
2024,X,UY,84219990,3039,0.09
2024,X,UY,84221100,1218,0.8
2024,X,UY,84243008,7587,2.5
2024,X,UY,84249080,776,0.3
2024,X,UY,84313100,6327,5.81
2024,X,UY,84433210,562,0.2
2024,X,UY,84433900,1118,0.51
2024,X,UY,84501111,405,0.5
2024,X,UY,84678900,296,0.02
2024,X,UY,84689000,276,0.11
2024,X,UY,84718000,14070,1.08
2024,X,UY,84733080,9694,0.37
2024,X,UY,84812090,325,0.01
2024,X,UY,84836080,1730,0.15
2024,X,UY,85011010,3960,9.85
2024,X,UY,85012000,1290,1.26
2024,X,UY,85015220,530,0.55
2024,X,UY,85072020,142599,496.39
2024,X,UY,85076000,502,0.01
2024,X,UY,85078000,2265,0.6
2024,X,UY,85079080,3776,5.68
2024,X,UY,85081100,108,0.15
2024,X,UY,85131000,1964,0.23
2024,X,UY,85152900,1229,0.24
2024,X,UY,85161011,397,0.08
2024,X,UY,85171100,273,0.01
2024,X,UY,85176200,6172,0.23
2024,X,UY,85176990,6776,0.22
2024,X,UY,85177900,13932,0.07
2024,X,UY,85234990,3127,0.09
2024,X,UY,85258900,276,0.11
2024,X,UY,85261000,811,0.02
2024,X,UY,85269180,1610,0.04
2024,X,UY,85285210,496,0.13
2024,X,UY,85287240,697,0.2
2024,X,UY,85299097,2468,0.08
2024,X,UY,85311095,1061,0.02
2024,X,UY,85318070,500,0.06
2024,X,UY,85319000,9201,0.54
2024,X,UY,85332900,592,0.11
2024,X,UY,85340090,397,0.04
2024,X,UY,85389019,667,0.01
2024,X,UY,85389099,22473,2.85
2024,X,UY,85391000,2157,1.05
2024,X,UY,85407100,3904,0.11
2024,X,UY,85444995,4907,4.2
2024,X,UY,87089997,71,0.01
2024,X,UY,89079000,383,0.45
2024,X,UY,90058000,713,0.16
2024,X,UY,90141000,6299,0.29
2024,X,UY,90149000,385,0.04
2024,X,UY,90173000,436,0.07
2024,X,UY,90183900,97081,0.08
2024,X,UY,90200090,3526,0.91
2024,X,UY,90262080,771,0.02
2024,X,UY,90268020,375,0.01
2024,X,UY,90268080,1928,0.13
2024,X,UY,90269000,1800,0.03
2024,X,UY,90273000,1442,0.02
2024,X,UY,90279000,450,0.02
2024,X,UY,90318080,602,0.01
2024,X,UY,90321080,535,0.02
2024,X,UY,94042910,1985,4.9
2024,X,UY,94051190,144631,97.54
2024,X,UY,94051990,1981,0.76
2024,X,UY,94054231,898,0.14
2024,X,UY,94054990,1620,0.17
2024,X,UY,95049080,2968,1.7
