flow,hs,cn8,partner,baseline_usd,share,tau0,tau_src,staging,path_src,trq
M,02,02023090,AR,3622010,0.4566,0.9729911500232845,TARIC CN8 (mean of 10-digit sub-lines),BF2,CN8 exact,BF2
M,02,02013000,AR,3030704,0.3821,0.5031799080901191,TARIC CN8 (mean of 10-digit sub-lines),BF1,CN8 exact,BF1
M,02,02069099,AR,392582,0.0495,0.0,TARIC CN8,0,CN8 exact,
M,02,02071410,BR,331075,0.0417,0.3793639185926182,TARIC CN8,PY1,CN8 exact,PY1
M,02,02023090,BR,303483,0.0383,0.9729911500232845,TARIC CN8 (mean of 10-digit sub-lines),BF2,CN8 exact,BF2
M,02,02062999,AR,109647,0.0138,0.0,TARIC CN8,0,CN8 exact,
M,02,02062991,AR,81894,0.0103,0.288303318023682,WITS HS6 AVE 2023,BF2,CN8 exact,BF2
M,02,02043000,AR,37074,0.0047,0.354244995117188,WITS HS6 AVE 2023,E,CN8 exact,
M,02,02044390,AR,23699,0.003,0.445399131774902,WITS HS6 AVE 2023,E,CN8 exact,
M,02,02013000,UY,529,0.0001,0.5031799080901191,TARIC CN8 (mean of 10-digit sub-lines),BF1,CN8 exact,BF1
M,03,03061799,AR,6569666,0.5688,0.12,TARIC CN8 (mean of 10-digit sub-lines),4,CN8 exact,
M,03,03047415,AR,1997162,0.1729,0.075,TARIC CN8 (mean of 10-digit sub-lines),0,CN8 exact,
M,03,03074392,AR,1270652,0.11,0.08,TARIC CN8 (mean of 10-digit sub-lines),0,TARIC-implied from 2026 Mercosur preference (pref/base = 0.000),
M,03,03036612,AR,603449,0.0522,0.15,TARIC CN8 (mean of 10-digit sub-lines),0,CN8 exact,
M,03,03074392,UY,456344,0.0395,0.08,TARIC CN8 (mean of 10-digit sub-lines),0,TARIC-implied from 2026 Mercosur preference (pref/base = 0.000),
M,03,03038990,AR,224189,0.0194,0.15,TARIC CN8 (mean of 10-digit sub-lines),0,CN8 exact,
M,03,03036612,UY,221724,0.0192,0.15,TARIC CN8 (mean of 10-digit sub-lines),0,CN8 exact,
M,03,03049550,AR,85210,0.0074,0.075,OJ schedule base rate (CN8 exact),7,CN8 exact,
M,03,03046200,AR,34829,0.003,0.09,OJ schedule base rate (CN8 exact),0,CN8 exact,
M,03,03069590,AR,28347,0.0025,0.15,WITS HS6 AVE 2023,0,TARIC-implied from 2026 Mercosur preference (pref/base = 0.000),
M,03,03038300,AR,26159,0.0023,0.15,OJ schedule base rate (CN8 exact),0,CN8 exact,
M,03,03035910,AR,16503,0.0014,0.13,WITS HS6 AVE 2023,0,TARIC-implied from 2026 Mercosur preference (pref/base = 0.000),
M,03,03056300,AR,14210,0.0012,0.1,OJ schedule base rate (CN8 exact),4,CN8 exact,
M,03,03074335,UY,1480,0.0001,0.0718181800842285,WITS HS6 AVE 2023,0,TARIC-implied from 2026 Mercosur preference (pref/base = 0.000),
M,04,04090000,AR,15621,1.0,0.17300000000000001,OJ schedule base rate (CN8 exact),HY,CN8 exact,HY
X,04,04069032,UY,24537,0.3682,0.22,"min(schedule 0.22000000000000003, WITS 0.22)",NCM rows (HS6),,
X,04,04069032,AR,14073,0.2112,0.22,"min(schedule 0.22000000000000003, WITS 0.22)",NCM rows (HS6),,
X,04,04069092,UY,13302,0.1996,0.22,"min(schedule 0.22000000000000003, WITS 0.22)",NCM rows (HS6),,
X,04,04069089,AR,4525,0.0679,0.22,"min(schedule 0.22000000000000003, WITS 0.22)",NCM rows (HS6),,
X,04,04069089,UY,3786,0.0568,0.22,"min(schedule 0.22000000000000003, WITS 0.22)",NCM rows (HS6),,
X,04,04062000,UY,1752,0.0263,0.16,"min(schedule 0.16, WITS 0.16)",NCM rows (HS6),,
X,04,04069092,AR,1610,0.0242,0.22,"min(schedule 0.22000000000000003, WITS 0.22)",NCM rows (HS6),,
X,04,04069035,AR,1276,0.0192,0.22,"min(schedule 0.22000000000000003, WITS 0.22)",NCM rows (HS6),,
X,04,04069085,AR,1268,0.019,0.22,"min(schedule 0.22000000000000003, WITS 0.22)",NCM rows (HS6),,
X,04,04062000,AR,507,0.0076,0.16,"min(schedule 0.16, WITS 0.16)",NCM rows (HS6),,
M,07,07133390,AR,1431076,0.8409,0.0,TARIC CN8,0,CN8 exact,
M,07,07133900,AR,200803,0.118,0.0,TARIC CN8,0,CN8 exact,
M,07,07134000,AR,24022,0.0141,0.0,OJ schedule base rate Free (CN8 exact),0,CN8 exact,
M,07,07132000,AR,15688,0.0092,0.0,OJ schedule base rate Free (CN8 exact),0,CN8 exact,
M,07,07133390,BR,14467,0.0085,0.0,TARIC CN8,0,CN8 exact,
M,07,07133200,AR,5713,0.0034,0.0,OJ schedule base rate Free (CN8 exact),0,CN8 exact,
M,07,07133100,AR,5213,0.0031,0.0,OJ schedule base rate Free (CN8 exact),0,CN8 exact,
M,07,07133500,AR,4209,0.0025,0.0,OJ schedule base rate Free (CN8 exact),0,CN8 exact,
M,07,07131090,AR,667,0.0004,0.0,OJ schedule base rate Free (CN8 exact),0,CN8 exact,
M,08,08055010,AR,9270512,0.8061,0.064,TARIC CN8 (mean of 10-digit sub-lines),7,CN8 exact,
M,08,08083090,AR,1112714,0.0968,0.0,TARIC CN8 (mean of 10-digit sub-lines),0/EP,CN8 exact,
M,08,08012200,BO,768258,0.0668,0.0,OJ schedule base rate Free (CN8 exact),n/a (Bolivia),,
M,08,08055090,BR,153751,0.0134,0.128,TARIC CN8 (mean of 10-digit sub-lines),7,CN8 exact,
M,08,08055010,UY,56021,0.0049,0.064,TARIC CN8 (mean of 10-digit sub-lines),7,CN8 exact,
M,08,08051022,AR,48617,0.0042,0.16,WITS HS6 AVE 2023,10,TARIC-implied from 2026 Mercosur preference (pref/base = 0.906),
M,08,08012100,BO,34538,0.003,0.0,OJ schedule base rate Free (CN8 exact),n/a (Bolivia),,
M,08,08029910,BR,17194,0.0015,0.01,WITS HS6 AVE 2023,0,TARIC 2026: base duty free,
M,08,08055010,BR,14103,0.0012,0.064,TARIC CN8 (mean of 10-digit sub-lines),7,CN8 exact,
M,08,08119011,BR,12093,0.0011,0.124778995513916,WITS HS6 AVE 2023,10,CN8 exact,
M,08,08051028,AR,4572,0.0004,0.16,WITS HS6 AVE 2023,10,TARIC-implied from 2026 Mercosur preference (pref/base = 0.906),
M,08,08135039,BR,3192,0.0003,0.064,OJ schedule base rate (CN8 exact),4,CN8 exact,
M,08,08092900,AR,2249,0.0002,0.0,WITS HS6 AVE 2023,0/EP,CN8 exact,
M,08,08134095,BR,2070,0.0002,0.024,OJ schedule base rate (CN8 exact),0,CN8 exact,
M,08,08055090,AR,247,0.0,0.128,TARIC CN8 (mean of 10-digit sub-lines),7,CN8 exact,
X,08,08105000,BR,10536542,0.8317,0.1,"min(schedule 0.1, WITS 0.1)",NCM rows (HS6),,
X,08,08105000,AR,1237065,0.0976,0.1,"min(schedule 0.1, WITS 0.1)",NCM rows (HS6),,
X,08,08105000,UY,882688,0.0697,0.1,"min(schedule 0.1, WITS 0.1)",NCM rows (HS6),,
X,08,08081080,AR,12923,0.001,0.1,"min(schedule 0.1, WITS 0.1)",NCM rows (HS6),,
M,09,09011100,BR,103165747,0.9986,0.0,TARIC CN8,0,CN8 exact,
M,09,09041100,BR,67196,0.0007,0.0,OJ schedule base rate Free (CN8 exact),0,CN8 exact,
M,09,09109991,BR,47689,0.0005,0.0,OJ schedule base rate Free (CN8 exact),0,CN8 exact,
M,09,09101100,BR,30783,0.0003,0.0,OJ schedule base rate Free (CN8 exact),0,CN8 exact,
M,09,09012100,BR,1057,0.0,0.075,OJ schedule base rate (CN8 exact),4,CN8 exact,
M,09,09012200,BR,37,0.0,0.09,OJ schedule base rate (CN8 exact),4,CN8 exact,
M,09,09011100,BO,22,0.0,0.0,TARIC CN8,n/a (Bolivia),,
X,09,09011100,BR,202252,0.8013,0.1,"min(schedule 0.1, WITS 0.1)",NCM rows (HS6),,
X,09,09012100,BR,50150,0.1987,0.1,"min(schedule 0.1, WITS 0.1)",NCM rows (HS6),,
M,10,10059000,AR,1548380,0.7225,0.0,TARIC CN8,ME,CN8 exact,ME
M,10,10085000,BO,256799,0.1198,,no source,n/a (Bolivia),,
M,10,10063067,PY,150454,0.0702,0.2305414251490492,TARIC CN8 (mean of 10-digit sub-lines),RE,CN8 exact,RE
M,10,10062017,PY,51063,0.0238,0.0870137977600098,WITS HS6 AVE 2023,RE,CN8 exact,RE
M,10,10063027,UY,50548,0.0236,0.22239860534668002,WITS HS6 AVE 2023,RE,CN8 exact,RE
M,10,10059000,BR,36913,0.0172,0.0,TARIC CN8,ME,CN8 exact,ME
M,10,10062017,AR,35909,0.0168,0.0870137977600098,WITS HS6 AVE 2023,RE,CN8 exact,RE
M,10,10082100,AR,7892,0.0037,0.0574624300003052,WITS HS6 AVE 2023,7,CN8 exact,
M,10,10062017,UY,5171,0.0024,0.0870137977600098,WITS HS6 AVE 2023,RE,CN8 exact,RE
M,10,10062013,UY,24,0.0,0.0870137977600098,WITS HS6 AVE 2023,RE,CN8 exact,RE
M,10,10062015,PY,16,0.0,0.0870137977600098,WITS HS6 AVE 2023,RE,CN8 exact,RE
M,10,10062015,BR,14,0.0,0.0870137977600098,WITS HS6 AVE 2023,RE,CN8 exact,RE
M,12,12019000,BR,73822968,0.7476,0.0,TARIC CN8,0,CN8 exact,
M,12,12024200,AR,21668458,0.2194,0.0,TARIC CN8,0,CN8 exact,
M,12,12074090,PY,1254746,0.0127,0.0,TARIC CN8,0,CN8 exact,
M,12,12024200,BR,605037,0.0061,0.0,TARIC CN8,0,CN8 exact,
M,12,12079996,PY,599551,0.0061,0.0,TARIC CN8 (mean of 10-digit sub-lines),0,CN8 exact,
M,12,12074090,BR,348469,0.0035,0.0,TARIC CN8,0,CN8 exact,
M,12,12060091,AR,184018,0.0019,0.0,TARIC CN8,0,CN8 exact,
M,12,12024200,PY,106537,0.0011,0.0,TARIC CN8,0,CN8 exact,
M,12,12079996,AR,43217,0.0004,0.0,TARIC CN8 (mean of 10-digit sub-lines),0,CN8 exact,
M,12,12092980,AR,30492,0.0003,0.025,OJ schedule base rate (CN8 exact),0,CN8 exact,
M,12,12074090,BO,29856,0.0003,0.0,TARIC CN8,n/a (Bolivia),,
M,12,12079996,BO,22761,0.0002,0.0,TARIC CN8 (mean of 10-digit sub-lines),n/a (Bolivia),,
M,12,12092510,AR,12144,0.0001,0.0,OJ schedule base rate Free (CN8 exact),0,CN8 exact,
M,12,12122900,BR,6584,0.0001,0.0,OJ schedule base rate Free (CN8 exact),0,CN8 exact,
M,12,12119086,PY,4754,0.0,0.0,OJ schedule base rate Free (CN8 exact),0,CN8 exact,
M,12,12129995,BR,1720,0.0,0.0,OJ schedule base rate Free (CN8 exact),0,CN8 exact,
M,12,12073000,BR,550,0.0,0.0,OJ schedule base rate Free (CN8 exact),0,CN8 exact,
M,12,12019000,AR,18,0.0,0.0,TARIC CN8,0,CN8 exact,
M,12,12079996,BR,15,0.0,0.0,TARIC CN8 (mean of 10-digit sub-lines),0,CN8 exact,
X,12,12119086,BR,253,1.0,0.08,"min(schedule 0.08, WITS 0.08)",NCM rows (HS6),,
M,15,15180091,BR,160538,0.5377,0.077,TARIC CN8 (mean of 10-digit sub-lines),0,CN8 exact,
M,15,15180091,AR,98365,0.3294,0.077,TARIC CN8 (mean of 10-digit sub-lines),0,CN8 exact,
M,15,15050090,UY,18761,0.0628,0.0,OJ schedule base rate Free (CN8 exact),0,CN8 exact,
M,15,15171090,BR,14794,0.0495,0.16,OJ schedule base rate (CN8 exact),10,CN8 exact,
M,15,15179099,BR,3063,0.0103,0.16,OJ schedule base rate (CN8 exact),10,CN8 exact,
M,15,15162098,BR,1163,0.0039,0.109,OJ schedule base rate (CN8 exact),7,CN8 exact,
M,15,15159099,BR,1025,0.0034,0.096,OJ schedule base rate (CN8 exact),4,CN8 exact,
M,15,15021090,AR,598,0.002,0.032,OJ schedule base rate (CN8 exact),0,CN8 exact,
M,15,15159039,BR,165,0.0006,0.096,OJ schedule base rate (CN8 exact),4,CN8 exact,
M,15,15092000,BR,59,0.0002,0.253001003265381,WITS HS6 AVE 2023,0,TARIC-implied from 2026 Mercosur preference (pref/base = 0.000),
M,15,15162096,BR,44,0.0001,0.096,OJ schedule base rate (CN8 exact),4,CN8 exact,
X,15,15092000,BR,2781082,0.9792,0.10000000000000002,"min(schedule 0.10000000000000002, WITS None)","NCM rows (HS4 fallback, HS6 code absent from NCM 2012)",,
X,15,15092000,PY,41913,0.0148,0.10000000000000002,"min(schedule 0.10000000000000002, WITS None)","NCM rows (HS4 fallback, HS6 code absent from NCM 2012)",,
X,15,15092000,AR,12566,0.0044,0.315,"min(schedule 0.315, WITS None)","NCM rows (HS4 fallback, HS6 code absent from NCM 2012)",,
X,15,15179099,BR,4058,0.0014,0.12,"min(schedule 0.12, WITS 0.12)",NCM rows (HS6),,
X,15,15093000,UY,665,0.0002,0.10000000000000002,"min(schedule 0.10000000000000002, WITS None)","NCM rows (HS4 fallback, HS6 code absent from NCM 2012)",,
M,16,16025031,BR,72075,0.9122,0.166,OJ schedule base rate (CN8 exact),4,CN8 exact,
M,16,16024911,AR,6934,0.0878,0.161645431518555,WITS HS6 AVE 2023,PK,CN8 exact,PK
M,17,17019910,BR,1593305,0.9417,0.6580982047797732,TARIC CN8,E,CN8 exact,
M,17,17041090,BR,43064,0.0255,0.127734498977661,WITS HS6 AVE 2023,10,CN8 exact,
M,17,17011490,BR,33101,0.0196,0.71463249206543,WITS HS6 AVE 2023,E,CN8 exact,
M,17,17019910,AR,13282,0.0078,0.6580982047797732,TARIC CN8,E,CN8 exact,
M,17,17019990,AR,6571,0.0039,0.601226501464844,WITS HS6 AVE 2023,E,CN8 exact,
M,17,17049010,BR,1616,0.001,0.134,OJ schedule base rate (CN8 exact),10,CN8 exact,
M,17,17049099,BR,1049,0.0006,0.17407995223998998,WITS HS6 AVE 2023,10,CN8 exact,
M,17,17049061,BR,11,0.0,0.17407995223998998,WITS HS6 AVE 2023,10,CN8 exact,
X,17,17049099,AR,2348,0.5432,0.2,"min(schedule 0.20000000000000004, WITS 0.2)",NCM rows (HS6),,
X,17,17049099,UY,1975,0.4568,0.2,"min(schedule 0.20000000000000004, WITS 0.2)",NCM rows (HS6),,
M,20,20091998,BR,2392247,0.544,0.122,TARIC CN8 (mean of 10-digit sub-lines),7,CN8 exact,
M,20,20096919,AR,915383,0.2082,0.4,TARIC CN8 (mean of 10-digit sub-lines),10/EP,CN8 exact,
M,20,20091199,BR,725816,0.1651,0.152,TARIC CN8 (mean of 10-digit sub-lines),10,CN8 exact,
M,20,20098979,BR,131181,0.0298,0.168,TARIC CN8 (mean of 10-digit sub-lines),10,CN8 exact,
M,20,20094930,BR,113455,0.0258,0.152,TARIC CN8 (mean of 10-digit sub-lines),10,CN8 exact,
M,20,20087071,BR,52738,0.012,0.192,OJ schedule base rate (CN8 exact),7,CN8 exact,
M,20,20089948,BR,25036,0.0057,0.11,OJ schedule base rate (CN8 exact),7,CN8 exact,
M,20,20059950,AR,13406,0.003,0.17600000000000002,OJ schedule base rate (CN8 exact),10,CN8 exact,
M,20,20093939,BR,11644,0.0026,0.152,OJ schedule base rate (CN8 exact),10,CN8 exact,
M,20,20093939,AR,8552,0.0019,0.152,OJ schedule base rate (CN8 exact),10,CN8 exact,
M,20,20087061,BR,6251,0.0014,0.192,OJ schedule base rate (CN8 exact),7,CN8 exact,
M,20,20079997,BR,602,0.0001,0.24,OJ schedule base rate (CN8 exact),10,CN8 exact,
M,20,20079950,BR,344,0.0001,0.284572448730469,WITS HS6 AVE 2023,10,CN8 exact,
M,20,20094999,BR,161,0.0,0.16,OJ schedule base rate (CN8 exact),10,CN8 exact,
M,20,20071010,BR,125,0.0,0.21428289413452098,WITS HS6 AVE 2023,10,CN8 exact,
M,20,20079950,AR,79,0.0,0.284572448730469,WITS HS6 AVE 2023,10,CN8 exact,
M,20,20091998,AR,63,0.0,0.122,TARIC CN8 (mean of 10-digit sub-lines),7,CN8 exact,
M,20,20094999,AR,54,0.0,0.16,OJ schedule base rate (CN8 exact),10,CN8 exact,
M,20,20081191,BR,53,0.0,0.11199999999999999,OJ schedule base rate (CN8 exact),7,CN8 exact,
M,20,20057000,BR,21,0.0,0.128,OJ schedule base rate (CN8 exact),7,CN8 exact,
M,20,20093119,AR,19,0.0,0.152,OJ schedule base rate (CN8 exact),10,CN8 exact,
M,20,20019020,BR,15,0.0,0.05,OJ schedule base rate (CN8 exact),0,CN8 exact,
X,20,20057000,BR,761441,0.264,0.14,"min(schedule 0.14, WITS 0.14)",NCM rows (HS6),,
X,20,20087071,BR,669064,0.2319,0.35,"min(schedule 0.4166666666666667, WITS 0.35)",NCM rows (HS6),,
X,20,20079950,BO,394077,0.1366,0,n/a,n/a (Bolivia),,
X,20,20087079,PY,168433,0.0584,0.14,"min(schedule 0.14, WITS 0.14)",NCM rows (HS6),,
X,20,20079950,BR,144469,0.0501,0.14,"min(schedule 0.14, WITS 0.14)",NCM rows (HS6),,
X,20,20087071,BO,132815,0.046,0,n/a,n/a (Bolivia),,
X,20,20085098,BR,123842,0.0429,0.14,"min(schedule 0.14, WITS 0.14)",NCM rows (HS6),,
X,20,20079939,UY,105688,0.0366,0.14,"min(schedule 0.14, WITS 0.14)",NCM rows (HS6),,
X,20,20085071,BR,104898,0.0364,0.14,"min(schedule 0.14, WITS 0.14)",NCM rows (HS6),,
X,20,20087079,BR,89458,0.031,0.35,"min(schedule 0.4166666666666667, WITS 0.35)",NCM rows (HS6),,
X,20,20087098,BR,28933,0.01,0.35,"min(schedule 0.4166666666666667, WITS 0.35)",NCM rows (HS6),,
X,20,20087071,UY,27954,0.0097,0.3499999999999999,"min(schedule 0.3499999999999999, WITS 0.35)",NCM rows (HS6),,
X,20,20079950,UY,26566,0.0092,0.14,"min(schedule 0.14, WITS 0.14)",NCM rows (HS6),,
X,20,20089774,BO,23079,0.008,0,n/a,n/a (Bolivia),,
X,20,20071010,BR,19744,0.0068,0.14,"min(schedule 0.14, WITS 0.14)",NCM rows (HS6),,
X,20,20081919,UY,14117,0.0049,0.14,"min(schedule 0.14, WITS 0.14)",NCM rows (HS6),,
X,20,20057000,AR,9962,0.0035,0.14,"min(schedule 0.14, WITS 0.14)",NCM rows (HS6),,
X,20,20087061,BO,9099,0.0032,0,n/a,n/a (Bolivia),,
X,20,20087092,BR,8487,0.0029,0.35,"min(schedule 0.4166666666666667, WITS 0.35)",NCM rows (HS6),,
X,20,20019065,BR,8130,0.0028,0.14,"min(schedule 0.14, WITS 0.14)",NCM rows (HS6),,
X,20,20057000,UY,5521,0.0019,0.14,"min(schedule 0.14, WITS 0.14)",NCM rows (HS6),,
X,20,20085079,BR,2747,0.001,0.14,"min(schedule 0.14, WITS 0.14)",NCM rows (HS6),,
X,20,20019065,UY,2430,0.0008,0.14,"min(schedule 0.14, WITS 0.14)",NCM rows (HS6),,
X,20,20059980,UY,1524,0.0005,0.14,"min(schedule 0.14, WITS 0.14)",NCM rows (HS6),,
X,20,20084079,BR,1235,0.0004,0.14,"min(schedule 0.14, WITS 0.14)",NCM rows (HS6),,
X,20,20079190,BR,833,0.0003,0.14,"min(schedule 0.14, WITS 0.14)",NCM rows (HS6),,
M,21,21069098,BR,354,0.3045,0.050975861549377395,WITS HS6 AVE 2023,10/OS≥70%,CN8 exact,
M,21,21022019,BR,233,0.2008,0.051,OJ schedule base rate (CN8 exact),0,CN8 exact,
M,21,21069092,BR,181,0.1559,0.128,OJ schedule base rate (CN8 exact),10,CN8 exact,
M,21,21069092,AR,162,0.1395,0.128,OJ schedule base rate (CN8 exact),10,CN8 exact,
M,21,21021090,BR,133,0.1146,0.147,OJ schedule base rate (CN8 exact),10,CN8 exact,
M,21,21011100,BR,77,0.0667,0.09,OJ schedule base rate (CN8 exact),4,CN8 exact,
M,21,21021090,AR,21,0.0181,0.147,OJ schedule base rate (CN8 exact),10,CN8 exact,
X,21,21039090,BR,12777,0.3614,0.17,"min(schedule 0.17, WITS 0.17)",NCM rows (HS6),,
X,21,21069098,UY,11815,0.3342,0.14,"min(schedule 0.14, WITS 0.14)",NCM rows (HS6),,
X,21,21069098,BR,9676,0.2737,0.1575,"min(schedule 0.1575, WITS 0.1575)",NCM rows (HS6),,
X,21,21039090,AR,930,0.0263,0.17,"min(schedule 0.17, WITS 0.17)",NCM rows (HS6),,
X,21,21069092,BR,138,0.0039,0.1575,"min(schedule 0.1575, WITS 0.1575)",NCM rows (HS6),,
X,21,21023000,BR,15,0.0004,0.14,"min(schedule 0.14, WITS 0.14)",NCM rows (HS6),,
M,22,22072000,BR,4481002,0.8743,0.16117609352869922,TARIC CN8 (mean of 10-digit sub-lines),EL,CN8 exact,EL
M,22,22042196,AR,431622,0.0842,0.0173040305655936,TARIC CN8 (mean of 10-digit sub-lines),4,CN8 exact,
M,22,22042195,AR,89235,0.0174,0.0349565172195435,WITS HS6 AVE 2023,4,CN8 exact,
M,22,22071000,AR,36655,0.0072,0.206672801971436,WITS HS6 AVE 2023,EL,CN8 exact,EL
M,22,22084031,BR,31082,0.0061,0.0,OJ schedule base rate Free (CN8 exact),0,CN8 exact,
M,22,22085011,BR,25438,0.005,0.0,OJ schedule base rate Free (CN8 exact),0,CN8 exact,
M,22,22042198,AR,9990,0.0019,0.0349565172195435,WITS HS6 AVE 2023,4,CN8 exact,
M,22,22042196,UY,8445,0.0016,0.0173040305655936,TARIC CN8 (mean of 10-digit sub-lines),4,CN8 exact,
M,22,22042197,AR,3820,0.0007,0.0349565172195435,WITS HS6 AVE 2023,4,CN8 exact,
M,22,22042109,AR,3343,0.0007,0.0349565172195435,WITS HS6 AVE 2023,4,CN8 exact,
M,22,22042195,UY,3132,0.0006,0.0349565172195435,WITS HS6 AVE 2023,4,CN8 exact,
M,22,22042184,BR,1213,0.0002,0.0349565172195435,WITS HS6 AVE 2023,0,CN8 exact,
M,22,22041098,AR,24,0.0,0.0364824509620667,WITS HS6 AVE 2023,SW/12,CN8 exact,
M,22,22019000,BR,17,0.0,0.0,OJ schedule base rate Free (CN8 exact),0,CN8 exact,
X,22,22030010,PY,213491,0.4851,0.2,"min(schedule 0.2, WITS 0.2)",NCM rows (HS6),,
X,22,22042180,BR,50798,0.1154,0.27,"min(schedule 0.27, WITS 0.27)",NCM rows (HS6),,
X,22,22042179,BR,41213,0.0936,0.27,"min(schedule 0.27, WITS 0.27)",NCM rows (HS6),,
X,22,22030010,UY,25840,0.0587,0.2,"min(schedule 0.2, WITS 0.2)",NCM rows (HS6),,
X,22,22042178,BR,22665,0.0515,0.27,"min(schedule 0.27, WITS 0.27)",NCM rows (HS6),,
X,22,22042183,BR,12352,0.0281,0.27,"min(schedule 0.27, WITS 0.27)",NCM rows (HS6),,
X,22,22042181,BR,9038,0.0205,0.27,"min(schedule 0.27, WITS 0.27)",NCM rows (HS6),,
X,22,22042182,BR,7021,0.016,0.27,"min(schedule 0.27, WITS 0.27)",NCM rows (HS6),,
X,22,22029919,BR,6599,0.015,0.2,"min(schedule 0.2, WITS 0.2)","NCM rows (HS4 fallback, HS6 code absent from NCM 2012)",,
X,22,22042138,BR,6050,0.0137,0.27,"min(schedule 0.27, WITS 0.27)",NCM rows (HS6),,
X,22,22042194,BR,4531,0.0103,0.27,"min(schedule 0.27, WITS 0.27)",NCM rows (HS6),,
X,22,22042180,PY,4407,0.01,0.19,"min(schedule 0.19, WITS 0.19)",NCM rows (HS6),,
X,22,22042107,BR,4091,0.0093,0.27,"min(schedule 0.27, WITS 0.27)",NCM rows (HS6),,
X,22,22042179,PY,3031,0.0069,0.19,"min(schedule 0.19, WITS 0.19)",NCM rows (HS6),,
X,22,22042178,PY,2987,0.0068,0.19,"min(schedule 0.19, WITS 0.19)",NCM rows (HS6),,
X,22,22089041,AR,2904,0.0066,0.2,"min(schedule 0.2, WITS 0.2)",NCM rows (HS6),,
X,22,22030001,BR,2669,0.0061,0.2,"min(schedule 0.2, WITS 0.2)",NCM rows (HS6),,
X,22,22089069,BR,2556,0.0058,0.2,"min(schedule 0.2, WITS 0.2)",NCM rows (HS6),,
X,22,22089041,BR,2247,0.0051,0.2,"min(schedule 0.2, WITS 0.2)",NCM rows (HS6),,
X,22,22042184,BR,1877,0.0043,0.27,"min(schedule 0.27, WITS 0.27)",NCM rows (HS6),,
X,22,22082028,BR,1835,0.0042,0.2,"min(schedule 0.2, WITS 0.2)",NCM rows (HS6),,
X,22,22042138,PY,1624,0.0037,0.19,"min(schedule 0.19, WITS 0.19)",NCM rows (HS6),,
X,22,22042179,AR,1130,0.0026,0.2,"min(schedule 0.2, WITS 0.2)",NCM rows (HS6),,
X,22,22087010,AR,1067,0.0024,0.2,"min(schedule 0.2, WITS 0.2)",NCM rows (HS6),,
X,22,22041098,BR,822,0.0019,0.2,"min(schedule 0.2, WITS 0.2)",NCM rows (HS6),,
X,22,22042180,AR,771,0.0018,0.2,"min(schedule 0.2, WITS 0.2)",NCM rows (HS6),,
X,22,22030009,BR,765,0.0017,0.2,"min(schedule 0.2, WITS 0.2)",NCM rows (HS6),,
X,22,22090091,AR,744,0.0017,0.2,"min(schedule 0.2, WITS 0.2)",NCM rows (HS6),,
X,22,22083030,BR,676,0.0015,0.17333333333333334,"min(schedule 0.17333333333333334, WITS 0.173333339691162)",NCM rows (HS6),,
X,22,22083071,BR,524,0.0012,0.17333333333333334,"min(schedule 0.17333333333333334, WITS 0.173333339691162)",NCM rows (HS6),,
X,22,22029100,BR,451,0.001,0.2,"min(schedule 0.2, WITS 0.2)","NCM rows (HS4 fallback, HS6 code absent from NCM 2012)",,
X,22,22042128,BR,407,0.0009,0.27,"min(schedule 0.27, WITS 0.27)",NCM rows (HS6),,
X,22,22090011,AR,315,0.0007,0.2,"min(schedule 0.2, WITS 0.2)",NCM rows (HS6),,
X,22,22089069,AR,283,0.0006,0.2,"min(schedule 0.2, WITS 0.2)",NCM rows (HS6),,
X,22,22087010,BR,194,0.0004,0.2,"min(schedule 0.2, WITS 0.2)",NCM rows (HS6),,
X,22,22087010,UY,179,0.0004,0.2,"min(schedule 0.2, WITS 0.2)",NCM rows (HS6),,
X,22,22086011,BR,158,0.0004,0.2,"min(schedule 0.2, WITS 0.2)",NCM rows (HS6),,
X,22,22085011,BR,130,0.0003,0.2,"min(schedule 0.2, WITS 0.2)",NCM rows (HS6),,
X,22,22019000,BR,127,0.0003,0.2,"min(schedule 0.2, WITS 0.2)",NCM rows (HS6),,
X,22,22084039,BR,117,0.0003,0.2,"min(schedule 0.2, WITS 0.2)",NCM rows (HS6),,
X,22,22041091,UY,114,0.0003,0.2,"min(schedule 0.2, WITS 0.2)",NCM rows (HS6),,
X,22,22042179,UY,107,0.0002,0.2,"min(schedule 0.2, WITS 0.2)",NCM rows (HS6),,
X,22,22041098,UY,105,0.0002,0.2,"min(schedule 0.2, WITS 0.2)",NCM rows (HS6),,
X,22,22011011,UY,79,0.0002,0.2,"min(schedule 0.2, WITS 0.2)",NCM rows (HS6),,
X,22,22083071,UY,73,0.0002,0.133333330154419,"min(schedule 0.13333333333333333, WITS 0.133333330154419)",NCM rows (HS6),,
X,22,22084031,BR,59,0.0001,0.2,"min(schedule 0.2, WITS 0.2)",NCM rows (HS6),,
X,22,22082028,AR,56,0.0001,0.2,"min(schedule 0.2, WITS 0.2)",NCM rows (HS6),,
X,22,22042180,UY,54,0.0001,0.2,"min(schedule 0.2, WITS 0.2)",NCM rows (HS6),,
X,22,22083082,BR,53,0.0001,0.17333333333333334,"min(schedule 0.17333333333333334, WITS 0.173333339691162)",NCM rows (HS6),,
X,22,22083082,UY,52,0.0001,0.133333330154419,"min(schedule 0.13333333333333333, WITS 0.133333330154419)",NCM rows (HS6),,
X,22,22042178,UY,48,0.0001,0.2,"min(schedule 0.2, WITS 0.2)",NCM rows (HS6),,
X,22,22083011,BR,45,0.0001,0.17333333333333334,"min(schedule 0.17333333333333334, WITS 0.173333339691162)",NCM rows (HS6),,
X,22,22083071,AR,44,0.0001,0.153333330154419,"min(schedule 0.20333333333333334, WITS 0.153333330154419)",NCM rows (HS6),,
X,22,22085011,AR,39,0.0001,0.2,"min(schedule 0.2, WITS 0.2)",NCM rows (HS6),,
X,22,22041011,BR,38,0.0001,0.2,"min(schedule 0.2, WITS 0.2)",NCM rows (HS6),,
X,22,22086091,UY,35,0.0001,0.2,"min(schedule 0.2, WITS 0.2)",NCM rows (HS6),,
X,22,22086011,UY,34,0.0001,0.2,"min(schedule 0.2, WITS 0.2)",NCM rows (HS6),,
X,22,22041093,BR,31,0.0001,0.2,"min(schedule 0.2, WITS 0.2)",NCM rows (HS6),,
X,22,22051010,BR,30,0.0001,0.2,"min(schedule 0.2, WITS 0.2)",NCM rows (HS6),,
X,22,22089069,UY,28,0.0001,0.2,"min(schedule 0.2, WITS 0.2)",NCM rows (HS6),,
X,22,22041091,BR,27,0.0001,0.2,"min(schedule 0.2, WITS 0.2)",NCM rows (HS6),,
X,22,22085011,UY,26,0.0001,0.2,"min(schedule 0.2, WITS 0.2)",NCM rows (HS6),,
X,22,22042189,BR,22,0.0,0.27,"min(schedule 0.27, WITS 0.27)",NCM rows (HS6),,
X,22,22083030,AR,21,0.0,0.153333330154419,"min(schedule 0.20333333333333334, WITS 0.153333330154419)",NCM rows (HS6),,
X,22,22089054,BR,20,0.0,0.2,"min(schedule 0.2, WITS 0.2)",NCM rows (HS6),,
X,22,22084011,UY,16,0.0,0.2,"min(schedule 0.2, WITS 0.2)",NCM rows (HS6),,
X,22,22089054,UY,15,0.0,0.2,"min(schedule 0.2, WITS 0.2)",NCM rows (HS6),,
X,22,22051010,AR,14,0.0,0.2,"min(schedule 0.2, WITS 0.2)",NCM rows (HS6),,
X,22,22041011,UY,13,0.0,0.2,"min(schedule 0.2, WITS 0.2)",NCM rows (HS6),,
X,22,22084011,BR,13,0.0,0.2,"min(schedule 0.2, WITS 0.2)",NCM rows (HS6),,
X,22,22084031,UY,11,0.0,0.2,"min(schedule 0.2, WITS 0.2)",NCM rows (HS6),,
X,22,22089041,UY,10,0.0,0.2,"min(schedule 0.2, WITS 0.2)",NCM rows (HS6),,
X,22,22089056,BR,10,0.0,0.2,"min(schedule 0.2, WITS 0.2)",NCM rows (HS6),,
X,22,22083030,UY,10,0.0,0.133333330154419,"min(schedule 0.13333333333333333, WITS 0.133333330154419)",NCM rows (HS6),,
X,22,22082012,AR,8,0.0,0.2,"min(schedule 0.2, WITS 0.2)",NCM rows (HS6),,
X,22,22084011,AR,7,0.0,0.2,"min(schedule 0.2, WITS 0.2)",NCM rows (HS6),,
X,22,22041093,UY,7,0.0,0.2,"min(schedule 0.2, WITS 0.2)",NCM rows (HS6),,
X,22,22086011,AR,6,0.0,0.2,"min(schedule 0.2, WITS 0.2)",NCM rows (HS6),,
X,22,22021000,BR,6,0.0,0.2,"min(schedule 0.2, WITS 0.2)",NCM rows (HS6),,
X,22,22042190,BR,6,0.0,0.27,"min(schedule 0.27, WITS 0.27)",NCM rows (HS6),,
X,22,22051010,UY,5,0.0,0.2,"min(schedule 0.2, WITS 0.2)",NCM rows (HS6),,
X,22,22042174,BR,4,0.0,0.27,"min(schedule 0.27, WITS 0.27)",NCM rows (HS6),,
X,22,22084039,AR,4,0.0,0.2,"min(schedule 0.2, WITS 0.2)",NCM rows (HS6),,
X,22,22042113,BR,3,0.0,0.27,"min(schedule 0.27, WITS 0.27)",NCM rows (HS6),,
X,22,22086091,BR,2,0.0,0.2,"min(schedule 0.2, WITS 0.2)",NCM rows (HS6),,
X,22,22042168,UY,2,0.0,0.2,"min(schedule 0.2, WITS 0.2)",NCM rows (HS6),,
X,22,22042198,UY,1,0.0,0.2,"min(schedule 0.2, WITS 0.2)",NCM rows (HS6),,
M,23,23040000,AR,241459750,0.9704,0.0,TARIC CN8,0,CN8 exact,
M,23,23040000,PY,4724853,0.019,0.0,TARIC CN8,0,CN8 exact,
M,23,23040000,BR,1594164,0.0064,0.0,TARIC CN8,0,CN8 exact,
M,23,23099031,BR,733203,0.0029,0.02363978866574068,TARIC CN8 (mean of 10-digit sub-lines),10,CN8 exact,
M,23,23011000,AR,222287,0.0009,0.0,TARIC CN8,0,CN8 exact,
M,23,23091031,BR,37431,0.0002,0.0,OJ schedule base rate Free (CN8 exact),0,CN8 exact,
M,23,23099096,BR,36545,0.0001,0.096,OJ schedule base rate (CN8 exact),4,CN8 exact,
M,23,23012000,UY,21114,0.0001,0.0,OJ schedule base rate Free (CN8 exact),0,CN8 exact,
M,24,24012085,BR,45372759,0.9005,0.039852186265291946,TARIC CN8 (certified leaf sub-line 10),4,CN8 exact,
M,24,24012035,BR,2352384,0.0467,0.04605780696939297,TARIC CN8 (certified leaf sub-line 10),4,CN8 exact,
M,24,24012035,AR,1904649,0.0378,0.04605780696939297,TARIC CN8 (certified leaf sub-line 10),4,CN8 exact,
M,24,24012085,AR,610453,0.0121,0.039852186265291946,TARIC CN8 (certified leaf sub-line 10),4,CN8 exact,
M,24,24013000,BR,84841,0.0017,0.2916495795359698,TARIC CN8,4,CN8 exact,
M,24,24013000,AR,62435,0.0012,0.2916495795359698,TARIC CN8,4,CN8 exact,
M,24,24011035,BR,436,0.0,0.0681150197982788,WITS HS6 AVE 2023,4,CN8 exact,
M,24,24031990,BR,180,0.0,0.7490000000000001,OJ schedule base rate (CN8 exact),7,CN8 exact,
M,24,24012095,BR,52,0.0,0.059689259529113796,WITS HS6 AVE 2023,4,CN8 exact,
M,24,24011085,BR,39,0.0,0.0681150197982788,WITS HS6 AVE 2023,4,CN8 exact,
X,24,24011085,UY,1774358,0.6721,0.0559999990463257,"min(schedule 0.05600000000000001, WITS 0.0559999990463257)",NCM rows (HS6),,
X,24,24011060,UY,248253,0.094,0.0559999990463257,"min(schedule 0.05600000000000001, WITS 0.0559999990463257)",NCM rows (HS6),,
X,24,24012085,UY,199812,0.0757,0.084,"min(schedule 0.084, WITS 0.11199999809265099)",NCM rows (HS6),,
X,24,24011060,BR,146821,0.0556,0.131999998092651,"min(schedule 0.132, WITS 0.131999998092651)",NCM rows (HS6),,
X,24,24013000,BR,125274,0.0475,0.14,"min(schedule 0.14, WITS 0.14)",NCM rows (HS6),,
X,24,24011060,PY,85139,0.0322,0.126,"min(schedule 0.126, WITS 0.131999998092651)",NCM rows (HS6),,
X,24,24022090,UY,29878,0.0113,0.2,"min(schedule 0.2, WITS 0.2)",NCM rows (HS6),,
X,24,24012035,PY,29561,0.0112,0.10600000000000001,"min(schedule 0.10600000000000001, WITS 0.106000003814697)",NCM rows (HS6),,
X,24,24031910,UY,339,0.0001,0.2,"min(schedule 0.2, WITS 0.2)",NCM rows (HS6),,
X,24,24021000,UY,206,0.0001,0.2,"min(schedule 0.2, WITS 0.2)",NCM rows (HS6),,
X,24,24022090,AR,169,0.0001,0.2,"min(schedule 0.2, WITS 0.2)",NCM rows (HS6),,
X,24,24022090,BR,102,0.0,0.2,"min(schedule 0.2, WITS 0.2)",NCM rows (HS6),,
X,24,24021000,AR,65,0.0,0.2,"min(schedule 0.2, WITS 0.2)",NCM rows (HS6),,
X,24,24031910,AR,37,0.0,0.2,"min(schedule 0.2, WITS 0.2)",NCM rows (HS6),,
X,24,24039100,BR,1,0.0,0.14,"min(schedule 0.14, WITS 0.14)",NCM rows (HS6),,
M,25,25280000,BO,296996,0.8832,0.0,OJ schedule base rate Free (CN8 exact),n/a (Bolivia),,
M,25,25301000,BR,13772,0.041,0.0,OJ schedule base rate Free (CN8 exact),0,CN8 exact,
M,25,25049000,BR,8262,0.0246,0.0,OJ schedule base rate Free (CN8 exact),0,CN8 exact,
M,25,25140000,BR,5867,0.0174,0.0,OJ schedule base rate Free (CN8 exact),0,CN8 exact,
M,25,25062000,BR,5203,0.0155,0.0,OJ schedule base rate Free (CN8 exact),0,CN8 exact,
M,25,25151200,BR,5180,0.0154,0.0,OJ schedule base rate Free (CN8 exact),0,CN8 exact,
M,25,25232900,BR,371,0.0011,0.017,OJ schedule base rate (CN8 exact),0,CN8 exact,
M,25,25070020,BR,285,0.0008,0.0,OJ schedule base rate Free (CN8 exact),0,CN8 exact,
M,25,25309070,BR,226,0.0007,0.0,WITS HS6 AVE 2023,0,TARIC 2026: base duty free,
M,25,25210000,BR,69,0.0002,0.0,OJ schedule base rate Free (CN8 exact),0,CN8 exact,
M,25,25199090,BR,22,0.0001,0.0,OJ schedule base rate Free (CN8 exact),0,CN8 exact,
M,25,25059000,BR,3,0.0,0.0,OJ schedule base rate Free (CN8 exact),0,CN8 exact,
X,25,25199030,BR,1275234,0.8392,0.04,"min(schedule 0.04, WITS 0.04)",NCM rows (HS6),,
X,25,25199090,BR,72130,0.0475,0.04,"min(schedule 0.04, WITS 0.04)",NCM rows (HS6),,
X,25,25090000,PY,68625,0.0452,0.04,"min(schedule 0.04, WITS 0.04)",NCM rows (HS6),,
X,25,25084000,BR,33923,0.0223,0.04,"min(schedule 0.04, WITS 0.04)",NCM rows (HS6),,
X,25,25090000,UY,21852,0.0144,0.04,"min(schedule 0.04, WITS 0.04)",NCM rows (HS6),,
X,25,25151100,BR,17436,0.0115,0.04,"min(schedule 0.04, WITS 0.04)",NCM rows (HS6),,
X,25,25199030,AR,13797,0.0091,0.04,"min(schedule 0.04, WITS 0.04)",NCM rows (HS6),,
X,25,25199030,PY,6574,0.0043,0.04,"min(schedule 0.04, WITS 0.04)",NCM rows (HS6),,
X,25,25084000,PY,4540,0.003,0.04,"min(schedule 0.04, WITS 0.04)",NCM rows (HS6),,
X,25,25309070,AR,4285,0.0028,0.04,"min(schedule 0.04, WITS 0.04)",NCM rows (HS6),,
X,25,25090000,BR,1218,0.0008,0.04,"min(schedule 0.04, WITS 0.04)",NCM rows (HS6),,
X,25,25081000,AR,33,0.0,0.04,"min(schedule 0.04, WITS 0.04)",NCM rows (HS6),,
X,25,25081000,UY,1,0.0,0.04,"min(schedule 0.04, WITS 0.04)",NCM rows (HS6),,
M,26,26060000,BR,36446892,1.0,0.0,TARIC CN8,0,CN8 exact,
M,27,27101999,BR,4257,0.6519,0.037000000000000005,OJ schedule base rate (CN8 exact),0,CN8 exact,
M,27,27101951,BR,2127,0.3257,0.0,legal override: CN 2710 19 51 is an end-use subheading (UCC Art. 254; CN foo,0,CN8 exact,
M,27,27109900,BR,104,0.0159,0.035,OJ schedule base rate (CN8 exact),0,CN8 exact,
M,27,27101999,AR,42,0.0065,0.037000000000000005,OJ schedule base rate (CN8 exact),0,CN8 exact,
X,27,27132000,AR,8935481,0.552,0.0,"min(schedule 0.0, WITS 0.0)",NCM rows (HS6),,
X,27,27132000,UY,4365817,0.2697,0.0,"min(schedule 0.0, WITS 0.0)",NCM rows (HS6),,
X,27,27132000,BR,1641147,0.1014,0.0,"min(schedule 0.0, WITS 0.0)",NCM rows (HS6),,
X,27,27101999,AR,679710,0.042,0.00833333313465118,"min(schedule 0.008333333333333333, WITS 0.00833333313465118)",NCM rows (HS6),,
X,27,27101943,AR,326044,0.0201,0.00833333313465118,"min(schedule 0.008333333333333333, WITS 0.00833333313465118)",NCM rows (HS6),,
X,27,27101999,BR,117381,0.0073,0.021666666666666667,"min(schedule 0.021666666666666667, WITS 0.021666667461395298)",NCM rows (HS6),,
X,27,27111397,BR,81613,0.005,0.0,"min(schedule 0.0, WITS 0.0)",NCM rows (HS6),,
X,27,27101921,BR,32276,0.002,0.021666666666666667,"min(schedule 0.021666666666666667, WITS 0.021666667461395298)",NCM rows (HS6),,
X,27,27122090,BR,5169,0.0003,0.04,"min(schedule 0.04, WITS 0.04)",NCM rows (HS6),,
X,27,27129099,BR,1410,0.0001,0.04,"min(schedule 0.04, WITS 0.04)",NCM rows (HS6),,
X,27,27101921,AR,496,0.0,0.00833333313465118,"min(schedule 0.008333333333333333, WITS 0.00833333313465118)",NCM rows (HS6),,
X,27,27111297,BR,369,0.0,0.0,"min(schedule 0.0, WITS 0.0)",NCM rows (HS6),,
X,27,27011100,BR,313,0.0,0.0,"min(schedule 0.0, WITS 0.0)",NCM rows (HS6),,
X,27,27101921,BO,262,0.0,0,n/a,n/a (Bolivia),,
X,27,27109900,AR,196,0.0,0.0,"min(schedule 0.0, WITS 0.0)",NCM rows (HS6),,
X,27,27101929,BR,69,0.0,0.021666666666666667,"min(schedule 0.021666666666666667, WITS 0.021666667461395298)",NCM rows (HS6),,
X,27,27101925,BR,43,0.0,0.021666666666666667,"min(schedule 0.021666666666666667, WITS 0.021666667461395298)",NCM rows (HS6),,
M,28,28181091,BR,69497,0.9984,0.052000000000000005,OJ schedule base rate (CN8 exact),4,CN8 exact,
M,28,28112200,BR,111,0.0016,0.046,OJ schedule base rate (CN8 exact),4,CN8 exact,
X,28,28365000,BR,544776,0.7491,0.1,"min(schedule 0.1, WITS 0.1)",NCM rows (HS6),,
X,28,28365000,PY,86936,0.1195,0.1,"min(schedule 0.1, WITS 0.1)",NCM rows (HS6),,
X,28,28170000,UY,61909,0.0851,0.06,"min(schedule 0.1, WITS 0.06)",NCM rows (HS6),,
X,28,28170000,BO,18701,0.0257,0,n/a,n/a (Bolivia),,
X,28,28112100,UY,8216,0.0113,0.04,"min(schedule 0.04, WITS 0.04)",NCM rows (HS6),,
X,28,28273200,UY,3909,0.0054,0.1,"min(schedule 0.1, WITS 0.1)",NCM rows (HS6),,
X,28,28112200,PY,1281,0.0018,0.06,"min(schedule 0.060000000000000005, WITS 0.06)",NCM rows (HS6),,
X,28,28112200,UY,878,0.0012,0.035,"min(schedule 0.035, WITS 0.035)",NCM rows (HS6),,
X,28,28011000,AR,647,0.0009,0.08,"min(schedule 0.08, WITS 0.08)",NCM rows (HS6),,
X,28,28211000,UY,30,0.0,0.068,"min(schedule 0.068, WITS 0.0680000019073486)",NCM rows (HS6),,
M,29,29189990,AR,1043386,0.4701,0.065,TARIC CN8 (mean of 10-digit sub-lines),4,CN8 exact,
M,29,29333999,AR,270367,0.1218,0.065,TARIC CN8 (mean of 10-digit sub-lines),4,CN8 exact,
M,29,29144010,BR,234412,0.1056,0.055,TARIC CN8,4,CN8 exact,
M,29,29242970,BR,150599,0.0679,0.062400000000000004,TARIC CN8 (mean of 10-digit sub-lines),0|4,HS6 rows (TARIC ratio 0.833 matches no category),
M,29,29221900,AR,146024,0.0658,0.065,TARIC CN8 (mean of 10-digit sub-lines),4,TARIC-implied from 2026 Mercosur preference (pref/base = 0.800),
M,29,29269070,BR,92505,0.0417,0.065,TARIC CN8 (mean of 10-digit sub-lines),4,TARIC-implied from 2026 Mercosur preference (pref/base = 0.800),
M,29,29153100,BR,80455,0.0362,0.055,OJ schedule base rate (CN8 exact),4,CN8 exact,
M,29,29159070,BR,67443,0.0304,0.055,OJ schedule base rate (CN8 exact),4,CN8 exact,
M,29,29141300,BR,62092,0.028,0.055,OJ schedule base rate (CN8 exact),4,CN8 exact,
M,29,29061900,BR,52819,0.0238,0.055,OJ schedule base rate (CN8 exact),4,CN8 exact,
M,29,29269070,AR,7927,0.0036,0.065,TARIC CN8 (mean of 10-digit sub-lines),4,TARIC-implied from 2026 Mercosur preference (pref/base = 0.800),
M,29,29051100,BO,3893,0.0018,0.055,OJ schedule base rate (CN8 exact),n/a (Bolivia),,
M,29,29379000,BR,3658,0.0016,0.0,OJ schedule base rate Free (CN8 exact),0,CN8 exact,
M,29,29181998,BR,1799,0.0008,0.065,OJ schedule base rate (CN8 exact),4,CN8 exact,
M,29,29221900,BR,807,0.0004,0.065,TARIC CN8 (mean of 10-digit sub-lines),4,TARIC-implied from 2026 Mercosur preference (pref/base = 0.800),
M,29,29372300,BR,736,0.0003,0.0,OJ schedule base rate Free (CN8 exact),0,CN8 exact,
M,29,29124100,BR,442,0.0002,0.055,OJ schedule base rate (CN8 exact),4,CN8 exact,
M,29,29332990,BR,50,0.0,0.065,OJ schedule base rate (CN8 exact),4,CN8 exact,
M,29,29333999,BR,46,0.0,0.065,TARIC CN8 (mean of 10-digit sub-lines),4,CN8 exact,
M,29,29181400,BR,22,0.0,0.065,OJ schedule base rate (CN8 exact),4,CN8 exact,
M,29,29181500,BR,22,0.0,0.065,OJ schedule base rate (CN8 exact),4,CN8 exact,
M,29,29239000,BR,15,0.0,0.065,OJ schedule base rate (CN8 exact),4,CN8 exact,
X,29,29359090,BR,152691,0.6494,0.0719999980926514,"min(schedule 0.078, WITS 0.0719999980926514)","NCM rows (HS4 fallback, HS6 code absent from NCM 2012)",,
X,29,29241900,BR,68249,0.2903,0.051999998092651406,"min(schedule 0.052000000000000005, WITS 0.051999998092651406)",NCM rows (HS6),,
X,29,29224985,UY,13801,0.0587,0.07571428571428572,"min(schedule 0.07571428571428572, WITS 0.0757142877578735)",NCM rows (HS6),,
X,29,29291000,BR,377,0.0016,0.0680000019073486,"min(schedule 0.092, WITS 0.0680000019073486)",NCM rows (HS6),,
X,29,29121100,AR,0,0.0,0.12,"min(schedule 0.12, WITS 0.12)",NCM rows (HS6),,
M,30,30049000,BR,819688,0.5947,0.0,TARIC CN8,0,CN8 exact,
M,30,30024900,AR,192526,0.1397,0.0,TARIC CN8 (mean of 10-digit sub-lines),0,TARIC 2026: base duty free,
M,30,30042000,BR,147980,0.1074,0.0,TARIC CN8,0,CN8 exact,
M,30,30064000,BR,93559,0.0679,0.0,OJ schedule base rate Free (CN8 exact),0,CN8 exact,
M,30,30029090,AR,55296,0.0401,0.0,OJ schedule base rate Free (CN8 exact),0,CN8 exact,
M,30,30019091,BR,34906,0.0253,0.0,OJ schedule base rate Free (CN8 exact),0,CN8 exact,
M,30,30061090,BR,19117,0.0139,0.0,OJ schedule base rate Free (CN8 exact),0,CN8 exact,
M,30,30045000,BR,14883,0.0108,0.0,OJ schedule base rate Free (CN8 exact),0,CN8 exact,
M,30,30029010,BR,301,0.0002,0.0,OJ schedule base rate Free (CN8 exact),0,CN8 exact,
X,30,30049000,BR,5205339,0.7724,0.10606060981750501,"min(schedule 0.10812500000000001, WITS 0.10606060981750501)",NCM rows (HS6),,
X,30,30049000,PY,884635,0.1313,0.100303030014038,"min(schedule 0.10125, WITS 0.100303030014038)",NCM rows (HS6),,
X,30,30045000,AR,525764,0.078,0.09428571428571429,"min(schedule 0.09428571428571429, WITS 0.105714282989502)",NCM rows (HS6),,
X,30,30049000,UY,77502,0.0115,0.103611106872559,"min(schedule 0.10500000000000001, WITS 0.103611106872559)",NCM rows (HS6),,
X,30,30064000,AR,20701,0.0031,0.05333333333333334,"min(schedule 0.05333333333333334, WITS 0.0533333349227905)",NCM rows (HS6),,
X,30,30042000,AR,8956,0.0013,0.06692307472229,"min(schedule 0.06692307692307692, WITS 0.06692307472229)",NCM rows (HS6),,
X,30,30061090,AR,6865,0.001,0.05333333333333334,"min(schedule 0.05333333333333334, WITS 0.0533333349227905)",NCM rows (HS6),,
X,30,30021500,AR,3408,0.0005,0.03310344827586207,"min(schedule 0.03310344827586207, WITS 0.1)","NCM rows (HS4 fallback, HS6 code absent from NCM 2012)",,
X,30,30039000,BR,2903,0.0004,0.10527777777777779,"min(schedule 0.10527777777777779, WITS 0.105405406951904)",NCM rows (HS6),,
X,30,30042000,BR,1153,0.0002,0.06692307472229,"min(schedule 0.06692307692307692, WITS 0.06692307472229)",NCM rows (HS6),,
X,30,30067000,AR,1027,0.0002,0.14,"min(schedule 0.14, WITS 0.14)",NCM rows (HS6),,
X,30,30031000,BR,420,0.0001,0.1142857142857143,"min(schedule 0.1142857142857143, WITS 0.114285717010498)",NCM rows (HS6),,
X,30,30061090,BO,294,0.0,0,n/a,n/a (Bolivia),,
X,30,30065000,BR,227,0.0,0.14,"min(schedule 0.14, WITS 0.14)",NCM rows (HS6),,
X,30,30059099,BR,206,0.0,0.07999999999999999,"min(schedule 0.07999999999999999, WITS 0.08)",NCM rows (HS6),,
X,30,30043900,BR,59,0.0,0.070625,"min(schedule 0.07062500000000001, WITS 0.070625)",NCM rows (HS6),,
X,30,30065000,UY,51,0.0,0.14,"min(schedule 0.14, WITS 0.14)",NCM rows (HS6),,
X,30,30049000,BO,1,0.0,0,n/a,n/a (Bolivia),,
M,32,32011000,AR,88069,0.658,0.0,OJ schedule base rate Free (CN8 exact),0,CN8 exact,
M,32,32012000,BR,23337,0.1744,0.065,OJ schedule base rate (CN8 exact),4,CN8 exact,
M,32,32019090,BR,16554,0.1237,0.053,OJ schedule base rate (CN8 exact),4,CN8 exact,
M,32,32151900,BR,4486,0.0335,0.065,OJ schedule base rate (CN8 exact),4,CN8 exact,
M,32,32141010,BR,1234,0.0092,0.05,OJ schedule base rate (CN8 exact),4,CN8 exact,
M,32,32151900,AR,118,0.0009,0.065,OJ schedule base rate (CN8 exact),4,CN8 exact,
M,32,32151100,AR,39,0.0003,0.065,OJ schedule base rate (CN8 exact),4,CN8 exact,
M,32,32141090,BR,9,0.0001,0.05,OJ schedule base rate (CN8 exact),4,CN8 exact,
X,32,32041700,BR,389565,0.3494,0.14,"min(schedule 0.14, WITS 0.14)",NCM rows (HS6),,
X,32,32089099,BR,247526,0.222,0.14,"min(schedule 0.14, WITS 0.14)",NCM rows (HS6),,
X,32,32041900,BR,226895,0.2035,0.10285714149475099,"min(schedule 0.10285714285714287, WITS 0.10285714149475099)",NCM rows (HS6),,
X,32,32065000,BR,98495,0.0883,0.045,"min(schedule 0.045, WITS 0.045)",NCM rows (HS6),,
X,32,32159070,BR,24061,0.0216,0.14,"min(schedule 0.14, WITS 0.14)",NCM rows (HS6),,
X,32,32081090,BO,19775,0.0177,0,n/a,n/a (Bolivia),,
X,32,32041900,AR,18996,0.017,0.10285714149475099,"min(schedule 0.10285714285714287, WITS 0.10285714149475099)",NCM rows (HS6),,
X,32,32149000,BR,14342,0.0129,0.14,"min(schedule 0.14, WITS 0.14)",NCM rows (HS6),,
X,32,32041900,UY,13050,0.0117,0.10285714149475099,"min(schedule 0.10285714285714287, WITS 0.10285714149475099)",NCM rows (HS6),,
X,32,32089091,BR,12615,0.0113,0.14,"min(schedule 0.14, WITS 0.14)",NCM rows (HS6),,
X,32,32149000,UY,11770,0.0106,0.14,"min(schedule 0.14, WITS 0.14)",NCM rows (HS6),,
X,32,32089091,UY,8621,0.0077,0.14,"min(schedule 0.14, WITS 0.14)",NCM rows (HS6),,
X,32,32151900,BR,7017,0.0063,0.14,"min(schedule 0.14, WITS 0.14)",NCM rows (HS6),,
X,32,32159020,BR,4437,0.004,0.14,"min(schedule 0.14, WITS 0.14)",NCM rows (HS6),,
X,32,32091000,BR,3530,0.0032,0.14,"min(schedule 0.14, WITS 0.14)",NCM rows (HS6),,
X,32,32159020,UY,3169,0.0028,0.14,"min(schedule 0.14, WITS 0.14)",NCM rows (HS6),,
X,32,32159070,AR,2415,0.0022,0.14,"min(schedule 0.14, WITS 0.14)",NCM rows (HS6),,
X,32,32064970,BR,2302,0.0021,0.12,"min(schedule 0.12, WITS 0.12)",NCM rows (HS6),,
X,32,32149000,PY,1716,0.0015,0.14,"min(schedule 0.14, WITS 0.14)",NCM rows (HS6),,
X,32,32091000,AR,1132,0.001,0.14,"min(schedule 0.14, WITS 0.14)",NCM rows (HS6),,
X,32,32149000,AR,1005,0.0009,0.14,"min(schedule 0.14, WITS 0.14)",NCM rows (HS6),,
X,32,32159070,PY,973,0.0009,0.14,"min(schedule 0.14, WITS 0.14)",NCM rows (HS6),,
X,32,32141010,AR,825,0.0007,0.14,"min(schedule 0.14, WITS 0.14)",NCM rows (HS6),,
X,32,32151900,AR,295,0.0003,0.14,"min(schedule 0.14, WITS 0.14)",NCM rows (HS6),,
X,32,32141010,BR,195,0.0002,0.14,"min(schedule 0.14, WITS 0.14)",NCM rows (HS6),,
X,32,32159070,UY,194,0.0002,0.14,"min(schedule 0.14, WITS 0.14)",NCM rows (HS6),,
X,32,32151100,AR,101,0.0001,0.14,"min(schedule 0.14, WITS 0.14)",NCM rows (HS6),,
X,32,32091000,UY,2,0.0,0.14,"min(schedule 0.14, WITS 0.14)",NCM rows (HS6),,
M,33,33059000,BR,90285,0.4584,0.0,OJ schedule base rate Free (CN8 exact),0,CN8 exact,
M,33,33051000,BR,71123,0.3611,0.0,OJ schedule base rate Free (CN8 exact),0,CN8 exact,
M,33,33069000,BR,11642,0.0591,0.0,OJ schedule base rate Free (CN8 exact),0,CN8 exact,
M,33,33052000,BR,9824,0.0499,0.0,OJ schedule base rate Free (CN8 exact),0,CN8 exact,
M,33,33079000,BR,7233,0.0367,0.065,OJ schedule base rate (CN8 exact),4,CN8 exact,
M,33,33072000,BR,2904,0.0147,0.065,OJ schedule base rate (CN8 exact),4,CN8 exact,
M,33,33011920,BR,1700,0.0086,0.07,OJ schedule base rate (CN8 exact),0,CN8 exact,
M,33,33049900,BR,979,0.005,0.0,OJ schedule base rate Free (CN8 exact),0,CN8 exact,
M,33,33011310,AR,631,0.0032,0.07,OJ schedule base rate (CN8 exact),0,CN8 exact,
M,33,33012991,BR,411,0.0021,0.028999999999999998,OJ schedule base rate (CN8 exact),0,CN8 exact,
M,33,33061000,BR,108,0.0005,0.0,OJ schedule base rate Free (CN8 exact),0,CN8 exact,
M,33,33021090,BR,67,0.0003,0.0,OJ schedule base rate Free (CN8 exact),0,CN8 exact,
M,33,33011920,AR,23,0.0001,0.07,OJ schedule base rate (CN8 exact),0,CN8 exact,
M,33,33029090,BR,18,0.0001,0.0,OJ schedule base rate Free (CN8 exact),0,CN8 exact,
X,33,33049900,BR,842338,0.9601,0.18,"min(schedule 0.18, WITS 0.18)",NCM rows (HS6),,
X,33,33049900,PY,29369,0.0335,0.06,"min(schedule 0.16499999999999998, WITS 0.06)",NCM rows (HS6),,
X,33,33029090,BR,4204,0.0048,0.14,"min(schedule 0.14, WITS 0.14)",NCM rows (HS6),,
X,33,33030010,BR,1331,0.0015,0.18,"min(schedule 0.18, WITS 0.18)",NCM rows (HS6),,
X,33,33049900,AR,27,0.0,0.215,"min(schedule 0.215, WITS 0.215)",NCM rows (HS6),,
X,33,33059000,BR,21,0.0,0.18,"min(schedule 0.18, WITS 0.18)",NCM rows (HS6),,
X,33,33012991,AR,11,0.0,0.108333330154419,"min(schedule 0.10833333333333334, WITS 0.108333330154419)",NCM rows (HS6),,
X,33,33074900,AR,7,0.0,0.18,"min(schedule 0.18, WITS 0.18)",NCM rows (HS6),,
M,38,38061000,BR,4912155,0.933,0.05,TARIC CN8 (mean of 10-digit sub-lines),4,CN8 exact,
M,38,38122090,AR,177264,0.0337,0.065,TARIC CN8 (mean of 10-digit sub-lines),4,CN8 exact,
M,38,38069000,BR,94114,0.0179,0.042,OJ schedule base rate (CN8 exact),0,CN8 exact,
M,38,38229000,AR,28071,0.0053,0.0,WITS HS6 AVE 2023,0,TARIC 2026: base duty free,
M,38,38089190,BR,20379,0.0039,0.06,OJ schedule base rate (CN8 exact),4,CN8 exact,
M,38,38221900,AR,17793,0.0034,0.0,WITS HS6 AVE 2023,0,TARIC 2026: base duty free,
M,38,38229000,BR,9340,0.0018,0.0,WITS HS6 AVE 2023,0,TARIC 2026: base duty free,
M,38,38249996,AR,3454,0.0007,0.0457499980926514,WITS HS6 AVE 2023,4,TARIC-implied from 2026 Mercosur preference (pref/base = 0.800),
M,38,38249996,BR,1076,0.0002,0.0457499980926514,WITS HS6 AVE 2023,4,TARIC-implied from 2026 Mercosur preference (pref/base = 0.800),
M,38,38249993,BR,457,0.0001,0.0457499980926514,WITS HS6 AVE 2023,4,TARIC-implied from 2026 Mercosur preference (pref/base = 0.800),
M,38,38061000,AR,314,0.0001,0.05,TARIC CN8 (mean of 10-digit sub-lines),4,CN8 exact,
M,38,38130000,UY,251,0.0,0.065,OJ schedule base rate (CN8 exact),4,CN8 exact,
M,38,38229000,PY,153,0.0,0.0,WITS HS6 AVE 2023,0,TARIC 2026: base duty free,
M,38,38159090,AR,124,0.0,0.065,OJ schedule base rate (CN8 exact),4,CN8 exact,
M,38,38259090,BR,72,0.0,0.065,OJ schedule base rate (CN8 exact),4,CN8 exact,
M,38,38130000,BR,70,0.0,0.065,OJ schedule base rate (CN8 exact),4,CN8 exact,
M,38,38159090,UY,27,0.0,0.065,OJ schedule base rate (CN8 exact),4,CN8 exact,
M,38,38259090,UY,18,0.0,0.065,OJ schedule base rate (CN8 exact),4,CN8 exact,
M,38,38229000,UY,8,0.0,0.0,WITS HS6 AVE 2023,0,TARIC 2026: base duty free,
M,38,38122090,UY,8,0.0,0.065,TARIC CN8 (mean of 10-digit sub-lines),4,CN8 exact,
X,38,38089250,PY,1758349,0.6583,0.09454545454545454,"min(schedule 0.09454545454545454, WITS 0.111818180084229)",NCM rows (HS6),,
X,38,38221900,BR,279841,0.1048,0.01,"min(schedule 0.01, WITS None)","NCM rows (HS4 fallback, HS6 code absent from NCM 2012)",,
X,38,38245090,UY,230233,0.0862,0.14,"min(schedule 0.14, WITS 0.14)",NCM rows (HS6),,
X,38,38249915,BR,145080,0.0543,0.08222222328186041,"min(schedule 0.09402985074626867, WITS 0.08222222328186041)","NCM rows (HS4 fallback, HS6 code absent from NCM 2012)",,
X,38,38086100,BO,55797,0.0209,0,n/a,n/a (Bolivia),,
X,38,38221900,UY,35465,0.0133,0.08,"min(schedule 0.08, WITS None)","NCM rows (HS4 fallback, HS6 code absent from NCM 2012)",,
X,38,38221900,AR,26658,0.01,0.08,"min(schedule 0.08, WITS None)","NCM rows (HS4 fallback, HS6 code absent from NCM 2012)",,
X,38,38021000,BR,23040,0.0086,0.12,"min(schedule 0.12, WITS 0.12)",NCM rows (HS6),,
X,38,38229000,BR,20631,0.0077,0.01,"min(schedule 0.01, WITS None)","NCM rows (HS4 fallback, HS6 code absent from NCM 2012)",,
X,38,38245090,PY,18993,0.0071,0.14,"min(schedule 0.14, WITS 0.14)",NCM rows (HS6),,
X,38,38221900,BO,18245,0.0068,0,n/a,n/a (Bolivia),,
X,38,38249996,AR,15105,0.0057,0.08222222328186041,"min(schedule 0.09223880597014926, WITS 0.08222222328186041)","NCM rows (HS4 fallback, HS6 code absent from NCM 2012)",,
X,38,38229000,AR,12920,0.0048,0.08,"min(schedule 0.08, WITS None)","NCM rows (HS4 fallback, HS6 code absent from NCM 2012)",,
X,38,38249964,AR,11870,0.0044,0.08222222328186041,"min(schedule 0.09223880597014926, WITS 0.08222222328186041)","NCM rows (HS4 fallback, HS6 code absent from NCM 2012)",,
X,38,38221900,PY,7753,0.0029,0.02,"min(schedule 0.02, WITS None)","NCM rows (HS4 fallback, HS6 code absent from NCM 2012)",,
X,38,38160090,BR,7262,0.0027,0.1,"min(schedule 0.10000000000000002, WITS 0.1)",NCM rows (HS6),,
X,38,38229000,BO,2609,0.001,0,n/a,n/a (Bolivia),,
X,38,38229000,UY,527,0.0002,0.08,"min(schedule 0.08, WITS None)","NCM rows (HS4 fallback, HS6 code absent from NCM 2012)",,
X,38,38249996,BR,263,0.0001,0.08222222328186041,"min(schedule 0.09402985074626867, WITS 0.08222222328186041)","NCM rows (HS4 fallback, HS6 code absent from NCM 2012)",,
X,38,38237000,UY,200,0.0001,0.02,"min(schedule 0.02, WITS 0.11)",NCM rows (HS6),,
X,38,38159090,BR,103,0.0,0.0480000019073486,"min(schedule 0.055, WITS 0.0480000019073486)",NCM rows (HS6),,
X,38,38259090,BR,88,0.0,0.14,"min(schedule 0.14, WITS 0.14)",NCM rows (HS6),,
X,38,38099100,AR,44,0.0,0.14,"min(schedule 0.14, WITS 0.14)",NCM rows (HS6),,
X,38,38112900,BR,40,0.0,0.14,"min(schedule 0.14, WITS 0.14)",NCM rows (HS6),,
X,38,38029000,BR,36,0.0,0.08666666666666667,"min(schedule 0.08666666666666667, WITS 0.0866666698455811)",NCM rows (HS6),,
X,38,38159090,AR,2,0.0,0.0480000019073486,"min(schedule 0.055, WITS 0.0480000019073486)",NCM rows (HS6),,
M,39,39173900,BR,258201,0.2613,0.065,TARIC CN8 (mean of 10-digit sub-lines),4,CN8 exact,
M,39,39122019,BR,202185,0.2046,0.06,TARIC CN8,10,CN8 exact,
M,39,39022000,BR,146507,0.1482,0.065,TARIC CN8 (mean of 10-digit sub-lines),4,CN8 exact,
M,39,39129090,BR,126354,0.1279,0.065,TARIC CN8,4,CN8 exact,
M,39,39031900,BR,101091,0.1023,0.065,TARIC CN8 (mean of 10-digit sub-lines),4,CN8 exact,
M,39,39039090,BR,67563,0.0684,0.065,OJ schedule base rate (CN8 exact),4,CN8 exact,
M,39,39249000,BR,40242,0.0407,0.065,OJ schedule base rate (CN8 exact),4,CN8 exact,
M,39,39269097,BR,22966,0.0232,0.065,OJ schedule base rate (CN8 exact),4,CN8 exact,
M,39,39241000,BR,10728,0.0109,0.065,OJ schedule base rate (CN8 exact),4,CN8 exact,
M,39,39199080,BR,6305,0.0064,0.0325,WITS HS6 AVE 2023,4,TARIC-implied from 2026 Mercosur preference (pref/base = 0.800),
M,39,39219090,BR,1673,0.0017,0.065,OJ schedule base rate (CN8 exact),4,CN8 exact,
M,39,39264000,BR,1121,0.0011,0.065,OJ schedule base rate (CN8 exact),4,CN8 exact,
M,39,39089000,AR,815,0.0008,0.065,OJ schedule base rate (CN8 exact),4,CN8 exact,
M,39,39021000,BR,418,0.0004,0.065,OJ schedule base rate (CN8 exact),4,CN8 exact,
M,39,39203000,BR,368,0.0004,0.065,OJ schedule base rate (CN8 exact),4,CN8 exact,
M,39,39239000,BR,303,0.0003,0.065,OJ schedule base rate (CN8 exact),4,CN8 exact,
M,39,39232100,BR,292,0.0003,0.065,OJ schedule base rate (CN8 exact),4,CN8 exact,
M,39,39174000,BR,201,0.0002,0.065,OJ schedule base rate (CN8 exact),4,CN8 exact,
M,39,39232990,BR,155,0.0002,0.065,OJ schedule base rate (CN8 exact),4,CN8 exact,
M,39,39231090,BR,149,0.0002,0.0325,WITS HS6 AVE 2023,4,TARIC-implied from 2026 Mercosur preference (pref/base = 0.800),
M,39,39269060,BR,94,0.0001,0.065,WITS HS6 AVE 2023,4,TARIC-implied from 2026 Mercosur preference (pref/base = 0.800),
M,39,39235010,BR,85,0.0001,0.065,OJ schedule base rate (CN8 exact),4,CN8 exact,
M,39,39209990,BR,83,0.0001,0.065,OJ schedule base rate (CN8 exact),4,CN8 exact,
M,39,39069090,AR,74,0.0001,0.065,OJ schedule base rate (CN8 exact),4,CN8 exact,
M,39,39229000,BR,65,0.0001,0.065,OJ schedule base rate (CN8 exact),4,CN8 exact,
M,39,39173200,BR,63,0.0001,0.065,OJ schedule base rate (CN8 exact),4,CN8 exact,
M,39,39233010,AR,37,0.0,0.065,OJ schedule base rate (CN8 exact),4,CN8 exact,
M,39,39262000,BR,36,0.0,0.065,OJ schedule base rate (CN8 exact),4,CN8 exact,
M,39,39233090,BR,29,0.0,0.065,OJ schedule base rate (CN8 exact),4,CN8 exact,
M,39,39095090,BR,22,0.0,0.065,OJ schedule base rate (CN8 exact),4,CN8 exact,
M,39,39069090,BR,18,0.0,0.065,OJ schedule base rate (CN8 exact),4,CN8 exact,
M,39,39269097,AR,6,0.0,0.065,OJ schedule base rate (CN8 exact),4,CN8 exact,
X,39,39032000,BR,1509876,0.501,0.02,"min(schedule 0.02, WITS 0.02)",NCM rows (HS6),,
X,39,39203000,BR,318690,0.1057,0.16,"min(schedule 0.16, WITS 0.16)",NCM rows (HS6),,
X,39,39021000,BR,276571,0.0918,0.14,"min(schedule 0.14, WITS 0.14)",NCM rows (HS6),,
X,39,39201089,BR,173519,0.0576,0.0666666650772095,"min(schedule 0.06666666666666667, WITS 0.0666666650772095)",NCM rows (HS6),,
X,39,39071000,BR,150086,0.0498,0.08666666666666667,"min(schedule 0.08666666666666667, WITS 0.0866666698455811)",NCM rows (HS6),,
X,39,39199080,AR,81804,0.0271,0.16,"min(schedule 0.16, WITS 0.16)",NCM rows (HS6),,
X,39,39191015,AR,70316,0.0233,0.16,"min(schedule 0.16, WITS 0.16)",NCM rows (HS6),,
X,39,39033000,BR,64391,0.0214,0.08,"min(schedule 0.08, WITS 0.08)",NCM rows (HS6),,
X,39,39201040,BR,62272,0.0207,0.0666666650772095,"min(schedule 0.06666666666666667, WITS 0.0666666650772095)",NCM rows (HS6),,
X,39,39232990,UY,50846,0.0169,0.0,"min(schedule 0.18, WITS 0.0)",NCM rows (HS6),,
X,39,39072999,BR,41052,0.0136,0.10000000000000002,"min(schedule 0.10000000000000002, WITS None)","NCM rows (HS4 fallback, HS6 code absent from NCM 2012)",,
X,39,39095090,BR,37385,0.0124,0.0919999980926514,"min(schedule 0.092, WITS 0.0919999980926514)",NCM rows (HS6),,
X,39,39031900,BR,25544,0.0085,0.14,"min(schedule 0.14, WITS 0.14)",NCM rows (HS6),,
X,39,39235010,BO,22119,0.0073,0,n/a,n/a (Bolivia),,
X,39,39259080,AR,17075,0.0057,0.18,"min(schedule 0.18, WITS 0.18)",NCM rows (HS6),,
X,39,39191015,UY,14081,0.0047,0.16,"min(schedule 0.16, WITS 0.16)",NCM rows (HS6),,
X,39,39191080,AR,13703,0.0045,0.16,"min(schedule 0.16, WITS 0.16)",NCM rows (HS6),,
X,39,39219090,UY,13136,0.0044,0.072,"min(schedule 0.072, WITS 0.07714285850524899)",NCM rows (HS6),,
X,39,39039090,BR,12136,0.004,0.1,"min(schedule 0.10000000000000002, WITS 0.1)",NCM rows (HS6),,
X,39,39095090,AR,7209,0.0024,0.0919999980926514,"min(schedule 0.092, WITS 0.0919999980926514)",NCM rows (HS6),,
X,39,39269097,BR,6479,0.0021,0.1222222222222222,"min(schedule 0.1222222222222222, WITS 0.12222222328186)",NCM rows (HS6),,
X,39,39172110,AR,6423,0.0021,0.16,"min(schedule 0.16, WITS 0.16)",NCM rows (HS6),,
X,39,39011090,BR,5546,0.0018,0.14,"min(schedule 0.14, WITS 0.14)",NCM rows (HS6),,
X,39,39100000,BR,3771,0.0013,0.095,"min(schedule 0.09500000000000001, WITS 0.095)",NCM rows (HS6),,
X,39,39231090,BR,3419,0.0011,0.18,"min(schedule 0.18, WITS 0.18)",NCM rows (HS6),,
X,39,39235090,UY,3294,0.0011,0.18,"min(schedule 0.18, WITS 0.18)",NCM rows (HS6),,
X,39,39201024,PY,2907,0.001,0.0666666650772095,"min(schedule 0.06666666666666667, WITS 0.0666666650772095)",NCM rows (HS6),,
X,39,39233010,UY,1675,0.0006,0.14,"min(schedule 0.18, WITS 0.14)",NCM rows (HS6),,
X,39,39173100,BR,1611,0.0005,0.16,"min(schedule 0.16, WITS 0.16)",NCM rows (HS6),,
X,39,39259080,BR,1525,0.0005,0.18,"min(schedule 0.18, WITS 0.18)",NCM rows (HS6),,
X,39,39206100,BR,1450,0.0005,0.16,"min(schedule 0.16, WITS 0.16)",NCM rows (HS6),,
X,39,39199080,BR,1406,0.0005,0.16,"min(schedule 0.16, WITS 0.16)",NCM rows (HS6),,
X,39,39269097,UY,1389,0.0005,0.1222222222222222,"min(schedule 0.1222222222222222, WITS 0.14285714149475098)",NCM rows (HS6),,
X,39,39232990,AR,1371,0.0005,0.18,"min(schedule 0.18, WITS 0.18)",NCM rows (HS6),,
X,39,39173900,BR,1370,0.0005,0.16,"min(schedule 0.16, WITS 0.16)",NCM rows (HS6),,
X,39,39235090,BR,1113,0.0004,0.18,"min(schedule 0.18, WITS 0.18)",NCM rows (HS6),,
X,39,39269097,AR,1087,0.0004,0.1222222222222222,"min(schedule 0.1222222222222222, WITS 0.12222222328186)",NCM rows (HS6),,
X,39,39219055,BR,1081,0.0004,0.09,"min(schedule 0.10400000000000001, WITS 0.09)",NCM rows (HS6),,
X,39,39173100,AR,663,0.0002,0.16,"min(schedule 0.16, WITS 0.16)",NCM rows (HS6),,
X,39,39233010,BR,624,0.0002,0.18,"min(schedule 0.18, WITS 0.18)",NCM rows (HS6),,
X,39,39191080,UY,595,0.0002,0.16,"min(schedule 0.16, WITS 0.16)",NCM rows (HS6),,
X,39,39073000,BR,505,0.0002,0.14,"min(schedule 0.14, WITS 0.14)",NCM rows (HS6),,
X,39,39261000,AR,465,0.0002,0.18,"min(schedule 0.18, WITS 0.18)",NCM rows (HS6),,
X,39,39069090,BR,433,0.0001,0.09764705882352942,"min(schedule 0.09764705882352942, WITS 0.09888889312744141)",NCM rows (HS6),,
X,39,39191080,BR,393,0.0001,0.16,"min(schedule 0.16, WITS 0.16)",NCM rows (HS6),,
X,39,39261000,BR,389,0.0001,0.18,"min(schedule 0.18, WITS 0.18)",NCM rows (HS6),,
X,39,39209990,BR,243,0.0001,0.09,"min(schedule 0.09000000000000001, WITS 0.09)",NCM rows (HS6),,
X,39,39201025,UY,195,0.0001,0.06666666666666667,"min(schedule 0.06666666666666667, WITS 0.09714285850524901)",NCM rows (HS6),,
X,39,39231090,UY,93,0.0,0.18,"min(schedule 0.18, WITS 0.18)",NCM rows (HS6),,
X,39,39262000,BR,88,0.0,0.18,"min(schedule 0.18, WITS 0.18)",NCM rows (HS6),,
X,39,39261000,UY,88,0.0,0.18,"min(schedule 0.18, WITS 0.18)",NCM rows (HS6),,
X,39,39241000,PY,51,0.0,0.08,"min(schedule 0.15, WITS 0.08)",NCM rows (HS6),,
X,39,39181090,UY,44,0.0,0.16,"min(schedule 0.16, WITS 0.16)",NCM rows (HS6),,
X,39,39235090,AR,23,0.0,0.18,"min(schedule 0.18, WITS 0.18)",NCM rows (HS6),,
X,39,39201040,UY,16,0.0,0.06666666666666667,"min(schedule 0.06666666666666667, WITS 0.09714285850524901)",NCM rows (HS6),,
X,39,39233090,BR,4,0.0,0.18,"min(schedule 0.18, WITS 0.18)",NCM rows (HS6),,
M,40,40021910,BR,265434,0.4327,0.0,TARIC CN8,0,CN8 exact,
M,40,40114000,BR,215887,0.3519,0.045,TARIC CN8,0,CN8 exact,
M,40,40129020,BR,77290,0.126,0.025,OJ schedule base rate (CN8 exact),0,CN8 exact,
M,40,40117000,BR,34563,0.0563,0.04,WITS HS6 AVE 2023,0,TARIC-implied from 2026 Mercosur preference (pref/base = 0.000),
M,40,40111000,BR,16848,0.0275,0.045,OJ schedule base rate (CN8 exact),0,CN8 exact,
M,40,40169300,BR,2267,0.0037,0.025,OJ schedule base rate (CN8 exact),0,CN8 exact,
M,40,40169997,BR,548,0.0009,0.025,OJ schedule base rate (CN8 exact),0,CN8 exact,
M,40,40169100,BR,350,0.0006,0.025,OJ schedule base rate (CN8 exact),0,CN8 exact,
M,40,40059100,BR,146,0.0002,0.0,OJ schedule base rate Free (CN8 exact),0,CN8 exact,
M,40,40169300,AR,67,0.0001,0.025,OJ schedule base rate (CN8 exact),0,CN8 exact,
M,40,40103100,AR,17,0.0,0.065,OJ schedule base rate (CN8 exact),4,CN8 exact,
X,40,40161000,AR,125992,0.3738,0.16,"min(schedule 0.16, WITS 0.16)",NCM rows (HS6),,
X,40,40029990,BR,105039,0.3116,0.06999999999999999,"min(schedule 0.06999999999999999, WITS 0.07)",NCM rows (HS6),,
X,40,40027000,BR,37029,0.1098,0.12,"min(schedule 0.12, WITS 0.12)",NCM rows (HS6),,
X,40,40027000,AR,18592,0.0552,0.0,"min(schedule 0.0, WITS 0.0)",NCM rows (HS6),,
X,40,40093200,BR,14939,0.0443,0.14,"min(schedule 0.14, WITS 0.14)",NCM rows (HS6),,
X,40,40169300,BR,6325,0.0188,0.16,"min(schedule 0.16, WITS 0.16)",NCM rows (HS6),,
X,40,40082190,UY,5007,0.0149,0.14,"min(schedule 0.14, WITS 0.14)",NCM rows (HS6),,
X,40,40082900,UY,4841,0.0144,0.14,"min(schedule 0.14, WITS 0.14)",NCM rows (HS6),,
X,40,40169400,UY,4617,0.0137,0.16,"min(schedule 0.16, WITS 0.16)",NCM rows (HS6),,
X,40,40169400,BR,1862,0.0055,0.16,"min(schedule 0.16, WITS 0.16)",NCM rows (HS6),,
X,40,40129020,BR,1577,0.0047,0.16,"min(schedule 0.16, WITS 0.16)",NCM rows (HS6),,
X,40,40093200,UY,1450,0.0043,0.14,"min(schedule 0.14, WITS 0.14)",NCM rows (HS6),,
X,40,40082190,BR,1426,0.0042,0.14,"min(schedule 0.14, WITS 0.14)",NCM rows (HS6),,
X,40,40169997,BR,1351,0.004,0.09,"min(schedule 0.09, WITS 0.09)",NCM rows (HS6),,
X,40,40069000,BR,1236,0.0037,0.14,"min(schedule 0.14, WITS 0.14)",NCM rows (HS6),,
X,40,40169300,AR,1093,0.0032,0.16,"min(schedule 0.16, WITS 0.16)",NCM rows (HS6),,
X,40,40169997,PY,815,0.0024,0.06,"min(schedule 0.060000000000000005, WITS 0.06)",NCM rows (HS6),,
X,40,40169997,AR,628,0.0019,0.09,"min(schedule 0.09, WITS 0.09)",NCM rows (HS6),,
X,40,40069000,AR,604,0.0018,0.14,"min(schedule 0.14, WITS 0.14)",NCM rows (HS6),,
X,40,40092100,BR,530,0.0016,0.14,"min(schedule 0.14, WITS 0.14)",NCM rows (HS6),,
X,40,40091200,UY,477,0.0014,0.14,"min(schedule 0.14, WITS 0.14)",NCM rows (HS6),,
X,40,40159000,BR,340,0.001,0.16,"min(schedule 0.16, WITS 0.16)",NCM rows (HS6),,
X,40,40169997,UY,287,0.0009,0.09,"min(schedule 0.09, WITS 0.125)",NCM rows (HS6),,
X,40,40169991,UY,219,0.0007,0.09,"min(schedule 0.09, WITS 0.125)",NCM rows (HS6),,
X,40,40082190,BO,188,0.0006,0,n/a,n/a (Bolivia),,
X,40,40091100,UY,185,0.0005,0.14,"min(schedule 0.14, WITS 0.14)",NCM rows (HS6),,
X,40,40091100,BR,135,0.0004,0.14,"min(schedule 0.14, WITS 0.14)",NCM rows (HS6),,
X,40,40169300,UY,113,0.0003,0.16,"min(schedule 0.16, WITS 0.16)",NCM rows (HS6),,
X,40,40069000,UY,77,0.0002,0.14,"min(schedule 0.14, WITS 0.14)",NCM rows (HS6),,
X,40,40082190,AR,46,0.0001,0.14,"min(schedule 0.14, WITS 0.14)",NCM rows (HS6),,
X,40,40139000,AR,27,0.0001,0.16,"min(schedule 0.16, WITS 0.16)",NCM rows (HS6),,
X,40,40151900,BR,24,0.0001,0.35,"min(schedule 0.35, WITS 0.35)",NCM rows (HS6),,
X,40,40092200,BR,18,0.0001,0.14,"min(schedule 0.14, WITS 0.14)",NCM rows (HS6),,
X,40,40169991,AR,11,0.0,0.09,"min(schedule 0.09, WITS 0.09)",NCM rows (HS6),,
M,44,44029000,PY,1644197,0.4322,0.0,TARIC CN8 (mean of 10-digit sub-lines),0,CN8 exact,
M,44,44123900,BR,1329341,0.3494,0.07,TARIC CN8 (mean of 10-digit sub-lines),7,CN8 exact,
M,44,44079990,UY,185251,0.0487,0.0,TARIC CN8,0,TARIC 2026: base duty free,
M,44,44101210,BR,101984,0.0268,0.07,TARIC CN8,7,CN8 exact,
M,44,44123330,PY,61879,0.0163,0.07,TARIC CN8,7,TARIC-implied from 2026 Mercosur preference (pref/base = 0.871),
M,44,44092200,BR,60311,0.0159,0.0,WITS HS6 AVE 2023,0,TARIC 2026: base duty free,
M,44,44029000,AR,46896,0.0123,0.0,TARIC CN8 (mean of 10-digit sub-lines),0,CN8 exact,
M,44,44083930,BR,45496,0.012,0.06,OJ schedule base rate (CN8 exact),4,CN8 exact,
M,44,44123330,BR,35769,0.0094,0.07,TARIC CN8,7,TARIC-implied from 2026 Mercosur preference (pref/base = 0.871),
M,44,44123330,UY,35366,0.0093,0.07,TARIC CN8,7,TARIC-implied from 2026 Mercosur preference (pref/base = 0.871),
M,44,44092991,BR,34975,0.0092,0.0,OJ schedule base rate Free (CN8 exact),0,CN8 exact,
M,44,44184000,BR,31011,0.0082,0.0,OJ schedule base rate Free (CN8 exact),0,CN8 exact,
M,44,44072995,BR,25422,0.0067,0.0,OJ schedule base rate Free (CN8 exact),0,CN8 exact,
M,44,44123190,BR,21078,0.0055,0.07,OJ schedule base rate (CN8 exact),7,CN8 exact,
M,44,44039800,UY,20864,0.0055,0.0,WITS HS6 AVE 2023,0,TARIC 2026: base duty free,
M,44,44071190,AR,16429,0.0043,0.0,WITS HS6 AVE 2023,0,TARIC 2026: base duty free,
M,44,44123310,BR,16258,0.0043,0.07,WITS HS6 AVE 2023,7,TARIC-implied from 2026 Mercosur preference (pref/base = 0.871),
M,44,44123390,BR,15519,0.0041,0.07,WITS HS6 AVE 2023,7,TARIC-implied from 2026 Mercosur preference (pref/base = 0.871),
M,44,44029000,UY,13973,0.0037,0.0,TARIC CN8 (mean of 10-digit sub-lines),0,CN8 exact,
M,44,44123110,BR,13469,0.0035,0.1,OJ schedule base rate (CN8 exact),7,CN8 exact,
M,44,44111410,BR,12125,0.0032,0.07,OJ schedule base rate (CN8 exact),7,CN8 exact,
M,44,44187900,BR,11813,0.0031,0.0,OJ schedule base rate Free (CN8 exact),0,CN8 exact,
M,44,44072998,BR,7396,0.0019,0.014375,WITS HS6 AVE 2023,0,TARIC 2026: base duty free,
M,44,44152020,BR,4430,0.0012,0.03,OJ schedule base rate (CN8 exact),0,CN8 exact,
M,44,44199000,BR,4393,0.0012,0.0,WITS HS6 AVE 2023,0,TARIC 2026: base duty free,
M,44,44219999,BR,4372,0.0011,0.02,WITS HS6 AVE 2023,0,TARIC 2026: base duty free,
M,44,44191900,BR,1063,0.0003,0.0,WITS HS6 AVE 2023,0,TARIC 2026: base duty free,
M,44,44201900,BR,1036,0.0003,0.0,WITS HS6 AVE 2023,0,TARIC 2026: base duty free,
M,44,44152090,BR,1014,0.0003,0.04,OJ schedule base rate (CN8 exact),0,CN8 exact,
M,44,44170000,BR,813,0.0002,0.0,OJ schedule base rate Free (CN8 exact),0,CN8 exact,
M,44,44199000,AR,287,0.0001,0.0,WITS HS6 AVE 2023,0,TARIC 2026: base duty free,
M,44,44151010,BR,155,0.0,0.04,OJ schedule base rate (CN8 exact),0,CN8 exact,
M,44,44209099,BR,155,0.0,0.0,OJ schedule base rate Free (CN8 exact),0,CN8 exact,
X,44,44123110,BR,225396,0.9943,0.1,"min(schedule 0.1, WITS 0.1)",NCM rows (HS6),,
X,44,44219999,BR,761,0.0034,0.14,"min(schedule 0.14, WITS 0.14)","NCM rows (HS4 fallback, HS6 code absent from NCM 2012)",,
X,44,44209099,BR,205,0.0009,0.14,"min(schedule 0.14, WITS 0.14)",NCM rows (HS6),,
X,44,44201900,BR,149,0.0007,0.14,"min(schedule 0.14, WITS None)","NCM rows (HS4 fallback, HS6 code absent from NCM 2012)",,
X,44,44152020,BR,92,0.0004,0.1,"min(schedule 0.1, WITS 0.1)",NCM rows (HS6),,
X,44,44219999,AR,54,0.0002,0.245,"min(schedule 0.245, WITS 0.35)","NCM rows (HS4 fallback, HS6 code absent from NCM 2012)",,
X,44,44149000,BR,33,0.0001,0.1,"min(schedule 0.1, WITS None)","NCM rows (HS4 fallback, HS6 code absent from NCM 2012)",,
M,47,47032900,BR,35143370,0.9927,0.0,TARIC CN8,0,CN8 exact,
M,47,47032100,BR,256949,0.0073,0.0,TARIC CN8,0,CN8 exact,
M,48,48041190,BR,1744340,0.3684,0.0,TARIC CN8,0,CN8 exact,
M,48,48025620,BR,858500,0.1813,0.0,TARIC CN8,0,CN8 exact,
M,48,48042110,BR,463612,0.0979,0.0,TARIC CN8,0,CN8 exact,
M,48,48102980,BR,286669,0.0605,0.0,TARIC CN8 (mean of 10-digit sub-lines),0,CN8 exact,
M,48,48041111,BR,253426,0.0535,0.0,TARIC CN8,0,CN8 exact,
M,48,48010000,BR,185566,0.0392,0.0,TARIC CN8,0,CN8 exact,
M,48,48025700,BR,164821,0.0348,0.0,TARIC CN8,0,CN8 exact,
M,48,48041990,BR,163726,0.0346,0.0,TARIC CN8,0,CN8 exact,
M,48,48041115,BR,129498,0.0273,0.0,TARIC CN8,0,CN8 exact,
M,48,48030039,BR,82280,0.0174,0.0,OJ schedule base rate Free (CN8 exact),0,CN8 exact,
M,48,48051100,BR,76113,0.0161,0.0,OJ schedule base rate Free (CN8 exact),0,CN8 exact,
M,48,48043180,BR,68386,0.0144,0.0,OJ schedule base rate Free (CN8 exact),0,CN8 exact,
M,48,48114190,BR,47023,0.0099,0.0,OJ schedule base rate Free (CN8 exact),0,CN8 exact,
M,48,48102930,BR,47022,0.0099,0.0,OJ schedule base rate Free (CN8 exact),0,CN8 exact,
M,48,48025590,BR,42361,0.0089,0.0,OJ schedule base rate Free (CN8 exact),0,CN8 exact,
M,48,48043158,BR,33400,0.0071,0.0,OJ schedule base rate Free (CN8 exact),0,CN8 exact,
M,48,48109230,BR,21683,0.0046,0.0,OJ schedule base rate Free (CN8 exact),0,CN8 exact,
M,48,48025525,BR,16112,0.0034,0.0,OJ schedule base rate Free (CN8 exact),0,CN8 exact,
M,48,48025680,BR,14542,0.0031,0.0,OJ schedule base rate Free (CN8 exact),0,CN8 exact,
M,48,48103100,BR,8334,0.0018,0.0,OJ schedule base rate Free (CN8 exact),0,CN8 exact,
M,48,48109290,BR,7753,0.0016,0.0,OJ schedule base rate Free (CN8 exact),0,CN8 exact,
M,48,48041119,BR,6364,0.0013,0.0,OJ schedule base rate Free (CN8 exact),0,CN8 exact,
M,48,48237090,BR,5021,0.0011,0.0,OJ schedule base rate Free (CN8 exact),0,CN8 exact,
M,48,48115900,BR,4857,0.001,0.0,OJ schedule base rate Free (CN8 exact),0,CN8 exact,
M,48,48219090,BR,1387,0.0003,0.0,OJ schedule base rate Free (CN8 exact),0,CN8 exact,
M,48,48191000,BR,978,0.0002,0.0,OJ schedule base rate Free (CN8 exact),0,CN8 exact,
M,48,48194000,BR,477,0.0001,0.0,OJ schedule base rate Free (CN8 exact),0,CN8 exact,
M,48,48196000,BR,214,0.0,0.0,OJ schedule base rate Free (CN8 exact),0,CN8 exact,
M,48,48201050,AR,193,0.0,0.0,OJ schedule base rate Free (CN8 exact),0,CN8 exact,
M,48,48209000,BR,108,0.0,0.0,OJ schedule base rate Free (CN8 exact),0,CN8 exact,
M,48,48239085,BR,69,0.0,0.0,OJ schedule base rate Free (CN8 exact),0,CN8 exact,
M,48,48192000,BR,49,0.0,0.0,OJ schedule base rate Free (CN8 exact),0,CN8 exact,
M,48,48202000,BR,41,0.0,0.0,OJ schedule base rate Free (CN8 exact),0,CN8 exact,
M,48,48030090,BR,36,0.0,0.0,OJ schedule base rate Free (CN8 exact),0,CN8 exact,
M,48,48070080,BR,14,0.0,0.0,OJ schedule base rate Free (CN8 exact),0,CN8 exact,
M,48,48211010,AR,10,0.0,0.0,OJ schedule base rate Free (CN8 exact),0,CN8 exact,
X,48,48114120,AR,80941,0.614,0.14,"min(schedule 0.14, WITS 0.14)",NCM rows (HS6),,
X,48,48192000,BR,15526,0.1178,0.16,"min(schedule 0.16, WITS 0.16)",NCM rows (HS6),,
X,48,48114120,UY,11274,0.0855,0.08,"min(schedule 0.08, WITS 0.08)",NCM rows (HS6),,
X,48,48026115,AR,5065,0.0384,0.11499999999999999,"min(schedule 0.11499999999999999, WITS 0.115)",NCM rows (HS6),,
X,48,48103900,BR,3851,0.0292,0.15,"min(schedule 0.15000000000000002, WITS 0.15)",NCM rows (HS6),,
X,48,48201090,BR,3352,0.0254,0.16,"min(schedule 0.16, WITS 0.16)",NCM rows (HS6),,
X,48,48209000,BR,3113,0.0236,0.16,"min(schedule 0.16, WITS 0.16)",NCM rows (HS6),,
X,48,48196000,BO,1586,0.012,0,n/a,n/a (Bolivia),,
X,48,48239085,UY,1512,0.0115,0.08,"min(schedule 0.08, WITS 0.105)",NCM rows (HS6),,
X,48,48201090,UY,1167,0.0088,0.16,"min(schedule 0.16, WITS 0.16)",NCM rows (HS6),,
X,48,48211090,BR,943,0.0072,0.16,"min(schedule 0.16, WITS 0.16)",NCM rows (HS6),,
X,48,48211010,BR,749,0.0057,0.16,"min(schedule 0.16, WITS 0.16)",NCM rows (HS6),,
X,48,48211010,UY,748,0.0057,0.16,"min(schedule 0.16, WITS 0.16)",NCM rows (HS6),,
X,48,48099000,BR,690,0.0052,0.14,"min(schedule 0.14, WITS 0.14)",NCM rows (HS6),,
X,48,48099000,UY,374,0.0028,0.14,"min(schedule 0.14, WITS 0.14)",NCM rows (HS6),,
X,48,48203000,BR,271,0.0021,0.16,"min(schedule 0.16, WITS 0.16)",NCM rows (HS6),,
X,48,48201050,BR,146,0.0011,0.16,"min(schedule 0.16, WITS 0.16)",NCM rows (HS6),,
X,48,48219010,BR,145,0.0011,0.16,"min(schedule 0.16, WITS 0.16)",NCM rows (HS6),,
X,48,48119000,BR,144,0.0011,0.14,"min(schedule 0.14, WITS 0.14)",NCM rows (HS6),,
X,48,48201090,AR,83,0.0006,0.16,"min(schedule 0.16, WITS 0.16)",NCM rows (HS6),,
X,48,48201030,BR,63,0.0005,0.16,"min(schedule 0.16, WITS 0.16)",NCM rows (HS6),,
X,48,48191000,BR,30,0.0002,0.16,"min(schedule 0.16, WITS 0.16)",NCM rows (HS6),,
X,48,48054000,UY,23,0.0002,0.06999999999999999,"min(schedule 0.06999999999999999, WITS 0.0866666698455811)",NCM rows (HS6),,
X,48,48021000,BR,18,0.0001,0.12,"min(schedule 0.12, WITS 0.12)",NCM rows (HS6),,
X,48,48194000,BR,1,0.0,0.16,"min(schedule 0.16, WITS 0.16)",NCM rows (HS6),,
M,49,49111090,BR,893,0.2973,0.0,OJ schedule base rate Free (CN8 exact),0,CN8 exact,
M,49,49100000,AR,665,0.2215,0.0,OJ schedule base rate Free (CN8 exact),0,CN8 exact,
M,49,49019900,BR,657,0.2188,0.0,OJ schedule base rate Free (CN8 exact),0,CN8 exact,
M,49,49011000,BR,274,0.0913,0.0,OJ schedule base rate Free (CN8 exact),0,CN8 exact,
M,49,49119900,BR,219,0.0728,0.0,OJ schedule base rate Free (CN8 exact),0,CN8 exact,
M,49,49111090,AR,89,0.0297,0.0,OJ schedule base rate Free (CN8 exact),0,CN8 exact,
M,49,49119900,AR,72,0.024,0.0,OJ schedule base rate Free (CN8 exact),0,CN8 exact,
M,49,49111010,BR,44,0.0146,0.0,OJ schedule base rate Free (CN8 exact),0,CN8 exact,
M,49,49100000,BR,41,0.0137,0.0,OJ schedule base rate Free (CN8 exact),0,CN8 exact,
M,49,49119100,AR,25,0.0084,0.0,OJ schedule base rate Free (CN8 exact),0,CN8 exact,
M,49,49089000,BR,11,0.0036,0.0,OJ schedule base rate Free (CN8 exact),0,CN8 exact,
M,49,49090000,BR,9,0.0032,0.0,OJ schedule base rate Free (CN8 exact),0,CN8 exact,
M,49,49119900,UY,4,0.0012,0.0,OJ schedule base rate Free (CN8 exact),0,CN8 exact,
X,49,49019900,BR,250391,0.6404,0.0,"min(schedule 0.0, WITS 0.0)",NCM rows (HS6),,
X,49,49019900,AR,45425,0.1162,0.0,"min(schedule 0.0, WITS 0.0)",NCM rows (HS6),,
X,49,49019900,UY,32913,0.0842,0.0,"min(schedule 0.0, WITS 0.0)",NCM rows (HS6),,
X,49,49019900,BO,18317,0.0468,0,n/a,n/a (Bolivia),,
X,49,49019900,PY,16809,0.043,0.0,"min(schedule 0.0, WITS 0.0)",NCM rows (HS6),,
X,49,49011000,BR,7456,0.0191,0.0,"min(schedule 0.0, WITS 0.0)",NCM rows (HS6),,
X,49,49111090,BR,6419,0.0164,0.08,"min(schedule 0.08, WITS 0.08)",NCM rows (HS6),,
X,49,49119900,BR,4954,0.0127,0.16,"min(schedule 0.16, WITS 0.16)",NCM rows (HS6),,
X,49,49059000,BR,3494,0.0089,0.03333333333333333,"min(schedule 0.03333333333333333, WITS None)","NCM rows (HS4 fallback, HS6 code absent from NCM 2012)",,
X,49,49059000,AR,1524,0.0039,0.03333333333333333,"min(schedule 0.03333333333333333, WITS None)","NCM rows (HS4 fallback, HS6 code absent from NCM 2012)",,
X,49,49111090,UY,1210,0.0031,0.08,"min(schedule 0.08, WITS 0.106666669845581)",NCM rows (HS6),,
X,49,49119900,UY,585,0.0015,0.16,"min(schedule 0.16, WITS 0.16)",NCM rows (HS6),,
X,49,49100000,UY,482,0.0012,0.16,"min(schedule 0.16, WITS 0.16)",NCM rows (HS6),,
X,49,49119100,BR,334,0.0009,0.16,"min(schedule 0.16, WITS 0.16)",NCM rows (HS6),,
X,49,49119900,AR,210,0.0005,0.16,"min(schedule 0.16, WITS 0.16)",NCM rows (HS6),,
X,49,49029000,BR,148,0.0004,0.0,"min(schedule 0.0, WITS 0.0)",NCM rows (HS6),,
X,49,49040000,AR,93,0.0002,0.0,"min(schedule 0.0, WITS 0.0)",NCM rows (HS6),,
X,49,49111090,AR,75,0.0002,0.08,"min(schedule 0.08, WITS 0.08)",NCM rows (HS6),,
X,49,49011000,UY,57,0.0001,0.0,"min(schedule 0.0, WITS 0.0)",NCM rows (HS6),,
X,49,49100000,AR,46,0.0001,0.16,"min(schedule 0.16, WITS 0.16)",NCM rows (HS6),,
X,49,49111010,BR,41,0.0001,0.08,"min(schedule 0.08, WITS 0.08)",NCM rows (HS6),,
X,49,49011000,AR,17,0.0,0.0,"min(schedule 0.0, WITS 0.0)",NCM rows (HS6),,
X,49,49119100,AR,15,0.0,0.16,"min(schedule 0.16, WITS 0.16)",NCM rows (HS6),,
X,49,49111010,UY,5,0.0,0.08,"min(schedule 0.08, WITS 0.106666669845581)",NCM rows (HS6),,
M,64,64022000,BR,1681319,0.5072,0.17,TARIC CN8,10,CN8 exact,
M,64,64039998,BR,444494,0.1341,0.07,TARIC CN8 (mean of 10-digit sub-lines),4,CN8 exact,
M,64,64029998,BR,403439,0.1217,0.168,TARIC CN8,10,CN8 exact,
M,64,64041990,BR,359453,0.1084,0.16899999999999998,TARIC CN8,10,CN8 exact,
M,64,64039996,BR,185700,0.056,0.08,TARIC CN8 (mean of 10-digit sub-lines),7,CN8 exact,
M,64,64029996,BR,39645,0.012,0.168,OJ schedule base rate (CN8 exact),10,CN8 exact,
M,64,64029993,BR,37426,0.0113,0.168,OJ schedule base rate (CN8 exact),10,CN8 exact,
M,64,64029939,BR,35832,0.0108,0.168,OJ schedule base rate (CN8 exact),10,CN8 exact,
M,64,64039198,BR,33270,0.01,0.05,OJ schedule base rate (CN8 exact),4,CN8 exact,
M,64,64059010,BR,14477,0.0044,0.17,OJ schedule base rate (CN8 exact),10,CN8 exact,
M,64,64039911,BR,13999,0.0042,0.08,OJ schedule base rate (CN8 exact),7,CN8 exact,
M,64,64039196,BR,13207,0.004,0.08,OJ schedule base rate (CN8 exact),7,CN8 exact,
M,64,64029931,BR,13107,0.004,0.168,OJ schedule base rate (CN8 exact),10,CN8 exact,
M,64,64029991,BR,10475,0.0032,0.168,OJ schedule base rate (CN8 exact),10,CN8 exact,
M,64,64029190,BR,7466,0.0023,0.16899999999999998,OJ schedule base rate (CN8 exact),10,CN8 exact,
M,64,64039991,BR,5323,0.0016,0.08,OJ schedule base rate (CN8 exact),7,CN8 exact,
M,64,64029950,BR,3698,0.0011,0.168,OJ schedule base rate (CN8 exact),10,CN8 exact,
M,64,64019900,BR,3481,0.0011,0.17,OJ schedule base rate (CN8 exact),10,CN8 exact,
M,64,64032000,BR,1561,0.0005,0.08,OJ schedule base rate (CN8 exact),7,CN8 exact,
M,64,64029910,BR,1442,0.0004,0.168,OJ schedule base rate (CN8 exact),10,CN8 exact,
M,64,64039938,BR,1251,0.0004,0.05,OJ schedule base rate (CN8 exact),4,CN8 exact,
M,64,64039993,BR,1038,0.0003,0.08,OJ schedule base rate (CN8 exact),7,CN8 exact,
M,64,64035999,BR,774,0.0002,0.08,OJ schedule base rate (CN8 exact),7,CN8 exact,
M,64,64039950,BR,727,0.0002,0.08,OJ schedule base rate (CN8 exact),7,CN8 exact,
M,64,64035939,BR,625,0.0002,0.08,OJ schedule base rate (CN8 exact),7,CN8 exact,
M,64,64042090,BR,378,0.0001,0.17,OJ schedule base rate (CN8 exact),10,CN8 exact,
M,64,64052099,BR,343,0.0001,0.04,OJ schedule base rate (CN8 exact),0,CN8 exact,
M,64,64059090,BR,248,0.0001,0.04,OJ schedule base rate (CN8 exact),0,CN8 exact,
M,64,64035911,BR,219,0.0001,0.05,OJ schedule base rate (CN8 exact),4,CN8 exact,
M,64,64035199,BR,185,0.0001,0.08,OJ schedule base rate (CN8 exact),7,CN8 exact,
M,64,64041100,BR,173,0.0001,0.16899999999999998,OJ schedule base rate (CN8 exact),10,CN8 exact,
M,64,64039905,BR,53,0.0,0.08,OJ schedule base rate (CN8 exact),7,CN8 exact,
M,64,64041910,BR,50,0.0,0.16899999999999998,OJ schedule base rate (CN8 exact),10,CN8 exact,
M,64,64039933,BR,49,0.0,0.08,OJ schedule base rate (CN8 exact),7,CN8 exact,
M,64,64031900,BR,39,0.0,0.08,OJ schedule base rate (CN8 exact),7,CN8 exact,
X,64,64041990,BR,13465,0.2515,0.35,"min(schedule 0.35, WITS 0.35)",NCM rows (HS6),,
X,64,64035999,BR,6908,0.129,0.35,"min(schedule 0.35, WITS 0.35)",NCM rows (HS6),,
X,64,64039998,BR,5893,0.1101,0.35,"min(schedule 0.35, WITS 0.35)",NCM rows (HS6),,
X,64,64039993,BR,5071,0.0947,0.35,"min(schedule 0.35, WITS 0.35)",NCM rows (HS6),,
X,64,64039938,BR,3091,0.0577,0.35,"min(schedule 0.35, WITS 0.35)",NCM rows (HS6),,
X,64,64039996,BR,2194,0.041,0.35,"min(schedule 0.35, WITS 0.35)",NCM rows (HS6),,
X,64,64041100,BR,2070,0.0387,0.35,"min(schedule 0.35, WITS 0.35)",NCM rows (HS6),,
X,64,64011000,BR,2045,0.0382,0.35,"min(schedule 0.35, WITS 0.35)",NCM rows (HS6),,
X,64,64032000,BR,1893,0.0354,0.35,"min(schedule 0.35, WITS 0.35)",NCM rows (HS6),,
X,64,64042090,BR,1431,0.0267,0.35,"min(schedule 0.35, WITS 0.35)",NCM rows (HS6),,
X,64,64035119,BR,1226,0.0229,0.35,"min(schedule 0.35, WITS 0.35)",NCM rows (HS6),,
X,64,64039113,BR,1114,0.0208,0.35,"min(schedule 0.35, WITS 0.35)",NCM rows (HS6),,
X,64,64035199,BR,790,0.0148,0.35,"min(schedule 0.35, WITS 0.35)",NCM rows (HS6),,
X,64,64035939,BR,694,0.013,0.35,"min(schedule 0.35, WITS 0.35)",NCM rows (HS6),,
X,64,64041910,BR,481,0.009,0.35,"min(schedule 0.35, WITS 0.35)",NCM rows (HS6),,
X,64,64039198,BR,431,0.008,0.35,"min(schedule 0.35, WITS 0.35)",NCM rows (HS6),,
X,64,64039118,BR,423,0.0079,0.35,"min(schedule 0.35, WITS 0.35)",NCM rows (HS6),,
X,64,64039936,BR,401,0.0075,0.35,"min(schedule 0.35, WITS 0.35)",NCM rows (HS6),,
X,64,64039950,BR,360,0.0067,0.35,"min(schedule 0.35, WITS 0.35)",NCM rows (HS6),,
X,64,64029998,BR,350,0.0065,0.35,"min(schedule 0.35, WITS 0.35)",NCM rows (HS6),,
X,64,64059090,BR,326,0.0061,0.35,"min(schedule 0.35, WITS 0.35)",NCM rows (HS6),,
X,64,64039933,BR,308,0.0057,0.35,"min(schedule 0.35, WITS 0.35)",NCM rows (HS6),,
X,64,64031900,BR,304,0.0057,0.35,"min(schedule 0.35, WITS 0.35)",NCM rows (HS6),,
X,64,64035111,BR,299,0.0056,0.35,"min(schedule 0.35, WITS 0.35)",NCM rows (HS6),,
X,64,64035995,BR,272,0.0051,0.35,"min(schedule 0.35, WITS 0.35)",NCM rows (HS6),,
X,64,64039905,BR,263,0.0049,0.35,"min(schedule 0.35, WITS 0.35)",NCM rows (HS6),,
X,64,64035911,BR,213,0.004,0.35,"min(schedule 0.35, WITS 0.35)",NCM rows (HS6),,
X,64,64022000,BR,197,0.0037,0.35,"min(schedule 0.35, WITS 0.35)",NCM rows (HS6),,
X,64,64019900,BR,157,0.0029,0.35,"min(schedule 0.35, WITS 0.35)",NCM rows (HS6),,
X,64,64035905,BR,130,0.0024,0.35,"min(schedule 0.35, WITS 0.35)",NCM rows (HS6),,
X,64,64052099,BR,107,0.002,0.35,"min(schedule 0.35, WITS 0.35)",NCM rows (HS6),,
X,64,64029950,BR,98,0.0018,0.35,"min(schedule 0.35, WITS 0.35)",NCM rows (HS6),,
X,64,64032000,AR,86,0.0016,0.35,"min(schedule 0.35, WITS 0.35)",NCM rows (HS6),,
X,64,64039196,BR,70,0.0013,0.35,"min(schedule 0.35, WITS 0.35)",NCM rows (HS6),,
X,64,64039111,BR,66,0.0012,0.35,"min(schedule 0.35, WITS 0.35)",NCM rows (HS6),,
X,64,64035115,BR,62,0.0012,0.35,"min(schedule 0.35, WITS 0.35)",NCM rows (HS6),,
X,64,64039998,PY,53,0.001,0.2,"min(schedule 0.2, WITS 0.2)",NCM rows (HS6),,
X,64,64039993,UY,53,0.001,0.2625,"min(schedule 0.3, WITS 0.2625)",NCM rows (HS6),,
X,64,64034000,UY,38,0.0007,0.35,"min(schedule 0.35, WITS 0.35)",NCM rows (HS6),,
X,64,64051000,UY,37,0.0007,0.3499999999999999,"min(schedule 0.3499999999999999, WITS 0.35)",NCM rows (HS6),,
X,64,64039911,BR,27,0.0005,0.35,"min(schedule 0.35, WITS 0.35)",NCM rows (HS6),,
X,64,64021900,BR,20,0.0004,0.35,"min(schedule 0.35, WITS 0.35)",NCM rows (HS6),,
X,64,64039193,BR,18,0.0003,0.35,"min(schedule 0.35, WITS 0.35)",NCM rows (HS6),,
M,68,68029390,BR,105796,0.4251,0.017,TARIC CN8 (mean of 10-digit sub-lines),0,CN8 exact,
M,68,68029990,BR,54869,0.2205,0.017,OJ schedule base rate (CN8 exact),0,CN8 exact,
M,68,68029100,AR,32323,0.1299,0.017,OJ schedule base rate (CN8 exact),0,CN8 exact,
M,68,68029100,BR,25976,0.1044,0.017,OJ schedule base rate (CN8 exact),0,CN8 exact,
M,68,68159900,BR,9007,0.0362,0.0,OJ schedule base rate Free (CN8 exact),0,CN8 exact,
M,68,68029310,BR,7318,0.0294,0.0,OJ schedule base rate Free (CN8 exact),0,CN8 exact,
M,68,68030090,BR,5157,0.0207,0.017,OJ schedule base rate (CN8 exact),0,CN8 exact,
M,68,68010000,BR,4108,0.0165,0.0,OJ schedule base rate Free (CN8 exact),0,CN8 exact,
M,68,68061000,BR,3220,0.0129,0.0,OJ schedule base rate Free (CN8 exact),0,CN8 exact,
M,68,68159900,UY,805,0.0032,0.0,OJ schedule base rate Free (CN8 exact),0,CN8 exact,
M,68,68152000,AR,222,0.0009,0.0,OJ schedule base rate Free (CN8 exact),0,CN8 exact,
M,68,68053000,BR,62,0.0002,0.017,OJ schedule base rate (CN8 exact),0,CN8 exact,
X,68,68022100,BR,1276559,0.4963,0.08,"min(schedule 0.08, WITS 0.08)",NCM rows (HS6),,
X,68,68109100,BR,343880,0.1337,0.08,"min(schedule 0.08, WITS 0.08)",NCM rows (HS6),,
X,68,68029100,BR,249071,0.0968,0.06,"min(schedule 0.06, WITS 0.06)",NCM rows (HS6),,
X,68,68029100,AR,192226,0.0747,0.06,"min(schedule 0.06, WITS 0.06)",NCM rows (HS6),,
X,68,68109100,UY,156605,0.0609,0.08,"min(schedule 0.08, WITS 0.08)",NCM rows (HS6),,
X,68,68109100,AR,143282,0.0557,0.08,"min(schedule 0.08, WITS 0.08)",NCM rows (HS6),,
X,68,68022100,UY,81753,0.0318,0.08,"min(schedule 0.08, WITS 0.08)",NCM rows (HS6),,
X,68,68022100,AR,45649,0.0177,0.08,"min(schedule 0.08, WITS 0.08)",NCM rows (HS6),,
X,68,68159900,AR,31302,0.0122,0.06,"min(schedule 0.060000000000000005, WITS 0.06)",NCM rows (HS6),,
X,68,68159900,UY,11920,0.0046,0.06,"min(schedule 0.060000000000000005, WITS 0.06)",NCM rows (HS6),,
X,68,68053000,UY,6739,0.0026,0.0666666650772095,"min(schedule 0.06666666666666667, WITS 0.0666666650772095)",NCM rows (HS6),,
X,68,68022900,BR,6508,0.0025,0.06,"min(schedule 0.06, WITS 0.06)",NCM rows (HS6),,
X,68,68029100,UY,5409,0.0021,0.06,"min(schedule 0.06, WITS 0.06)",NCM rows (HS6),,
X,68,68109100,PY,5357,0.0021,0.08,"min(schedule 0.08, WITS 0.08)",NCM rows (HS6),,
X,68,68138900,BR,4789,0.0019,0.14,"min(schedule 0.14, WITS 0.14)",NCM rows (HS6),,
X,68,68051000,UY,4124,0.0016,0.1,"min(schedule 0.1, WITS 0.1)",NCM rows (HS6),,
X,68,68138900,UY,2905,0.0011,0.14,"min(schedule 0.14, WITS 0.14)",NCM rows (HS6),,
X,68,68109900,UY,1439,0.0006,0.08,"min(schedule 0.08, WITS 0.08)",NCM rows (HS6),,
X,68,68138100,UY,1205,0.0005,0.14,"min(schedule 0.14, WITS 0.14)",NCM rows (HS6),,
X,68,68069000,BR,617,0.0002,0.08,"min(schedule 0.08, WITS 0.08)",NCM rows (HS6),,
X,68,68151200,BR,453,0.0002,0.08,"min(schedule 0.08, WITS None)","NCM rows (HS4 fallback, HS6 code absent from NCM 2012)",,
X,68,68151100,BR,102,0.0,0.08,"min(schedule 0.08, WITS None)","NCM rows (HS4 fallback, HS6 code absent from NCM 2012)",,
X,68,68061000,BR,96,0.0,0.08,"min(schedule 0.08, WITS 0.08)",NCM rows (HS6),,
X,68,68029100,BO,16,0.0,0,n/a,n/a (Bolivia),,
M,73,73269098,BR,226779,0.4202,0.027000000000000003,TARIC CN8 (mean of 10-digit sub-lines),0,CN8 exact,
M,73,73072980,BR,145958,0.2705,0.037000000000000005,TARIC CN8 (mean of 10-digit sub-lines),4,CN8 exact,
M,73,73251000,BR,84376,0.1564,0.0170000004768372,WITS HS6 AVE 2023,0,TARIC-implied from 2026 Mercosur preference (pref/base = 0.000),
M,73,73071990,BR,33172,0.0615,0.037000000000000005,OJ schedule base rate (CN8 exact),4,CN8 exact,
M,73,73071910,BR,26039,0.0483,0.037000000000000005,OJ schedule base rate (CN8 exact),4,CN8 exact,
M,73,73201090,BR,11025,0.0204,0.027000000000000003,OJ schedule base rate (CN8 exact),0,CN8 exact,
M,73,73239900,BR,4418,0.0082,0.032,OJ schedule base rate (CN8 exact),0,CN8 exact,
M,73,73239300,BR,1897,0.0035,0.032,OJ schedule base rate (CN8 exact),0,CN8 exact,
M,73,73181520,BR,1445,0.0027,0.037000000000000005,OJ schedule base rate (CN8 exact),0,CN8 exact,
M,73,73259910,BR,1356,0.0025,0.027000000000000003,OJ schedule base rate (CN8 exact),0,CN8 exact,
M,73,73259990,BR,1212,0.0022,0.027000000000000003,OJ schedule base rate (CN8 exact),0,CN8 exact,
M,73,73269098,AR,1044,0.0019,0.027000000000000003,TARIC CN8 (mean of 10-digit sub-lines),0,CN8 exact,
M,73,73211900,AR,416,0.0008,0.027000000000000003,OJ schedule base rate (CN8 exact),0,CN8 exact,
M,73,73181900,BR,140,0.0003,0.037000000000000005,OJ schedule base rate (CN8 exact),0,CN8 exact,
M,73,73151200,AR,123,0.0002,0.027000000000000003,OJ schedule base rate (CN8 exact),0,CN8 exact,
M,73,73269098,UY,87,0.0002,0.027000000000000003,TARIC CN8 (mean of 10-digit sub-lines),0,CN8 exact,
M,73,73239300,AR,43,0.0001,0.032,OJ schedule base rate (CN8 exact),0,CN8 exact,
M,73,73181699,BR,38,0.0001,0.037000000000000005,OJ schedule base rate (CN8 exact),0,CN8 exact,
M,73,73259910,AR,31,0.0001,0.027000000000000003,OJ schedule base rate (CN8 exact),0,CN8 exact,
M,73,73182200,AR,24,0.0,0.037000000000000005,OJ schedule base rate (CN8 exact),0,CN8 exact,
M,73,73181595,AR,10,0.0,0.0370000076293945,WITS HS6 AVE 2023,0,TARIC-implied from 2026 Mercosur preference (pref/base = 0.000),
M,73,73209090,AR,9,0.0,0.027000000000000003,OJ schedule base rate (CN8 exact),0,CN8 exact,
X,73,73121081,BR,195564,0.3274,0.14,"min(schedule 0.14, WITS 0.14)",NCM rows (HS6),,
X,73,73089098,BR,99321,0.1663,0.14,"min(schedule 0.14, WITS 0.14)",NCM rows (HS6),,
X,73,73121083,BR,68903,0.1153,0.14,"min(schedule 0.14, WITS 0.14)",NCM rows (HS6),,
X,73,73089098,UY,42640,0.0714,0.14,"min(schedule 0.14, WITS 0.14)",NCM rows (HS6),,
X,73,73218900,UY,31644,0.053,0.2,"min(schedule 0.2, WITS 0.2)",NCM rows (HS6),,
X,73,73121020,BR,24728,0.0414,0.14,"min(schedule 0.14, WITS 0.14)",NCM rows (HS6),,
X,73,73043180,BR,18358,0.0307,0.16,"min(schedule 0.16, WITS 0.16)",NCM rows (HS6),,
X,73,73151190,AR,17277,0.0289,0.0,"min(schedule 0.0, WITS 0.14)",NCM rows (HS6),,
X,73,73121085,BR,13778,0.0231,0.14,"min(schedule 0.14, WITS 0.14)",NCM rows (HS6),,
X,73,73090090,BO,13445,0.0225,0,n/a,n/a (Bolivia),,
X,73,73181499,BR,6306,0.0106,0.16,"min(schedule 0.16, WITS 0.16)",NCM rows (HS6),,
X,73,73160000,UY,5969,0.01,0.14,"min(schedule 0.14, WITS 0.14)",NCM rows (HS6),,
X,73,73101000,BR,5898,0.0099,0.08,"min(schedule 0.08, WITS 0.08)",NCM rows (HS6),,
X,73,73121089,BR,5129,0.0086,0.14,"min(schedule 0.14, WITS 0.14)",NCM rows (HS6),,
X,73,73121083,UY,3845,0.0064,0.14,"min(schedule 0.14, WITS 0.14)",NCM rows (HS6),,
X,73,73083000,BR,3539,0.0059,0.14,"min(schedule 0.14, WITS 0.14)",NCM rows (HS6),,
X,73,73064080,UY,3376,0.0057,0.14,"min(schedule 0.14, WITS 0.14)",NCM rows (HS6),,
X,73,73121049,BR,3228,0.0054,0.14,"min(schedule 0.14, WITS 0.14)",NCM rows (HS6),,
X,73,73269098,BR,2843,0.0048,0.09999999999999999,"min(schedule 0.09999999999999999, WITS 0.1)",NCM rows (HS6),,
X,73,73181520,BR,2761,0.0046,0.16,"min(schedule 0.16, WITS 0.16)",NCM rows (HS6),,
X,73,73269098,UY,2694,0.0045,0.09999999999999999,"min(schedule 0.09999999999999999, WITS 0.126666669845581)",NCM rows (HS6),,
X,73,73121061,BR,2147,0.0036,0.14,"min(schedule 0.14, WITS 0.14)",NCM rows (HS6),,
X,73,73072980,BR,2141,0.0036,0.14,"min(schedule 0.14, WITS 0.14)",NCM rows (HS6),,
X,73,73259910,UY,2075,0.0035,0.18,"min(schedule 0.18, WITS 0.18)",NCM rows (HS6),,
X,73,73269098,AR,2002,0.0034,0.09999999999999999,"min(schedule 0.09999999999999999, WITS 0.1)",NCM rows (HS6),,
X,73,73251000,BR,1714,0.0029,0.18,"min(schedule 0.18, WITS 0.18)",NCM rows (HS6),,
X,73,73079980,BR,1263,0.0021,0.14,"min(schedule 0.14, WITS 0.14)",NCM rows (HS6),,
X,73,73160000,BR,1183,0.002,0.14,"min(schedule 0.14, WITS 0.14)",NCM rows (HS6),,
X,73,73269092,BR,1173,0.002,0.09999999999999999,"min(schedule 0.09999999999999999, WITS 0.1)",NCM rows (HS6),,
X,73,73083000,AR,1082,0.0018,0.14,"min(schedule 0.14, WITS 0.14)",NCM rows (HS6),,
X,73,73269094,UY,1053,0.0018,0.09999999999999999,"min(schedule 0.09999999999999999, WITS 0.126666669845581)",NCM rows (HS6),,
X,73,73110011,UY,1049,0.0018,0.14,"min(schedule 0.14, WITS 0.14)",NCM rows (HS6),,
X,73,73072100,BR,1025,0.0017,0.14,"min(schedule 0.14, WITS 0.14)",NCM rows (HS6),,
X,73,73090090,BR,972,0.0016,0.09333333015441889,"min(schedule 0.09333333333333334, WITS 0.09333333015441889)",NCM rows (HS6),,
X,73,73249000,BR,968,0.0016,0.18,"min(schedule 0.18, WITS 0.18)",NCM rows (HS6),,
X,73,73121069,BR,883,0.0015,0.14,"min(schedule 0.14, WITS 0.14)",NCM rows (HS6),,
X,73,73159000,BR,624,0.001,0.14,"min(schedule 0.14, WITS 0.14)",NCM rows (HS6),,
X,73,73158900,BR,499,0.0008,0.14,"min(schedule 0.14, WITS 0.14)",NCM rows (HS6),,
X,73,73269030,BR,496,0.0008,0.09999999999999999,"min(schedule 0.09999999999999999, WITS 0.1)",NCM rows (HS6),,
X,73,73259990,AR,410,0.0007,0.18,"min(schedule 0.18, WITS 0.18)",NCM rows (HS6),,
X,73,73259990,UY,394,0.0007,0.18,"min(schedule 0.18, WITS 0.18)",NCM rows (HS6),,
X,73,73181575,BR,358,0.0006,0.16,"min(schedule 0.16, WITS 0.16)",NCM rows (HS6),,
X,73,73182900,UY,323,0.0005,0.16,"min(schedule 0.16, WITS 0.16)",NCM rows (HS6),,
X,73,73269030,AR,303,0.0005,0.09999999999999999,"min(schedule 0.09999999999999999, WITS 0.1)",NCM rows (HS6),,
X,73,73182400,AR,278,0.0005,0.16,"min(schedule 0.16, WITS 0.16)",NCM rows (HS6),,
X,73,73129000,BR,273,0.0005,0.14,"min(schedule 0.14, WITS 0.14)",NCM rows (HS6),,
X,73,73182900,BR,272,0.0005,0.16,"min(schedule 0.16, WITS 0.16)",NCM rows (HS6),,
X,73,73102990,BR,229,0.0004,0.1,"min(schedule 0.10000000000000002, WITS 0.1)",NCM rows (HS6),,
X,73,73269092,UY,198,0.0003,0.09999999999999999,"min(schedule 0.09999999999999999, WITS 0.126666669845581)",NCM rows (HS6),,
X,73,73069000,BR,164,0.0003,0.14,"min(schedule 0.14, WITS 0.14)",NCM rows (HS6),,
X,73,73261990,BR,149,0.0002,0.18,"min(schedule 0.18, WITS 0.18)",NCM rows (HS6),,
X,73,73181499,AR,121,0.0002,0.16,"min(schedule 0.16, WITS 0.16)",NCM rows (HS6),,
X,73,73239300,PY,94,0.0002,0.08,"min(schedule 0.15, WITS 0.08)",NCM rows (HS6),,
X,73,73239900,AR,76,0.0001,0.18,"min(schedule 0.18, WITS 0.18)",NCM rows (HS6),,
X,73,73110013,BR,66,0.0001,0.14,"min(schedule 0.14, WITS 0.14)",NCM rows (HS6),,
X,73,73121081,UY,60,0.0001,0.14,"min(schedule 0.14, WITS 0.14)",NCM rows (HS6),,
X,73,73182200,BR,15,0.0,0.16,"min(schedule 0.16, WITS 0.16)",NCM rows (HS6),,
X,73,73181552,BR,4,0.0,0.16,"min(schedule 0.16, WITS 0.16)",NCM rows (HS6),,
X,73,73202020,BR,4,0.0,0.16,"min(schedule 0.16, WITS 0.16)",NCM rows (HS6),,
M,74,74040099,BR,636505,0.8292,0.0,TARIC CN8,0,CN8 exact,
M,74,74040010,PY,122407,0.1595,0.0,TARIC CN8,0,CN8 exact,
M,74,74198090,BR,8428,0.011,0.0376666665077209,WITS HS6 AVE 2023,7,TARIC-implied from 2026 Mercosur preference (pref/base = 0.867),
M,74,74198090,AR,126,0.0002,0.0376666665077209,WITS HS6 AVE 2023,7,TARIC-implied from 2026 Mercosur preference (pref/base = 0.867),
M,74,74130000,BR,114,0.0001,0.052000000000000005,OJ schedule base rate (CN8 exact),7,CN8 exact,
X,74,74122000,AR,2954,0.4629,0.14,"min(schedule 0.14, WITS 0.14)",NCM rows (HS6),,
X,74,74072110,BR,1362,0.2134,0.12,"min(schedule 0.12, WITS 0.12)",NCM rows (HS6),,
X,74,74020000,UY,812,0.1272,0.06,"min(schedule 0.06, WITS 0.06)",NCM rows (HS6),,
X,74,74153300,BR,603,0.0945,0.14,"min(schedule 0.14, WITS 0.14)",NCM rows (HS6),,
X,74,74071000,BR,365,0.0572,0.12,"min(schedule 0.12, WITS 0.12)",NCM rows (HS6),,
X,74,74031900,BR,102,0.016,0.06,"min(schedule 0.06, WITS 0.06)",NCM rows (HS6),,
X,74,74198090,BR,95,0.0149,0.15,"min(schedule 0.15, WITS None)","NCM rows (HS4 fallback, HS6 code absent from NCM 2012)",,
X,74,74020000,BR,83,0.013,0.06,"min(schedule 0.06, WITS 0.06)",NCM rows (HS6),,
X,74,74198090,AR,6,0.0009,0.15,"min(schedule 0.15, WITS None)","NCM rows (HS4 fallback, HS6 code absent from NCM 2012)",,
M,76,76020019,BO,848105,0.3764,0.0,TARIC CN8,n/a (Bolivia),,
M,76,76020019,PY,768243,0.341,0.0,TARIC CN8,0,CN8 exact,
M,76,76020019,BR,499651,0.2218,0.0,TARIC CN8,0,CN8 exact,
M,76,76020019,UY,126043,0.0559,0.0,TARIC CN8,0,CN8 exact,
M,76,76151080,BR,9213,0.0041,0.06,WITS HS6 AVE 2023,4,TARIC-implied from 2026 Mercosur preference (pref/base = 0.800),
M,76,76061250,BR,1401,0.0006,0.075,WITS HS6 AVE 2023,7,TARIC-implied from 2026 Mercosur preference (pref/base = 0.867),
M,76,76151080,AR,209,0.0001,0.06,WITS HS6 AVE 2023,4,TARIC-implied from 2026 Mercosur preference (pref/base = 0.800),
M,76,76169990,BR,150,0.0001,0.06,OJ schedule base rate (CN8 exact),4,CN8 exact,
M,76,76061292,BR,16,0.0,0.075,OJ schedule base rate (CN8 exact),7,CN8 exact,
X,76,76071190,BR,1148858,0.2918,0.06999999999999999,"min(schedule 0.06999999999999999, WITS 0.07)",NCM rows (HS6),,
X,76,76061292,BR,1105617,0.2808,0.08666666666666667,"min(schedule 0.08666666666666667, WITS 0.0866666698455811)",NCM rows (HS6),,
X,76,76072010,BR,481502,0.1223,0.12,"min(schedule 0.12, WITS 0.12)",NCM rows (HS6),,
X,76,76061299,AR,294188,0.0747,0.06,"min(schedule 0.06, WITS 0.0866666698455811)",NCM rows (HS6),,
X,76,76071990,PY,248592,0.0631,0.055,"min(schedule 0.055, WITS 0.055)",NCM rows (HS6),,
X,76,76069100,BR,230355,0.0585,0.12,"min(schedule 0.12, WITS 0.12)",NCM rows (HS6),,
X,76,76061299,BR,229958,0.0584,0.08666666666666667,"min(schedule 0.08666666666666667, WITS 0.0866666698455811)",NCM rows (HS6),,
X,76,76101000,BR,141614,0.036,0.16,"min(schedule 0.16, WITS 0.16)",NCM rows (HS6),,
X,76,76061299,UY,43568,0.0111,0.0466666650772095,"min(schedule 0.04666666666666666, WITS 0.0466666650772095)",NCM rows (HS6),,
X,76,76151080,AR,3299,0.0008,0.16,"min(schedule 0.16, WITS 0.16)",NCM rows (HS6),,
X,76,76041010,BR,3052,0.0008,0.12,"min(schedule 0.12, WITS 0.12)",NCM rows (HS6),,
X,76,76169990,BR,2481,0.0006,0.14,"min(schedule 0.14, WITS 0.14)",NCM rows (HS6),,
X,76,76069100,AR,1639,0.0004,0.12,"min(schedule 0.12, WITS 0.12)",NCM rows (HS6),,
X,76,76041090,AR,765,0.0002,0.12,"min(schedule 0.12, WITS 0.12)",NCM rows (HS6),,
X,76,76041090,UY,714,0.0002,0.12,"min(schedule 0.12, WITS 0.12)",NCM rows (HS6),,
X,76,76041010,UY,568,0.0001,0.12,"min(schedule 0.12, WITS 0.12)",NCM rows (HS6),,
M,82,82119100,BR,407258,0.5669,0.085,TARIC CN8,7,CN8 exact,
M,82,82119200,BR,164544,0.2291,0.085,TARIC CN8,7,CN8 exact,
M,82,82159910,BR,59235,0.0825,0.085,OJ schedule base rate (CN8 exact),7,CN8 exact,
M,82,82022000,BR,14904,0.0207,0.017,OJ schedule base rate (CN8 exact),0,CN8 exact,
M,82,82014000,BR,12889,0.0179,0.017,OJ schedule base rate (CN8 exact),0,CN8 exact,
M,82,82152010,BR,8648,0.012,0.085,OJ schedule base rate (CN8 exact),7,CN8 exact,
M,82,82129000,BR,7395,0.0103,0.027000000000000003,OJ schedule base rate (CN8 exact),0,CN8 exact,
M,82,82149000,BR,6250,0.0087,0.027000000000000003,OJ schedule base rate (CN8 exact),0,CN8 exact,
M,82,82130000,BR,5462,0.0076,0.042,OJ schedule base rate (CN8 exact),0,CN8 exact,
M,82,82011000,BR,4934,0.0069,0.017,OJ schedule base rate (CN8 exact),0,CN8 exact,
M,82,82121090,BR,4528,0.0063,0.027000000000000003,OJ schedule base rate (CN8 exact),0,CN8 exact,
M,82,82059090,BR,3769,0.0052,0.037000000000000005,OJ schedule base rate (CN8 exact),0,CN8 exact,
M,82,82013000,BR,2903,0.004,0.017,OJ schedule base rate (CN8 exact),0,CN8 exact,
M,82,82041100,BR,2588,0.0036,0.017,OJ schedule base rate (CN8 exact),0,CN8 exact,
M,82,82042000,BR,2500,0.0035,0.017,OJ schedule base rate (CN8 exact),0,CN8 exact,
M,82,82055980,BR,1416,0.002,0.027000000000000003,OJ schedule base rate (CN8 exact),0,CN8 exact,
M,82,82052000,BR,1170,0.0016,0.037000000000000005,OJ schedule base rate (CN8 exact),0,CN8 exact,
M,82,82032000,BR,1049,0.0015,0.017,OJ schedule base rate (CN8 exact),0,CN8 exact,
M,82,82075090,BR,956,0.0013,0.027000000000000003,OJ schedule base rate (CN8 exact),0,CN8 exact,
M,82,82019000,BR,813,0.0011,0.017,OJ schedule base rate (CN8 exact),0,CN8 exact,
M,82,82055100,BR,811,0.0011,0.037000000000000005,OJ schedule base rate (CN8 exact),0,CN8 exact,
M,82,82122000,BR,717,0.001,0.027000000000000003,OJ schedule base rate (CN8 exact),0,CN8 exact,
M,82,82031000,BR,658,0.0009,0.017,OJ schedule base rate (CN8 exact),0,CN8 exact,
M,82,82079099,BR,544,0.0008,0.027000000000000003,OJ schedule base rate (CN8 exact),0,CN8 exact,
M,82,82079099,UY,407,0.0006,0.027000000000000003,OJ schedule base rate (CN8 exact),0,CN8 exact,
M,82,82079091,BR,393,0.0005,0.027000000000000003,OJ schedule base rate (CN8 exact),0,CN8 exact,
M,82,82089000,AR,329,0.0005,0.017,OJ schedule base rate (CN8 exact),0,CN8 exact,
M,82,82073010,BR,324,0.0005,0.027000000000000003,OJ schedule base rate (CN8 exact),0,CN8 exact,
M,82,82021000,BR,300,0.0004,0.017,OJ schedule base rate (CN8 exact),0,CN8 exact,
M,82,82079010,BR,246,0.0003,0.027000000000000003,OJ schedule base rate (CN8 exact),0,CN8 exact,
M,82,82089000,BR,137,0.0002,0.017,OJ schedule base rate (CN8 exact),0,CN8 exact,
M,82,82119200,AR,115,0.0002,0.085,TARIC CN8,7,CN8 exact,
M,82,82079078,BR,88,0.0001,0.027000000000000003,OJ schedule base rate (CN8 exact),0,CN8 exact,
M,82,82029920,BR,50,0.0001,0.027000000000000003,OJ schedule base rate (CN8 exact),0,CN8 exact,
M,82,82075060,BR,43,0.0001,0.027000000000000003,OJ schedule base rate (CN8 exact),0,CN8 exact,
X,82,82129000,BR,2327210,0.7077,0.18,"min(schedule 0.18, WITS 0.18)",NCM rows (HS6),,
X,82,82122000,BR,629459,0.1914,0.18,"min(schedule 0.18, WITS 0.18)",NCM rows (HS6),,
X,82,82121090,BR,105507,0.0321,0.18,"min(schedule 0.18, WITS 0.18)",NCM rows (HS6),,
X,82,82059090,UY,67657,0.0206,0.18,"min(schedule 0.18, WITS 0.18)",NCM rows (HS6),,
X,82,82059090,BR,61599,0.0187,0.18,"min(schedule 0.18, WITS 0.18)",NCM rows (HS6),,
X,82,82023100,BR,48687,0.0148,0.18,"min(schedule 0.18, WITS 0.18)",NCM rows (HS6),,
X,82,82029980,BR,22494,0.0068,0.18,"min(schedule 0.18, WITS 0.18)",NCM rows (HS6),,
X,82,82122000,UY,7573,0.0023,0.18,"min(schedule 0.18, WITS 0.18)",NCM rows (HS6),,
X,82,82129000,UY,5818,0.0018,0.18,"min(schedule 0.18, WITS 0.18)",NCM rows (HS6),,
X,82,82121090,AR,3380,0.001,0.18,"min(schedule 0.18, WITS 0.18)",NCM rows (HS6),,
X,82,82121090,UY,2946,0.0009,0.18,"min(schedule 0.18, WITS 0.18)",NCM rows (HS6),,
X,82,82079099,BR,2424,0.0007,0.18,"min(schedule 0.18, WITS 0.18)",NCM rows (HS6),,
X,82,82073010,AR,1501,0.0005,0.35,"min(schedule 0.35, WITS 0.35)",NCM rows (HS6),,
X,82,82055980,UY,893,0.0003,0.18,"min(schedule 0.18, WITS 0.18)",NCM rows (HS6),,
X,82,82055100,AR,702,0.0002,0.18,"min(schedule 0.18, WITS 0.18)",NCM rows (HS6),,
X,82,82055910,BR,284,0.0001,0.18,"min(schedule 0.18, WITS 0.18)",NCM rows (HS6),,
X,82,82055100,BR,160,0.0,0.18,"min(schedule 0.18, WITS 0.18)",NCM rows (HS6),,
X,82,82060000,BR,104,0.0,0.18,"min(schedule 0.18, WITS 0.18)",NCM rows (HS6),,
X,82,82076050,BR,82,0.0,0.18,"min(schedule 0.18, WITS 0.18)",NCM rows (HS6),,
X,82,82055980,BR,78,0.0,0.18,"min(schedule 0.18, WITS 0.18)",NCM rows (HS6),,
X,82,82059090,AR,52,0.0,0.18,"min(schedule 0.18, WITS 0.18)",NCM rows (HS6),,
X,82,82119400,UY,19,0.0,0.18,"min(schedule 0.18, WITS 0.18)",NCM rows (HS6),,
M,84,84292000,BR,2298338,0.3266,0.0,TARIC CN8,0,CN8 exact,
M,84,84295199,BR,2000053,0.2843,0.0,TARIC CN8,0,CN8 exact,
M,84,84291100,BR,1273971,0.1811,0.0,TARIC CN8,0,CN8 exact,
M,84,84705000,BR,296642,0.0422,0.0,TARIC CN8,0,CN8 exact,
M,84,84431600,BR,130211,0.0185,0.017,TARIC CN8,0,CN8 exact,
M,84,84224000,BR,99675,0.0142,0.017,TARIC CN8,0,CN8 exact,
M,84,84329000,BR,98473,0.014,0.0,OJ schedule base rate Free (CN8 exact),0,CN8 exact,
M,84,84389000,BR,87701,0.0125,0.017,OJ schedule base rate (CN8 exact),0,CN8 exact,
M,84,84229090,BR,86347,0.0123,0.017,OJ schedule base rate (CN8 exact),0,CN8 exact,
M,84,84143020,BR,63978,0.0091,0.022000000000000002,OJ schedule base rate (CN8 exact),0,CN8 exact,
M,84,84732910,BR,60999,0.0087,0.0,OJ schedule base rate Free (CN8 exact),0,CN8 exact,
M,84,84244990,BR,44576,0.0063,0.0170000004768372,WITS HS6 AVE 2023,0,TARIC-implied from 2026 Mercosur preference (pref/base = 0.000),
M,84,84224000,AR,44463,0.0063,0.017,TARIC CN8,0,CN8 exact,
M,84,84148080,BR,39722,0.0056,0.022000000000000002,OJ schedule base rate (CN8 exact),0,CN8 exact,
M,84,84798997,AR,34999,0.005,0.017,OJ schedule base rate (CN8 exact),0,CN8 exact,
M,84,84099900,BR,33341,0.0047,0.027000000000000003,OJ schedule base rate (CN8 exact),4,CN8 exact,
M,84,84148011,AR,32398,0.0046,0.022000000000000002,OJ schedule base rate (CN8 exact),0,CN8 exact,
M,84,84332090,BR,32160,0.0046,0.0,OJ schedule base rate Free (CN8 exact),0,CN8 exact,
M,84,84139100,BR,26018,0.0037,0.017,OJ schedule base rate (CN8 exact),0,CN8 exact,
M,84,84814090,BR,24955,0.0035,0.022000000000000002,OJ schedule base rate (CN8 exact),0,CN8 exact,
M,84,84148019,BR,24439,0.0035,0.022000000000000002,OJ schedule base rate (CN8 exact),0,CN8 exact,
M,84,84249080,BR,19817,0.0028,0.00850000023841858,WITS HS6 AVE 2023,0,TARIC-implied from 2026 Mercosur preference (pref/base = 0.000),
M,84,84807100,BR,18607,0.0026,0.017,OJ schedule base rate (CN8 exact),0,CN8 exact,
M,84,84386000,AR,17850,0.0025,0.017,OJ schedule base rate (CN8 exact),0,CN8 exact,
M,84,84148011,BR,16452,0.0023,0.022000000000000002,OJ schedule base rate (CN8 exact),0,CN8 exact,
M,84,84138200,BR,15076,0.0021,0.017,OJ schedule base rate (CN8 exact),0,CN8 exact,
M,84,84523000,BR,11419,0.0016,0.027000000000000003,OJ schedule base rate (CN8 exact),0,CN8 exact,
M,84,84832000,BR,7813,0.0011,0.06,OJ schedule base rate (CN8 exact),4,CN8 exact,
M,84,84689000,BR,7554,0.0011,0.022000000000000002,OJ schedule base rate (CN8 exact),0,CN8 exact,
M,84,84799015,AR,6680,0.0009,0.0113333332538605,WITS HS6 AVE 2023,0,TARIC 2026: base duty free,
M,84,84681000,BR,6257,0.0009,0.022000000000000002,OJ schedule base rate (CN8 exact),0,CN8 exact,
M,84,84099900,UY,5968,0.0008,0.027000000000000003,OJ schedule base rate (CN8 exact),4,CN8 exact,
M,84,84314920,BR,5348,0.0008,0.0,OJ schedule base rate Free (CN8 exact),0,CN8 exact,
M,84,84138100,BR,5257,0.0007,0.017,OJ schedule base rate (CN8 exact),0,CN8 exact,
M,84,84198998,BR,5054,0.0007,0.024,OJ schedule base rate (CN8 exact),0,CN8 exact,
M,84,84716070,BR,4185,0.0006,0.0,OJ schedule base rate Free (CN8 exact),0,CN8 exact,
M,84,84212100,BR,3618,0.0005,0.017,OJ schedule base rate (CN8 exact),0,CN8 exact,
M,84,84099100,BR,2888,0.0004,0.027000000000000003,OJ schedule base rate (CN8 exact),0,CN8 exact,
M,84,84733080,BR,2635,0.0004,0.0,OJ schedule base rate Free (CN8 exact),0,CN8 exact,
M,84,84149000,AR,2632,0.0004,0.022000000000000002,OJ schedule base rate (CN8 exact),0,CN8 exact,
M,84,84122180,BR,2587,0.0004,0.027000000000000003,OJ schedule base rate (CN8 exact),0,CN8 exact,
M,84,84219990,BR,1979,0.0003,0.00850000023841858,WITS HS6 AVE 2023,0,TARIC-implied from 2026 Mercosur preference (pref/base = 0.000),
M,84,84133080,BR,1723,0.0002,0.017,OJ schedule base rate (CN8 exact),0,CN8 exact,
M,84,84229090,AR,1687,0.0002,0.017,OJ schedule base rate (CN8 exact),0,CN8 exact,
M,84,84818081,AR,1458,0.0002,0.022000000000000002,OJ schedule base rate (CN8 exact),0,CN8 exact,
M,84,84136080,BR,1450,0.0002,0.017,OJ schedule base rate (CN8 exact),0,CN8 exact,
M,84,84381010,BR,1435,0.0002,0.017,OJ schedule base rate (CN8 exact),0,CN8 exact,
M,84,84382000,BR,1422,0.0002,0.017,OJ schedule base rate (CN8 exact),0,CN8 exact,
M,84,84369100,BR,1354,0.0002,0.017,OJ schedule base rate (CN8 exact),0,CN8 exact,
M,84,84818059,BR,1308,0.0002,0.022000000000000002,OJ schedule base rate (CN8 exact),0,CN8 exact,
M,84,84099900,AR,1236,0.0002,0.027000000000000003,OJ schedule base rate (CN8 exact),4,CN8 exact,
M,84,84836080,BR,1234,0.0002,0.027000000000000003,OJ schedule base rate (CN8 exact),0,CN8 exact,
M,84,84799070,BR,1109,0.0002,0.0113333332538605,WITS HS6 AVE 2023,0,TARIC-implied from 2026 Mercosur preference (pref/base = 0.000),
M,84,84145100,PY,1077,0.0002,0.032,OJ schedule base rate (CN8 exact),0,CN8 exact,
M,84,84831021,BR,1075,0.0002,0.04,OJ schedule base rate (CN8 exact),0,CN8 exact,
M,84,84254900,BR,1010,0.0001,0.0,OJ schedule base rate Free (CN8 exact),0,CN8 exact,
M,84,84145995,BR,963,0.0001,0.0172500002384186,WITS HS6 AVE 2023,0,TARIC-implied from 2026 Mercosur preference (pref/base = 0.000),
M,84,84834090,BR,885,0.0001,0.037000000000000005,OJ schedule base rate (CN8 exact),0,CN8 exact,
M,84,84821090,BR,825,0.0001,0.08,OJ schedule base rate (CN8 exact),7,CN8 exact,
M,84,84379000,BR,778,0.0001,0.017,OJ schedule base rate (CN8 exact),0,CN8 exact,
M,84,84138200,AR,729,0.0001,0.017,OJ schedule base rate (CN8 exact),0,CN8 exact,
M,84,84719000,BR,709,0.0001,0.0,OJ schedule base rate Free (CN8 exact),0,CN8 exact,
M,84,84713000,AR,687,0.0001,0.0,OJ schedule base rate Free (CN8 exact),0,CN8 exact,
M,84,84879090,BR,686,0.0001,0.017,OJ schedule base rate (CN8 exact),0,CN8 exact,
M,84,84669400,BR,677,0.0001,0.012,OJ schedule base rate (CN8 exact),0,CN8 exact,
M,84,84073210,BR,616,0.0001,0.027000000000000003,OJ schedule base rate (CN8 exact),0,CN8 exact,
M,84,84411070,AR,510,0.0001,0.017,OJ schedule base rate (CN8 exact),0,CN8 exact,
M,84,84836080,UY,497,0.0001,0.027000000000000003,OJ schedule base rate (CN8 exact),0,CN8 exact,
M,84,84133020,BR,459,0.0001,0.017,OJ schedule base rate (CN8 exact),0,CN8 exact,
M,84,84143081,BR,434,0.0001,0.022000000000000002,OJ schedule base rate (CN8 exact),0,CN8 exact,
M,84,84149000,BR,423,0.0001,0.022000000000000002,OJ schedule base rate (CN8 exact),0,CN8 exact,
M,84,84799070,AR,413,0.0001,0.0113333332538605,WITS HS6 AVE 2023,0,TARIC-implied from 2026 Mercosur preference (pref/base = 0.000),
M,84,84715000,BR,371,0.0001,0.0,OJ schedule base rate Free (CN8 exact),0,CN8 exact,
M,84,84135061,AR,327,0.0,0.017,OJ schedule base rate (CN8 exact),0,CN8 exact,
M,84,84143089,BR,324,0.0,0.022000000000000002,OJ schedule base rate (CN8 exact),0,CN8 exact,
M,84,84733080,UY,311,0.0,0.0,OJ schedule base rate Free (CN8 exact),0,CN8 exact,
M,84,84369900,BR,309,0.0,0.017,OJ schedule base rate (CN8 exact),0,CN8 exact,
M,84,84831095,BR,226,0.0,0.04,OJ schedule base rate (CN8 exact),0,CN8 exact,
M,84,84733020,BR,195,0.0,0.0,OJ schedule base rate Free (CN8 exact),0,CN8 exact,
M,84,84834029,BR,182,0.0,0.037000000000000005,OJ schedule base rate (CN8 exact),0,CN8 exact,
M,84,84833080,BR,173,0.0,0.034,OJ schedule base rate (CN8 exact),4,CN8 exact,
M,84,84678900,BR,170,0.0,0.017,OJ schedule base rate (CN8 exact),0,CN8 exact,
M,84,84099100,AR,165,0.0,0.027000000000000003,OJ schedule base rate (CN8 exact),0,CN8 exact,
M,84,84133080,AR,146,0.0,0.017,OJ schedule base rate (CN8 exact),0,CN8 exact,
M,84,84818099,BR,140,0.0,0.022000000000000002,OJ schedule base rate (CN8 exact),0,CN8 exact,
M,84,84244100,BR,123,0.0,0.0170000004768372,WITS HS6 AVE 2023,0,TARIC-implied from 2026 Mercosur preference (pref/base = 0.000),
M,84,84718000,UY,120,0.0,0.0,OJ schedule base rate Free (CN8 exact),0,CN8 exact,
M,84,84841000,BR,94,0.0,0.017,OJ schedule base rate (CN8 exact),0,CN8 exact,
M,84,84718000,BR,88,0.0,0.0,OJ schedule base rate Free (CN8 exact),0,CN8 exact,
M,84,84819000,BR,72,0.0,0.022000000000000002,OJ schedule base rate (CN8 exact),0,CN8 exact,
M,84,84669360,BR,71,0.0,0.00966666698455811,WITS HS6 AVE 2023,0,TARIC-implied from 2026 Mercosur preference (pref/base = 0.000),
M,84,84149000,UY,70,0.0,0.022000000000000002,OJ schedule base rate (CN8 exact),0,CN8 exact,
M,84,84879040,BR,68,0.0,0.017,OJ schedule base rate (CN8 exact),0,CN8 exact,
M,84,84749090,AR,62,0.0,0.0,OJ schedule base rate Free (CN8 exact),0,CN8 exact,
M,84,84818019,BR,59,0.0,0.022000000000000002,OJ schedule base rate (CN8 exact),0,CN8 exact,
M,84,84389000,AR,58,0.0,0.017,OJ schedule base rate (CN8 exact),0,CN8 exact,
M,84,84669340,BR,43,0.0,0.00966666698455811,WITS HS6 AVE 2023,0,TARIC 2026: base duty free,
M,84,84831095,AR,40,0.0,0.04,OJ schedule base rate (CN8 exact),0,CN8 exact,
M,84,84213100,BR,38,0.0,0.017,OJ schedule base rate (CN8 exact),0,CN8 exact,
M,84,84733080,AR,36,0.0,0.0,OJ schedule base rate Free (CN8 exact),0,CN8 exact,
M,84,84849000,BR,27,0.0,0.017,OJ schedule base rate (CN8 exact),0,CN8 exact,
M,84,84565000,BR,18,0.0,0.0170000004768372,WITS HS6 AVE 2023,0,TARIC-implied from 2026 Mercosur preference (pref/base = 0.000),
M,84,84715000,UY,18,0.0,0.0,OJ schedule base rate Free (CN8 exact),0,CN8 exact,
M,84,84717020,BR,17,0.0,0.0,OJ schedule base rate Free (CN8 exact),0,CN8 exact,
M,84,84835080,BR,10,0.0,0.027000000000000003,OJ schedule base rate (CN8 exact),0,CN8 exact,
M,84,84829190,AR,5,0.0,0.077,OJ schedule base rate (CN8 exact),7,CN8 exact,
M,84,84879090,AR,4,0.0,0.017,OJ schedule base rate (CN8 exact),0,CN8 exact,
X,84,84483200,BR,2815105,0.2531,0.08,"min(schedule 0.08, WITS 0.08)",NCM rows (HS6),,
X,84,84099900,BR,2000502,0.1798,0.11058823529411765,"min(schedule 0.11058823529411765, WITS 0.110588235855103)",NCM rows (HS6),,
X,84,84633000,BR,1959367,0.1761,0.14,"min(schedule 0.14, WITS 0.14)",NCM rows (HS6),,
X,84,84381010,BR,1039296,0.0934,0.14,"min(schedule 0.14, WITS 0.14)",NCM rows (HS6),,
X,84,84212100,AR,304761,0.0274,0.14,"min(schedule 0.14, WITS 0.14)",NCM rows (HS6),,
X,84,84224000,AR,294849,0.0265,0.035,"min(schedule 0.035, WITS 0.035)",NCM rows (HS6),,
X,84,84232010,AR,243285,0.0219,0.14,"min(schedule 0.14, WITS 0.14)",NCM rows (HS6),,
X,84,84283300,AR,232972,0.0209,0.02,"min(schedule 0.02, WITS 0.02)",NCM rows (HS6),,
X,84,84099900,AR,219320,0.0197,0.11058823529411765,"min(schedule 0.11058823529411765, WITS 0.110588235855103)",NCM rows (HS6),,
X,84,84099900,UY,211456,0.019,0.11058823529411765,"min(schedule 0.11058823529411765, WITS 0.127692308425903)",NCM rows (HS6),,
X,84,84201089,BR,192838,0.0173,0.14,"min(schedule 0.14, WITS 0.14)",NCM rows (HS6),,
X,84,84212100,BR,151636,0.0136,0.14,"min(schedule 0.14, WITS 0.14)",NCM rows (HS6),,
X,84,84622300,AR,79705,0.0072,0.1647058823529412,"min(schedule 0.1647058823529412, WITS None)","NCM rows (HS4 fallback, HS6 code absent from NCM 2012)",,
X,84,84798997,BR,74270,0.0067,0.12,"min(schedule 0.12000000000000002, WITS 0.12)",NCM rows (HS6),,
X,84,84248210,BR,58556,0.0053,0.11750000000000001,"min(schedule 0.11750000000000001, WITS 0.14)","NCM rows (HS4 fallback, HS6 code absent from NCM 2012)",,
X,84,84879059,BR,57764,0.0052,0.14,"min(schedule 0.14, WITS 0.14)",NCM rows (HS6),,
X,84,84779080,BR,53713,0.0048,0.14,"min(schedule 0.14, WITS 0.14)",NCM rows (HS6),,
X,84,84232090,AR,53510,0.0048,0.14,"min(schedule 0.14, WITS 0.14)",NCM rows (HS6),,
X,84,84431390,AR,52106,0.0047,0.01,"min(schedule 0.01, WITS 0.01)",NCM rows (HS6),,
X,84,84248210,AR,50394,0.0045,0.11000000000000001,"min(schedule 0.11000000000000001, WITS 0.14)","NCM rows (HS4 fallback, HS6 code absent from NCM 2012)",,
X,84,84213100,BR,48476,0.0044,0.16,"min(schedule 0.16, WITS 0.16)",NCM rows (HS6),,
X,84,84795000,BR,48434,0.0044,0.0,"min(schedule 0.14, WITS 0.0)",NCM rows (HS6),,
X,84,84532000,BR,42829,0.0038,0.14,"min(schedule 0.14, WITS 0.14)",NCM rows (HS6),,
X,84,84669400,BR,39017,0.0035,0.14,"min(schedule 0.14, WITS 0.14)",NCM rows (HS6),,
X,84,84385000,AR,35624,0.0032,0.14,"min(schedule 0.14, WITS 0.14)",NCM rows (HS6),,
X,84,84483200,AR,34798,0.0031,0.011428571428571429,"min(schedule 0.011428571428571429, WITS 0.011428571939468399)",NCM rows (HS6),,
X,84,84735080,BR,33117,0.003,0.1,"min(schedule 0.1, WITS 0.1)",NCM rows (HS6),,
X,84,84433210,AR,28171,0.0025,0.0,"min(schedule 0.06315789473684211, WITS 0.0)",NCM rows (HS6),,
X,84,84807100,BR,27789,0.0025,0.14,"min(schedule 0.3, WITS 0.14)",NCM rows (HS6),,
X,84,84798997,AR,27136,0.0024,0.10800000000000001,"min(schedule 0.10800000000000001, WITS 0.108000001907349)",NCM rows (HS6),,
X,84,84129080,BR,25905,0.0023,0.14,"min(schedule 0.14, WITS 0.14)",NCM rows (HS6),,
X,84,84515000,BR,24693,0.0022,0.0466666650772095,"min(schedule 0.04666666666666667, WITS 0.0466666650772095)",NCM rows (HS6),,
X,84,84295210,BO,23773,0.0021,0,n/a,n/a (Bolivia),,
X,84,84733080,BR,21488,0.0019,0.050769230769230775,"min(schedule 0.050769230769230775, WITS 0.05692307472229)",NCM rows (HS6),,
X,84,84139100,BR,20695,0.0019,0.14,"min(schedule 0.14, WITS 0.14)",NCM rows (HS6),,
X,84,84339000,BR,20643,0.0019,0.15,"min(schedule 0.15000000000000002, WITS 0.15)",NCM rows (HS6),,
X,84,84718000,BR,20347,0.0018,0.16,"min(schedule 0.16, WITS 0.16)",NCM rows (HS6),,
X,84,84814090,AR,17418,0.0016,0.14,"min(schedule 0.14, WITS 0.14)",NCM rows (HS6),,
X,84,84191200,AR,16894,0.0015,0.14612903225806453,"min(schedule 0.14612903225806453, WITS None)","NCM rows (HS4 fallback, HS6 code absent from NCM 2012)",,
X,84,84771000,BR,13841,0.0012,0.14,"min(schedule 0.14, WITS 0.14)",NCM rows (HS6),,
X,84,84413000,BR,13456,0.0012,0.14,"min(schedule 0.14, WITS 0.14)",NCM rows (HS6),,
X,84,84219990,BR,12117,0.0011,0.07,"min(schedule 0.07, WITS 0.07)",NCM rows (HS6),,
X,84,84433280,AR,10987,0.001,0.0,"min(schedule 0.06315789473684211, WITS 0.0)",NCM rows (HS6),,
X,84,84149000,BR,10346,0.0009,0.14,"min(schedule 0.14, WITS 0.14)",NCM rows (HS6),,
X,84,84138200,BR,10232,0.0009,0.14,"min(schedule 0.14, WITS 0.14)",NCM rows (HS6),,
X,84,84483200,PY,10059,0.0009,0.002857142857142857,"min(schedule 0.002857142857142857, WITS 0.0028571429848670998)",NCM rows (HS6),,
X,84,84818099,AR,9686,0.0009,0.14285714149475098,"min(schedule 0.15142857142857144, WITS 0.14285714149475098)",NCM rows (HS6),,
X,84,84249080,BR,9552,0.0009,0.14,"min(schedule 0.14, WITS 0.14)",NCM rows (HS6),,
X,84,84718000,UY,9466,0.0009,0.02,"min(schedule 0.02, WITS 0.02)",NCM rows (HS6),,
X,84,84219100,BR,8259,0.0007,0.1,"min(schedule 0.10000000000000002, WITS 0.1)",NCM rows (HS6),,
X,84,84772000,BR,7216,0.0006,0.14,"min(schedule 0.14, WITS 0.14)",NCM rows (HS6),,
X,84,84148051,BR,7142,0.0006,0.129230766296387,"min(schedule 0.12923076923076923, WITS 0.129230766296387)",NCM rows (HS6),,
X,84,84243008,BR,6427,0.0006,0.07,"min(schedule 0.07, WITS 0.07)",NCM rows (HS6),,
X,84,84439990,BR,6223,0.0006,0.0452631568908691,"min(schedule 0.05473684210526316, WITS 0.0452631568908691)",NCM rows (HS6),,
X,84,84329000,BR,6195,0.0006,0.14,"min(schedule 0.14, WITS 0.14)",NCM rows (HS6),,
X,84,84719000,BR,5884,0.0005,0.10666666666666667,"min(schedule 0.10666666666666667, WITS 0.11)",NCM rows (HS6),,
X,84,84849000,BO,5833,0.0005,0,n/a,n/a (Bolivia),,
X,84,84249080,AR,5723,0.0005,0.14,"min(schedule 0.14, WITS 0.14)",NCM rows (HS6),,
X,84,84138100,BR,5553,0.0005,0.14,"min(schedule 0.14, WITS 0.14)",NCM rows (HS6),,
X,84,84385000,UY,5399,0.0005,0.0,"min(schedule 0.0, WITS 0.0)",NCM rows (HS6),,
X,84,84122180,AR,5155,0.0005,0.14,"min(schedule 0.14, WITS 0.14)",NCM rows (HS6),,
X,84,84483900,BR,5085,0.0005,0.0890909090909091,"min(schedule 0.0890909090909091, WITS 0.08909090995788571)",NCM rows (HS6),,
X,84,84715000,AR,5010,0.0005,0.0,"min(schedule 0.11200000000000002, WITS 0.0)",NCM rows (HS6),,
X,84,84162080,BR,4962,0.0004,0.14,"min(schedule 0.14, WITS 0.14)",NCM rows (HS6),,
X,84,84539000,BR,4940,0.0004,0.14,"min(schedule 0.14, WITS 0.14)",NCM rows (HS6),,
X,84,84714100,BR,4880,0.0004,0.09,"min(schedule 0.14, WITS 0.09)",NCM rows (HS6),,
X,84,84733080,UY,4781,0.0004,0.012307692307692308,"min(schedule 0.012307692307692308, WITS 0.0123076927661896)",NCM rows (HS6),,
X,84,84819000,BR,4775,0.0004,0.15,"min(schedule 0.15000000000000002, WITS 0.15)",NCM rows (HS6),,
X,84,84431310,BO,4753,0.0004,0,n/a,n/a (Bolivia),,
X,84,84149000,AR,4750,0.0004,0.12285714285714287,"min(schedule 0.12285714285714287, WITS 0.14)",NCM rows (HS6),,
X,84,84669400,AR,4696,0.0004,0.14,"min(schedule 0.14, WITS 0.14)",NCM rows (HS6),,
X,84,84812090,BR,4692,0.0004,0.09333333015441889,"min(schedule 0.09333333333333334, WITS 0.09333333015441889)",NCM rows (HS6),,
X,84,84143089,BR,4679,0.0004,0.125,"min(schedule 0.125, WITS 0.125)",NCM rows (HS6),,
X,84,84136069,BR,4577,0.0004,0.14,"min(schedule 0.14, WITS 0.14)",NCM rows (HS6),,
X,84,84099100,UY,4544,0.0004,0.1366666666666667,"min(schedule 0.1366666666666667, WITS 0.136666669845581)",NCM rows (HS6),,
X,84,84625100,UY,4505,0.0004,0.0,"min(schedule 0.0, WITS None)","NCM rows (HS4 fallback, HS6 code absent from NCM 2012)",,
X,84,84122180,BR,4253,0.0004,0.14,"min(schedule 0.14, WITS 0.14)",NCM rows (HS6),,
X,84,84425000,AR,4145,0.0004,0.02,"min(schedule 0.14, WITS 0.02)",NCM rows (HS6),,
X,84,84749090,AR,3716,0.0003,0.14,"min(schedule 0.14, WITS 0.14)",NCM rows (HS6),,
X,84,84243090,BR,3699,0.0003,0.07,"min(schedule 0.07, WITS 0.07)",NCM rows (HS6),,
X,84,84212980,BR,3693,0.0003,0.0839999961853027,"min(schedule 0.084, WITS 0.0839999961853027)",NCM rows (HS6),,
X,84,84431390,BR,3608,0.0003,0.07,"min(schedule 0.07, WITS 0.07)",NCM rows (HS6),,
X,84,84433210,PY,3419,0.0003,0.00315789461135864,"min(schedule 0.003157894736842105, WITS 0.00315789461135864)",NCM rows (HS6),,
X,84,84219990,AR,3276,0.0003,0.04,"min(schedule 0.07, WITS 0.04)",NCM rows (HS6),,
X,84,84198180,UY,3196,0.0003,0.0,"min(schedule 0.0, WITS 0.0)",NCM rows (HS6),,
X,84,84718000,AR,2972,0.0003,0.0,"min(schedule 0.16, WITS 0.0)",NCM rows (HS6),,
X,84,84818059,AR,2950,0.0003,0.14285714149475098,"min(schedule 0.15142857142857144, WITS 0.14285714149475098)",NCM rows (HS6),,
X,84,84798100,BR,2930,0.0003,0.07,"min(schedule 0.07, WITS 0.07)",NCM rows (HS6),,
X,84,84713000,BR,2906,0.0003,0.12,"min(schedule 0.12, WITS 0.125)",NCM rows (HS6),,
X,84,84811099,BR,2757,0.0002,0.14,"min(schedule 0.14, WITS 0.14)",NCM rows (HS6),,
X,84,84243008,UY,2737,0.0002,0.0,"min(schedule 0.0, WITS 0.0)",NCM rows (HS6),,
X,84,84128080,BR,2706,0.0002,0.14,"min(schedule 0.14, WITS 0.14)",NCM rows (HS6),,
X,84,84122989,UY,2590,0.0002,0.02,"min(schedule 0.02, WITS 0.02)",NCM rows (HS6),,
X,84,84842000,BR,2589,0.0002,0.14,"min(schedule 0.14, WITS 0.14)",NCM rows (HS6),,
X,84,84159000,BR,2501,0.0002,0.166666660308838,"min(schedule 0.16666666666666666, WITS 0.166666660308838)",NCM rows (HS6),,
X,84,84433210,BR,2474,0.0002,0.0631578969955444,"min(schedule 0.06947368421052631, WITS 0.0631578969955444)",NCM rows (HS6),,
X,84,84229090,AR,2473,0.0002,0.15,"min(schedule 0.15000000000000002, WITS 0.15)",NCM rows (HS6),,
X,84,84135040,BR,2374,0.0002,0.14,"min(schedule 0.14, WITS 0.14)",NCM rows (HS6),,
X,84,84411010,BR,2345,0.0002,0.07,"min(schedule 0.07, WITS 0.07)",NCM rows (HS6),,
X,84,84831021,BR,2302,0.0002,0.11714285714285715,"min(schedule 0.11714285714285715, WITS 0.11714285850524901)",NCM rows (HS6),,
X,84,84313100,UY,2283,0.0002,0.02,"min(schedule 0.02, WITS 0.02)",NCM rows (HS6),,
X,84,84812010,BR,2158,0.0002,0.09333333015441889,"min(schedule 0.09333333333333334, WITS 0.09333333015441889)",NCM rows (HS6),,
X,84,84439990,AR,2045,0.0002,0.0,"min(schedule 0.05473684210526316, WITS 0.0)",NCM rows (HS6),,
X,84,84158200,BR,2041,0.0002,0.16,"min(schedule 0.16, WITS 0.16)",NCM rows (HS6),,
X,84,84879040,BR,2032,0.0002,0.14,"min(schedule 0.14, WITS 0.14)",NCM rows (HS6),,
X,84,84431310,AR,1986,0.0002,0.01,"min(schedule 0.01, WITS 0.01)",NCM rows (HS6),,
X,84,84131900,BR,1934,0.0002,0.14,"min(schedule 0.14, WITS 0.14)",NCM rows (HS6),,
X,84,84169000,UY,1883,0.0002,0.02,"min(schedule 0.02, WITS 0.02)",NCM rows (HS6),,
X,84,84715000,BR,1869,0.0002,0.11199999809265099,"min(schedule 0.11200000000000002, WITS 0.11199999809265099)",NCM rows (HS6),,
X,84,84186900,BR,1853,0.0002,0.13714285714285715,"min(schedule 0.13714285714285715, WITS 0.13714285850524902)",NCM rows (HS6),,
X,84,84679200,UY,1817,0.0002,0.02,"min(schedule 0.02, WITS 0.02)",NCM rows (HS6),,
X,84,84029000,BR,1792,0.0002,0.14,"min(schedule 0.14, WITS 0.14)",NCM rows (HS6),,
X,84,84713000,AR,1776,0.0002,0.0,"min(schedule 0.22, WITS 0.0)",NCM rows (HS6),,
X,84,84839089,BR,1688,0.0002,0.14,"min(schedule 0.14, WITS 0.14)",NCM rows (HS6),,
X,84,84716070,BR,1675,0.0002,0.14,"min(schedule 0.14, WITS 0.14)",NCM rows (HS6),,
X,84,84189990,BR,1657,0.0001,0.14,"min(schedule 0.14, WITS 0.14)",NCM rows (HS6),,
X,84,84836080,UY,1656,0.0001,0.02,"min(schedule 0.02, WITS 0.02)",NCM rows (HS6),,
X,84,84389000,BR,1620,0.0001,0.14,"min(schedule 0.14, WITS 0.14)",NCM rows (HS6),,
X,84,84131900,AR,1610,0.0001,0.14,"min(schedule 0.14, WITS 0.14)",NCM rows (HS6),,
X,84,84732110,BR,1493,0.0001,0.16,"min(schedule 0.16, WITS 0.16)",NCM rows (HS6),,
X,84,84219990,UY,1471,0.0001,0.01,"min(schedule 0.01, WITS 0.0133333337306976)",NCM rows (HS6),,
X,84,84099100,BR,1438,0.0001,0.148333330154419,"min(schedule 0.14833333333333334, WITS 0.148333330154419)",NCM rows (HS6),,
X,84,84289090,BR,1408,0.0001,0.07,"min(schedule 0.07, WITS 0.07)",NCM rows (HS6),,
X,84,84819000,AR,1391,0.0001,0.15,"min(schedule 0.15000000000000002, WITS 0.15)",NCM rows (HS6),,
X,84,84433900,BR,1386,0.0001,0.11666666666666668,"min(schedule 0.11666666666666668, WITS 0.116666669845581)",NCM rows (HS6),,
X,84,84818059,BR,1300,0.0001,0.15142857142857144,"min(schedule 0.15142857142857144, WITS 0.151428575515747)",NCM rows (HS6),,
X,84,84714900,BR,1280,0.0001,0.16,"min(schedule 0.16, WITS 0.16)",NCM rows (HS6),,
X,84,84732190,BR,1251,0.0001,0.16,"min(schedule 0.16, WITS 0.16)",NCM rows (HS6),,
X,84,84818099,BR,1238,0.0001,0.15142857142857144,"min(schedule 0.15142857142857144, WITS 0.151428575515747)",NCM rows (HS6),,
X,84,84413000,AR,1212,0.0001,0.08,"min(schedule 0.14, WITS 0.08)",NCM rows (HS6),,
X,84,84149000,UY,1211,0.0001,0.0309090900421143,"min(schedule 0.037142857142857144, WITS 0.0309090900421143)",NCM rows (HS6),,
X,84,84191200,UY,1172,0.0001,0.027741935483870966,"min(schedule 0.027741935483870966, WITS None)","NCM rows (HS4 fallback, HS6 code absent from NCM 2012)",,
X,84,84133080,AR,1125,0.0001,0.18,"min(schedule 0.18, WITS 0.18)",NCM rows (HS6),,
X,84,84501190,BR,1082,0.0001,0.2,"min(schedule 0.2, WITS 0.2)",NCM rows (HS6),,
X,84,84249080,UY,1049,0.0001,0.06,"min(schedule 0.08, WITS 0.06)",NCM rows (HS6),,
X,84,84185090,AR,973,0.0001,0.245,"min(schedule 0.245, WITS 0.245)",NCM rows (HS6),,
X,84,84717098,AR,947,0.0001,0.0,"min(schedule 0.05555555555555555, WITS 0.0)",NCM rows (HS6),,
X,84,84349000,UY,941,0.0001,0.02,"min(schedule 0.02, WITS 0.02)",NCM rows (HS6),,
X,84,84733080,AR,906,0.0001,0.0,"min(schedule 0.05692307692307692, WITS 0.0)",NCM rows (HS6),,
X,84,84139100,AR,894,0.0001,0.14,"min(schedule 0.14, WITS 0.14)",NCM rows (HS6),,
X,84,84716070,AR,879,0.0001,0.02,"min(schedule 0.14, WITS 0.02)",NCM rows (HS6),,
X,84,84148080,BR,872,0.0001,0.129230766296387,"min(schedule 0.12923076923076923, WITS 0.129230766296387)",NCM rows (HS6),,
X,84,84242000,UY,842,0.0001,0.0,"min(schedule 0.0, WITS 0.0)",NCM rows (HS6),,
X,84,84135080,BR,820,0.0001,0.14,"min(schedule 0.14, WITS 0.14)",NCM rows (HS6),,
X,84,84072900,BR,800,0.0001,0.14,"min(schedule 0.14, WITS 0.14)",NCM rows (HS6),,
X,84,84413000,PY,793,0.0001,0.0,"min(schedule 0.0, WITS 0.0)",NCM rows (HS6),,
X,84,84501111,BR,792,0.0001,0.2,"min(schedule 0.2, WITS 0.2)",NCM rows (HS6),,
X,84,84796000,BR,741,0.0001,0.14,"min(schedule 0.14, WITS 0.14)",NCM rows (HS6),,
X,84,84182191,UY,674,0.0001,0.2,"min(schedule 0.2, WITS 0.2)",NCM rows (HS6),,
X,84,84669280,AR,658,0.0001,0.14,"min(schedule 0.14, WITS 0.14)",NCM rows (HS6),,
X,84,84313100,BR,649,0.0001,0.14,"min(schedule 0.14, WITS 0.14)",NCM rows (HS6),,
X,84,84139100,UY,642,0.0001,0.02,"min(schedule 0.02, WITS 0.02)",NCM rows (HS6),,
X,84,84213100,AR,642,0.0001,0.16,"min(schedule 0.16, WITS 0.16)",NCM rows (HS6),,
X,84,84836080,BR,626,0.0001,0.14,"min(schedule 0.14, WITS 0.14)",NCM rows (HS6),,
X,84,84717050,BR,586,0.0001,0.044444444444444446,"min(schedule 0.044444444444444446, WITS 0.0555555534362793)",NCM rows (HS6),,
X,84,84099100,AR,579,0.0001,0.148333330154419,"min(schedule 0.14833333333333334, WITS 0.148333330154419)",NCM rows (HS6),,
X,84,84433210,UY,572,0.0001,0.008421052631578947,"min(schedule 0.008421052631578947, WITS 0.008421052694320679)",NCM rows (HS6),,
X,84,84733020,BR,571,0.0001,0.050769230769230775,"min(schedule 0.050769230769230775, WITS 0.05692307472229)",NCM rows (HS6),,
X,84,84242000,BR,560,0.0001,0.14,"min(schedule 0.14, WITS 0.14)",NCM rows (HS6),,
X,84,84749090,BO,541,0.0,0,n/a,n/a (Bolivia),,
X,84,84839089,AR,535,0.0,0.14,"min(schedule 0.14, WITS 0.14)",NCM rows (HS6),,
X,84,84099100,BO,526,0.0,0,n/a,n/a (Bolivia),,
X,84,84512100,BR,523,0.0,0.2,"min(schedule 0.2, WITS 0.2)",NCM rows (HS6),,
X,84,84689000,UY,520,0.0,0.06,"min(schedule 0.06, WITS 0.06)",NCM rows (HS6),,
X,84,84821090,BR,496,0.0,0.16,"min(schedule 0.16, WITS 0.16)",NCM rows (HS6),,
X,84,84841000,BR,495,0.0,0.16,"min(schedule 0.16, WITS 0.16)",NCM rows (HS6),,
X,84,84145995,UY,487,0.0,0.01,"min(schedule 0.01, WITS 0.0133333337306976)",NCM rows (HS6),,
X,84,84829900,BR,482,0.0,0.08,"min(schedule 0.08, WITS 0.08)",NCM rows (HS6),,
X,84,84138100,UY,472,0.0,0.02,"min(schedule 0.02, WITS 0.02)",NCM rows (HS6),,
X,84,84689000,BR,471,0.0,0.1,"min(schedule 0.10000000000000002, WITS 0.1)",NCM rows (HS6),,
X,84,84148080,UY,465,0.0,0.016923076923076926,"min(schedule 0.016923076923076926, WITS 0.0235294127464294)",NCM rows (HS6),,
X,84,84129080,UY,455,0.0,0.015,"min(schedule 0.015, WITS 0.0166666662693024)",NCM rows (HS6),,
X,84,84069090,BR,452,0.0,0.0839999961853027,"min(schedule 0.084, WITS 0.0839999961853027)",NCM rows (HS6),,
X,84,84839089,BO,445,0.0,0,n/a,n/a (Bolivia),,
X,84,84221100,UY,439,0.0,0.2,"min(schedule 0.2, WITS 0.2)",NCM rows (HS6),,
X,84,84129080,AR,433,0.0,0.14,"min(schedule 0.14, WITS 0.14)",NCM rows (HS6),,
X,84,84433900,UY,403,0.0,0.0,"min(schedule 0.0, WITS 0.0)",NCM rows (HS6),,
X,84,84798997,UY,397,0.0,0.0359999990463257,"min(schedule 0.036, WITS 0.0359999990463257)",NCM rows (HS6),,
X,84,84143081,BR,390,0.0,0.125,"min(schedule 0.125, WITS 0.125)",NCM rows (HS6),,
X,84,84512100,UY,385,0.0,0.2,"min(schedule 0.2, WITS 0.2)",NCM rows (HS6),,
X,84,84439990,UY,381,0.0,0.0126315784454346,"min(schedule 0.01263157894736842, WITS 0.0126315784454346)",NCM rows (HS6),,
X,84,84439910,BR,373,0.0,0.0452631568908691,"min(schedule 0.05473684210526316, WITS 0.0452631568908691)",NCM rows (HS6),,
X,84,84137081,BR,371,0.0,0.14,"min(schedule 0.14, WITS 0.14)",NCM rows (HS6),,
X,84,84818085,BR,365,0.0,0.15142857142857144,"min(schedule 0.15142857142857144, WITS 0.151428575515747)",NCM rows (HS6),,
X,84,84198180,BR,360,0.0,0.14,"min(schedule 0.14, WITS 0.14)",NCM rows (HS6),,
X,84,84501111,UY,338,0.0,0.2,"min(schedule 0.2, WITS 0.2)",NCM rows (HS6),,
X,84,84253100,AR,332,0.0,0.14,"min(schedule 0.14, WITS 0.14)",NCM rows (HS6),,
X,84,84501190,UY,311,0.0,0.2,"min(schedule 0.2, WITS 0.2)",NCM rows (HS6),,
X,84,84849000,BR,303,0.0,0.16,"min(schedule 0.16, WITS 0.16)",NCM rows (HS6),,
X,84,84439199,BR,295,0.0,0.14,"min(schedule 0.14, WITS 0.14)",NCM rows (HS6),,
X,84,84713000,PY,281,0.0,0.005,"min(schedule 0.005, WITS 0.005)",NCM rows (HS6),,
X,84,84169000,AR,273,0.0,0.14,"min(schedule 0.14, WITS 0.14)",NCM rows (HS6),,
X,84,84716070,BO,268,0.0,0,n/a,n/a (Bolivia),,
X,84,84749090,BR,267,0.0,0.14,"min(schedule 0.14, WITS 0.14)",NCM rows (HS6),,
X,84,84717020,BR,256,0.0,0.044444444444444446,"min(schedule 0.044444444444444446, WITS 0.0555555534362793)",NCM rows (HS6),,
X,84,84814010,BR,235,0.0,0.14,"min(schedule 0.14, WITS 0.14)",NCM rows (HS6),,
X,84,84717098,BR,218,0.0,0.044444444444444446,"min(schedule 0.044444444444444446, WITS 0.0555555534362793)",NCM rows (HS6),,
X,84,84335985,AR,198,0.0,0.04666666666666667,"min(schedule 0.04666666666666667, WITS 0.0533333349227905)",NCM rows (HS6),,
X,84,84163000,BR,187,0.0,0.14,"min(schedule 0.14, WITS 0.14)",NCM rows (HS6),,
X,84,84179000,UY,167,0.0,0.02,"min(schedule 0.02, WITS 0.02)",NCM rows (HS6),,
X,84,84099100,PY,166,0.0,0.08666666666666667,"min(schedule 0.08666666666666667, WITS 0.0866666698455811)",NCM rows (HS6),,
X,84,84182199,BR,161,0.0,0.2,"min(schedule 0.2, WITS 0.2)",NCM rows (HS6),,
X,84,84133080,BR,158,0.0,0.18,"min(schedule 0.18, WITS 0.18)",NCM rows (HS6),,
X,84,84213100,BO,135,0.0,0,n/a,n/a (Bolivia),,
X,84,84182199,UY,133,0.0,0.2,"min(schedule 0.2, WITS 0.2)",NCM rows (HS6),,
X,84,84141081,BR,130,0.0,0.14,"min(schedule 0.14, WITS 0.14)",NCM rows (HS6),,
X,84,84433280,BR,130,0.0,0.0631578969955444,"min(schedule 0.06947368421052631, WITS 0.0631578969955444)",NCM rows (HS6),,
X,84,84169000,BR,127,0.0,0.14,"min(schedule 0.14, WITS 0.14)",NCM rows (HS6),,
X,84,84824000,BR,118,0.0,0.16,"min(schedule 0.16, WITS 0.16)",NCM rows (HS6),,
X,84,84812090,UY,117,0.0,0.09333333333333334,"min(schedule 0.09333333333333334, WITS 0.105)",NCM rows (HS6),,
X,84,84799070,AR,113,0.0,0.15,"min(schedule 0.15000000000000002, WITS 0.15)",NCM rows (HS6),,
X,84,84485190,AR,112,0.0,0.0,"min(schedule 0.0, WITS 0.01)",NCM rows (HS6),,
X,84,84433100,BR,108,0.0,0.05333333333333333,"min(schedule 0.05333333333333333, WITS 0.0533333349227905)",NCM rows (HS6),,
X,84,84678900,UY,107,0.0,0.0,"min(schedule 0.0, WITS 0.0)",NCM rows (HS6),,
X,84,84212300,BR,106,0.0,0.16,"min(schedule 0.16, WITS 0.16)",NCM rows (HS6),,
X,84,84831095,BO,99,0.0,0,n/a,n/a (Bolivia),,
X,84,84813099,BR,98,0.0,0.14,"min(schedule 0.14, WITS 0.14)",NCM rows (HS6),,
X,84,84679900,BR,93,0.0,0.14,"min(schedule 0.14, WITS 0.14)",NCM rows (HS6),,
X,84,84719000,UY,91,0.0,0.02,"min(schedule 0.02, WITS 0.02)",NCM rows (HS6),,
X,84,84072900,AR,90,0.0,0.02,"min(schedule 0.08, WITS 0.02)",NCM rows (HS6),,
X,84,84213985,UY,84,0.0,0.0359999990463257,"min(schedule 0.045, WITS 0.0359999990463257)",NCM rows (HS6),,
X,84,84213100,PY,80,0.0,0.05,"min(schedule 0.05, WITS 0.05)",NCM rows (HS6),,
X,84,84836080,AR,76,0.0,0.14,"min(schedule 0.14, WITS 0.14)",NCM rows (HS6),,
X,84,84662098,AR,76,0.0,0.08,"min(schedule 0.14, WITS 0.08)",NCM rows (HS6),,
X,84,84832000,BR,74,0.0,0.16,"min(schedule 0.16, WITS 0.16)",NCM rows (HS6),,
X,84,84829900,AR,69,0.0,0.02,"min(schedule 0.03, WITS 0.02)",NCM rows (HS6),,
X,84,84818011,UY,69,0.0,0.13428571428571429,"min(schedule 0.13428571428571429, WITS 0.13529411315918)",NCM rows (HS6),,
X,84,84716070,PY,68,0.0,0.0125,"min(schedule 0.0125, WITS 0.0125)",NCM rows (HS6),,
X,84,84834090,BR,66,0.0,0.14,"min(schedule 0.17, WITS 0.14)",NCM rows (HS6),,
X,84,84182191,BR,62,0.0,0.2,"min(schedule 0.2, WITS 0.2)",NCM rows (HS6),,
X,84,84841000,AR,60,0.0,0.16,"min(schedule 0.16, WITS 0.16)",NCM rows (HS6),,
X,84,84818011,BR,50,0.0,0.15142857142857144,"min(schedule 0.15142857142857144, WITS 0.151428575515747)",NCM rows (HS6),,
X,84,84812010,AR,38,0.0,0.09333333015441889,"min(schedule 0.09333333333333334, WITS 0.09333333015441889)",NCM rows (HS6),,
X,84,84349000,AR,37,0.0,0.14,"min(schedule 0.14, WITS 0.14)",NCM rows (HS6),,
X,84,84823000,BR,22,0.0,0.16,"min(schedule 0.16, WITS 0.16)",NCM rows (HS6),,
X,84,84717098,PY,18,0.0,0.0044444444444444444,"min(schedule 0.0044444444444444444, WITS 0.00444444447755814)",NCM rows (HS6),,
X,84,84828000,BR,10,0.0,0.16,"min(schedule 0.16, WITS 0.16)",NCM rows (HS6),,
M,85,85015230,BR,551207,0.3151,0.027000000000000003,TARIC CN8,0,CN8 exact,
M,85,85015399,BR,359472,0.2055,0.027000000000000003,TARIC CN8 (mean of 10-digit sub-lines),0,CN8 exact,
M,85,85044095,BR,158735,0.0908,0.0,TARIC CN8,0,TARIC 2026: base duty free,
M,85,85015394,BR,139051,0.0795,0.027000000000000003,TARIC CN8 (mean of 10-digit sub-lines),0,CN8 exact,
M,85,85354000,BR,139011,0.0795,0.027000000000000003,TARIC CN8 (mean of 10-digit sub-lines),0,CN8 exact,
M,85,85369095,BR,118824,0.0679,0.0,TARIC CN8,0,TARIC 2026: base duty free,
M,85,85184000,BR,59055,0.0338,0.0,WITS HS6 AVE 2023,0,TARIC 2026: base duty free,
M,85,85235200,BR,38060,0.0218,0.0,WITS HS6 AVE 2023,0,TARIC 2026: base duty free,
M,85,85364190,BR,30113,0.0172,0.023,OJ schedule base rate (CN8 exact),0,CN8 exact,
M,85,85015381,BR,29496,0.0169,0.027000000000000003,OJ schedule base rate (CN8 exact),0,CN8 exact,
M,85,85185000,BR,27738,0.0159,0.02,OJ schedule base rate (CN8 exact),0,CN8 exact,
M,85,85030099,BR,22190,0.0127,0.027000000000000003,OJ schedule base rate (CN8 exact),0,CN8 exact,
M,85,85119000,BR,22164,0.0127,0.032,OJ schedule base rate (CN8 exact),0,CN8 exact,
M,85,85389099,BR,15180,0.0087,0.017,OJ schedule base rate (CN8 exact),0,CN8 exact,
M,85,85176200,BR,5225,0.003,0.0,OJ schedule base rate Free (CN8 exact),0,CN8 exact,
M,85,85163200,BR,4520,0.0026,0.027000000000000003,OJ schedule base rate (CN8 exact),4,CN8 exact,
M,85,85354000,PY,3003,0.0017,0.027000000000000003,TARIC CN8 (mean of 10-digit sub-lines),0,CN8 exact,
M,85,85118000,BR,2698,0.0015,0.032,OJ schedule base rate (CN8 exact),0,CN8 exact,
M,85,85143990,BR,2276,0.0013,0.011000000238418598,WITS HS6 AVE 2023,0,TARIC-implied from 2026 Mercosur preference (pref/base = 0.000),
M,85,85442000,BR,1902,0.0011,0.037000000000000005,OJ schedule base rate (CN8 exact),0,CN8 exact,
M,85,85437090,BR,1743,0.001,0.037000000000000005,OJ schedule base rate (CN8 exact),0,CN8 exact,
M,85,85015220,BR,1513,0.0009,0.027000000000000003,OJ schedule base rate (CN8 exact),0,CN8 exact,
M,85,85153100,BR,1472,0.0008,0.027000000000000003,OJ schedule base rate (CN8 exact),0,CN8 exact,
M,85,85078000,BR,1369,0.0008,0.027000000000000003,OJ schedule base rate (CN8 exact),0,CN8 exact,
M,85,85462000,BR,1287,0.0007,0.047,OJ schedule base rate (CN8 exact),4,CN8 exact,
M,85,85182900,BR,1225,0.0007,0.0,WITS HS6 AVE 2023,0,TARIC 2026: base duty free,
M,85,85444993,BR,1119,0.0006,0.037000000000000005,OJ schedule base rate (CN8 exact),0,CN8 exact,
M,85,85235190,UY,1023,0.0006,0.0,WITS HS6 AVE 2023,0,TARIC 2026: base duty free,
M,85,85389099,UY,975,0.0006,0.017,OJ schedule base rate (CN8 exact),0,CN8 exact,
M,85,85011091,BR,948,0.0005,0.027000000000000003,OJ schedule base rate (CN8 exact),0,CN8 exact,
M,85,85176990,AR,784,0.0004,0.0,OJ schedule base rate Free (CN8 exact),0,CN8 exact,
M,85,85392130,BR,568,0.0003,0.027000000000000003,OJ schedule base rate (CN8 exact),0,CN8 exact,
M,85,85189000,BR,474,0.0003,0.02,OJ schedule base rate (CN8 exact),0,CN8 exact,
M,85,85447000,BR,422,0.0002,0.0,OJ schedule base rate Free (CN8 exact),0,CN8 exact,
M,85,85322200,BR,362,0.0002,0.0,OJ schedule base rate Free (CN8 exact),0,CN8 exact,
M,85,85182200,BR,351,0.0002,0.045,OJ schedule base rate (CN8 exact),0,CN8 exact,
M,85,85414300,BR,255,0.0001,0.0,WITS HS6 AVE 2023,0,TARIC 2026: base duty free,
M,85,85176990,BR,245,0.0001,0.0,OJ schedule base rate Free (CN8 exact),0,CN8 exact,
M,85,85269180,BR,224,0.0001,0.037000000000000005,OJ schedule base rate (CN8 exact),0,CN8 exact,
M,85,85429000,UY,184,0.0001,0.0,OJ schedule base rate Free (CN8 exact),0,CN8 exact,
M,85,85371098,BR,183,0.0001,0.015750000476837202,WITS HS6 AVE 2023,0,TARIC-implied from 2026 Mercosur preference (pref/base = 0.000),
M,85,85177900,BR,172,0.0001,0.0,WITS HS6 AVE 2023,0,TARIC 2026: base duty free,
M,85,85043200,BR,169,0.0001,0.037000000000000005,OJ schedule base rate (CN8 exact),0,CN8 exact,
M,85,85411000,BR,165,0.0001,0.0,OJ schedule base rate Free (CN8 exact),0,CN8 exact,
M,85,85332100,BR,165,0.0001,0.0,OJ schedule base rate Free (CN8 exact),0,CN8 exact,
M,85,85176990,UY,150,0.0001,0.0,OJ schedule base rate Free (CN8 exact),0,CN8 exact,
M,85,85444210,BR,127,0.0001,0.0,OJ schedule base rate Free (CN8 exact),0,CN8 exact,
M,85,85322500,BR,110,0.0001,0.0,OJ schedule base rate Free (CN8 exact),0,CN8 exact,
M,85,85044060,UY,96,0.0001,0.0,WITS HS6 AVE 2023,0,TARIC 2026: base duty free,
M,85,85044090,BR,94,0.0001,0.033,OJ schedule base rate (CN8 exact),0,CN8 exact,
M,85,85235190,BR,93,0.0001,0.0,WITS HS6 AVE 2023,0,TARIC 2026: base duty free,
M,85,85389091,BR,90,0.0001,0.032,OJ schedule base rate (CN8 exact),0,CN8 exact,
M,85,85366990,AR,86,0.0,0.023,OJ schedule base rate (CN8 exact),0,CN8 exact,
M,85,85219000,UY,82,0.0,0.139,OJ schedule base rate (CN8 exact),7,CN8 exact,
M,85,85365019,BR,77,0.0,0.023,OJ schedule base rate (CN8 exact),0,CN8 exact,
M,85,85049090,AR,74,0.0,0.0,WITS HS6 AVE 2023,0,TARIC 2026: base duty free,
M,85,85285210,BR,70,0.0,0.0,WITS HS6 AVE 2023,0,TARIC 2026: base duty free,
M,85,85319000,BR,65,0.0,0.0,WITS HS6 AVE 2023,0,TARIC 2026: base duty free,
M,85,85238090,BR,62,0.0,0.0,WITS HS6 AVE 2023,0,TARIC 2026: base duty free,
M,85,85167970,AR,60,0.0,0.027000000000000003,OJ schedule base rate (CN8 exact),0,CN8 exact,
M,85,85371091,BR,56,0.0,0.021,OJ schedule base rate (CN8 exact),0,CN8 exact,
M,85,85258900,BR,54,0.0,0.0,WITS HS6 AVE 2023,0,TARIC 2026: base duty free,
M,85,85340090,BR,51,0.0,0.0,OJ schedule base rate Free (CN8 exact),0,CN8 exact,
M,85,85444290,BR,37,0.0,0.033,OJ schedule base rate (CN8 exact),0,CN8 exact,
M,85,85312020,BR,36,0.0,0.0,OJ schedule base rate Free (CN8 exact),0,CN8 exact,
M,85,85163100,BR,30,0.0,0.027000000000000003,OJ schedule base rate (CN8 exact),0,CN8 exact,
M,85,85232100,AR,25,0.0,0.035,OJ schedule base rate (CN8 exact),0,CN8 exact,
M,85,85365080,BR,23,0.0,0.023,OJ schedule base rate (CN8 exact),0,CN8 exact,
M,85,85423190,BR,22,0.0,0.0,OJ schedule base rate Free (CN8 exact),0,CN8 exact,
M,85,85389019,BR,18,0.0,0.017,OJ schedule base rate (CN8 exact),0,CN8 exact,
M,85,85256000,BR,18,0.0,0.0,OJ schedule base rate Free (CN8 exact),0,CN8 exact,
M,85,85235110,BR,5,0.0,0.0,OJ schedule base rate Free (CN8 exact),0,CN8 exact,
M,85,85365003,BR,3,0.0,0.0,OJ schedule base rate Free (CN8 exact),0,CN8 exact,
X,85,85072020,UY,254632,0.1403,0.18,"min(schedule 0.18, WITS 0.18)",NCM rows (HS6),,
X,85,85311095,BR,231099,0.1274,0.18,"min(schedule 0.18, WITS 0.18)",NCM rows (HS6),,
X,85,85072020,AR,157387,0.0867,0.18,"min(schedule 0.18, WITS 0.18)",NCM rows (HS6),,
X,85,85361090,BR,154396,0.0851,0.16,"min(schedule 0.16, WITS 0.16)",NCM rows (HS6),,
X,85,85389099,BR,128387,0.0708,0.09999999999999999,"min(schedule 0.09999999999999999, WITS 0.1)",NCM rows (HS6),,
X,85,85369010,BR,110056,0.0607,0.111428575515747,"min(schedule 0.12666666666666668, WITS 0.111428575515747)",NCM rows (HS6),,
X,85,85361050,BR,41551,0.0229,0.16,"min(schedule 0.16, WITS 0.16)",NCM rows (HS6),,
X,85,85299097,BR,33292,0.0183,0.08,"min(schedule 0.08, WITS 0.08)",NCM rows (HS6),,
X,85,85176990,BR,32572,0.018,0.14,"min(schedule 0.14, WITS 0.14)",NCM rows (HS6),,
X,85,85269120,PY,27343,0.0151,0.0,"min(schedule 0.0, WITS 0.0)",NCM rows (HS6),,
X,85,85072020,PY,26029,0.0143,0.18,"min(schedule 0.18, WITS 0.18)",NCM rows (HS6),,
X,85,85269180,BR,25213,0.0139,0.0,"min(schedule 0.0, WITS 0.0)",NCM rows (HS6),,
X,85,85334090,BR,24524,0.0135,0.1,"min(schedule 0.1366666666666667, WITS 0.1)",NCM rows (HS6),,
X,85,85182200,BO,23091,0.0127,0,n/a,n/a (Bolivia),,
X,85,85013200,BR,21644,0.0119,0.18,"min(schedule 0.18, WITS 0.18)",NCM rows (HS6),,
X,85,85444995,BR,20864,0.0115,0.16,"min(schedule 0.16, WITS 0.16)",NCM rows (HS6),,
X,85,85176200,PY,20130,0.0111,0.018974358974358976,"min(schedule 0.018974358974358976, WITS 0.018974359035491897)",NCM rows (HS6),,
X,85,85371010,AR,18820,0.0104,0.08800000000000001,"min(schedule 0.08800000000000001, WITS 0.123999996185303)",NCM rows (HS6),,
X,85,85407100,BR,18656,0.0103,0.18,"min(schedule 0.18, WITS 0.18)",NCM rows (HS6),,
X,85,85469090,BR,17741,0.0098,0.16,"min(schedule 0.16, WITS 0.16)",NCM rows (HS6),,
X,85,85432000,BR,16958,0.0093,0.14,"min(schedule 0.14, WITS 0.14)",NCM rows (HS6),,
X,85,85389099,UY,16072,0.0089,0.09999999999999999,"min(schedule 0.09999999999999999, WITS 0.115)",NCM rows (HS6),,
X,85,85362090,BR,14453,0.008,0.18,"min(schedule 0.18, WITS 0.18)",NCM rows (HS6),,
X,85,85176200,BR,13348,0.0074,0.112307691574097,"min(schedule 0.12743589743589742, WITS 0.112307691574097)",NCM rows (HS6),,
X,85,85423190,BR,12659,0.007,0.0,"min(schedule 0.0, WITS 0.0)",NCM rows (HS6),,
X,85,85371098,AR,12509,0.0069,0.08800000000000001,"min(schedule 0.08800000000000001, WITS 0.123999996185303)",NCM rows (HS6),,
X,85,85016180,BR,10439,0.0058,0.14,"min(schedule 0.14, WITS 0.14)",NCM rows (HS6),,
X,85,85012000,BR,9808,0.0054,0.18,"min(schedule 0.18, WITS 0.18)",NCM rows (HS6),,
X,85,85015290,AR,9672,0.0053,0.06,"min(schedule 0.060000000000000005, WITS 0.06)",NCM rows (HS6),,
X,85,85176990,UY,9085,0.005,0.14,"min(schedule 0.14, WITS 0.14)",NCM rows (HS6),,
X,85,85176100,BR,8985,0.005,0.0690909099578857,"min(schedule 0.08, WITS 0.0690909099578857)",NCM rows (HS6),,
X,85,85309000,BR,8877,0.0049,0.14,"min(schedule 0.14, WITS 0.14)",NCM rows (HS6),,
X,85,85319000,UY,8492,0.0047,0.16,"min(schedule 0.16, WITS 0.16)",NCM rows (HS6),,
X,85,85389099,AR,8288,0.0046,0.09999999999999999,"min(schedule 0.09999999999999999, WITS 0.1)",NCM rows (HS6),,
X,85,85256000,BR,8167,0.0045,0.08,"min(schedule 0.08, WITS 0.08)",NCM rows (HS6),,
X,85,85291095,BR,7101,0.0039,0.16,"min(schedule 0.16, WITS 0.16)",NCM rows (HS6),,
X,85,85049017,BR,7076,0.0039,0.151999998092651,"min(schedule 0.152, WITS 0.151999998092651)",NCM rows (HS6),,
X,85,85015100,BR,6977,0.0038,0.14,"min(schedule 0.14, WITS 0.14)",NCM rows (HS6),,
X,85,85365080,BR,6936,0.0038,0.04,"min(schedule 0.04, WITS 0.05)",NCM rows (HS6),,
X,85,85423119,UY,6123,0.0034,0.0,"min(schedule 0.0, WITS 0.0)",NCM rows (HS6),,
X,85,85361090,UY,6066,0.0033,0.16,"min(schedule 0.16, WITS 0.16)",NCM rows (HS6),,
X,85,85079080,UY,5993,0.0033,0.10666666666666667,"min(schedule 0.10666666666666667, WITS 0.106666669845581)",NCM rows (HS6),,
X,85,85291080,BR,5840,0.0032,0.16,"min(schedule 0.16, WITS 0.16)",NCM rows (HS6),,
X,85,85177900,UY,5593,0.0031,0.03298701298701299,"min(schedule 0.03298701298701299, WITS None)","NCM rows (HS4 fallback, HS6 code absent from NCM 2012)",,
X,85,85177900,BR,5533,0.003,0.11597402597402597,"min(schedule 0.11597402597402597, WITS None)","NCM rows (HS4 fallback, HS6 code absent from NCM 2012)",,
X,85,85319000,BR,5448,0.003,0.16,"min(schedule 0.16, WITS 0.16)",NCM rows (HS6),,
X,85,85442000,BR,4798,0.0026,0.16,"min(schedule 0.16, WITS 0.16)",NCM rows (HS6),,
X,85,85011099,AR,4704,0.0026,0.14399999618530301,"min(schedule 0.144, WITS 0.14399999618530301)",NCM rows (HS6),,
X,85,85407100,UY,4659,0.0026,0.18,"min(schedule 0.18, WITS 0.18)",NCM rows (HS6),,
X,85,85011010,BR,4628,0.0026,0.14399999618530301,"min(schedule 0.144, WITS 0.14399999618530301)",NCM rows (HS6),,
X,85,85076000,PY,4067,0.0022,0.02,"min(schedule 0.02, WITS 0.06)",NCM rows (HS6),,
X,85,85299097,UY,3813,0.0021,0.00888888895511627,"min(schedule 0.011428571428571429, WITS 0.00888888895511627)",NCM rows (HS6),,
X,85,85444991,BR,3675,0.002,0.16,"min(schedule 0.16, WITS 0.16)",NCM rows (HS6),,
X,85,85185000,PY,3565,0.002,0.02,"min(schedule 0.02, WITS 0.06)",NCM rows (HS6),,
X,85,85078000,BR,3554,0.002,0.18,"min(schedule 0.18, WITS 0.18)",NCM rows (HS6),,
X,85,85381000,BR,3471,0.0019,0.16,"min(schedule 0.16, WITS 0.16)",NCM rows (HS6),,
X,85,85447000,BR,3386,0.0019,0.10500000000000001,"min(schedule 0.10500000000000001, WITS 0.11)",NCM rows (HS6),,
X,85,85152900,BR,3267,0.0018,0.14,"min(schedule 0.14, WITS 0.14)",NCM rows (HS6),,
X,85,85171800,BR,3032,0.0017,0.185,"min(schedule 0.185, WITS 0.185)",NCM rows (HS6),,
X,85,85361010,BR,3029,0.0017,0.16,"min(schedule 0.16, WITS 0.16)",NCM rows (HS6),,
X,85,85177900,AR,2966,0.0016,0.11545454545454546,"min(schedule 0.11545454545454546, WITS None)","NCM rows (HS4 fallback, HS6 code absent from NCM 2012)",,
X,85,85044095,BR,2934,0.0016,0.162222213745117,"min(schedule 0.1688888888888889, WITS 0.162222213745117)",NCM rows (HS6),,
X,85,85361090,AR,2825,0.0016,0.16,"min(schedule 0.16, WITS 0.16)",NCM rows (HS6),,
X,85,85159080,BR,2459,0.0014,0.14,"min(schedule 0.14, WITS 0.14)",NCM rows (HS6),,
X,85,85171400,BR,2413,0.0013,0.11597402597402597,"min(schedule 0.11597402597402597, WITS None)","NCM rows (HS4 fallback, HS6 code absent from NCM 2012)",,
X,85,85015381,BR,2330,0.0013,0.105,"min(schedule 0.10500000000000001, WITS 0.105)",NCM rows (HS6),,
X,85,85015290,BR,2292,0.0013,0.14,"min(schedule 0.14, WITS 0.14)",NCM rows (HS6),,
X,85,85444995,UY,2266,0.0012,0.16,"min(schedule 0.16, WITS 0.16)",NCM rows (HS6),,
X,85,85462000,BR,2264,0.0012,0.16,"min(schedule 0.16, WITS 0.16)",NCM rows (HS6),,
X,85,85284900,BR,2261,0.0012,0.186666660308838,"min(schedule 0.18666666666666668, WITS 0.186666660308838)",NCM rows (HS6),,
X,85,85269180,UY,2243,0.0012,0.0,"min(schedule 0.0, WITS 0.0)",NCM rows (HS6),,
X,85,85176200,UY,2227,0.0012,0.02358974358974359,"min(schedule 0.02358974358974359, WITS 0.023589744567871097)",NCM rows (HS6),,
X,85,85423190,UY,2214,0.0012,0.0,"min(schedule 0.0, WITS 0.0)",NCM rows (HS6),,
X,85,85234990,UY,2207,0.0012,0.16,"min(schedule 0.16, WITS 0.16)",NCM rows (HS6),,
X,85,85429000,UY,2133,0.0012,0.0,"min(schedule 0.0, WITS 0.0)",NCM rows (HS6),,
X,85,85051990,BR,2089,0.0012,0.16,"min(schedule 0.16, WITS 0.16)",NCM rows (HS6),,
X,85,85094000,PY,2054,0.0011,0.08,"min(schedule 0.18000000000000002, WITS 0.08)",NCM rows (HS6),,
X,85,85444999,AR,2028,0.0011,0.35,"min(schedule 0.35, WITS 0.35)",NCM rows (HS6),,
X,85,85291069,BR,2002,0.0011,0.16,"min(schedule 0.16, WITS 0.16)",NCM rows (HS6),,
X,85,85285210,BR,1960,0.0011,0.12,"min(schedule 0.15764705882352942, WITS 0.12)","NCM rows (HS4 fallback, HS6 code absent from NCM 2012)",,
X,85,85389019,BR,1933,0.0011,0.09999999999999999,"min(schedule 0.09999999999999999, WITS 0.1)",NCM rows (HS6),,
X,85,85371098,BR,1918,0.0011,0.12000000000000002,"min(schedule 0.12000000000000002, WITS 0.123999996185303)",NCM rows (HS6),,
X,85,85437090,AR,1896,0.001,0.0178947365283966,"min(schedule 0.05578947368421053, WITS 0.0178947365283966)",NCM rows (HS6),,
X,85,85391000,BR,1775,0.001,0.18,"min(schedule 0.18, WITS 0.18)",NCM rows (HS6),,
X,85,85153913,BR,1750,0.001,0.14,"min(schedule 0.14, WITS 0.14)",NCM rows (HS6),,
X,85,85043300,BR,1732,0.001,0.14,"min(schedule 0.14, WITS 0.14)",NCM rows (HS6),,
X,85,85176200,AR,1724,0.001,0.021538462638854998,"min(schedule 0.1123076923076923, WITS 0.021538462638854998)",NCM rows (HS6),,
X,85,85015230,BR,1707,0.0009,0.14,"min(schedule 0.14, WITS 0.14)",NCM rows (HS6),,
X,85,85169000,BR,1675,0.0009,0.16,"min(schedule 0.16, WITS 0.16)",NCM rows (HS6),,
X,85,85176990,AR,1671,0.0009,0.0,"min(schedule 0.14, WITS 0.0)",NCM rows (HS6),,
X,85,85299097,AR,1669,0.0009,0.057142858505249,"min(schedule 0.08, WITS 0.057142858505249)",NCM rows (HS6),,
X,85,85078000,UY,1634,0.0009,0.18,"min(schedule 0.18, WITS 0.18)",NCM rows (HS6),,
X,85,85391000,UY,1618,0.0009,0.18,"min(schedule 0.18, WITS 0.18)",NCM rows (HS6),,
X,85,85429000,BR,1559,0.0009,0.0,"min(schedule 0.0, WITS 0.0)",NCM rows (HS6),,
X,85,85013200,AR,1559,0.0009,0.18,"min(schedule 0.18, WITS 0.18)",NCM rows (HS6),,
X,85,85011091,BR,1543,0.0009,0.14399999618530301,"min(schedule 0.144, WITS 0.14399999618530301)",NCM rows (HS6),,
X,85,85079080,AR,1515,0.0008,0.16,"min(schedule 0.16, WITS 0.16)",NCM rows (HS6),,
X,85,85131000,BR,1479,0.0008,0.18,"min(schedule 0.18, WITS 0.18)",NCM rows (HS6),,
X,85,85011091,AR,1474,0.0008,0.14399999618530301,"min(schedule 0.144, WITS 0.14399999618530301)",NCM rows (HS6),,
X,85,85011010,UY,1429,0.0008,0.144,"min(schedule 0.144, WITS 0.15)",NCM rows (HS6),,
X,85,85072080,BR,1407,0.0008,0.18,"min(schedule 0.18, WITS 0.18)",NCM rows (HS6),,
X,85,85441900,UY,1383,0.0008,0.14,"min(schedule 0.14, WITS 0.14)",NCM rows (HS6),,
X,85,85234910,BR,1338,0.0007,0.16,"min(schedule 0.16, WITS 0.16)",NCM rows (HS6),,
X,85,85285900,BR,1227,0.0007,0.2,"min(schedule 0.2, WITS 0.2)",NCM rows (HS6),,
X,85,85044060,BR,1168,0.0006,0.162222213745117,"min(schedule 0.1688888888888889, WITS 0.162222213745117)",NCM rows (HS6),,
X,85,85044060,PY,1151,0.0006,0.08222222222222222,"min(schedule 0.08222222222222222, WITS 0.0866666698455811)",NCM rows (HS6),,
X,85,85166070,BR,1150,0.0006,0.2,"min(schedule 0.2, WITS 0.2)",NCM rows (HS6),,
X,85,85072080,UY,1125,0.0006,0.18,"min(schedule 0.18, WITS 0.18)",NCM rows (HS6),,
X,85,85234990,BR,1085,0.0006,0.16,"min(schedule 0.16, WITS 0.16)",NCM rows (HS6),,
X,85,85158090,BR,1081,0.0006,0.07,"min(schedule 0.07, WITS 0.07)",NCM rows (HS6),,
X,85,85166050,BR,1067,0.0006,0.2,"min(schedule 0.2, WITS 0.2)",NCM rows (HS6),,
X,85,85011099,BR,1067,0.0006,0.14399999618530301,"min(schedule 0.144, WITS 0.14399999618530301)",NCM rows (HS6),,
X,85,85043180,BR,1066,0.0006,0.14399999618530301,"min(schedule 0.144, WITS 0.14399999618530301)",NCM rows (HS6),,
X,85,85423390,AR,1055,0.0006,0.0,"min(schedule 0.045, WITS 0.0)",NCM rows (HS6),,
X,85,85389091,BR,1047,0.0006,0.09999999999999999,"min(schedule 0.09999999999999999, WITS 0.1)",NCM rows (HS6),,
X,85,85439000,BR,1033,0.0006,0.13,"min(schedule 0.13, WITS 0.13)",NCM rows (HS6),,
X,85,85044090,BR,1026,0.0006,0.162222213745117,"min(schedule 0.1688888888888889, WITS 0.162222213745117)",NCM rows (HS6),,
X,85,85011010,AR,1020,0.0006,0.14399999618530301,"min(schedule 0.144, WITS 0.14399999618530301)",NCM rows (HS6),,
X,85,85299020,BR,1012,0.0006,0.08,"min(schedule 0.08, WITS 0.08)",NCM rows (HS6),,
X,85,85012000,UY,992,0.0005,0.18,"min(schedule 0.18, WITS 0.18)",NCM rows (HS6),,
X,85,85311095,AR,991,0.0005,0.18,"min(schedule 0.18, WITS 0.18)",NCM rows (HS6),,
X,85,85366910,BR,989,0.0005,0.16,"min(schedule 0.16, WITS 0.16)",NCM rows (HS6),,
X,85,85023980,BR,948,0.0005,0.14,"min(schedule 0.14, WITS 0.14)",NCM rows (HS6),,
X,85,85012000,AR,919,0.0005,0.18,"min(schedule 0.18, WITS 0.18)",NCM rows (HS6),,
X,85,85131000,UY,902,0.0005,0.18,"min(schedule 0.18, WITS 0.18)",NCM rows (HS6),,
X,85,85269180,AR,845,0.0005,0.0,"min(schedule 0.0, WITS 0.0)",NCM rows (HS6),,
X,85,85407100,AR,823,0.0005,0.18,"min(schedule 0.18, WITS 0.18)",NCM rows (HS6),,
X,85,85078000,AR,816,0.0004,0.18,"min(schedule 0.18, WITS 0.18)",NCM rows (HS6),,
X,85,85285291,BR,808,0.0004,0.12,"min(schedule 0.15764705882352942, WITS 0.12)","NCM rows (HS4 fallback, HS6 code absent from NCM 2012)",,
X,85,85311095,UY,800,0.0004,0.18,"min(schedule 0.18, WITS 0.18)",NCM rows (HS6),,
X,85,85076000,UY,791,0.0004,0.09,"min(schedule 0.18, WITS 0.09)",NCM rows (HS6),,
X,85,85285210,AR,762,0.0004,0.06,"min(schedule 0.15764705882352942, WITS 0.06)","NCM rows (HS4 fallback, HS6 code absent from NCM 2012)",,
X,85,85152900,UY,744,0.0004,0.0,"min(schedule 0.0, WITS 0.0)",NCM rows (HS6),,
X,85,85015220,BR,693,0.0004,0.14,"min(schedule 0.14, WITS 0.14)",NCM rows (HS6),,
X,85,85177100,BR,633,0.0003,0.11597402597402597,"min(schedule 0.11597402597402597, WITS None)","NCM rows (HS4 fallback, HS6 code absent from NCM 2012)",,
X,85,85451900,UY,610,0.0003,0.05333333333333334,"min(schedule 0.05333333333333334, WITS 0.0533333349227905)",NCM rows (HS6),,
X,85,85423990,BR,582,0.0003,0.017142857142857144,"min(schedule 0.017142857142857144, WITS 0.0342857146263123)",NCM rows (HS6),,
X,85,85219000,BR,537,0.0003,0.1,"min(schedule 0.1, WITS 0.1)",NCM rows (HS6),,
X,85,85285210,UY,528,0.0003,0.02,"min(schedule 0.1211764705882353, WITS 0.02)","NCM rows (HS4 fallback, HS6 code absent from NCM 2012)",,
X,85,85016180,AR,501,0.0003,0.02,"min(schedule 0.14, WITS 0.02)",NCM rows (HS6),,
X,85,85423990,AR,499,0.0003,0.0,"min(schedule 0.03428571428571429, WITS 0.0)",NCM rows (HS6),,
X,85,85394900,BR,487,0.0003,0.18,"min(schedule 0.18, WITS 0.18)",NCM rows (HS6),,
X,85,85340090,BR,466,0.0003,0.1,"min(schedule 0.11666666666666665, WITS 0.1)",NCM rows (HS6),,
X,85,85183000,BR,454,0.0003,0.2,"min(schedule 0.2, WITS 0.2)",NCM rows (HS6),,
X,85,85169000,AR,437,0.0002,0.16,"min(schedule 0.16, WITS 0.16)",NCM rows (HS6),,
X,85,85044083,BR,433,0.0002,0.162222213745117,"min(schedule 0.1688888888888889, WITS 0.162222213745117)",NCM rows (HS6),,
X,85,85049090,BR,420,0.0002,0.151999998092651,"min(schedule 0.152, WITS 0.151999998092651)",NCM rows (HS6),,
X,85,85442000,AR,418,0.0002,0.16,"min(schedule 0.16, WITS 0.16)",NCM rows (HS6),,
X,85,85423190,AR,387,0.0002,0.0,"min(schedule 0.0, WITS 0.0)",NCM rows (HS6),,
X,85,85395200,UY,385,0.0002,0.1625,"min(schedule 0.1625, WITS None)","NCM rows (HS4 fallback, HS6 code absent from NCM 2012)",,
X,85,85332900,UY,385,0.0002,0.16,"min(schedule 0.16, WITS 0.16)",NCM rows (HS6),,
X,85,85389019,AR,379,0.0002,0.09999999999999999,"min(schedule 0.09999999999999999, WITS 0.1)",NCM rows (HS6),,
X,85,85171800,UY,372,0.0002,0.155,"min(schedule 0.155, WITS 0.16399999618530298)",NCM rows (HS6),,
X,85,85076000,BR,353,0.0002,0.18,"min(schedule 0.18, WITS 0.18)",NCM rows (HS6),,
X,85,85287240,UY,349,0.0002,0.2,"min(schedule 0.2, WITS 0.2)",NCM rows (HS6),,
X,85,85168080,AR,348,0.0002,0.16,"min(schedule 0.16, WITS 0.16)",NCM rows (HS6),,
X,85,85311030,BR,331,0.0002,0.18,"min(schedule 0.18, WITS 0.18)",NCM rows (HS6),,
X,85,85011010,BO,320,0.0002,0,n/a,n/a (Bolivia),,
X,85,85392198,BR,317,0.0002,0.18,"min(schedule 0.18, WITS 0.18)",NCM rows (HS6),,
X,85,85363010,BR,315,0.0002,0.09,"min(schedule 0.16, WITS 0.09)",NCM rows (HS6),,
X,85,85395200,BR,314,0.0002,0.1625,"min(schedule 0.1625, WITS None)","NCM rows (HS4 fallback, HS6 code absent from NCM 2012)",,
X,85,85030099,BR,312,0.0002,0.14,"min(schedule 0.14, WITS 0.14)",NCM rows (HS6),,
X,85,85444210,AR,309,0.0002,0.16,"min(schedule 0.16, WITS 0.16)",NCM rows (HS6),,
X,85,85168080,BR,304,0.0002,0.16,"min(schedule 0.16, WITS 0.16)",NCM rows (HS6),,
X,85,85441900,BR,302,0.0002,0.14,"min(schedule 0.14, WITS 0.14)",NCM rows (HS6),,
X,85,85261000,UY,293,0.0002,0.0,"min(schedule 0.0, WITS 0.0)",NCM rows (HS6),,
X,85,85287115,BR,292,0.0002,0.133333330154419,"min(schedule 0.13333333333333333, WITS 0.133333330154419)",NCM rows (HS6),,
X,85,85015381,AR,288,0.0002,0.07,"min(schedule 0.07, WITS 0.105)",NCM rows (HS6),,
X,85,85098000,BR,288,0.0002,0.2,"min(schedule 0.2, WITS 0.2)",NCM rows (HS6),,
X,85,85437090,UY,288,0.0002,0.01894736842105263,"min(schedule 0.01894736842105263, WITS 0.018947368860244798)",NCM rows (HS6),,
X,85,85044090,AR,286,0.0002,0.148888893127441,"min(schedule 0.1622222222222222, WITS 0.148888893127441)",NCM rows (HS6),,
X,85,85444999,BR,274,0.0002,0.16,"min(schedule 0.16, WITS 0.16)",NCM rows (HS6),,
X,85,85171300,BR,274,0.0002,0.11597402597402597,"min(schedule 0.11597402597402597, WITS None)","NCM rows (HS4 fallback, HS6 code absent from NCM 2012)",,
X,85,85258900,BR,271,0.0001,0.06888888888888889,"min(schedule 0.06888888888888889, WITS None)","NCM rows (HS4 fallback, HS6 code absent from NCM 2012)",,
X,85,85437090,BR,271,0.0001,0.055789475440979,"min(schedule 0.056842105263157895, WITS 0.055789475440979)",NCM rows (HS6),,
X,85,85287240,BR,269,0.0001,0.2,"min(schedule 0.2, WITS 0.2)",NCM rows (HS6),,
X,85,85444290,AR,264,0.0001,0.16,"min(schedule 0.16, WITS 0.16)",NCM rows (HS6),,
X,85,85285291,UY,256,0.0001,0.02,"min(schedule 0.1211764705882353, WITS 0.02)","NCM rows (HS4 fallback, HS6 code absent from NCM 2012)",,
X,85,85353090,BR,247,0.0001,0.125,"min(schedule 0.125, WITS 0.125)",NCM rows (HS6),,
X,85,85444290,BR,241,0.0001,0.16,"min(schedule 0.16, WITS 0.16)",NCM rows (HS6),,
X,85,85389019,UY,241,0.0001,0.09999999999999999,"min(schedule 0.09999999999999999, WITS 0.115)",NCM rows (HS6),,
X,85,85444210,BR,240,0.0001,0.16,"min(schedule 0.16, WITS 0.16)",NCM rows (HS6),,
X,85,85392998,BR,225,0.0001,0.18,"min(schedule 0.18, WITS 0.18)",NCM rows (HS6),,
X,85,85075000,BR,220,0.0001,0.0733333349227905,"min(schedule 0.18, WITS 0.0733333349227905)",NCM rows (HS6),,
X,85,85122000,BR,217,0.0001,0.18,"min(schedule 0.18000000000000002, WITS 0.18)",NCM rows (HS6),,
X,85,85235190,BR,211,0.0001,0.09,"min(schedule 0.16, WITS 0.09)",NCM rows (HS6),,
X,85,85287280,BR,208,0.0001,0.2,"min(schedule 0.2, WITS 0.2)",NCM rows (HS6),,
X,85,85312040,BR,202,0.0001,0.12,"min(schedule 0.12, WITS 0.12)",NCM rows (HS6),,
X,85,85444991,UY,195,0.0001,0.16,"min(schedule 0.16, WITS 0.16)",NCM rows (HS6),,
X,85,85015220,UY,191,0.0001,0.0,"min(schedule 0.0, WITS 0.0)",NCM rows (HS6),,
X,85,85340090,UY,181,0.0001,0.02,"min(schedule 0.02, WITS 0.02)",NCM rows (HS6),,
X,85,85318070,UY,180,0.0001,0.18,"min(schedule 0.18, WITS 0.18)",NCM rows (HS6),,
X,85,85369095,AR,176,0.0001,0.09714285850524901,"min(schedule 0.09999999999999999, WITS 0.09714285850524901)",NCM rows (HS6),,
X,85,85238090,BR,174,0.0001,0.16,"min(schedule 0.16, WITS 0.16)",NCM rows (HS6),,
X,85,85171100,UY,158,0.0001,0.2,"min(schedule 0.2, WITS 0.2)",NCM rows (HS6),,
X,85,85238090,AR,148,0.0001,0.16,"min(schedule 0.16, WITS 0.16)",NCM rows (HS6),,
X,85,85011099,BO,145,0.0001,0,n/a,n/a (Bolivia),,
X,85,85181000,BR,144,0.0001,0.1,"min(schedule 0.1, WITS 0.11)",NCM rows (HS6),,
X,85,85161011,UY,143,0.0001,0.2,"min(schedule 0.2, WITS 0.2)",NCM rows (HS6),,
X,85,85392192,UY,124,0.0001,0.18,"min(schedule 0.18, WITS 0.18)",NCM rows (HS6),,
X,85,85015100,AR,123,0.0001,0.14,"min(schedule 0.14, WITS 0.14)",NCM rows (HS6),,
X,85,85369095,BR,122,0.0001,0.111428575515747,"min(schedule 0.12666666666666668, WITS 0.111428575515747)",NCM rows (HS6),,
X,85,85238090,BO,112,0.0001,0,n/a,n/a (Bolivia),,
X,85,85122000,AR,112,0.0001,0.18,"min(schedule 0.18000000000000002, WITS 0.18)",NCM rows (HS6),,
X,85,85451100,BR,108,0.0001,0.1,"min(schedule 0.1, WITS 0.1)",NCM rows (HS6),,
X,85,85044060,UY,108,0.0001,0.09833333015441889,"min(schedule 0.10888888888888888, WITS 0.09833333015441889)",NCM rows (HS6),,
X,85,85072020,BR,103,0.0001,0.18,"min(schedule 0.18, WITS 0.18)",NCM rows (HS6),,
X,85,85413000,AR,101,0.0001,0.0,"min(schedule 0.045, WITS 0.0)",NCM rows (HS6),,
X,85,85013200,UY,101,0.0001,0.18,"min(schedule 0.18, WITS 0.18)",NCM rows (HS6),,
X,85,85258900,UY,100,0.0001,0.02666666666666667,"min(schedule 0.02666666666666667, WITS None)","NCM rows (HS4 fallback, HS6 code absent from NCM 2012)",,
X,85,85030099,AR,98,0.0001,0.14,"min(schedule 0.14, WITS 0.14)",NCM rows (HS6),,
X,85,85234910,AR,95,0.0001,0.16,"min(schedule 0.2233333333333333, WITS 0.16)",NCM rows (HS6),,
X,85,85235200,BR,95,0.0001,0.06,"min(schedule 0.06, WITS 0.09)",NCM rows (HS6),,
X,85,85429000,AR,87,0.0,0.0,"min(schedule 0.0, WITS 0.0)",NCM rows (HS6),,
X,85,85113000,AR,86,0.0,0.18,"min(schedule 0.18, WITS 0.18)",NCM rows (HS6),,
X,85,85184000,BR,72,0.0,0.2,"min(schedule 0.2, WITS 0.2)",NCM rows (HS6),,
X,85,85044030,BR,69,0.0,0.162222213745117,"min(schedule 0.1688888888888889, WITS 0.162222213745117)",NCM rows (HS6),,
X,85,85365080,AR,67,0.0,0.05,"min(schedule 0.05, WITS 0.05)",NCM rows (HS6),,
X,85,85371091,BR,65,0.0,0.12000000000000002,"min(schedule 0.12000000000000002, WITS 0.123999996185303)",NCM rows (HS6),,
X,85,85167970,AR,65,0.0,0.25,"min(schedule 0.25, WITS 0.25)",NCM rows (HS6),,
X,85,85392998,UY,65,0.0,0.18,"min(schedule 0.18, WITS 0.18)",NCM rows (HS6),,
X,85,85364900,BR,64,0.0,0.16,"min(schedule 0.16, WITS 0.16)",NCM rows (HS6),,
X,85,85334010,BO,62,0.0,0,n/a,n/a (Bolivia),,
X,85,85340090,AR,61,0.0,0.1,"min(schedule 0.10000000000000002, WITS 0.1)",NCM rows (HS6),,
X,85,85071080,BR,49,0.0,0.18,"min(schedule 0.18, WITS 0.18)",NCM rows (HS6),,
X,85,85285291,AR,44,0.0,0.06,"min(schedule 0.15764705882352942, WITS 0.06)","NCM rows (HS4 fallback, HS6 code absent from NCM 2012)",,
X,85,85365011,AR,43,0.0,0.05,"min(schedule 0.05, WITS 0.05)",NCM rows (HS6),,
X,85,85287280,UY,43,0.0,0.2,"min(schedule 0.2, WITS 0.2)",NCM rows (HS6),,
X,85,85081100,UY,39,0.0,0.2,"min(schedule 0.2, WITS 0.2)",NCM rows (HS6),,
X,85,85442000,UY,35,0.0,0.16,"min(schedule 0.16, WITS 0.16)",NCM rows (HS6),,
X,85,85198900,UY,33,0.0,0.2,"min(schedule 0.2, WITS 0.2)",NCM rows (HS6),,
X,85,85068080,AR,33,0.0,0.08,"min(schedule 0.08, WITS 0.08)",NCM rows (HS6),,
X,85,85353090,AR,25,0.0,0.125,"min(schedule 0.125, WITS 0.125)",NCM rows (HS6),,
X,85,85234990,AR,14,0.0,0.16,"min(schedule 0.2233333333333333, WITS 0.16)",NCM rows (HS6),,
X,85,85472000,BR,10,0.0,0.09,"min(schedule 0.09, WITS 0.09)",NCM rows (HS6),,
X,85,85169000,BO,7,0.0,0,n/a,n/a (Bolivia),,
X,85,85234920,UY,6,0.0,0.16,"min(schedule 0.16, WITS 0.16)",NCM rows (HS6),,
X,85,85044055,BR,6,0.0,0.162222213745117,"min(schedule 0.1688888888888889, WITS 0.162222213745117)",NCM rows (HS6),,
M,89,89039310,AR,22687,0.8518,0.022000000476837197,WITS HS6 AVE 2023,0,TARIC-implied from 2026 Mercosur preference (pref/base = 0.000),
M,89,89032100,BR,3949,0.1482,0.0170000004768372,WITS HS6 AVE 2023,0,TARIC-implied from 2026 Mercosur preference (pref/base = 0.000),
X,89,89032210,PY,57668,0.483,0.2,"min(schedule 0.2, WITS None)","NCM rows (HS4 fallback, HS6 code absent from NCM 2012)",,
X,89,89032290,BR,55285,0.4631,0.2,"min(schedule 0.2, WITS None)","NCM rows (HS4 fallback, HS6 code absent from NCM 2012)",,
X,89,89032210,AR,5412,0.0453,0.2375,"min(schedule 0.2375, WITS None)","NCM rows (HS4 fallback, HS6 code absent from NCM 2012)",,
X,89,89079000,UY,808,0.0068,0.0,"min(schedule 0.0, WITS 0.0)",NCM rows (HS6),,
X,89,89079000,BR,218,0.0018,0.14,"min(schedule 0.14, WITS 0.14)",NCM rows (HS6),,
M,90,90131010,BR,162181,0.24,0.0,TARIC CN8,0,TARIC 2026: base duty free,
M,90,90213990,BR,78506,0.1162,0.0,OJ schedule base rate Free (CN8 exact),0,CN8 exact,
M,90,90183900,BR,73874,0.1093,0.0,OJ schedule base rate Free (CN8 exact),0,CN8 exact,
M,90,90212900,BR,65321,0.0966,0.0,OJ schedule base rate Free (CN8 exact),0,CN8 exact,
M,90,90191090,BR,57469,0.085,0.0,OJ schedule base rate Free (CN8 exact),0,CN8 exact,
M,90,90184990,BR,47196,0.0698,0.0,OJ schedule base rate Free (CN8 exact),0,CN8 exact,
M,90,90318080,BR,38603,0.0571,0.0,WITS HS6 AVE 2023,0,TARIC 2026: base duty free,
M,90,90219090,BR,20557,0.0304,0.0,OJ schedule base rate Free (CN8 exact),0,CN8 exact,
M,90,90041099,BR,17114,0.0253,0.028999999999999998,OJ schedule base rate (CN8 exact),0,CN8 exact,
M,90,90189084,BR,13720,0.0203,0.0,OJ schedule base rate Free (CN8 exact),0,CN8 exact,
M,90,90230080,BR,9876,0.0146,0.013999999999999999,OJ schedule base rate (CN8 exact),0,CN8 exact,
M,90,90328900,BR,9821,0.0145,0.027999999999999997,OJ schedule base rate (CN8 exact),0,CN8 exact,
M,90,90278990,AR,9741,0.0144,0.0,WITS HS6 AVE 2023,0,TARIC 2026: base duty free,
M,90,90289010,BR,9499,0.0141,0.021,OJ schedule base rate (CN8 exact),0,CN8 exact,
M,90,90330090,BR,6234,0.0092,0.0185000002384186,WITS HS6 AVE 2023,0,TARIC-implied from 2026 Mercosur preference (pref/base = 0.000),
M,90,90262020,BR,5216,0.0077,0.0,OJ schedule base rate Free (CN8 exact),0,CN8 exact,
M,90,90275000,AR,4863,0.0072,0.0,OJ schedule base rate Free (CN8 exact),0,CN8 exact,
M,90,90192090,AR,4749,0.007,0.0,WITS HS6 AVE 2023,0,TARIC 2026: base duty free,
M,90,90229020,UY,4395,0.0065,0.010499999523162799,WITS HS6 AVE 2023,0,TARIC 2026: base duty free,
M,90,90192090,BR,3877,0.0057,0.0,WITS HS6 AVE 2023,0,TARIC 2026: base duty free,
M,90,90184100,BR,3819,0.0057,0.0,OJ schedule base rate Free (CN8 exact),0,CN8 exact,
M,90,90031100,BR,3385,0.005,0.022000000000000002,OJ schedule base rate (CN8 exact),0,CN8 exact,
M,90,90262080,BR,2811,0.0042,0.0,OJ schedule base rate Free (CN8 exact),0,CN8 exact,
M,90,90183900,UY,2785,0.0041,0.0,OJ schedule base rate Free (CN8 exact),0,CN8 exact,
M,90,90041091,BR,1692,0.0025,0.028999999999999998,OJ schedule base rate (CN8 exact),0,CN8 exact,
M,90,90189084,AR,1592,0.0024,0.0,OJ schedule base rate Free (CN8 exact),0,CN8 exact,
M,90,90278990,PY,1333,0.002,0.0,WITS HS6 AVE 2023,0,TARIC 2026: base duty free,
M,90,90278990,BR,1290,0.0019,0.0,WITS HS6 AVE 2023,0,TARIC 2026: base duty free,
M,90,90184910,BR,1252,0.0019,0.0,OJ schedule base rate Free (CN8 exact),0,CN8 exact,
M,90,90330090,AR,1202,0.0018,0.0185000002384186,WITS HS6 AVE 2023,0,TARIC-implied from 2026 Mercosur preference (pref/base = 0.000),
M,90,90279000,AR,1149,0.0017,0.0,WITS HS6 AVE 2023,0,TARIC 2026: base duty free,
M,90,90181990,BR,1037,0.0015,0.0,OJ schedule base rate Free (CN8 exact),0,CN8 exact,
M,90,90119000,BR,1017,0.0015,0.0,WITS HS6 AVE 2023,0,TARIC 2026: base duty free,
M,90,90269000,BR,961,0.0014,0.0,OJ schedule base rate Free (CN8 exact),0,CN8 exact,
M,90,90271010,BR,940,0.0014,0.025,OJ schedule base rate (CN8 exact),0,CN8 exact,
M,90,90141000,UY,732,0.0011,0.027000000000000003,OJ schedule base rate (CN8 exact),0,CN8 exact,
M,90,90149000,BR,719,0.0011,0.027000000000000003,OJ schedule base rate (CN8 exact),0,CN8 exact,
M,90,90318080,AR,683,0.001,0.0,WITS HS6 AVE 2023,0,TARIC 2026: base duty free,
M,90,90261029,BR,551,0.0008,0.0,OJ schedule base rate Free (CN8 exact),0,CN8 exact,
M,90,90211090,AR,544,0.0008,0.0,OJ schedule base rate Free (CN8 exact),0,CN8 exact,
M,90,90248000,BR,535,0.0008,0.0,WITS HS6 AVE 2023,0,TARIC 2026: base duty free,
M,90,90329000,AR,414,0.0006,0.027999999999999997,OJ schedule base rate (CN8 exact),0,CN8 exact,
M,90,90279000,BR,382,0.0006,0.0,WITS HS6 AVE 2023,0,TARIC 2026: base duty free,
M,90,90148000,BR,295,0.0004,0.037000000000000005,OJ schedule base rate (CN8 exact),0,CN8 exact,
M,90,90271090,BR,256,0.0004,0.025,OJ schedule base rate (CN8 exact),0,CN8 exact,
M,90,90289090,BR,216,0.0003,0.021,OJ schedule base rate (CN8 exact),0,CN8 exact,
M,90,90281000,BR,203,0.0003,0.021,OJ schedule base rate (CN8 exact),0,CN8 exact,
M,90,90301000,BR,187,0.0003,0.042,OJ schedule base rate (CN8 exact),0,CN8 exact,
M,90,90142080,BR,176,0.0003,0.037000000000000005,OJ schedule base rate (CN8 exact),0,CN8 exact,
M,90,90268020,BR,148,0.0002,0.0,OJ schedule base rate Free (CN8 exact),0,CN8 exact,
M,90,90319000,BR,112,0.0002,0.0,WITS HS6 AVE 2023,0,TARIC 2026: base duty free,
M,90,90269000,AR,92,0.0001,0.0,OJ schedule base rate Free (CN8 exact),0,CN8 exact,
M,90,90211010,BR,84,0.0001,0.0,OJ schedule base rate Free (CN8 exact),0,CN8 exact,
M,90,90269000,UY,84,0.0001,0.0,OJ schedule base rate Free (CN8 exact),0,CN8 exact,
M,90,90179000,BR,79,0.0001,0.027000000000000003,OJ schedule base rate (CN8 exact),0,CN8 exact,
M,90,90262040,BR,66,0.0001,0.0,OJ schedule base rate Free (CN8 exact),0,CN8 exact,
M,90,90318080,UY,64,0.0001,0.0,WITS HS6 AVE 2023,0,TARIC 2026: base duty free,
M,90,90268020,UY,54,0.0001,0.0,OJ schedule base rate Free (CN8 exact),0,CN8 exact,
M,90,90178090,BR,50,0.0001,0.027000000000000003,OJ schedule base rate (CN8 exact),0,CN8 exact,
M,90,90268080,BR,37,0.0001,0.0,OJ schedule base rate Free (CN8 exact),0,CN8 exact,
M,90,90251900,BR,30,0.0,0.0,WITS HS6 AVE 2023,0,TARIC 2026: base duty free,
X,90,90131010,BR,3388605,0.7027,0.16,"min(schedule 0.16, WITS 0.16)",NCM rows (HS6),,
X,90,90185010,BR,269223,0.0558,0.07,"min(schedule 0.07, WITS 0.07)",NCM rows (HS6),,
X,90,90312000,AR,97922,0.0203,0.14,"min(schedule 0.14, WITS 0.14)",NCM rows (HS6),,
X,90,90183900,BR,92527,0.0192,0.111111106872559,"min(schedule 0.1111111111111111, WITS 0.111111106872559)",NCM rows (HS6),,
X,90,90185010,AR,74263,0.0154,0.01,"min(schedule 0.01, WITS 0.01)",NCM rows (HS6),,
X,90,90329000,BR,71800,0.0149,0.12,"min(schedule 0.12, WITS 0.12)",NCM rows (HS6),,
X,90,90328900,AR,67748,0.014,0.131999998092651,"min(schedule 0.15200000000000002, WITS 0.131999998092651)",NCM rows (HS6),,
X,90,90319000,BR,56172,0.0116,0.14,"min(schedule 0.14, WITS 0.14)",NCM rows (HS6),,
X,90,90318080,BR,47501,0.0098,0.10666666666666667,"min(schedule 0.10666666666666667, WITS 0.106666669845581)",NCM rows (HS6),,
X,90,90149000,BR,46625,0.0097,0.14,"min(schedule 0.14, WITS 0.14)",NCM rows (HS6),,
X,90,90312000,UY,43423,0.009,0.0,"min(schedule 0.0, WITS 0.0)",NCM rows (HS6),,
X,90,90312000,BR,42546,0.0088,0.14,"min(schedule 0.14, WITS 0.14)",NCM rows (HS6),,
X,90,90213910,AR,40727,0.0084,0.0525,"min(schedule 0.052500000000000005, WITS 0.0525)",NCM rows (HS6),,
X,90,90283019,BO,39369,0.0082,0,n/a,n/a (Bolivia),,
X,90,90273000,AR,37264,0.0077,0.013333333333333334,"min(schedule 0.013333333333333334, WITS 0.0133333337306976)",NCM rows (HS6),,
X,90,90183900,UY,37099,0.0077,0.1288888888888889,"min(schedule 0.1288888888888889, WITS 0.128888893127441)",NCM rows (HS6),,
X,90,90139005,BR,23167,0.0048,0.14,"min(schedule 0.14, WITS 0.14)",NCM rows (HS6),,
X,90,90141000,BR,20871,0.0043,0.14,"min(schedule 0.14, WITS 0.14)",NCM rows (HS6),,
X,90,90158080,BR,18045,0.0037,0.14,"min(schedule 0.14, WITS 0.14)",NCM rows (HS6),,
X,90,90328900,BR,17406,0.0036,0.151999998092651,"min(schedule 0.15200000000000002, WITS 0.151999998092651)",NCM rows (HS6),,
X,90,90318080,AR,16890,0.0035,0.0666666650772095,"min(schedule 0.06666666666666668, WITS 0.0666666650772095)",NCM rows (HS6),,
X,90,90185090,BR,14964,0.0031,0.07,"min(schedule 0.07, WITS 0.07)",NCM rows (HS6),,
X,90,90330090,BR,14180,0.0029,0.16,"min(schedule 0.16, WITS 0.16)",NCM rows (HS6),,
X,90,90132000,BR,13589,0.0028,0.14,"min(schedule 0.14, WITS 0.14)",NCM rows (HS6),,
X,90,90319000,AR,12891,0.0027,0.02,"min(schedule 0.14, WITS 0.02)",NCM rows (HS6),,
X,90,90259000,BR,11057,0.0023,0.16,"min(schedule 0.16, WITS 0.16)",NCM rows (HS6),,
X,90,90269000,BR,10336,0.0021,0.16,"min(schedule 0.16, WITS 0.16)",NCM rows (HS6),,
X,90,90278990,BR,9699,0.002,0.07777777777777778,"min(schedule 0.07777777777777778, WITS None)","NCM rows (HS4 fallback, HS6 code absent from NCM 2012)",,
X,90,90289090,BR,8897,0.0018,0.16,"min(schedule 0.16, WITS 0.16)",NCM rows (HS6),,
X,90,90314990,BR,8142,0.0017,0.0466666650772095,"min(schedule 0.04666666666666667, WITS 0.0466666650772095)",NCM rows (HS6),,
X,90,90189084,PY,7842,0.0016,0.0357142853736877,"min(schedule 0.03571428571428571, WITS 0.0357142853736877)",NCM rows (HS6),,
X,90,90185090,AR,7755,0.0016,0.01,"min(schedule 0.01, WITS 0.01)",NCM rows (HS6),,
X,90,90181200,AR,7722,0.0016,0.07,"min(schedule 0.07, WITS 0.07)",NCM rows (HS6),,
X,90,90191090,AR,7398,0.0015,0.14,"min(schedule 0.14, WITS 0.14)",NCM rows (HS6),,
X,90,90200090,UY,6574,0.0014,0.16,"min(schedule 0.16, WITS 0.16)",NCM rows (HS6),,
X,90,90271010,BR,6138,0.0013,0.14,"min(schedule 0.14, WITS 0.14)",NCM rows (HS6),,
X,90,90268020,BR,5920,0.0012,0.18,"min(schedule 0.18, WITS 0.18)",NCM rows (HS6),,
X,90,90275000,AR,5898,0.0012,0.0366666674613953,"min(schedule 0.05666666666666667, WITS 0.0366666674613953)",NCM rows (HS6),,
X,90,90148000,AR,5375,0.0011,0.02,"min(schedule 0.08, WITS 0.02)",NCM rows (HS6),,
X,90,90211010,BR,5301,0.0011,0.08,"min(schedule 0.08, WITS 0.105)",NCM rows (HS6),,
X,90,90271010,AR,5156,0.0011,0.02,"min(schedule 0.02, WITS 0.02)",NCM rows (HS6),,
X,90,90269000,AR,4705,0.001,0.16,"min(schedule 0.16, WITS 0.16)",NCM rows (HS6),,
X,90,90329000,AR,4469,0.0009,0.09333333015441889,"min(schedule 0.12, WITS 0.09333333015441889)",NCM rows (HS6),,
X,90,90268080,BR,4229,0.0009,0.18,"min(schedule 0.18, WITS 0.18)",NCM rows (HS6),,
X,90,90261029,BR,4115,0.0009,0.13,"min(schedule 0.13, WITS 0.13)",NCM rows (HS6),,
X,90,90141000,AR,4041,0.0008,0.02,"min(schedule 0.02, WITS 0.02)",NCM rows (HS6),,
X,90,90261021,BR,3765,0.0008,0.13,"min(schedule 0.13, WITS 0.13)",NCM rows (HS6),,
X,90,90200090,BR,3567,0.0007,0.16,"min(schedule 0.16, WITS 0.16)",NCM rows (HS6),,
X,90,90329000,UY,3035,0.0006,0.0666666650772095,"min(schedule 0.06666666666666667, WITS 0.0666666650772095)",NCM rows (HS6),,
X,90,90058000,AR,2979,0.0006,0.02,"min(schedule 0.02, WITS 0.02)",NCM rows (HS6),,
X,90,90273000,BR,2860,0.0006,0.09333333015441889,"min(schedule 0.09333333333333334, WITS 0.09333333015441889)",NCM rows (HS6),,
X,90,90139080,AR,2735,0.0006,0.02,"min(schedule 0.02, WITS 0.02)",NCM rows (HS6),,
X,90,90219090,BR,2532,0.0005,0.0175,"min(schedule 0.035, WITS 0.0175)",NCM rows (HS6),,
X,90,90279000,BR,2465,0.0005,0.035,"min(schedule 0.035, WITS 0.035)",NCM rows (HS6),,
X,90,90275000,BR,2422,0.0005,0.11666666666666668,"min(schedule 0.11666666666666668, WITS 0.116666669845581)",NCM rows (HS6),,
X,90,90299000,AR,2317,0.0005,0.16,"min(schedule 0.16, WITS 0.16)",NCM rows (HS6),,
X,90,90141000,UY,2273,0.0005,0.0,"min(schedule 0.0, WITS 0.0)",NCM rows (HS6),,
X,90,90279000,AR,2090,0.0004,0.035,"min(schedule 0.035, WITS 0.035)",NCM rows (HS6),,
X,90,90321080,BR,2089,0.0004,0.18,"min(schedule 0.18, WITS 0.18)",NCM rows (HS6),,
X,90,90182000,UY,2000,0.0004,0.0,"min(schedule 0.0, WITS 0.0)",NCM rows (HS6),,
X,90,90041099,BR,1956,0.0004,0.2,"min(schedule 0.2, WITS 0.2)",NCM rows (HS6),,
X,90,90278990,PY,1945,0.0004,0.0,"min(schedule 0.0, WITS None)","NCM rows (HS4 fallback, HS6 code absent from NCM 2012)",,
X,90,90148000,BR,1913,0.0004,0.14,"min(schedule 0.14, WITS 0.14)",NCM rows (HS6),,
X,90,90258080,BR,1788,0.0004,0.18,"min(schedule 0.18, WITS 0.18)",NCM rows (HS6),,
X,90,90318080,UY,1681,0.0003,0.0044444444444444444,"min(schedule 0.0044444444444444444, WITS 0.00545454561710358)",NCM rows (HS6),,
X,90,90259000,AR,1611,0.0003,0.16,"min(schedule 0.16, WITS 0.16)",NCM rows (HS6),,
X,90,90330090,UY,1580,0.0003,0.16,"min(schedule 0.16, WITS 0.16)",NCM rows (HS6),,
X,90,90318080,PY,1363,0.0003,0.0022222222222222222,"min(schedule 0.0022222222222222222, WITS 0.00222222223877907)",NCM rows (HS6),,
X,90,90268080,AR,1248,0.0003,0.18,"min(schedule 0.18, WITS 0.18)",NCM rows (HS6),,
X,90,90278990,AR,1139,0.0002,0.03333333333333333,"min(schedule 0.03333333333333333, WITS None)","NCM rows (HS4 fallback, HS6 code absent from NCM 2012)",,
X,90,90268020,UY,1126,0.0002,0.18,"min(schedule 0.18, WITS 0.18)",NCM rows (HS6),,
X,90,90192090,BR,1079,0.0002,0.14,"min(schedule 0.14, WITS 0.14)",NCM rows (HS6),,
X,90,90181200,BO,1010,0.0002,0,n/a,n/a (Bolivia),,
X,90,90142080,BR,1001,0.0002,0.0,"min(schedule 0.0, WITS 0.0)",NCM rows (HS6),,
X,90,90289090,AR,976,0.0002,0.16,"min(schedule 0.16, WITS 0.16)",NCM rows (HS6),,
X,90,90181990,BR,927,0.0002,0.105,"min(schedule 0.10500000000000001, WITS 0.105)",NCM rows (HS6),,
X,90,90149000,UY,877,0.0002,0.0,"min(schedule 0.0, WITS 0.0)",NCM rows (HS6),,
X,90,90269000,UY,876,0.0002,0.16,"min(schedule 0.16, WITS 0.16)",NCM rows (HS6),,
X,90,90283090,BR,840,0.0002,0.16285714285714287,"min(schedule 0.16285714285714287, WITS 0.162857151031494)",NCM rows (HS6),,
X,90,90289090,UY,790,0.0002,0.16,"min(schedule 0.16, WITS 0.16)",NCM rows (HS6),,
X,90,90262020,BR,703,0.0001,0.18,"min(schedule 0.18, WITS 0.18)",NCM rows (HS6),,
X,90,90268080,UY,696,0.0001,0.18,"min(schedule 0.18, WITS 0.18)",NCM rows (HS6),,
X,90,90241080,AR,685,0.0001,0.1,"min(schedule 0.10000000000000002, WITS 0.1)",NCM rows (HS6),,
X,90,90268020,AR,629,0.0001,0.18,"min(schedule 0.18, WITS 0.18)",NCM rows (HS6),,
X,90,90262080,UY,629,0.0001,0.18,"min(schedule 0.18, WITS 0.18)",NCM rows (HS6),,
X,90,90271090,AR,624,0.0001,0.02,"min(schedule 0.02, WITS 0.02)",NCM rows (HS6),,
X,90,90292038,BR,622,0.0001,0.18,"min(schedule 0.18, WITS 0.18)",NCM rows (HS6),,
X,90,90262080,BR,607,0.0001,0.18,"min(schedule 0.18, WITS 0.18)",NCM rows (HS6),,
X,90,90261089,PY,606,0.0001,0.08,"min(schedule 0.08, WITS 0.08)",NCM rows (HS6),,
X,90,90179000,BR,602,0.0001,0.08,"min(schedule 0.08, WITS 0.08)",NCM rows (HS6),,
X,90,90330090,AR,599,0.0001,0.16,"min(schedule 0.16, WITS 0.16)",NCM rows (HS6),,
X,90,90273000,UY,520,0.0001,0.0,"min(schedule 0.0, WITS 0.0)",NCM rows (HS6),,
X,90,90183900,AR,493,0.0001,0.1288888888888889,"min(schedule 0.1288888888888889, WITS 0.128888893127441)",NCM rows (HS6),,
X,90,90322000,BR,436,0.0001,0.18,"min(schedule 0.18, WITS 0.18)",NCM rows (HS6),,
X,90,90230080,BR,433,0.0001,0.16,"min(schedule 0.16, WITS 0.16)",NCM rows (HS6),,
X,90,90303100,BR,417,0.0001,0.14,"min(schedule 0.14, WITS 0.14)",NCM rows (HS6),,
X,90,90142020,AR,396,0.0001,0.0,"min(schedule 0.0, WITS 0.0)",NCM rows (HS6),,
X,90,90251900,BR,313,0.0001,0.09,"min(schedule 0.09, WITS 0.09)",NCM rows (HS6),,
X,90,90271090,BR,292,0.0001,0.14,"min(schedule 0.14, WITS 0.14)",NCM rows (HS6),,
X,90,90178090,AR,275,0.0001,0.18,"min(schedule 0.18, WITS 0.18)",NCM rows (HS6),,
X,90,90058000,UY,257,0.0001,0.0,"min(schedule 0.0, WITS 0.0)",NCM rows (HS6),,
X,90,90248000,BR,253,0.0001,0.0839999961853027,"min(schedule 0.084, WITS 0.0839999961853027)",NCM rows (HS6),,
X,90,90158020,UY,220,0.0,0.0,"min(schedule 0.0, WITS 0.0)",NCM rows (HS6),,
X,90,90200010,BR,208,0.0,0.16,"min(schedule 0.16, WITS 0.16)",NCM rows (HS6),,
X,90,90321080,UY,193,0.0,0.09,"min(schedule 0.09, WITS 0.09)",NCM rows (HS6),,
X,90,90251900,AR,190,0.0,0.09,"min(schedule 0.09, WITS 0.09)",NCM rows (HS6),,
X,90,90192090,UY,182,0.0,0.0,"min(schedule 0.0, WITS 0.0)",NCM rows (HS6),,
X,90,90279000,UY,162,0.0,0.005,"min(schedule 0.005, WITS 0.005)",NCM rows (HS6),,
X,90,90278990,UY,160,0.0,0.0007407407407407407,"min(schedule 0.0007407407407407407, WITS None)","NCM rows (HS4 fallback, HS6 code absent from NCM 2012)",,
X,90,90173000,UY,157,0.0,0.153333330154419,"min(schedule 0.15333333333333332, WITS 0.153333330154419)",NCM rows (HS6),,
X,90,90292090,BR,139,0.0,0.18,"min(schedule 0.18, WITS 0.18)",NCM rows (HS6),,
X,90,90139080,BR,139,0.0,0.14,"min(schedule 0.14, WITS 0.14)",NCM rows (HS6),,
X,90,90041091,BR,122,0.0,0.2,"min(schedule 0.2, WITS 0.2)",NCM rows (HS6),,
X,90,90303370,PY,122,0.0,0.0179999995231628,"min(schedule 0.018, WITS 0.0179999995231628)",NCM rows (HS6),,
X,90,90321020,BR,119,0.0,0.18,"min(schedule 0.18, WITS 0.18)",NCM rows (HS6),,
X,90,90301000,BR,117,0.0,0.14,"min(schedule 0.14, WITS 0.14)",NCM rows (HS6),,
X,90,90292031,BR,111,0.0,0.18,"min(schedule 0.18, WITS 0.18)",NCM rows (HS6),,
X,90,90279000,PY,108,0.0,0.0,"min(schedule 0.0, WITS 0.0)",NCM rows (HS6),,
X,90,90281000,BR,100,0.0,0.153333330154419,"min(schedule 0.15333333333333335, WITS 0.153333330154419)",NCM rows (HS6),,
X,90,90041010,BR,97,0.0,0.2,"min(schedule 0.2, WITS 0.2)",NCM rows (HS6),,
X,90,90189084,BR,93,0.0,0.09142857142857143,"min(schedule 0.09142857142857143, WITS 0.09142857551574711)",NCM rows (HS6),,
X,90,90215000,BR,61,0.0,0.0,"min(schedule 0.0, WITS 0.0)",NCM rows (HS6),,
X,90,90282000,UY,56,0.0,0.18,"min(schedule 0.18, WITS 0.18)",NCM rows (HS6),,
X,90,90192090,PY,27,0.0,0.004,"min(schedule 0.004, WITS 0.00400000005960464)",NCM rows (HS6),,
X,90,90149000,AR,23,0.0,0.02,"min(schedule 0.02, WITS 0.02)",NCM rows (HS6),,
M,94,94038900,BR,91087,0.1874,0.055999999999999994,OJ schedule base rate (CN8 exact),4,CN8 exact,
M,94,94017900,BR,63931,0.1315,0.0,OJ schedule base rate Free (CN8 exact),0,CN8 exact,
M,94,94032080,BR,55922,0.1151,0.0,OJ schedule base rate Free (CN8 exact),0,CN8 exact,
M,94,94016900,BR,45168,0.0929,0.0,OJ schedule base rate Free (CN8 exact),0,CN8 exact,
M,94,94036090,BR,44103,0.0907,0.0,OJ schedule base rate Free (CN8 exact),0,CN8 exact,
M,94,94036030,BR,42323,0.0871,0.0,OJ schedule base rate Free (CN8 exact),0,CN8 exact,
M,94,94016100,BR,40186,0.0827,0.0,OJ schedule base rate Free (CN8 exact),0,CN8 exact,
M,94,94036010,BR,23852,0.0491,0.0,OJ schedule base rate Free (CN8 exact),0,CN8 exact,
M,94,94039910,BR,13894,0.0286,0.027000000476837198,WITS HS6 AVE 2023,0,TARIC-implied from 2026 Mercosur preference (pref/base = 0.000),
M,94,94017100,BR,13790,0.0284,0.0,OJ schedule base rate Free (CN8 exact),0,CN8 exact,
M,94,94019990,BR,12456,0.0256,0.022000000476837197,WITS HS6 AVE 2023,0|4,HS4 rows (TARIC 2026 lookup failed),
M,94,94021000,BR,10902,0.0224,0.0,OJ schedule base rate Free (CN8 exact),0,CN8 exact,
M,94,94018000,BR,10547,0.0217,0.0,OJ schedule base rate Free (CN8 exact),0,CN8 exact,
M,94,94049090,BR,3615,0.0074,0.037000000000000005,OJ schedule base rate (CN8 exact),0,CN8 exact,
M,94,94019190,BR,2848,0.0059,0.022000000476837197,WITS HS6 AVE 2023,0,TARIC-implied from 2026 Mercosur preference (pref/base = 0.000),
M,94,94033099,BR,2416,0.005,0.0,OJ schedule base rate Free (CN8 exact),0,CN8 exact,
M,94,94052190,AR,2254,0.0046,0.0370000004768372,WITS HS6 AVE 2023,0,TARIC-implied from 2026 Mercosur preference (pref/base = 0.000),
M,94,94042990,BR,1766,0.0036,0.037000000000000005,OJ schedule base rate (CN8 exact),0,CN8 exact,
M,94,94051190,BR,1717,0.0035,0.0370000004768372,WITS HS6 AVE 2023,0,TARIC-implied from 2026 Mercosur preference (pref/base = 0.000),
M,94,94029000,BR,1253,0.0026,0.0,OJ schedule base rate Free (CN8 exact),0,CN8 exact,
M,94,94052940,BR,724,0.0015,0.0370000004768372,WITS HS6 AVE 2023,4,TARIC-implied from 2026 Mercosur preference (pref/base = 0.787),
M,94,94054110,BR,601,0.0012,0.0370000004768372,WITS HS6 AVE 2023,0,TARIC-implied from 2026 Mercosur preference (pref/base = 0.000),
M,94,94039990,BR,462,0.001,0.027000000476837198,WITS HS6 AVE 2023,0,TARIC-implied from 2026 Mercosur preference (pref/base = 0.000),
M,94,94019980,BR,145,0.0003,0.022000000476837197,WITS HS6 AVE 2023,0,TARIC-implied from 2026 Mercosur preference (pref/base = 0.000),
M,94,94059900,AR,55,0.0001,0.027000000000000003,OJ schedule base rate (CN8 exact),0,CN8 exact,
X,94,94051190,UY,81584,0.667,0.18,"min(schedule 0.18, WITS None)","NCM rows (HS4 fallback, HS6 code absent from NCM 2012)",,
X,94,94017900,BR,21404,0.175,0.18,"min(schedule 0.18, WITS 0.18)",NCM rows (HS6),,
X,94,94051990,UY,4138,0.0338,0.18,"min(schedule 0.18, WITS None)","NCM rows (HS4 fallback, HS6 code absent from NCM 2012)",,
X,94,94054139,UY,2644,0.0216,0.18,"min(schedule 0.18, WITS None)","NCM rows (HS4 fallback, HS6 code absent from NCM 2012)",,
X,94,94042910,BR,2088,0.0171,0.18,"min(schedule 0.18, WITS 0.18)",NCM rows (HS6),,
X,94,94054990,BR,1425,0.0117,0.18,"min(schedule 0.18, WITS None)","NCM rows (HS4 fallback, HS6 code absent from NCM 2012)",,
X,94,94042910,UY,1354,0.0111,0.18,"min(schedule 0.18, WITS 0.18)",NCM rows (HS6),,
X,94,94054231,AR,1023,0.0084,0.21642857142857141,"min(schedule 0.21642857142857141, WITS None)","NCM rows (HS4 fallback, HS6 code absent from NCM 2012)",,
X,94,94053900,AR,968,0.0079,0.21642857142857141,"min(schedule 0.21642857142857141, WITS None)","NCM rows (HS4 fallback, HS6 code absent from NCM 2012)",,
X,94,94051190,BR,839,0.0069,0.18,"min(schedule 0.18, WITS None)","NCM rows (HS4 fallback, HS6 code absent from NCM 2012)",,
X,94,94051140,BR,739,0.006,0.18,"min(schedule 0.18, WITS None)","NCM rows (HS4 fallback, HS6 code absent from NCM 2012)",,
X,94,94029000,BR,653,0.0053,0.1466666666666667,"min(schedule 0.1466666666666667, WITS 0.146666669845581)",NCM rows (HS6),,
X,94,94054110,AR,641,0.0052,0.21642857142857141,"min(schedule 0.21642857142857141, WITS None)","NCM rows (HS4 fallback, HS6 code absent from NCM 2012)",,
X,94,94054990,UY,584,0.0048,0.18,"min(schedule 0.18, WITS None)","NCM rows (HS4 fallback, HS6 code absent from NCM 2012)",,
X,94,94017100,BR,467,0.0038,0.18,"min(schedule 0.18, WITS 0.18)",NCM rows (HS6),,
X,94,94054110,UY,377,0.0031,0.18,"min(schedule 0.18, WITS None)","NCM rows (HS4 fallback, HS6 code absent from NCM 2012)",,
X,94,94054231,UY,324,0.0026,0.18,"min(schedule 0.18, WITS None)","NCM rows (HS4 fallback, HS6 code absent from NCM 2012)",,
X,94,94049090,BR,222,0.0018,0.18,"min(schedule 0.18, WITS 0.18)",NCM rows (HS6),,
X,94,94054139,BR,199,0.0016,0.18,"min(schedule 0.18, WITS None)","NCM rows (HS4 fallback, HS6 code absent from NCM 2012)",,
X,94,94013900,BR,158,0.0013,0.18,"min(schedule 0.18, WITS None)","NCM rows (HS4 fallback, HS6 code absent from NCM 2012)",,
X,94,94051140,AR,156,0.0013,0.21642857142857141,"min(schedule 0.21642857142857141, WITS None)","NCM rows (HS4 fallback, HS6 code absent from NCM 2012)",,
X,94,94069038,UY,125,0.001,0.09999999999999999,"min(schedule 0.09999999999999999, WITS 0.13)","NCM rows (HS4 fallback, HS6 code absent from NCM 2012)",,
X,94,94032080,BR,124,0.001,0.18,"min(schedule 0.18, WITS 0.18)",NCM rows (HS6),,
X,94,94059200,AR,55,0.0004,0.18,"min(schedule 0.18, WITS 0.18)",NCM rows (HS6),,
X,94,94051990,BR,32,0.0003,0.18,"min(schedule 0.18, WITS None)","NCM rows (HS4 fallback, HS6 code absent from NCM 2012)",,
