NCM,Description,Base rate of Argentina,Base rate of Brazil,Base rate of Paraguay,Base rate of Uruguay,Staging category,Comments
01012100,Pure-bred breeding horses,0,0,0,0,0,
01012900,"Live horses, except pure-bred breeding",2,2,2,2,0,
01013000,"Asses, pure-bred breeding",4,4,4,4,4,
01019000,"Asses, except pure-bred breeding",4,4,4,4,4,
01022110,"Pure-bred breeding cattle, pregnant or lactating",0,0,0,0,0,
01022190,"Other pure-bred cattle, for breeding",0,0,0,0,0,
01022911,"Other bovine animals for breeding, pregnant or lactating",2,2,2,2,0,
01022919,Other bovine animals for breeding,2,2,2,2,4,
01022990,Other live cattle,2,2,2,2,0,
01023110,"Pure-bred breeding buffalo, pregnant or lactating",0,0,0,0,0,
01023190,Other pure-bred breeding buffalo,0,0,0,0,0,
01023911,"Other buffalo for breeding, except pure-bred or pregnant",2,2,2,2,0,
01023919,"Other buffalo for breeding, except pure-bred breeding",2,2,2,2,4,
01023990,Other buffalos,2,2,2,2,0,
01029000,Other live animals of bovine species,0,0,0,0,0,
01031000,Pure-bred breeding swines,0,0,0,0,0,
01039100,"Other live swine, weighing less than 50 kg",2,2,2,2,0,
01039200,"Other live swine, weighing 50 kg or more",2,2,2,2,0,
01041011,"Pure-bred breeding, pregnant or lactating, sheep",0,0,0,0,0,
01041019,Other pure-bred breeding sheep,0,0,0,0,0,
01041090,Others live sheep,2,2,2,2,0,
01042010,Pure-bred breeding goats,0,0,0,0,0,
01042090,Other live goats,2,2,2,2,0,
01051110,Fowls species Gallus domesticus weighing ≤ 185 g pure-bred breeding,0,0,0,0,0,
01051190,Other live fowls species Gallus domesticus weighing not more than 185 g,2,2,2,2,0,
01051200,"Live turkeys, weighing not more than 185 g",2,2,2,2,0,
01051300,Ducks,2,2,2,2,0,
01051400,Geese,2,2,2,2,0,
01051500,Guinea fowls,2,2,2,2,0,
01059400,"Other live fowls species Gallus domesticus, weighing ≤ 2 000 g",4,4,4,4,4,
01059900,"Live ducks/geese/turkeys/guinea fowls, weighing > 185 g",4,4,4,4,4,
01061100,"Primate mammals, alive",4,4,4,4,4,
01061200,"Whales, dolphins and other live mammals",4,4,4,4,4,
01061300,Camels and camelids (Camelidae),4,4,4,4,4,
01061400,Rabbits and hares,4,4,4,4,4,
01061900,Other live mammals,4,4,4,4,4,
01062000,Live reptiles (including snakes and turtles),4,4,4,4,4,
01063100,Live birds of prey,4,4,4,4,4,
01063200,"Live Psittaciformes (including parrots, macaws, etc.)",4,4,4,4,4,
01063310,Ostriches (Struthio camelus) for breeding,0,0,0,0,0,
01063390,Other ostrich,4,4,4,4,4,
01063900,Other living birds,4,4,4,4,4,
01064100,Bees,4,4,4,4,4,
01064900,Other insects,4,4,4,4,4,
01069000,Other live animals,4,4,4,4,4,
02011000,Carcases/half-carcases of bovine fresh/chilled,10,10,10,10,8,
02012010,Fresh/chilled forequarters of bovine with bone in,10,10,10,10,8,
02012020,Fresh/chilled hindquarters of bovine with bone in,10,10,10,10,8,
02012090,Other fresh/chilled cuts of bovine with bone in,10,10,10,10,8,
02013000,"Fresh or chilled bovine meat, boneless",12,12,12,12,10,
02021000,Frozen bovine carcases and half-carcases,10,10,10,10,8,
02022010,"Frozen forequarters of bovines, with bone in",10,10,10,10,8,
02022020,"Frozen hindquarter of bovines, with bone in",10,10,10,10,8,
02022090,Other frozen bovine cuts,10,10,10,10,8,
02023000,"Frozen bovine meat, boneless",12,12,12,12,10,
02031100,Fresh or chilled carcases and half-carcases of swine,10,10,10,10,8,
02031200,Fresh/chilled hams/shoulders/cuts of swine with bone in,10,10,10,10,8,
02031900,Other fresh or chilled meat of swine,10,10,10,10,8,
02032100,Frozen carcases and half-carcases of swine,10,10,10,10,10,
02032200,"Frozen hams, shoulders and cuts of swine, with bone in",10,10,10,10,8,
02032900,"Other swine meat, frozen",10,10,10,10,10,
02041000,"Lamb carcases and half-carcases, fresh or chilled",10,10,10,10,8,
02042100,"Sheep carcases and half-carcases, fresh or chilled",10,10,10,10,8,
02042200,"Other sheep cuts, with bone in, fresh or chilled",10,10,10,10,8,
02042300,"Other meat of sheep, boneless, fresh or chilled",10,10,10,10,8,
02043000,"Carcases and half-carcases of lamb, frozen",10,10,10,10,8,
02044100,"Carcases and half-carcases of sheep, frozen",10,10,10,10,8,
02044200,"Other lamb cuts with bone in, frozen",10,10,10,10,8,
02044300,"Meat of sheep, boneless, frozen",10,10,10,10,8,
02045000,"Meat of goats, fresh, chilled or frozen",10,10,10,10,8,
02050000,"Meat of horses, asses, mules, etc. fresh, chilled or frozen",10,10,10,10,4,
02061000,"Edible offal of bovine, fresh or chilled",10,10,10,10,8,
02062100,Frozen edible bovine tongues,10,10,10,10,8,
02062200,Frozen edible bovine livers,10,10,10,10,8,
02062910,Frozen edible bovine tails,10,10,10,10,8,
02062990,Other frozen edible bovine offal,10,10,10,10,8,
02063000,Fresh or chilled edible offal of swine,10,10,10,10,8,
02064100,Frozen edible livers of swine,10,10,10,10,8,
02064900,"Other edible offal of swine, frozen",10,10,10,10,8,
02068000,Fresh or chilled edible offal of goats,10,10,10,10,8,
02069000,"Edible offal of sheep, goats, etc. frozen",10,10,10,10,8,
02071100,Fresh/chilled fowls species Gallus domesticus not cut in piece,10,10,10,10,4,
02071200,Frozen fowls species Gallus domesticus not cut in piece,10,10,10,10,4,
02071300,"Fowls species Gallus domesticus cuts and offal, fresh/chilled",10,10,10,10,4,
02071400,"Fowls species Gallus domesticus cuts and offal, frozen",10,10,10,10,4,
02072400,"Fresh/chilled meat of turkeys, not cut in piece",10,10,10,10,8,
02072500,"Frozen meat of turkeys, not cut in piece",10,10,10,10,8,
02072600,"Fresh/chilled meat of turkeys, cuts and offal",10,10,10,10,8,
02072700,"Frozen meat of turkeys, cuts and offal",10,10,10,10,8,
02074100,"Meat of ducks, not cut in pieces, fresh or chilled",10,10,10,10,8,
02074200,"Meat of ducks, not cut in pieces, frozen",10,10,10,10,8,
02074300,"Fatty livers of ducks, fresh or chilled",10,10,10,10,8,
02074400,"Other meats of ducks, fresh or chilled",10,10,10,10,8,
02074500,"Other meats of ducks, frozen",10,10,10,10,8,
02075100,"Meat of geese, not cut in pieces, fresh or chilled",10,10,10,10,8,
02075200,"Meat of geese, not cut in pieces, frozen",10,10,10,10,8,
02075300,"Fatty livers of geese, fresh or chilled",10,10,10,10,8,
02075400,"Other meat of geese, fresh or chilled",10,10,10,10,8,
02075500,"Other meat of geese, frozen",10,10,10,10,8,
02076000,Meat of Guinea fowls,10,10,10,10,8,
02081000,Fresh/chilled/frozen other meat/edible meat offal of rabbits/hares,10,10,10,10,4,
02083000,"Meat of primates, fresh/chilled/frozen",10,10,10,10,8,
02084000,"Meat of whales, etc., fresh/chilled/frozen",10,10,10,10,8,
02085000,"Meat of reptiles, fresh/chilled/frozen",10,10,10,10,8,
02086000,"Other meat and edible offal, of camels and camelids (Camelidae)",10,10,10,10,8,
02089000,"Fresh/chilled/frozen meat/edible meat offal, of other animals",10,10,10,10,8,
02091011,"Bacon pork, fresh, chilled or frozen",6,6,6,6,4,
02091019,Other pork fat,6,6,6,6,4,
02091021,"Fat of pork, fresh, chilled or frozen",6,6,6,6,4,
02091029,Other pork fat,6,6,6,6,4,
02099000,Bacon and other fats,6,6,6,6,4,
02101100,"Hams, shoulder and cuts of swine, with bone in, salted, etc.",10,10,10,10,8,
02101200,"Bellies and chest ""streaky"" of swine, salted, etc.",10,10,10,10,8,
02101900,"Other meat of swine, salted, brine, dried, etc.",10,10,10,10,8,
02102000,"Meat of bovine, salted/in brine/dried/smoked",10,10,10,10,8,
02109100,"Meat of primates, salted, dried, in brine, etc.",10,10,10,10,8,
02109200,"Meat of whales, etc. salted, dried, etc.",10,10,10,10,8,
02109300,"Meat of reptiles, salted, dried, etc.",10,10,10,10,8,
02109900,"Meat of other animals, salted, dried, etc.",10,10,10,10,8,
03011110,Aruana (Osteoglossum bicirrhosum),10,10,10,10,4,
03011190,"Other ornamental fish, live, freshwater",10,10,10,10,4,
03011900,"Other ornamental fish, live",10,10,10,10,8,
03019110,"Trout (Salmo trutta oncorhynchus), for breeding",0,0,0,0,0,
03019190,Other live trout (Salmo trutta oncorhynchus),10,10,10,10,4,
03019210,Live eels (Anguilla spp.) for breeding,0,0,0,0,0,
03019290,Other live eels (Anguilla spp.),10,10,10,10,4,
03019310,Carp for breeding,0,0,0,0,0,
03019390,Other live carp,10,10,10,10,4,
03019410,"Blue yellowfin (Thunnus thynnus), for breeding",0,0,0,0,0,
03019490,Others blue yellowfin (Thunnus thynnus) for breeding,10,10,10,10,4,
03019510,Other breeding fish,0,0,0,0,0,
03019590,"Other fishes, alive",10,10,10,10,4,
03019911,Tilapia fishes for breeding,0,0,0,0,0,
03019912,"Sturgeons, fishes for breeding",0,0,0,0,0,
03019919,"Other fish, for breeding",0,0,0,0,0,
03019991,"Other tilapia fishes, alive",10,10,10,10,8,
03019992,"Other sturgeon fishes, alive",10,10,10,10,4,
03019999,Other live fish,10,10,10,10,4,
03021100,"Fresh or chilled trout except fillets, other meat liver, etc.",10,10,10,10,4,
03021300,"Pacific salmon, fresh or chilled",10,10,10,10,4,
03021400,"Atlantic salmon and Danube salmon, fresh or chilled",10,10,10,10,4,
03021900,"Other fresh or chilled Salmonidae except fish fillets, etc.",10,10,10,10,4,
03022100,"Fresh/chilled halibut except fillets, etc.",10,10,10,10,4,
03022200,"Fresh/chilled plaice except fillets, etc.",10,10,10,10,4,
03022300,"Fresh/chilled sole except fish fillets, other fish meat, etc.",10,10,10,10,4,
03022400,"Turbot (Psetta maxima), fresh or chilled",10,10,10,10,4,
03022900,"Other fresh/chilled flat fish except fish fillets, etc.",10,10,10,10,4,
03023100,"Fresh/chilled tunas or skipjack except fish fillets, etc.",10,10,10,10,8,
03023200,Fresh/chilled yellowfin tunas except fish fillets,10,10,10,10,4,
03023300,"Fresh/chilled skipjack, etc. except fish fillets, etc.",10,10,10,10,8,
03023400,Fresh or chilled bigeye tunas (Thunnus obesus),10,10,10,10,8,
03023500,Fresh/chilled bluefin tunas (Thunnus thynnus),10,10,10,10,8,
03023600,Fresh/chilled southern bluefin tunas,10,10,10,10,8,
03023900,"Other fresh/chilled tunas, except fish fillets other fish meat",10,10,10,10,8,
03024100,"Herring (Clupea harengus, Clupea pallasii), fresh/chilled",10,10,10,10,8,
03024210,"Anchoita (Engraulis anchoita), fresh or frozen",10,10,10,10,8,
03024290,"Other anchovies, fresh or chilled",10,10,10,10,4,
03024300,"Sardines (Sardina pilchardus etc.), fresh or chilled",10,10,10,10,4,
03024400,"Cavalinhas, fresh or frozen",10,10,10,10,4,
03024500,"Horse mackerel (Trachurus spp.), fresh or chilled",10,10,10,10,4,
03024600,"Cobia (Rachycentron canadum), fresh or chilled",10,10,10,10,4,
03024700,"Swordfish (Xiphias gladius), fresh or chilled",10,10,10,10,4,
03025100,"Cod of Atlantic, Pacific, Greenland, fresh or chilled",0,0,0,0,0,
03025200,"Haddock (Melanogrammus aeglefinus), fresh/chilled",10,10,10,10,4,
03025300,"Saithe (Pollachus virens), fresh or chilled",10,10,10,10,4,
03025400,"Hakes (Merluccius spp., Urophycis spp.), fresh or chilled",10,10,10,10,8,
03025500,"Hake from Alaska (Theragra chalcogramma), fresh or chilled",10,10,10,10,4,
03025600,Blue whiting (Micromesisticus poutassou),10,10,10,10,4,
03025900,"Other fish of families Bregmacerotidae, Gadidae, etc.",10,10,10,10,4,
03027100,"Tilapias (Oreochromis spp.), fresh or chilled",10,10,10,10,E,
03027210,"Catfish (Ictalurus puntactus), fresh or chilled",10,10,10,10,4,
03027290,"Other catfish, fresh or chilled",10,10,10,10,4,
03027300,"Carp (Cyprinus carpio, Carassius carassius, etc.)",10,10,10,10,4,
03027400,"Eels (Anguila spp.), fresh or chilled",10,10,10,10,4,
03027900,"Nile perch, snakehead, fresh or chilled",10,10,10,10,4,
03028100,"Dogfish and other sharks, fresh or chilled",10,10,10,10,4,
03028200,"Skates (Rajidae), fresh or chilled",10,10,10,10,4,
03028310,"Black hake (Dissostichus eleginoides), fresh or chilled",10,10,10,10,8,
03028320,Hake from Antarctica (Dissostichus mawson),10,10,10,10,8,
03028400,"Bass (Dicentrarchus spp.), fresh or chilled",10,10,10,10,4,
03028500,"Porgies, sea breams (Sparidae), fresh or chilled",10,10,10,10,4,
03028911,"Marlin (Istiophorus spp., Tetrapturus spp., Makaira spp.)",10,10,10,10,4,
03028912,"Snapper (Lutjanus purpureus), fresh or chilled",10,10,10,10,4,
03028921,"Atlantic wreckfish (Polyprion americanus), fresh or chilled",10,10,10,10,4,
03028922,"Groupers (Acanthistius spp.), fresh or chilled",10,10,10,10,4,
03028923,"Sturgeon (Acipenser baeri), fresh or chilled",10,10,10,10,4,
03028924,"Sand smelt (Atherina spp.), fresh or chilled",10,10,10,10,4,
03028931,"Curimatas (Prochilodus spp.), fresh or chilled",10,10,10,10,4,
03028932,"Tilapias (Tilapia, Sarotherodon, Danakilia); its hybrids",10,10,10,10,E,
03028933,"Surubins (Pseudoplatystoma spp.), fresh or chilled",10,10,10,10,4,
03028934,Trahira (tiger fish) (Hoplias malabaricus),10,10,10,10,4,
03028935,"Piaus (Leporinus spp.), fresh or chilled",10,10,10,10,4,
03028936,"Tainhas (Mugil spp.), fresh or chilled",10,10,10,10,E,
03028937,"Pirarucu (Arapaima gigas), fresh or chilled",10,10,10,10,4,
03028938,"Pescadas (Cynoscion spp.), fresh or chilled",10,10,10,10,4,
03028941,"Piramutaba (Brachyplatystoma vaillantii), fresh or chilled",10,10,10,10,4,
03028942,"Jau (Brachyplatystoma flavicans), fresh or chilled",10,10,10,10,4,
03028943,"Pacu (Piaractus mesopotamicus), fresh or chilled",10,10,10,10,4,
03028944,Tambaqui (Colossoma macropomum),10,10,10,10,4,
03028945,Tambacu (hybrid of tambaqui and pacu),10,10,10,10,4,
03028990,"Other fish, fresh or chilled",10,10,10,10,4,
03029000,"Livers and roes of fish, fresh or chilled",10,10,10,10,4,
03031100,Frozen red salmon,10,10,10,10,4,
03031200,"Other Pacific salmon, frozen",10,10,10,10,4,
03031300,"Atlantic salmon and Danube salmon, frozen",10,10,10,10,4,
03031400,"Trout (Salmo trutta, Oncorhynchus mykiss, etc.), frozen",10,10,10,10,4,
03031900,Other frozen salmon,10,10,10,10,4,
03032300,"Tilapias (Oreochromis spp.), frozen",10,10,10,10,E,
03032410,Catfish (Ictalurus puntactus) frozen,10,10,10,10,4,
03032490,"Nile persh and snakehead, frozen",10,10,10,10,4,
03032500,"Carps, frozen",10,10,10,10,4,
03032600,"Eels (Anguilla spp.), frozen",10,10,10,10,4,
03032900,"Other frozen Salmonidae, except fish fillets other fish meat, etc.",10,10,10,10,4,
03033100,"Frozen halibut, except fish fillets other fish meat, etc.",10,10,10,10,4,
03033200,"Frozen plaice except fish fillets, other fish meat, etc.",10,10,10,10,4,
03033300,"Frozen sole, except fish fillets other fish meat, etc.",10,10,10,10,4,
03033400,"Turbot (Psetta maxima), frozen",10,10,10,10,4,
03033900,"Other frozen flat fish, except fish fillets other fish meat, etc.",10,10,10,10,4,
03034100,"Frozen albacore or longfinned tunas except fish fillets, etc",10,10,10,10,0,
03034200,"Frozen yellowfin tunas, except fish fillets, etc.",10,10,10,10,0,
03034300,"Frozen skipjack, etc. except fish fillets, etc.",10,10,10,10,0,
03034400,Frozen bigeye tunas (Thunnus obesus),10,10,10,10,0,
03034500,Frozen bluefin tunas (Thunnus thynnus),10,10,10,10,0,
03034600,Frozen southern bluefin tunas (Thunnus maccoyii),10,10,10,10,0,
03034900,"Other frozen tunas, except fish fillets, other meats, livers, etc.",10,10,10,10,0,
03035100,"Herrings, frozen, except liver, eggs, semen",10,10,10,10,4,
03035300,"Sardines, frozen",10,10,10,10,4,
03035400,"Cavalinhas, frozen",10,10,10,10,4,
03035500,"Horse mackerel (Trachurus spp.), frozen",10,10,10,10,4,
03035600,"Cobia (Rachcentron canadum), frozen",10,10,10,10,4,
03035700,"Swordfish (Xiphias gladius), frozen",10,10,10,10,4,
03036300,"Cod of Atlantic and cod of Pacific, frozen",0,0,0,0,0,
03036400,"Haddock or lubina (Melanogramua aeglefinus), frozen",10,10,10,10,4,
03036500,"Saithe (Pollachius virens), frozen",10,10,10,10,4,
03036600,"Hake and abroteas (Merluccius, Urophycis), frozen",10,10,10,10,8,
03036700,Hake from Alaska (Theragra chalcogramma),10,10,10,10,E,
03036800,"Verdinhos, frozen (except fillet, other meat)",10,10,10,10,4,
03036910,"Pink hake (Macruronus megellanicus), frozen",10,10,10,10,8,
03036990,"Other fish, frozen, excluding fillets and other meat",10,10,10,10,4,
03038111,"Blue shark (Prionace glauca) full, frozen",10,10,10,10,4,
03038112,"Blue shark gutted, finless, headless, frozen",10,10,10,10,4,
03038113,"Blue shark in chunks, with skin, frozen",10,10,10,10,4,
03038114,"Blue shark in pieces, without skin, frozen",10,10,10,10,4,
03038119,"Other blue sharks, frozen",10,10,10,10,4,
03038190,"Other sharks, frozen",10,10,10,10,4,
03038200,"Skates (Rajidae), frozen",10,10,10,10,4,
03038311,"Black hake, eviscerated, without head or tail, frozen",10,10,10,10,4,
03038312,"Head of black hakes, frozen",10,10,10,10,4,
03038319,"Other parts of black hakes, frozen",10,10,10,10,4,
03038321,"Hake from Antarctica, eviscerated, frozen, without head or tail",10,10,10,10,8,
03038322,"Heads of hakes from Antarctica, frozen",10,10,10,10,4,
03038329,"Other parts of hakes from Antarctica, frozen",10,10,10,10,4,
03038400,"Seabass (Dicentrarchus spp.), frozen",10,10,10,10,4,
03038910,"Corvina (Micropogonias furnieri), frozen",10,10,10,10,4,
03038920,"Pescadas (Cynoscion spp.), frozen",10,10,10,10,4,
03038931,"Marlin (Istiophorus, Tetrapturus, Makaira), frozen",10,10,10,10,4,
03038932,"Snapper (Lutjanus purpureus), frozen",10,10,10,10,4,
03038933,"Frog fish (Lophius gastrophysus), frozen",10,10,10,10,4,
03038941,"Atlantic wreckfish (Polyprion americanus), frozen",10,10,10,10,4,
03038942,"Groupers (Acanthistius spp.), frozen",10,10,10,10,4,
03038943,"Mullet (Mugil spp.), frozen",10,10,10,10,E,
03038944,"Sturgeon (Acipenser), frozen",10,10,10,10,4,
03038945,"Sand smelt (Atherina spp.), frozen",10,10,10,10,4,
03038946,"Nototenias (Patagonotothen spp.), frozen",10,10,10,10,4,
03038951,"Curimatas (Prochilodus spp.), frozen",10,10,10,10,4,
03038952,"Frozen tilapias, except fillets, other meat, etc.",10,10,10,10,E,
03038953,"Frozen surubins, except fillets, other meat, etc.",10,10,10,10,4,
03038954,"Frozen trahira, except fillets, other meat, etc.",10,10,10,10,4,
03038955,"Piaus (Leporinus spp.), frozen",10,10,10,10,4,
03038956,"Frozen pirarucu, except fillets, other meat, etc.",10,10,10,10,4,
03038957,"Frozen anchoita, except fillets, other meat, etc.",10,10,10,10,4,
03038961,"Frozen piramutuba, except fillets, other meat, etc.",10,10,10,10,4,
03038962,"Jau, frozen, except fillets, other meat, etc.",10,10,10,10,4,
03038963,"Pacu, frozen, except fillets, other meat, etc.",10,10,10,10,4,
03038964,"Tambaqui, frozen, except fillets, other meat, etc.",10,10,10,10,4,
03038965,"Tambacu, frozen, except fillets, other meat, etc.",10,10,10,10,4,
03038990,"Other frozen fish, except fillets, other meats, etc",10,10,10,10,4,
03039000,"Livers and roes of fish, frozen",10,10,10,10,4,
03043100,"Fillets of tilapia (fresh, chilled or frozen)",10,10,10,10,E,
03043210,"Fillets of catfish (Ictalurus puntactus), fresh, .chilled or frozen",10,10,10,10,4,
03043290,"Fillets of other catfish, fresh, chilled or frozen",10,10,10,10,4,
03043300,"Fillets of Nile perch, fresh, frozen or chilled",10,10,10,10,4,
03043900,"Fillets/other meats o other fish, frozen, chilled or fresh",10,10,10,10,4,
03044100,Fillets of salmons of Pacific and Danube,10,10,10,10,4,
03044200,"Trout fillets (Almo trutta, Oncorhynchus mykiss, etc.)",10,10,10,10,4,
03044300,"Fillets of flatfish (Pleuronectidae, Soleidae, etc.)",10,10,10,10,4,
03044400,Fish fillets of families Bregmacerotidae,10,10,10,10,4,
03044500,Fillets and other meat of swordfish (Xyphias gladius),10,10,10,10,4,
03044600,Fillets of black hake and hake from Antarctica,10,10,10,10,8,
03044910,"Fillets of Atlantic wreckfish, fresh or chilled",10,10,10,10,4,
03044920,"Fillets of groupers (Acanthistius spp.), fresh or chilled",10,10,10,10,4,
03044990,"Other fish fillets, fresh or chilled",10,10,10,10,4,
03045100,"Fillet of tilapia, catfish, carp, eel, fresh or chilled",10,10,10,10,E,
03045200,"Fillet and other meats of salmon, fresh or chilled",10,10,10,10,4,
03045300,Fish fillets of specific families,10,10,10,10,4,
03045400,"Fillets of swordfish (Xyphias gladius), fresh or chilled",10,10,10,10,4,
03045500,"Fillets of black hake and Antarctica hake, fresh or chilled",10,10,10,10,8,
03045900,"Other fish fillets, fresh or chilled",10,10,10,10,4,
03046100,"Fillets of tilapias (Oreochromis spp.), frozen",10,10,10,10,10,
03046210,"Fillets of catfish (Ictalarus puntactus), frozen",10,10,10,10,0,
03046290,"Other fish fillets, frozen",10,10,10,10,8,
03046300,"Fillets of Nile perch (Lates niloticus), frozen",10,10,10,10,8,
03046900,"Fillets of snakehead fish, frozen",10,10,10,10,0,
03047100,"Fillets of cods from Atlantic, Pacific, Greenland, frozen",10,10,10,10,8,
03047200,"Haddock or lubina fillet, frozen",10,10,10,10,8,
03047300,"Fillets of saithe (Pollachius virens), frozen",10,10,10,10,8,
03047400,"Fillets of hake and abrotea, frozen",10,10,10,10,8,
03047500,"Fillet of hake from Alaska (Theragra chalcogramma), frozen",10,10,10,10,10,
03047900,"Other fish fillets, frozen",10,10,10,10,E,
03048100,"Fillets of Pacific, Atlantic and Danube salmon, frozen",10,10,10,10,4,
03048200,"Trout fillets, frozen",10,10,10,10,0,
03048300,"Fillets of flatfish, frozen",10,10,10,10,4,
03048400,"Fillets of swordfish (Xyphias gladius), frozen",10,10,10,10,4,
03048510,"Fillets of black hake (Dissostichus eleginoides), frozen",10,10,10,10,8,
03048520,"Fillets of Antarctic hake (Dissostichus mawson), frozen",10,10,10,10,8,
03048600,"Fillet of herring (Clupea harengus and pallasii), frozen",10,10,10,10,4,
03048700,"Tuna fillets, frozen",10,10,10,10,10,
03048910,"Fillet of porgies, frozen",10,10,10,10,0,
03048920,"Fillet of Atlantic wreckfish, frozen",10,10,10,10,4,
03048930,"Fillets of grouper (Acanthistius spp.), frozen",10,10,10,10,4,
03048940,"Fillets of blue shark (Prionace glauca), frozen",10,10,10,10,4,
03048990,"Other frozen fillets, of fish",10,10,10,10,0,
03049100,"Sword fish (Xiphias gladius), fresh, chilled, frozen",10,10,10,10,4,
03049211,"Whiting cheeks, fresh, chilled, frozen",10,10,10,10,4,
03049212,"Withing colares, fresh, chilled, frozen",10,10,10,10,4,
03049219,"Other black whiting, fresh, chilled, frozen",10,10,10,10,4,
03049221,"Antarctic whiting cheeks, fresh, chilled, frozen",10,10,10,10,4,
03049222,"Antarctic withing colares, fresh, chilled, frozen",10,10,10,10,4,
03049229,"Other Antarctic whiting, fresh, chilled, frozen",10,10,10,10,4,
03049300,"Other meat of tilapia, catfish, carp, eel, frozen",10,10,10,10,10,
03049400,"Other meats of hakes from Alaska, frozen",10,10,10,10,4,
03049500,"Other fish meat of determined species, frozen",10,10,10,10,0,
03049900,"Other fish meat, fresh, chilled or frozen",10,10,10,10,4,
03051000,Flours/meals/pellets of fish for human consumption,10,10,10,10,0,
03052000,"Livers/roes of fish, dried, smoked, etc.",10,10,10,10,0,
03053100,"Fish fillets, dried, salted, in brine, not smoked",10,10,10,10,0,
03053210,"Cod fillets, dried, salted, in brine, not smoked",0,0,0,0,0,
03053220,"Saithe fillets, dried, salted, in brine, not smoked",10,10,10,10,0,
03053290,"Other fish fillets, dried, salted, in brine, not smoked",10,10,10,10,0,
03053910,"Fillets of ling and tusk, dried, salted, in brine, not smoked",10,10,10,10,0,
03053990,"Fillets of other fish, dried, salted, in brine, not smoked",10,10,10,10,0,
03054100,"Pacific salmon, Atlantic salmon and Danube salmon, smoked",10,10,10,10,0,
03054200,"Herrings in fillets, smoked",10,10,10,10,0,
03054300,"Smoked trout, even in fillets",10,10,10,10,0,
03054400,"Tilapia, catfish, carp, eel, smoked, even in fillets",10,10,10,10,E,
03054910,"Smoked cod (Gadus), including fillets",0,0,0,0,0,
03054920,"Saithes (Polachius virens), lings and zarbos (Brosme brosme)",10,10,10,10,0,
03054990,"Other smoked fish, including fillets",10,10,10,10,0,
03055100,"Dried cod (Gadus), including salted but not smoked",0,0,0,0,0,
03055910,"Polar cod/lings/zarbos, etc. dried but not smoked",0,0,0,0,0,
03055990,"Other dried fish, including salted but not smoked",10,10,10,10,0,
03056100,"Salted herrings, but not dried, not smoked and in brine",10,10,10,10,0,
03056200,"Salted cod (Gadus), but not dried, not smoked, in brine",0,0,0,0,0,
03056300,"Salted anchovies, not dried, not smoked and in brine",10,10,10,10,0,
03056400,"Tilapia, catfish, carp, eel, salted, not dried, in brine",10,10,10,10,E,
03056910,"Saithes (Polachius virens), lings and zarbos (Brosme brosme)",10,10,10,10,0,
03056990,"Other salted fish, not dried, not smoked, in brine",10,10,10,10,0,
03057100,Shark fins,10,10,10,10,4,
03057200,"Heads, tails, and swim bladders, of fish",10,10,10,10,4,
03057900,"Other edible waste, fish",10,10,10,10,4,
03061110,"Whole lobsters, frozen",10,10,10,10,0,
03061190,"Other frozen rock lobster, except whole",10,10,10,10,4,
03061200,Frozen lobster (homards) (Homarus spp.),10,10,10,10,0,
03061400,Frozen crabs,10,10,10,10,0,
03061500,Norwegian lobster (Nephros norvegicus),10,10,10,10,0,
03061610,"Shrimp of cold water (Pandalus spp.), whole, frozen",10,10,10,10,0,
03061690,"Shrimp of cold water, not whole, frozen",10,10,10,10,0,
03061710,"Other whole prawns, frozen",10,10,10,10,0,
03061790,"Other prawns, not whole, frozen",10,10,10,10,0,
03061910,"Krill (Euphasia superba), frozen",10,10,10,10,0,
03061990,"Other frozen crustaceans, including flours, for human consumption",10,10,10,10,0,
03062100,"Not frozen rock lobster (Palinurus, panulirus, Jasus)",10,10,10,10,0,
03062200,"Not frozen lobster (""homards"") (Homarus spp.)",10,10,10,10,0,
03062400,"Crabs, not frozen",10,10,10,10,0,
03062500,"Norwegian lobster (Nephrops norvegicus), not frozen",10,10,10,10,0,
03062600,"Shrimp of cold water, not frozen",10,10,10,10,0,
03062700,"Other prawns, not frozen",10,10,10,10,0,
03062910,"Fresh water lobsters, not frozen",10,10,10,10,0,
03062990,"Other not frozen crustaceans, including flours, etc. for human consumption",10,10,10,10,0,
03071100,"Live oysters, fresh or chilled",10,10,10,10,0,
03071900,Other live oysters,10,10,10,10,0,
03072100,"Live/fresh/chilled scallops, other shellfishes (Pecten, etc.)",10,10,10,10,0,
03072900,"Frozen dried etc. scallops, other shellfishes (Pecten, etc)",10,10,10,10,0,
03073100,"Live/fresh/chilled mussels (Mytilus spp., Perna spp.)",10,10,10,10,0,
03073900,"Frozen dried/salted etc. mussels (Mytilus spp., Perna spp.)",10,10,10,10,0,
03074100,"Live/fresh/chilled cuttlefish and squid (Sepia officinalis, Rossia macrosoma, Sepiola spp., Ommastrephes spp., Loligo spp., Nototodarus spp., Sepioteuthis spp.)",10,10,10,10,0,
03074911,"Frozen rossia macrosoma/squid (Ommastrephes, Loligo, etc.)",10,10,10,10,0,
03074919,Frozen Sepia officinalis and Sepiola,10,10,10,10,0,
03074990,"Cuttlefish and squid, in other ways",10,10,10,10,0,
03075100,"Live, fresh or chilled octopus (Octopus spp.)",10,10,10,10,0,
03075910,Frozen octopus (Octopus spp.),10,10,10,10,0,
03075990,"Octopus, in other forms",10,10,10,10,0,
03076000,"Live, fresh, chilled, etc. snails except sea snails",10,10,10,10,0,
03077100,"Clams, cockle, live, fresh or chilled",10,10,10,10,0,
03077900,"Clams, cockle, live, in other forms",10,10,10,10,0,
03078100,"Abalones, live, fresh or chilled",10,10,10,10,0,
03078900,"Abalones, in other forms",10,10,10,10,0,
03079100,Other live/fresh/chilled invertebrates aquatic molluscs,10,10,10,10,0,
03079900,Other live/frozen dried etc. aquatic invertebrate molluscs,10,10,10,10,0,
03081100,"Sea cucumbers, live, fresh or chilled",10,10,10,10,0,
03081900,"Sea cucumbers, in other forms",10,10,10,10,0,
03082100,"Sea urchins, live, fresh or chilled",10,10,10,10,0,
03082900,"Sea urchins, in other forms",10,10,10,10,0,
03083000,Medusas (jellyfish) (Rhopilema spp.),10,10,10,10,0,
03089000,"Other aquatic invertebrates, frozen, dried, etc.",10,10,10,10,0,
04011010,Milk/cream fat content by weight ≤ 1 % not concentrated no sugar,14,14,14,14,10,
04011090,Other milk/cream fat content by weight ≤ 1 % not concentrated no sugar,12,12,12,12,10,
04012010,Milk/cream fat content by weight exceeding 1 % but not 6 % not concentrated no sugar,14,14,14,14,10,
04012090,Other milk/cream fat content by weight exceeding 1 % but not 6 % not concentrated no sugar,12,12,12,12,10,
04014010,"Milk with content, by weight, of fat 6 % < fat ≤ 10 %",12,12,12,12,10,
04014021,"Milk cream uht, fat > 6°%, but ≤ 10 % of weight",14,14,14,14,10,
04014029,"Other milk cream, fat > 6°%, but < 10 % of weight",12,12,12,12,10,
04015010,"Milk with content, by weight, of fat > 10 %",12,12,12,12,10,
04015021,"Milk cream uht, fat material > 10 % of its weight",14,14,14,14,10,
04015029,"Other milk cream, fat > 10 % of its weight",12,12,12,12,10,
04021010,"Milk in powder, fat content ≤ 1,5 % arsenic < 5 ppm, concentrated no added sugar",28,28,16,28,TRQ-1,
04021090,"Other milk, cream, in powder, fat content ≤ 1,5 % concentrated no added sugar",28,28,16,28,TRQ-1,
04022110,"Integral milk, in powder, fat content >1,5 %, concentrated no sugar",28,28,16,28,TRQ-1,
04022120,"Semi-skimmed milk, powder, fat content >1,5 %, concentrated no sugar",28,28,16,28,TRQ-1,
04022130,"Cream of milk, powder, fat content >1,5 %, concentrated no sugar",16,16,16,16,TRQ-1,
04022910,"Integral milk, powder, etc. fat content >1,5 %, concentrated added sugar",28,28,16,28,TRQ-1,
04022920,"Semi-skimmed milk, powder, etc. fat content >1,5 %, concentrated added sugar",28,28,16,28,TRQ-1,
04022930,"Cream of milk, powder, etc. fat content >1,5 % concentrated added sugar",16,16,16,16,TRQ-1,
04029100,"Other milk, cream of milk, concentrated, no sugar",14,14,14,14,E,
04029900,"Other milk, cream of milk, concentrated, added sugar",28,28,14,28,E,
04031000,Yoghurt,16,16,16,16,FP 50 %,
04039000,"Buttermilk, curdled milk and cream, kephir, fermented, etc.",16,16,16,16,E,
04041000,"Whey and modified whey, whether or not concentrated added sugar",28,28,14,20,E,
04049000,"Other products consisting of milk, whether or not sweetened, etc.",14,14,14,14,E,
04051000,Butter,16,16,16,16,FP 30 %,
04052000,Dairy spreads derived from milk,16,16,16,16,10,
04059010,Butter oil,16,16,16,16,E,
04059090,Other fats and oils derived from milk,16,16,16,16,E,
04061010,"Fresh (unripened or uncured) cheese, mozzarella type",28,28,16,28,E,
04061090,"Other fresh cheese (unripened or uncured), including curd, etc.",16,16,16,16,TRQ-2,
04062000,"Grated or powdered cheese, of all kinds",16,16,16,16,TRQ-2,
04063000,"Processed cheese, except grated or powdered cheese",16,16,16,16,TRQ-2,
04064000,Blue-veined cheese,16,16,16,16,TRQ-2,
04069010,"Hard cheese of a moisture content, by weight < 36 %",28,28,16,28,TRQ-2,
04069020,Semi hard cheese of a moisture content ≥ 36 % but less than 46 %,28,28,16,28,TRQ-2,
04069030,Soft cheese of a moisture content ≥ 46 % but less than 55 %,16,16,16,16,TRQ-2,
04069090,Other cheeses,16,16,16,16,TRQ-2,
04071100,"Fresh eggs of birds of the species Gallus domesticus, hatched",0,0,0,0,0,
04071900,"Fresh eggs of other birds, for hatching",0,0,0,0,0,
04072100,Fresh eggs of birds of the species Gallus domesticus,8,8,8,8,8,
04072900,Fresh eggs of other birds,8,8,8,8,8,
04079000,"Eggs of other birds, neither fresh nor for hatching",8,8,8,8,8,
04081100,Dried egg yolks,10,10,10,10,8,
04081900,Fresh/cooked by steaming/by boiling in water egg yolks,10,10,10,10,8,
04089100,"Birds' eggs, not in shell, dried",10,10,10,10,8,
04089900,"Other birds' eggs, not in shell, fresh, cooked by boiling water, etc.",10,10,10,10,8,
04090000,Natural honey,16,16,16,16,0,
04100000,Edible products of animal origin,14,14,14,14,10,
05010000,"Human hair, unworked; waste of human hair",8,8,8,8,4,
05021011,"Bristles of pig, washed, whitened or degreased",8,8,8,8,4,
05021019,Other bristles of pig and waste thereof,8,8,8,8,4,
05021090,Bristles of boar and waste thereof,8,8,8,8,4,
05029010,"Hair of badger and other brush making hair, etc.",8,8,8,8,4,
05029020,Wastes of hair,8,8,8,8,4,
05040011,Fresh/chilled/frozen not salted/smoked guts of bovine,8,8,8,8,4,
05040012,Fresh/chilled/frozen not salted/smoked guts of sheep,8,8,8,8,8,
05040013,Fresh/chilled/frozen not salted/smoked guts of swine,8,8,8,8,8,
05040019,Fresh/chilled/frozen/salted/smoked guts of other animals except fish,8,8,8,8,4,
05040090,"Fresh, etc. bladders and stomach of animals except fish",4,4,4,4,0,
05051000,Feathers of a kind used for stuffing and down,8,8,8,8,4,
05059000,"Skins and other parts of birds, with their feathers, etc.",8,8,8,8,4,
05061000,Ossein and bones treated with acid,8,8,8,8,4,
05069000,"Other bones and horn-cores, unworked, defatted, etc.",8,8,8,8,4,
05071000,Ivory powders and wastes,8,8,8,8,4,
05079000,"Tortoise-shell, horns, nails, claws, etc.",8,8,8,8,0,
05080000,"Coral, shells, shells of mollusks, etc. unworked, prepared",8,8,8,8,4,
05100010,"Fresh pancreases of bovine, for preparation of pharmaceutical products etc.",0,0,0,0,0,
05100090,"Other substances of animal, for preparation of pharmaceutical products etc.",2,2,2,2,4,
05111000,Bovine semen,0,0,0,0,0,
05119110,"Roes of fish, fecundated for reproduction",0,0,0,0,0,
05119190,"Other products of fish, etc. inappropriate for human consumption",8,8,8,8,0,
05119910,Embryos of animals,0,0,0,0,0,
05119920,Animal semen,0,0,0,0,0,
05119930,Silk-worm eggs,0,0,0,0,0,
05119991,"Horsehair and waste, even in webs",8,8,8,8,4,
05119999,"Other products of animal origin, inappropriate for human consumption",8,8,8,8,4,
06011000,"Bulbs, tubers, rhizomes, etc. in dormant state",0,0,0,0,0,
06012000,"Bulbs, tubers, rhizomes, etc. in grow or in flower; chicory plants",0,0,0,0,0,
06021000,Unrooted cuttings and slips,2,2,2,2,0,
06022000,"Trees, shrubs and bushes, grafted, with edible fruit",2,2,2,2,0,
06023000,"Rhododendrons and azaleas, grafted or not",2,2,2,2,0,
06024000,"Roses, grafted or not",2,2,2,2,0,
06029010,Mushroom spawn,2,2,2,2,0,
06029021,Orchids cuttings and slips,0,0,0,0,0,
06029029,Other cuttings and slips of ornamental plants,0,0,0,0,0,
06029081,Sugar cane cuttings and slips,0,0,0,0,0,
06029082,Grape vines cuttings and slips,0,0,0,0,0,
06029083,Coffee cuttings and slips of shrubs or trees,0,0,0,0,0,
06029089,Other cuttings and slips of plants,0,0,0,0,0,
06029090,Other live plants,2,2,2,2,0,
06031100,"Roses and their buttons, cut, for bouquets, ornamental, fresh",10,10,25,10,8,
06031200,"Carnation and their buttons, cut, for bouquets, ornamented, fresh",10,10,25,10,8,
06031300,"Orchids and their buttons, cut, for bouquets, ornamented, fresh",10,10,25,10,8,
06031400,"Chrysanthemums and their buttons, cut, for bouquets, ornamented, fresh",10,10,25,10,8,
06031500,Lilies (Lilium spp.),10,10,25,10,8,
06031900,"Other flowers and their buttons, cut, for bouquets, ornamented, fresh",10,10,25,10,8,
06039000,"Cut flowers and buds for bouquets, etc. dried, etc.",10,10,10,10,8,
06042000,"Foliage, branches of plants, fresh, for bouquets, etc.",8,8,8,8,0,
06049000,"Foliage, branches of plants, dried, for bouquets, etc.",8,8,8,8,0,
07011000,Seed potatoes,0,0,0,0,0,
07019000,Other fresh or chilled potatoes,10,10,10,10,4,
07020000,"Tomato, fresh or chilled",10,10,10,10,8,
07031011,Onions for sowing,0,0,0,0,0,
07031019,Other fresh/chilled onions,10,10,10,10,8,
07031021,Shallots for sowing,0,0,0,0,0,
07031029,Other fresh/chilled shallots,10,10,10,10,8,
07032010,Garlic for sowing,0,0,0,0,0,
07032090,Other fresh/chilled garlic,25,35,10,10,TRQ-4,
07039010,Leeks and other alliaceous vegetables for sowing,0,0,0,0,0,
07039090,"Other fresh leeks/other alliaceous vegetables for sowing, etc.",10,10,10,10,8,
07041000,Fresh/chilled cauliflowers and broccoli,10,10,10,10,8,
07042000,Fresh/chilled brussels sprouts,10,10,10,10,8,
07049000,"Fresh/chilled kale, cabbage, etc. similar brassicas",10,10,10,10,8,
07051100,Fresh/chilled lettuce,10,10,10,10,8,
07051900,Fresh/chilled cabbage lettuce,10,10,10,10,8,
07052100,"Fresh/chilled ""witloof"" chicory",10,10,10,10,8,
07052900,"Other fresh/chilled ""witloof"" chicory",10,10,10,10,8,
07061000,Fresh/chilled carrots and turnips,10,10,10,10,8,
07069000,"Fresh/chilled beets, radishes and other roots",10,10,10,10,8,
07070000,"Cucumbers and gherkins, fresh or chilled",10,10,10,10,8,
07081000,Fresh/chilled peas (Pisum sativum),10,10,10,10,8,
07082000,"Fresh/chilled beans (Vigna, Phaseolus spp.)",10,10,10,10,4,
07089000,Other fresh/chilled leguminous vegetables,10,10,10,10,8,
07092000,Fresh or chilled asparagus,10,10,10,10,4,
07093000,Fresh/chilled aubergines (eggplants),10,10,10,10,8,
07094000,"Fresh/chilled celery, except celeriac",10,10,10,10,8,
07095100,Fresh/chilled mushrooms of the genus Agaricus,10,10,10,10,E,
07095900,Other fresh/chilled mushrooms,10,10,10,10,8,
07096000,Fresh/chilled fruits of the genus Capsicum or Pimenta,10,10,10,10,8,
07097000,Fresh/chilled spinach,10,10,10,10,8,
07099100,"Artichokes, fresh or chilled",10,10,10,10,8,
07099200,"Olives, fresh or chilled",10,10,10,10,8,
07099300,"Pumpkins, squash and gourds, fresh or chilled",10,10,10,10,8,
07099911,Sweet corn for sowing,0,0,0,0,0,
07099919,"Sweet corn, fresh or chilled, except for sowing",10,10,10,10,4,
07099990,"Other vegetables, fresh or chilled",10,10,10,10,8,
07101000,Potatoes (frozen/uncooked/cooked by steaming/boiling water),10,10,10,10,8,
07102100,Peas (frozen/uncooked/cooked by steaming/boiling water),10,10,10,10,8,
07102200,Beans (frozen/uncooked/cooked by steaming/boiling water),10,10,10,10,8,
07102900,"Other leguminous/vegetables (frozen/uncooked/cooked by steaming/boiling water, etc.)",10,10,10,10,8,
07103000,Spinach (frozen/uncooked/cooked by steaming/boiling water),10,10,10,10,8,
07104000,Sweet corn (frozen/uncooked/cooked by steaming/boiling water),10,10,10,10,8,
07108000,"Other vegetables (frozen/uncooked/cooked by steaming/boiling water, etc.)",10,10,10,10,8,
07109000,"Mixtures of vegetables (frozen/uncooked/cooked by steaming/boiling water, etc.)",10,10,10,10,8,
07112010,Olives provisionally preserved in brine,10,10,10,10,E,
07112020,Olives preserved in sulphur/added of other substances,10,10,10,10,E,
07112090,Other olives provisionally preserved,10,10,10,10,E,
07114000,"Cucumbers/gherkins provisionally preserved in brine, etc.",10,10,10,10,0,
07115100,"Mushrooms (Agaricus) provisionally preserved in brine, etc.",10,35,10,10,E,
07115900,"Other mushrooms/truffles provisionally preserved in brine, etc.",10,10,10,10,0,
07119000,"Other vegetables/mixtures of vegetables, provisionally preserved in brine, etc.",10,10,10,10,8,
07122000,"Dried onions, including pieces, slices, powder, etc. but not further prepared",10,10,10,10,8,
07123100,"Dried mushrooms (Agaricus), sliced, cut, etc.",10,10,10,10,8,
07123200,"Dried wood ears, cut, sliced, etc.",10,10,10,10,8,
07123300,"Dried jelly fungi, cut, sliced, etc.",10,10,10,10,8,
07123900,"Other dried mushrooms/truffles, cut, sliced, etc.",10,10,10,10,8,
07129010,Powdered garlic but not further prepared,10,10,10,10,E,
07129090,"Other dried vegetables/mixtures vegetables including pieces, slices, etc.",10,10,10,10,8,
07131010,"Dried peas (Pisum sativum) in grain, for sowing",0,0,0,0,0,
07131090,"Other dried peas (Pisum sativum) in grain, for sowing",10,10,10,10,8,
07132010,"Dried chickpeas, for sowing",0,0,0,0,0,
07132090,Other dried chickpeas,10,10,10,10,8,
07133110,"Dried beans (Vigna mungo), for sowing",0,0,0,0,0,
07133190,"Other dried beans (Vigna mungo), in grain",10,10,10,10,8,
07133210,Dried small red (Adzuki) beans (Phaseolus/Vigna angularis) for sowing,0,0,0,0,0,
07133290,"Other dried beans (Adzuki), in grain",10,10,10,10,8,
07133311,Dried kidney beans (Phaseolus vulgaris) including black/for sowing,0,0,0,0,0,
07133319,"Dried kidney beans (Phaseolus vulgaris), including black/in grain",10,10,10,10,8,
07133321,"Dried kidney beans, including white beans for sowing",0,0,0,0,0,
07133329,"Dried kidney beans, including white beans in grain",10,10,10,10,8,
07133391,"Dried other kidney beans, for sowing",0,0,0,0,0,
07133399,"Other dried kidney beans, in grain",10,10,10,10,8,
07133410,"Bambara bean (Vigna subterranea), for sowing",0,0,0,0,0,
07133490,"Bambara bean (Vigna subterranea), except for sowing",10,10,10,10,8,
07133510,"Fradinho bean (Vigna unguiculata), for sowing",0,0,0,0,0,
07133590,"Fradinho bean (Vigna unguiculata), except for sowing",10,10,10,10,8,
07133910,"Other dried beans (Vigna/Phaseolus), for sowing",0,0,0,0,0,
07133990,"Other dried beans (Vigna/Phaseolus), in grain",10,10,10,10,8,
07134010,"Dried lentils, for sowing",0,0,0,0,0,
07134090,"Other dried lentils, in grain",10,10,10,10,8,
07135010,"Dried broad beans/horse beans, for sowing",0,0,0,0,0,
07135090,"Other dried broad beans/horse beans, in grain",10,10,10,10,8,
07136010,"Guando bean (Cajanus cajan), for sowing",0,0,0,0,0,
07136090,"Guando bean (Cajanus cajan), except for sowing",10,10,10,10,8,
07139010,"Other dried leguminous vegetables, in grain, for sowing",0,0,0,0,0,
07139090,"Other dried leguminous vegetables, in grain",10,10,10,10,8,
07141000,Fresh/chilled/frozen not dried roots of manioc (Cassava),10,10,10,10,4,
07142000,Fresh/chilled/frozen not dried sweet potatoes,10,10,10,10,8,
07143000,Yams (Dioscorea spp.),10,10,10,10,8,
07144000,Taros (Colocasia spp.),10,10,10,10,8,
07145000,Mangaritos (Xanthosomo spp.),10,10,10,10,8,
07149000,"Other fresh/chilled/frozen not dried roots/tubers, of manioc, yams, similar tubers etc.",10,10,10,10,8,
08011110,"Dried coconuts, shelled, whether or not shredded",10,10,10,10,0,
08011190,Other dried coconuts,10,10,10,10,0,
08011200,Coconuts in the inner bark (endocarp),10,10,10,10,0,
08011900,Other fresh coconuts,10,10,10,10,0,
08012100,"Fresh/dried, Brazil nuts, in shell",10,10,10,10,0,
08012200,"Fresh/dried, Brazil nuts, shelled",10,10,10,10,0,
08013100,"Fresh/dried, cashew nuts, in shell",10,10,10,10,0,
08013200,"Fresh/dried, cashew nuts, shelled",10,10,10,10,4,
08021100,"Fresh/dried almonds, in shell",10,10,10,10,0,
08021200,"Fresh/dried almonds, shelled",10,10,10,10,4,
08022100,"Fresh/dried hazelnuts/filberts (Corylus spp.), in shell",6,6,6,6,0,
08022200,"Fresh/dried hazelnuts/filberts (Corylus spp.), shelled",6,6,6,6,0,
08023100,"Fresh/chilled walnuts, in shell",10,10,10,10,8,
08023200,"Fresh/chilled walnuts, shelled",10,10,10,10,0,
08024100,"Chestnuts (Castaneas spp.), in shell, fresh or dried",10,10,10,10,4,
08024200,"Chestnuts (Castaneas spp.) not in shell, fresh or dried",10,10,10,10,4,
08025100,"Pistachios, in shell, fresh or dried",10,10,10,10,8,
08025200,"Pistachios, not in shell, fresh or dried",10,10,10,10,8,
08026100,"Macadamia nuts, in shell, fresh or dried",10,10,10,10,0,
08026200,"Macadamia nuts, not in shell, fresh or dried",10,10,10,10,0,
08027000,"Kola nuts (Cola spp.), fresh or dried",10,10,10,10,8,
08028000,"Areca (betel nuts), fresh or dried",10,10,10,10,8,
08029000,Other fresh/dried fruit in shell,10,10,10,10,8,
08031000,"Bananas-of-the-earth, fresh or dried",10,10,10,10,4,
08039000,"Bananas fresh or dried, except bananas-of-the-earth",10,10,10,10,4,
08041010,Fresh dates,10,10,10,10,0,
08041020,Dried dates,10,10,10,10,0,
08042010,Fresh figs,10,10,10,10,0,
08042020,Dried figs,10,10,10,10,0,
08043000,Fresh/dried pineapples,10,10,10,10,0,
08044000,Fresh/dried avocados,10,10,10,10,0,
08045010,Fresh/dried guavas,10,10,10,10,0,
08045020,Fresh/dried mangoes,10,10,10,10,4,
08045030,Fresh/dried mangosteens,10,10,10,10,0,
08051000,Fresh/dried oranges,10,10,10,10,0,
08052000,Fresh/dried mandarins (including tangerines/satsumas/clementines etc).,10,10,10,10,0,
08054000,Fresh/dried grapefruit,10,10,10,10,0,
08055000,Fresh/dried lemons and sweet oranges,10,10,10,10,0,
08059000,Other fresh/dried citrus fruit,10,10,10,10,0,
08061000,Fresh grapes,10,10,10,10,0,
08062000,Dry grapes,10,10,10,10,8,
08071100,Fresh watermelons,10,10,10,10,0,
08071900,Fresh melons,10,10,10,10,0,
08072000,Fresh papaws (papayas),10,10,10,10,0,
08081000,Fresh apples,10,10,10,10,0,
08083000,"Pears, fresh",10,10,10,10,0,
08084000,"Quinces, fresh",10,10,10,10,0,
08091000,Fresh apricots,10,10,10,10,0,
08092100,"Acid cherries (Prunus cerasus), fresh",10,10,10,10,0,
08092900,"Other cherries, fresh",10,10,10,10,0,
08093010,Fresh peaches,10,10,10,10,0,
08093020,Fresh nectarines,10,10,10,10,0,
08094000,Fresh plums and sloes,10,10,10,10,0,
08101000,Fresh strawberries,10,10,10,10,8,
08102000,"Fresh raspberries, blackberries, mulberries and longans",10,10,10,10,0,
08103000,"Fresh currant, including the ""cassis""",10,10,10,10,0,
08104000,Fresh cranberries and other fruits of the genus Vaccinium,10,10,10,10,0,
08105000,Fresh kiwifruit,10,10,10,10,0,
08106000,Fresh durians,10,10,10,10,0,
08107000,"Persimmons, fresh",10,10,10,10,0,
08109000,Other fresh fruits,10,10,10,10,0,
08111000,Strawberries frozen/uncooked/cooked by steaming/boiled in water,10,10,10,10,8,
08112000,"Raspberries, blackberries frozen uncooked/cooked",10,10,10,10,0,
08119000,Other fruits frozen/uncooked/cooked by steaming/boiled in water,10,10,10,10,8,
08121000,"Cherries provisionally preserved in brine, in sulphur water, etc.",10,10,10,10,0,
08129000,"Other fruit provisionally preserved in brine, in sulphur water, etc.",10,10,10,10,0,
08131000,Dried apricots,10,10,10,10,0,
08132010,"Dried prunes, not stoned",10,10,10,10,0,
08132020,"Dried prunes, stoned",10,10,10,10,0,
08133000,Dried apples,10,10,10,10,0,
08134010,Dried pears,10,10,10,10,0,
08134090,Other dried fruits,10,10,10,10,8,
08135000,Mixtures of dried fruits or fruits with hard peel,10,10,10,10,8,
08140000,"Peel of citrus fruit, melons, watermelons, fresh, dried, etc.",10,10,10,10,0,
09011110,"Coffee not roasted, not decaffeinated, in grain",10,10,10,0,4,
09011190,"Coffee not roasted, not decaffeinated, except in grain",10,10,10,10,4,
09011200,"Coffee not roasted, decaffeinated",10,10,10,10,4,
09012100,"Coffee roasted, not decaffeinated",35,10,10,10,10,
09012200,"Roasted, decaffeinated coffee",10,10,10,10,8,
09019000,"Coffee husks, skins and coffee substitutes",10,10,10,10,8,
09021000,Green tea (not fermented) in immediate packings ≤3 kg,10,10,10,10,8,
09022000,Other green tea (not fermented),10,10,10,10,8,
09023000,"Black tea (fermented/partly fermented), immediate packings ≤3 kg",10,10,10,10,8,
09024000,Other black tea (fermented/partly fermented),10,10,10,10,8,
09030010,Cut mate,10,10,10,10,4,
09030090,Other kinds of mate,10,10,10,10,0,
09041100,Dried pepper,10,10,10,10,4,
09041200,"Pepper of the genus Piper, crushed or ground",10,10,10,10,8,
09042100,"Pepper and green bell pepper, dried, not crushed nor in powder",10,10,10,10,8,
09042200,"Pepper and green bell pepper, dried, crushed or powdered",10,10,10,10,8,
09051000,"Vanilla, not crushed or powdered",10,10,10,10,4,
09052000,"Vanilla, crushed or powdered",10,10,10,10,4,
09061100,Cinnamon and cinnamon-tree flowers (neither crushed nor in powder),10,10,10,10,4,
09061900,Other cinnamon and cinnamon-tree flowers (neither crushed nor in powder),10,10,10,10,0,
09062000,Cinnamon and cinnamon-tree flowers crushed or ground,10,10,10,10,0,
09071000,"Cloves, neither crushed nor powdered",10,10,10,10,0,
09072000,"Cloves, crushed or powdered",10,10,10,10,0,
09081100,"Nutmeg, neither crushed nor powdered",10,10,10,10,8,
09081200,"Nutmeg, crushed or powdered",10,10,10,10,8,
09082100,"Mace, neither crushed nor powdered",10,10,10,10,0,
09082200,"Mace, crushed or powdered",10,10,10,10,0,
09083100,"Amomos and cardamoms, not crushed nor powdered",10,10,10,10,0,
09083200,"Amomos and cardamoms, crushed or powdered",10,10,10,10,0,
09092100,"Coriander seeds, neither crushed nor powdered",10,10,10,10,0,
09092200,"Coriander seeds, crushed or powdered",10,10,10,10,0,
09093100,"Cumin seeds, neither crushed nor powdered",10,10,10,10,4,
09093200,"Cumin seeds, crushed or powdered",10,10,10,10,4,
09096110,"Seeds of anise, not crushed nor powdered",10,10,10,10,8,
09096120,"Badian seeds, not crushed nor powdered",10,10,10,10,8,
09096190,"Other seeds, neither crushed nor powdered",10,10,10,10,0,
09096210,"Aniseed, crushed or powdered",10,10,10,10,8,
09096220,"Badian seeds, crushed or powdered",10,10,10,10,8,
09096290,"Other seeds, crushed or powdered",10,10,10,10,0,
09101100,"Ginger, neither crushed nor powdered",10,10,10,10,0,
09101200,"Ginger, crushed or powdered",10,10,10,10,0,
09102000,Saffron,10,10,10,10,0,
09103000,Turmeric (curcuma),10,10,10,10,0,
09109100,Mixtures of spices,10,10,10,10,0,
09109900,Other spices,10,10,10,10,8,
10011100,"Durum wheat, for sowing",0,0,0,0,0,
10011900,"Durum wheat, except for sowing",10,10,10,10,E,
10019100,"Other wheat and mixed wheat and rye, for sowing",0,0,0,0,0,
10019900,"Other mixtures of wheat and rye, except for sowing",10,10,10,10,E,
10021000,Rye for sowing,0,0,0,0,0,
10029000,"Rye, except for sowing",8,8,8,8,0,
10031000,Barley for sowing,0,0,0,0,0,
10039010,Malting barley,10,10,10,10,15,
10039080,"Other barley, grains",10,10,10,10,15,
10039090,"Other barley, except in grains",10,10,10,10,15,
10041000,"Oats, for sowing",0,0,0,0,0,
10049000,"Oats, except for sowing",8,8,8,8,4,
10051000,Corn seed,0,0,0,0,0,
10059010,"Maize (corn) in grain, except for sowing",8,8,8,8,8,
10059090,"Maize (corn), except in grain",8,8,8,8,8,
10061010,"Rice in the husk (paddy), for sowing",0,0,0,0,0,
10061091,"Rice in the husk (paddy), parboiled (stewed)",10,10,10,10,8,
10061092,"Rice in the husk (paddy), parboiled (not stewed)",10,10,10,10,8,
10062010,"Husked (brown) shelled, parboiled",10,10,10,10,8,
10062020,"Husked (brown) shelled, not parboiled",10,10,10,10,8,
10063011,"Semi-milled/wholly milled rice, etc. parboiled/polished",12,12,12,12,10,
10063019,"Other kind of semi-milled/wholly milled rice, etc. parboiled",10,10,10,10,8,
10063021,"Semi-milled/wholly milled rice, etc. not parboiled, polished",12,12,12,12,10,
10063029,"Other kind of semi-milled/wholly milled rice, etc. not parboiled",10,10,10,10,8,
10064000,Broken rice,10,10,10,10,4,
10071000,"Grain sorghum, for sowing",0,0,0,0,0,
10079000,"Grain sorghum, except for sowing",8,8,8,8,8,
10081010,Buckwheat for sowing,0,0,0,0,0,
10081090,"Buckwheat, except for sowing",8,8,8,8,0,
10082100,"Millet, for sowing",0,0,0,0,0,
10082900,"Millet, except for sowing",8,8,8,8,4,
10083010,Canary seed,0,0,0,0,0,
10083090,"Canary seed, except for sowing",8,8,8,8,8,
10084010,"Mile (Digitaria spp.), for sowing",0,0,0,0,0,
10084090,"Mile (Digitaria spp.), except for sowing",8,8,8,8,4,
10085010,"Quinoa, for sowing",0,0,0,0,0,
10085090,"Quinoa, except for sowing",8,8,8,8,4,
10086010,"Triticale, for sowing",0,0,0,0,0,
10086090,"Triticale, except for sowing",8,8,8,8,4,
10089010,Other cereals for sowing,0,0,0,0,0,
10089090,"Other cereals, except for sowing",8,8,8,8,4,
11010010,Wheat flour,12,12,12,12,E,
11010020,Flour mixture of wheat and rye,12,12,12,12,10,
11022000,Maize (corn) flour,10,10,10,10,8,
11029000,Flour of other cereals,10,10,10,10,8,
11031100,Groats and meal of wheat,10,10,10,10,E,
11031300,Maize groats and meal,10,10,10,10,4,
11031900,Groats and meal of other cereals,10,10,10,10,8,
11032000,Pellets of cereals,10,10,10,10,8,
11041200,"Grains of oats, rolled or flaked",10,10,10,10,0,
11041900,"Grains of other cereals, rolled or flaked",10,10,10,10,4,
11042200,"Grains of oats, shelled, in pearls, cut, etc.",10,10,10,10,0,
11042300,"Grains of corn, shelled, in pearls, cut, etc.",10,10,10,10,0,
11042900,"Grains of other cereals, shelled, in pearls, cut, etc.",10,10,10,10,0,
11043000,"Germs of cereals, whole, rolled, flaked or ground",10,10,10,10,0,
11051000,"Flour, meal and powder of potato",12,12,12,12,10,
11052000,"Flakes, granules and pellets of potato",12,12,12,12,10,
11061000,"Flour, meal and powder of dried leguminous vegetables",10,10,10,10,8,
11062000,"Flour, meal and powder of roots and tubers",10,10,10,10,8,
11063000,"Flour, meal and powder of fruits, peels of citric, etc.",10,10,10,10,8,
11071010,"Malt not roasted, whole or cut",14,14,14,14,8,
11071020,"Malt, not roasted, ground or in flour",14,14,14,14,15,
11072010,"Malt, roasted, whole or cut",14,14,14,14,E,
11072020,"Malt, roasted, ground or in flour",14,14,14,14,E,
11081100,Wheat starch,10,10,10,10,10,
11081200,Maize (corn) starch,10,10,10,0,8,
11081300,Potato starch,10,10,10,0,10,
11081400,Manioc (cassava) starch,10,10,10,0,8,
11081900,Other starches,10,10,10,10,8,
11082000,Inulin,10,10,10,10,8,
11090000,"Wheat gluten, even dried",31,10,10,0,E,
12011000,"Soybeans, whether or not crushed, for sowing",0,0,0,0,0,
12019000,"Soybeans, whether or not crushed, except for sowing",8,8,8,8,8,
12023000,"Peanuts, not roasted or cooked, for sowing",0,0,0,0,0,
12024100,"Peanuts in shell, not roasted or ground",8,8,8,8,4,
12024200,"Peanuts shelled, whether or not broken",10,10,10,10,0,
12030000,Copra in grains,8,8,8,8,4,
12040010,Linseed seeds for sowing,0,0,0,0,0,
12040090,"Other linseed seeds, whether or not broken",8,8,8,8,4,
12051010,"Low erucic acid rape seeds, for sowing",0,0,0,0,0,
12051090,"Low erucic acid rape seeds, except for sowing",8,8,8,8,4,
12059010,"Other rape seeds, for sowing",0,0,0,0,0,
12059090,"Other rape seeds, except for sowing",8,8,8,8,4,
12060010,"Sunflower seeds, for sowing",0,0,0,0,0,
12060090,"Other sunflower seed, even crushed",8,8,8,8,4,
12071010,"Palm nuts and kernels, for sowing",0,0,0,0,0,
12071090,"Other palm nuts and kernels, whether or not broken",8,8,8,8,4,
12072100,Cotton seeds for sowing,0,0,0,0,0,
12072900,"Cotton seeds, except for sowing",8,8,8,8,0,
12073010,"Castor seeds, for sowing",0,0,0,0,0,
12073090,"Other castor seeds, whether or not broken",8,8,8,8,4,
12074010,"Sesame seeds, for sowing",0,0,0,0,0,
12074090,"Other sesame seeds, whether or not broken",8,8,8,8,4,
12075010,"Mustard seeds, for sowing",0,0,0,0,0,
12075090,"Other mustard seeds, whether or not broken",8,8,8,8,0,
12076010,"Safflower seeds, for sowing",0,0,0,0,0,
12076090,"Other safflower seeds, whether or not broken",8,8,8,8,0,
12077010,Melon seeds for sowing,0,0,0,0,0,
12077090,"Melon seeds, except for sowing",8,8,8,8,0,
12079110,"Poppy seeds, for sowing",0,0,0,0,0,
12079190,"Other poppy seeds, whether or not broken",8,8,8,8,4,
12079910,"Other oil seeds and oleaginous fruits, for sowing",0,0,0,0,0,
12079990,"Other oil seeds and oleaginous fruits, whether or not broken",8,8,8,8,0,
12081000,Soy flour,10,10,10,10,0,
12089000,"Flours of other seeds, oleaginous fruits except mustard",10,10,10,10,0,
12091000,"Sugar beet seeds, for sowing",0,0,0,0,0,
12092100,"Lucerne (alfalfa) seeds, for sowing",0,0,0,0,0,
12092200,"Clover (Trifolium spp.) seeds, for sowing",0,0,0,0,0,
12092300,"Fescue seeds, for sowing",0,0,0,0,0,
12092400,"Kentucky blue grass (Poa pratensis L.) seeds, for sowing",0,0,0,0,0,
12092500,"Rye grass (Lolium multiflorum Lam., Lolium perenne L.) seeds, for sowing",0,0,0,0,0,
12092900,"Forage plants seeds, for sowing",0,0,0,0,0,
12093000,"Seed of herbaceous plants cultivated mainly for flowers, for sowing",0,0,0,0,0,
12099100,"Seeds of horticultural products, for sowing",0,0,0,0,0,
12099900,"Other seeds, fruit and spores, for sowing",0,0,0,0,0,
12101000,"Hop cones, fresh, dried, not ground, not powdered, etc.",8,8,8,8,0,
12102010,"Hop cones, ground, powdered or in the form of pellets",8,8,0,8,0,
12102020,Lupulin,8,8,8,8,4,
12112000,"Ginseng roots, fresh, dried, including cut, ground, powder",8,8,8,8,0,
12113000,"Coca (leafs of), used in perfumery, medicine, etc.",8,8,8,8,4,
12114000,"Poppy straw, used in perfumery, medicine, etc.",8,8,8,8,4,
12119010,"Oregano, fresh or dried for perfumery, medicine, etc.",8,8,8,8,4,
12119090,"Other plants/part, fresh/dried, for perfumery, medicine, etc.",8,8,8,8,4,
12122100,Algae that are fit for human consumption,0,6,6,6,4,
12122900,"Other algae, fresh, chilled, frozen or dried",0,6,6,6,4,
12129100,"Sugar beet, fresh/chilled/dried/frozen not powder",8,8,8,8,4,
12129200,"Sugar cane (fresh, chilled, frozen, dry, powder)",8,8,8,8,0,
12129300,"Cane sugar, fresh, chilled, frozen or dried",8,8,8,8,0,
12129400,"Roots of chicory, fresh, frozen, dried or chilled",8,8,8,8,0,
12129910,Stevia rebaudiana,8,8,8,8,0,
12129990,Other vegetable products used mainly for human consumption,8,8,8,8,0,
12130000,"Cereal straw and husks, unprepared, ground, pressed, etc.",8,8,8,8,0,
12141000,Lucerne (alfalfa) meal and pellets,8,8,8,8,0,
12149000,"Swedes, fodder roots, and other forage products",8,8,8,8,0,
13012000,Gum Arabic,4,4,4,4,4,
13019010,Lac,4,4,4,4,0,
13019090,"Other gums, resins, gum-resins, oleoresins; natural",8,8,8,8,4,
13021110,Concentrated of straw of poppy,8,8,8,8,4,
13021190,"Other juices and vegetable extracts, of opium",8,8,8,8,0,
13021200,"Juices and extracts, of liquorice",8,8,8,8,4,
13021300,"Juices and extracts, of hop",8,8,6,8,4,
13021910,"Juices and extracts, of papaya (Carica papaya), dried",8,8,8,8,0,
13021920,"Juices and extracts, of seed of pomelo (grapefruit)",8,8,8,8,0,
13021930,Juices and extracts of ginkgo biloba dried,2,2,2,2,0,
13021940,"Juices and extracts, valepotriates (valerian extracts)",2,2,2,2,0,
13021950,"Juices and extracts, of ginseng",2,2,2,2,4,
13021960,"Juices and extracts, of silymarin",14,14,14,14,4,
13021991,Juice/extracts of pyrethrum/the root of plant containing rotenone,2,2,2,2,0,
13021999,Other juices and vegetable extracts,8,8,8,8,8,
13022010,Pectic substances,8,8,8,8,4,
13022090,"Other pectic substances, pectinates and pectates",8,8,8,8,0,
13023100,Agar-agar,"13,5",10,10,10,4,
13023211,Endosperm flour,8,8,8,8,0,
13023219,"Other mucilages products thickeners, derived from locust beans",8,8,8,8,4,
13023220,"Mucilages products, thickeners, of guar seeds",8,8,8,8,4,
13023910,"Mucilages products, thickeners, of carrageenan",10,10,10,0,8,
13023990,"Mucilages products thickeners, derived from other vegetable",8,8,8,8,8,
14011000,Bamboos used primarily for plaiting,6,6,6,6,0,
14012000,Rattans used primarily for plaiting,6,6,6,6,0,
14019000,Other materials vegetables for plaiting,6,6,6,6,0,
14042010,"Cotton linters, in brute",6,6,6,6,0,
14042090,Other cotton linters,6,6,6,6,0,
14049010,Vegetable materials for production of brooms/brushes,6,6,6,6,4,
14049090,"Other products of vegetable origin, for twisting",6,6,6,6,4,
15011000,Lard,8,8,8,8,4,
15012000,"Other fats, pork",8,8,8,8,4,
15019000,Birds fat,8,8,8,8,0,
15021011,"Beef tallow, crude",6,6,6,6,4,
15021012,Melted tallow,6,6,6,6,4,
15021019,Other beef tallow,6,6,6,6,4,
15021090,Other bovine fats,6,6,6,6,0,
15029000,Fats of sheep or goats,6,6,6,6,4,
15030000,"Lard stearin, lard oil, etc. unprepared",8,8,8,8,0,
15041011,"Oils of livers of cod, crude",4,4,4,4,0,
15041019,Other oils of livers of cod,4,4,4,4,0,
15041090,Other oils of livers of other fish and their fractions,10,10,10,10,0,
15042000,"Fats and oils and their fractions, of fish",10,10,10,10,4,
15043000,"Fats and oils and their fractions, of marine mammals",10,10,10,10,4,
15050010,Lanolin,8,8,8,8,8,
15050090,"Other fatty substances derived of lanolin, including wool grease",6,6,6,6,4,
15060000,"Other fats, oils, animals, including refined but not chemically modified",6,6,6,6,0,
15071000,"Crude soya-bean oil, whether or not degummed",10,10,10,10,8,
15079011,"Soya-bean oil, refined, in containers with capacity ≤ 5 l",12,12,12,25,10,
15079019,"Soya-bean oil, refined, in containers with capacity > 5 l",12,12,12,25,10,
15079090,Other soya-bean oils,10,10,10,10,0,
15081000,"Ground-nut oil, in crude",10,10,10,10,8,
15089000,Other ground-nut oil,12,12,12,12,10,
15091000,"Olive oil, virgin","31,5",10,10,10,15,
15099010,"Olive oil, refined","31,5",10,10,10,15,
15099090,Other olive oil,"31,5",10,10,10,15,
15100000,Other oils of olives and mixtures with olive oil of olive,10,10,10,10,4,
15111000,"Palm oil, in crude",10,10,10,10,8,
15119000,Other palm oil,10,10,10,10,8,
15121110,"Sunflower-seed oil, in crude",10,10,10,10,8,
15121120,"Safflower oil, in crude",10,10,10,10,0,
15121911,"Soya-bean oil, refined, in containers with capacity ≤ 5 l",12,12,12,21,10,
15121919,Other sunflower-seed oil,12,12,12,21,10,
15121920,Other safflower oil,10,10,10,10,0,
15122100,"Crude cotton-seed oil, containing or not gossypol",10,10,10,10,4,
15122910,"Cotton-seed oil, refined",10,10,10,10,8,
15122990,Other cotton-seed oil,10,10,10,10,0,
15131100,"Coconut (copra) oil, crude",10,10,10,10,8,
15131900,Other coconut (copra) oil,10,10,10,10,4,
15132110,"Palm kernel oil, crude",2,10,10,0,4,
15132120,"Babassu oil, crude",10,10,10,10,0,
15132910,Other palm kernel oil,2,10,10,10,8,
15132920,Other babassu oil,10,10,10,10,0,
15141100,"Wild turnip oil, low content, in crude",10,10,10,10,8,
15141910,"Wild turnip oil, low content, refined",10,10,10,10,8,
15141990,"Other wild turnip oil, which has an erucic acid content of < 2 %”",10,10,10,10,8,
15149100,"Other wild turnip oil, low content, in crude",10,10,10,10,4,
15149910,"Other wild turnip oil, low content, refined",10,10,10,10,8,
15149990,Other wild turnip oil,10,10,10,10,8,
15151100,"Linseed oil, in crude",10,10,10,10,0,
15151900,Other linseed oil,10,10,10,10,4,
15152100,"Maize (corn) oil, in crude",10,10,10,10,0,
15152910,"Maize (corn) oil, refined, in container with capacity ≤ 5 l",10,10,10,25,10,
15152990,Other maize (corn) oil,10,10,10,25,0,
15153000,Castor oil,10,30,10,10,E,
15155000,Sesame oil,10,10,10,10,4,
15159010,Jojoba oil and their fractions,10,10,10,10,4,
15159021,"Tung oil, in crude, not chemically modified",10,10,10,10,0,
15159022,"Tung oil, refined, not chemically modified",10,10,10,10,0,
15159090,"Other fixed vegetable fats and oils, refined or not",10,10,10,10,4,
15161000,"Animal fats and oils, hydrogenated, inter-esterified, etc.",10,10,10,10,8,
15162000,"Vegetable fats and oils, hydrogenated, inter-esterified, etc.",35,20,10,10,10,
15171000,Margarine (except liquid margarine),12,12,12,12,4,
15179010,"Mixtures of refined oils, in container with capacity ≤ 5 l",12,12,12,25,10,
15179090,"Other edible mixtures preparations of fats, oils, etc.",35,12,12,25,10,
15180010,Epoxidized vegetable oil,10,10,10,10,8,
15180090,Other animal fat and oil not elsewhere specified,10,10,10,10,8,
15200010,Crude glycerol,8,8,8,8,8,
15200020,Glycerol waters and glycerol lyes,10,10,10,10,8,
15211000,Vegetable waxes,10,10,10,10,8,
15219011,"Bee wax, in crude",10,10,10,10,4,
15219019,"Other bee waxes, in crude",10,10,10,10,4,
15219090,"Vegetable waxes, other insect waxes/spermaceti, refined or not, coloured or not",10,10,10,10,0,
15220000,Degras and residues from treatment greases substances etc.,10,10,10,10,0,
16010000,"Sausages of meat, meat offal, blood, their food preparations",16,16,16,16,10,
16021000,"Homogenized prepared of meat, edible offal, blood",16,16,16,16,10,
16022000,"Prepared preserved edible, of liver of animals",16,16,16,16,10,
16023100,"Prepared preserved edible, of turkey",16,16,16,16,10,
16023210,"Rooster/chicken, uncooked, meat > 57 % weight",16,16,16,16,10,
16023220,"Rooster/chicken, cooked, meat > 57 % weight",16,16,16,16,10,
16023230,"Rooster/chicken, meat 25 % ≤ weight < 57 %",16,16,16,16,10,
16023290,"Other prepared/preserved, of fowls",16,16,16,16,10,
16023900,"Prepared preserved edible, of other birds",16,16,16,16,10,
16024100,"Prepared preserved edible, hams, cuts thereof, of swine",16,16,16,16,15,
16024200,"Prepared preserved edible, shoulders, cuts thereof, of swine",16,16,16,16,10,
16024900,"Other prepared preserved edible, of swine and mixtures",16,16,16,16,10,
16025000,"Prepared preserved edible, of bovine",16,16,16,16,0,
16029000,"Prepared preserved edible, of meat offal, blood",16,16,16,16,0,
16030000,"Extracts and juices of meat, fish or crustaceans, etc.",16,16,16,16,8,
16041100,"Prepared preserved, of salmon, whole or in pieces",16,16,16,16,15,
16041200,"Prepared preserved, of herrings, whole or in pieces",16,16,16,16,15,
16041310,"Prepared preserved, of sardines, whole or in pieces",16,32,16,16,15,
16041390,"Prepared preserved of sardinella, brisling, whole/in pieces",16,16,16,16,E,
16041410,"Prepared preserved, of tunas, whole or in pieces",16,16,16,16,15,
16041420,"Prepared preserved, of skipjack, whole or in pieces",16,16,16,16,E,
16041430,"Prepared preserved, of bonito, whole or in pieces",16,16,16,16,E,
16041500,"Prepared preserved, of mackerel, etc. whole or in pieces",16,16,16,16,E,
16041600,"Prepared preserved, of anchovies, whole or in pieces",16,16,16,16,15,
16041700,"Prepared or preserved, eel",16,16,16,16,15,
16041900,"Prepared preserved, of other fish, whole or in pieces",16,16,16,16,E,
16042010,"Other prepared preserved, of tunas",16,16,16,16,15,
16042020,"Other prepared preserved, of bonito",16,16,16,16,E,
16042030,"Other prepared preserved, of sardines, sardinelas, etc.",16,16,16,16,15,
16042090,"Other prepared preserved, of other fish",16,16,16,16,15,
16043100,Caviar,16,16,16,16,15,
16043200,Caviar substitutes,16,16,16,16,15,
16051000,"Prepared preserved, of crab",16,16,16,16,15,
16052100,"Prepared or preserved shrimp, not in closed container",16,16,16,16,E,
16052900,"Prepared or preserved shrimp, except not in closed container",16,16,16,16,E,
16053000,"Prepared preserved, of lobster",16,16,16,16,15,
16054000,"Prepared preserved, of other crustaceans",16,16,16,16,E,
16055100,"Prepared or preserved, oysters",16,16,16,16,E,
16055200,"Prepared or preserved, scallop and other seafood",16,16,16,16,E,
16055300,"Prepared or preserved, mussels",16,16,16,16,E,
16055400,"Prepared or preserved, squid and cuttlefish",16,16,16,16,15,
16055500,"Prepared or preserved, octopus",16,16,16,16,15,
16055600,"Prepared or preserved, clams, cockles",16,16,16,16,15,
16055700,"Prepared or preserved, abalones",16,16,16,16,15,
16055800,"Prepared or preserved, snails (except from sea)",16,16,16,16,15,
16055900,"Prepared or preserved, other mollusks",16,16,16,16,E,
16056100,"Prepared or preserved, sea cucumbers",16,16,16,16,15,
16056200,"Prepared or preserved, sea urchin",16,16,16,16,15,
16056300,"Prepared or preserved, jellyfish",16,16,16,16,15,
16056900,"Prepared or preserved, other aquatic invertebrates",16,16,16,16,15,
17011200,"Beet sugar, in crude",20,16,30,5,10,
17011300,Cane sugar mentioned in note 2 of heading 1701,20,16,30,5,10,
17011400,Other cane sugar,20,16,30,16,10,
17019100,Other cane or beet sugar added flavouring or colouring,20,16,30,35,10,
17019900,"Other cane/beet sugar/chemically pure sucrose, in solid",20,16,30,35,E,
17021100,"Lactose and lactose syrup, by weight ≥ 99 % lactose, etc.",16,16,12,16,4,
17021900,Other lactose and lactose syrup,16,16,16,16,4,
17022000,Maple sugar and maple syrup,16,16,16,16,0,
17023011,Chemically pure glucose,16,16,16,16,10,
17023019,"Other fructose containing, in dry state, by weight < 20 % fructose",16,16,16,16,10,
17023020,"Glucose syrup containing, in dry state, by weight < 20 % fructose",16,16,16,16,10,
17024010,"Glucose containing, in dry state, 20 % ≤ weight < 50 % of fructose",16,16,12,16,10,
17024020,"Glucose syrup containing, in dry state, 20 % ≤ weight < 50 % of fructose",16,16,16,16,10,
17025000,Chemically pure fructose,16,16,16,16,10,
17026010,"Fructose containing, in dry state, weight > 50 % of fructose",16,16,16,16,10,
17026020,"Glucose syrup containing, in dry state, weight > 50 % of fructose",16,16,16,16,10,
17029000,"Other sugar, sugar syrup, honey substitute, etc.",16,16,16,16,10,
17031000,Cane molasses,16,16,16,16,0,
17039000,Molasses resulting from the extraction or refining sugar,16,16,16,16,4,
17041000,"Chewing gums, without cocoa, whether or not sugar-coated",20,20,20,20,15,
17049010,"White chocolate, not containing cocoa",20,20,20,20,CH2,
17049020,"Chocolates, caramels, sweets, tablets, not containing cocoa",20,20,20,20,15,
17049090,"Other products sugar confectionery, not containing cocoa",20,20,20,20,15,
18010000,"Cocoa (whole or broken), raw or roasted",10,10,10,10,0,
18020000,"Cocoa shells, husks, skins and other cocoa waste",10,10,10,10,0,
18031000,"Cocoa paste, not defatted",12,12,12,0,15,
18032000,"Cocoa paste, wholly or partly defatted",12,12,12,0,10,
18040000,"Butter, fat and oil, from cocoa",12,12,12,0,15,
18050000,"Cocoa (powder), without added sugar or other sweeteners",14,14,11,14,15,
18061000,"Cocoa powder, containing added sugar or other sweetening matter",18,18,18,18,CH2,
18062000,"Other preparations in blocks, slabs, bars with cocoa, weighing > 2 kg, etc",18,18,18,18,CH1,
18063110,"Filled chocolate, in tablets, slabs or bars",20,20,20,20,CH2,
18063120,"Other food preparations containing cocoa, filled, tablets, etc.",20,20,20,20,CH2,
18063210,"Chocolate not filled, in tablets, slabs and bars",20,20,20,20,CH2,
18063220,"Other food preparations containing cocoa, not filled, tablets, etc.",20,20,20,20,CH2,
18069000,Other chocolate and food preparations containing cocoa,20,20,2,20,CH1,
19011010,"Modified milk, preparations for infant use",16,16,2,16,TRQ-3,
19011020,"Lactea flour, preparations for infant use",18,18,18,18,TRQ-3,
19011030,"Preparation basis of flours, meals or starch, for infant use",18,18,18,18,10,
19011090,Other preparations for infant use,18,18,18,18,TRQ-3,
19012000,"Mixes and doughs for the preparation of bakery, pastry and biscuit products of heading 19.05",14,14,14,14,15,
19019010,Malt extract,14,14,14,14,0,
19019020,Cream with a basis of cooked milk with added sugar,16,16,16,16,0,
19019090,"Other food preparations of flour, etc. cocoa < 40 %",16,16,16,16,10,
19021100,"Uncooked pasta, not stuffed, containing eggs",16,16,16,16,E,
19021900,"Other uncooked pasta, not stuffed, etc.",16,16,16,16,E,
19022000,"Stuffed pasta, including cooked, prepared another way",16,16,16,16,E,
19023000,Other pasta,16,16,16,16,E,
19024000,Couscous,16,16,16,16,0,
19030000,"Tapioca and substitutes thereof, from starch, flakes, etc.",16,16,16,16,0,
19041000,"Cereal products, obtained by swelling or roasting",16,16,2,16,15,
19042000,Preparation foods obtained from cereal flake and mixtures,16,16,16,16,15,
19043000,Bulgur wheat,16,16,16,16,10,
19049000,"Other cereal in grain, pre-cooked or otherwise prepared",16,16,16,16,15,
19051000,Crispbread,18,18,18,18,10,
19052010,Panettone,18,18,18,18,E,
19052090,"Other spiced bread, except panettone",18,18,18,18,E,
19053100,"Sweet biscuits, containing sweetener added",18,18,18,18,10,
19053200,Waffles and wafers,18,18,18,18,10,
19054000,"Rusks, toasted bread and similar toasted products",18,18,18,18,15,
19059010,Sliced bread,18,18,18,18,15,
19059020,Cookies,18,18,18,18,15,
19059090,"Other products of bakery, pastry shop, biscuits etc., whether or not containing cocoa",18,18,18,18,15,
20011000,"Cucumbers/gherkin, prepared/preserved in vinegar or acetic acid",14,14,14,14,10,
20019000,"Other vegetable products etc. prepared/preserved in vinegar, acetic acid",14,14,14,14,10,
20021000,"Tomatoes, whole or in pieces, prepared or preserved",14,14,14,14,T1,
20029010,Tomato juice,14,14,14,14,10,
20029090,"Other tomatoes prepared/preserved, except by vinegar/acetic acid",14,14,14,14,E,
20031000,"Mushrooms of the genus Agaricus, prepared or preserved",35,35,14,14,10,
20039000,"Mushrooms, prepared or preserved, except in vinegar",14,14,14,14,8,
20041000,"Potatoes prepared or preserved, frozen",14,14,14,14,8,
20049000,"Other vegetable products, prepared/preserved, frozen except in vinegar, etc.",14,14,14,14,10,
20051000,"Homogenized vegetables products, prepared/preserved not frozen",14,14,14,14,10,
20052000,"Potatoes prepared/preserved, not frozen",14,14,12,14,10,
20054000,"Pears prepared/preserved, not frozen",14,14,14,14,E,
20055100,"Beans in grain prepared/preserved, not frozen",14,14,14,14,10,
20055900,"Other beans prepared/preserved, not frozen except vinegar, etc.",14,14,14,14,E,
20056000,"Asparagus prepared/preserved, not frozen",14,14,14,14,10,
20057000,"Olives, prepared/preserved, not frozen except in vinegar, etc.",14,14,14,14,E,
20058000,"Sweet corn, prepared/preserved, not frozen",14,14,14,14,E,
20059100,"Bambu shoots, not frozen, conserved in vinegar/acetic acid",14,14,14,14,0,
20059900,"Other vegetable products, not frozen, conserved in vinegar/acid acetic",14,14,14,14,10,
20060000,"Vegetables fruit, fruit-pee, etc. preserved by sugar",14,14,14,14,4,
20071000,"Homogenised preparations of fruit, for cooked, for infant use",14,14,14,14,10,
20079100,"Jams, fruit jellies, marmelade purée and pastes, of citric",14,14,14,14,10,
20079910,"Jellies, marmalades, of other fruits",14,14,14,14,10,
20079990,"Jams, purée, pastes, of other fruits",14,14,14,14,10,
20081100,Ground-nuts prepared or preserved,14,14,14,14,10,
20081900,"Other hard peel fruits, other seeds prepared/preserved",14,14,14,14,10,
20082010,"Pineapples prepared/preserved with sweetening water, etc.",35,14,14,14,10,
20082090,Pineapples otherwise prepared or preserved,14,14,14,14,10,
20083000,Citrus fruit prepared or preserved,14,14,14,14,0,
20084010,"Pears prepared/preserved with, sweetening water, including syrup",14,14,14,14,10,
20084090,Pears otherwise prepared or preserved,14,14,14,14,10,
20085000,"Apricots, prepared or preserved",14,14,14,14,10,
20086010,"Cherries, prepared/preserved in sweetening water, including syrup",14,14,14,14,10,
20086090,"Cherries, otherwise prepared or preserved",14,14,14,14,10,
20087010,"Peaches, prepared/preserved in sweetening water, including syrup",35,55,14,35,10,
20087020,"Peaches prepared/preserved in water, brix value ≥ 20",35,35,14,35,10,
20087090,"Peaches, otherwise prepared or preserved",35,35,14,35,10,
20088000,"Strawberries, prepared or preserved",14,14,14,14,10,
20089100,"Palm heart, prepared or preserved",14,14,14,14,0,
20089300,"Red cranberry, prepared or preserved in other forms",14,14,14,14,8,
20089710,"Mixtures of fruits, prepared in sweetened water",14,14,14,14,10,
20089790,"Mixtures of prepared fruit, otherwise preserved",14,14,14,14,10,
20089900,"Fruit and other parts of plants, otherwise prepared/preserved",14,14,14,14,10,
20091100,"Frozen unfermented, orange juice",14,14,14,14,0,
20091200,"Orange juice, not frozen, brix value ≤ 20",14,14,14,14,4,
20091900,"Other unfermented, orange juice",14,14,14,14,0,
20092100,"Grapefruit juice, of a brix value ≤ 20",14,14,14,14,0,
20092900,Other grapefruit juice,14,14,14,14,0,
20093100,Other citric juice of a brix value ≤ 20,14,14,14,14,4,
20093900,Other juice of other citric,14,14,14,14,0,
20094100,Pineapple juice of a brix value ≤ 20,14,14,14,14,0,
20094900,Other pineapple juices,14,14,14,14,0,
20095000,"Tomato juices, unfermented",14,14,14,14,8,
20096100,Grape juice of a brix value ≤ 30,14,14,14,14,E,
20096900,Other grape juices,14,14,14,14,E,
20097100,Apple juice of a brix value ≤ 20,14,14,14,14,4,
20097900,Other apple juices,14,14,0,14,4,
20098100,Juice of red cranberry,14,14,14,14,4,
20098910,"Juice of peach, brix value ≥ 60",14,14,14,14,0,
20098990,"Other fruit juice, unfermented, without added sugar",14,14,14,14,0,
20099000,"Mixtures of juices, unfermented",14,14,14,14,10,
21011110,"Soluble coffee, including decaffeinated",16,16,16,16,8,
21011190,"Other extracts, essences and concentrates, of coffee",16,16,16,16,15,
21011200,"Preparations with a basis of these extracts, essences/concentrates of coffee",16,16,16,16,8,
21012010,"Extracts, essences and concentrates, of tea",16,16,16,16,15,
21012020,"Extracts, essences and concentrates, of mate",16,16,16,16,4,
21013000,"Roasted chicory and other roasted coffee substitute, etc.",14,14,14,14,0,
21021010,Live yeast (Saccharomyces boulardii),2,2,2,2,4,
21021090,Other live yeasts,14,14,14,14,10,
21022000,"Inactive yeasts; other single-cell micro-organisms, dead",14,14,14,14,15,
21023000,Prepared baking powders,14,14,14,14,10,
21031010,"Soya sauce, prepared, immediate packings, weighing ≤ 1 kg",18,18,18,18,8,
21031090,"Other soya sauce, prepared",16,16,16,16,0,
21032010,Tomato ketchup and other tomato sauces immediate packings weighing ≤ 1 kg,18,18,18,18,10,
21032090,"Other tomato ketchup and other tomato sauces, prepared",16,16,16,16,10,
21033010,Mustard flour,16,16,16,16,4,
21033021,"Mustard prepared, in immediate packings weighing ≤ 1 kg",18,18,18,18,10,
21033029,Other prepared mustard,16,16,16,16,10,
21039011,"Mayonnaise immediate packings, weighing ≤ 1 kg",18,18,18,18,10,
21039019,Other mayonnaise,16,16,16,16,10,
21039021,"Condiments/mixed seasonings, composed, immediate packings weighing ≤ 1 kg",18,18,18,18,10,
21039029,"Other condiments and mixed seasonings, composed",16,16,16,16,10,
21039091,"Other sauces preparations, sauce preparations, immediate packings weighing ≤ 1 kg",18,18,18,18,10,
21039099,Other sauces preparations and sauce prepared,16,16,16,16,10,
21041011,"Preparations soups and broths, immediate packings weighing ≤ 1 kg",18,18,18,18,10,
21041019,Other preparations for soups and broths,16,16,16,16,0,
21041021,"Soups and broths, prepared, immediate packings weighing ≤ 1 kg",18,18,18,18,E,
21041029,"Other soups and broths, prepared",16,16,16,16,0,
21042000,Homogenised composite food preparations,16,16,16,16,8,
21050010,"Ice cream, whether or not containing cocoa, immediate packing weighing ≤ 2 kg",18,18,18,18,10,
21050090,"Other ice cream, even containing cocoa",16,16,16,16,10,
21061000,Protein concentrates and textured protein substances,14,14,14,14,8,
21069010,Other preparations for elaboration of drinks,22,14,14,0,E,
21069021,"Powder for preparations of puddings, immediate packing weighing ≤ 1 kg",18,18,18,18,E,
21069029,"Powder for preparations of cream, ice cream, jelly, etc.",16,16,16,16,10,
21069030,Alimentary complements,16,16,16,16,10,
21069040,Mixtures with a basis of sodium ascorbate/glucose for preparations,14,14,14,14,10,
21069050,"Chewing gum, without sugar",16,16,16,16,10,
21069060,"Caramels, sweets, tablets and similar products, without sugar",16,16,16,16,10,
21069090,Other food preparations,16,16,16,16,10,
22011000,"Mineral waters/aerated waters no added sugar, not flavoured, etc.",20,20,20,20,4,
22019000,"Other waters no added sugar not flavoured, etc. ice/snow",20,20,20,20,8,
22021000,"Waters, including mineral/aerated, added sugar, flavoured, etc.",20,20,20,20,8,
22029000,"Non-alcoholic beverages (except water, fruit/vegetable juice)",35,20,20,20,10,
22030000,Beer made from malt,20,20,20,20,10,
22041010,"Wine of fresh grapes, ""champagne"" type",35,20,18,20,8,
22041090,"Other sparkling wines, except ""champagne"" type",20,20,20,20,SW/12,
22042100,"Other wine, grape must, fermented alcohol containers ≤ 2 l",20,27,19,20,8,
22042911,Wines in containers with capacity not over 5 litres,20,20,20,20,8,
22042919,Wines in containers with capacity over 5 litres,20,20,20,20,E,
22042920,Grape must,20,20,20,20,E,
22043000,Other grape must,20,20,20,20,E,
22051000,"Vermouth, other wine of fresh grapes flavoured containers ≤ 2 l",20,20,20,20,10,
22059000,"Other vermouth and other wine of fresh grapes, flavoured",20,20,20,20,10,
22060010,Cider,20,20,20,20,10,
22060090,Other fermented beverages and mixtures of fermented beverages,20,20,20,20,E,
22071010,"Ethyl alcohol, not undenatured, water content ≤ 1 %",20,0,20,20,10,
22071090,"Other ethyl alcohol, not undenatured",20,20,20,20,8,
22072011,Ethyl alcohol with water content ≤ 1 % volume,20,0,20,20,8,
22072019,"Other ethyl alcohol, undenatured",20,20,20,20,8,
22072020,"Spirits, denatured, of any strength",20,20,20,20,8,
22082000,Spirits obtained by distilling grape wine or grape marc,20,20,20,20,4,
22083010,"Whiskies, alcoholic content > 50 % vol, in container capacity ≥ 50 l",6,12,12,0,0,
22083020,"Whiskies, capacity container ≤ 2 l",35,20,18,20,4,
22083090,Other whiskies,20,20,20,20,15,
22084000,Rum and tafia,20,20,20,20,4,
22085000,Gin and Geneva,20,20,20,20,4,
22086000,Vodka,20,20,18,20,4,
22087000,Liqueurs,20,20,18,20,4,
22089000,Other alcohol drinks,20,20,20,20,4,
22090000,"Vinegar and substitutes for vinegar obtained from acetic acid, for human consumption",20,20,20,20,10,
23011010,"Flours, meals and pellets, of meat, unfit for human consumption",6,6,6,6,0,
23011090,"Flours, meat offal/greaves, unfit for human consumption",6,6,6,6,0,
23012010,"Flours, meals and pellets, of fish, unfit for human consumption",6,6,6,6,8,
23012090,"Flours/meals/pellets, of crustaceans, unfit for human consumption",6,6,6,6,8,
23021000,"Bran, sharps and other residues, of maize",6,6,6,6,4,
23023010,Sharps of wheat,6,6,6,6,4,
23023090,"Bran and other residues, of wheat",6,6,6,6,0,
23024000,"Bran, sharps and other residues, of other cereals",6,6,6,6,0,
23025000,"Bran, sharps and other residues, of leguminous plants",6,6,6,6,4,
23031000,Residues of starch manufacture and similar,6,6,6,6,0,
23032000,"Pulp, bagasse and other waste of sugar manufacture",6,6,6,6,4,
23033000,Brewing or distilling dregs and waste,6,6,6,6,0,
23040010,"Flours and pellets, from the extraction of soya-bean oil",6,6,6,0,0,
23040090,"Soybean waste, solid",6,6,6,6,0,
23050000,"Oil-cake and other solid residues, of peanut",6,6,6,6,4,
23061000,"Oil-cake and other solid residues, of the cotton",6,6,6,6,0,
23062000,"Oil-cake and other solid residues, of linseed",6,6,6,6,0,
23063010,"Oil-cake, flour and pellets, sunflower seeds",6,6,6,6,4,
23063090,"Other solid residues, of sunflower seeds",6,6,6,6,4,
23064100,Oil-cake of low erucic acid rape or colza seeds,6,6,6,6,4,
23064900,Other oil-cake of low erucic acid rape or colza seeds,6,6,6,6,4,
23065000,"Oil-cake and other solid residues, of coconut or copra",6,6,6,6,0,
23066000,"Oil-cake and other solid residues, of palm nuts/kernels",6,6,6,6,0,
23069010,"Oil cake, residues, etc., of wheat germ",6,6,6,0,0,
23069090,"Oil cake, residues, etc., of other vegetable oils",6,6,6,6,0,
23070000,Wine lees and argol,6,6,6,6,0,
23080000,Vegetable materials and other vegetable waste,6,6,6,6,0,
23091000,Food for dogs and cats,14,14,14,14,10,
23099010,"Complete/composed foods, for animals",8,8,2,8,8,
23099020,"Preparations with a basis of iodized salt, etc. for animal feeding",8,8,8,8,8,
23099030,"Biscuits, for animal feeding",14,14,14,14,0,
23099040,"Preparations containing diclazuril, for animal feeding",2,2,2,2,0,
23099050,Preparations with ractopamine hydrochloride ≥ 2 %,2,2,2,2,0,
23099060,"Preparations containing xylanase and betagluconase, with support of wheat flour",2,2,2,2,0,
23099090,Other preparations for animal feeding,20,8,6,8,10,
24011010,"Unmanufactured tobacco not stemmed/stripped, leaves not dried and unfermented",14,14,14,14,0,
24011020,"Unmanufactured wrapper tobacco not stemmed, not stripped, leaves, etc.",14,14,14,14,0,
24011030,"Unmanufactured tobacco not stemmed, not stripped, leaves, etc. Virginia type",14,14,11,0,0,
24011040,"Unmanufactured tobacco not stemmed, not stripped, leaves, etc. Turkish type",10,10,10,0,0,
24011090,"Other unmanufactured tobacco, not stemmed, not stripped",35,14,14,0,8,
24012010,"Unmanufactured tobacco partly/wholly stemmed/stripped, leaves not dried and unfermented",14,14,14,14,0,
24012020,"Unmanufactured wrapper tobacco partly/wholly stemmed/stripped, dried and fermented leaves, ""capeiro"" type",14,14,14,14,0,
24012030,"Unmanufactured tobacco partly/wholly stemmed/stripped leaves dried in a hot air dryer (flue cured), Virginia type",14,14,0,0,8,
24012040,"Unmanufactured tobacco partly/wholly stemmed/stripped leaves, Dr. Burley type",14,14,11,0,0,
24012090,Other unmanufactured tobacco partly/wholly stemmed/stripped,14,14,14,14,8,
24013000,Tobacco waste,14,14,14,14,4,
24021000,"Cigars, cheroots and cigarillos, containing tobacco",20,20,20,20,10,
24022000,Cigarettes containing tobacco,20,20,20,20,10,
24029000,"Cigars (whether or not blunted) cheroots/cigarillos/cigarettes, of tobacco substitutes",20,20,20,20,10,
24031100,Tobacco for narghile (water pipe) mentioned in Note 1 of subposition of this Chapter,20,20,20,20,10,
24031900,Other tobacco for smoking,20,20,20,20,10,
24039100,"Manufactured tobacco, ""homogenised"" or ""reconstituted""",14,14,14,14,10,
24039910,"Extracts and juices, of tobacco",14,14,14,14,10,
24039990,Other manufactured tobacco and manufactured tobacco substitutes,18,18,18,18,10,
25010011,Sea salt,4,4,4,4,8,
25010019,"Other types of salt in bulk, without aggregates",4,4,4,4,8,
25010020,Table salt,4,4,4,4,8,
25010090,"Other salt types, pure sodium chloride and sea water",4,4,4,4,4,
25020000,Unroasted iron pyrites,4,4,4,4,8,
25030010,"Sulphur in bulk, except sublimed, precipitated or colloidal",0,0,0,0,0,
25030090,"Other forms of sulphur, except sublimed, precipitated or colloidal",0,0,0,0,0,
25041000,"Natural graphite, in powder or in flakes",4,4,4,4,8,
25049000,Other forms of natural graphite,4,4,4,4,8,
25051000,Silica sands and quartz sands,4,4,4,4,4,
25059000,"Other natural sands, including coloured",4,4,4,4,8,
25061000,Quartz,4,4,4,4,8,
25062000,"Quartzite, crude or roughly trimmed",4,4,4,4,8,
25070010,Kaolin,4,4,4,4,4,
25070090,"Other kaolinic clays, whether or not calcined",4,4,4,4,8,
25081000,Bentonite,4,4,4,4,4,
25083000,Fire-clay,4,4,4,4,8,
25084010,"Plastic clays, with a Fe2O3 content, weighing < 1,5 % a calcination loss > 12 % by weight",4,4,4,4,8,
25084090,Other clays,4,4,4,4,4,
25085000,"Andalusite, kyanite and sillimanite",4,4,4,4,8,
25086000,Mullite,4,4,4,4,8,
25087000,Chamotte or dinas earths,4,4,4,4,8,
25090000,Chalk,4,4,4,4,4,
25101010,"Natural calcium phosphates, unground",0,0,0,0,0,
25101090,"Calcium phosphates, natural phosphatic aluminocalcium, unground",0,0,0,0,0,
25102010,"Calcium phosphates, natural, ground",0,0,0,0,0,
25102090,"Calcium phosphates, natural phosphatic aluminocalcium, ground",0,0,0,0,0,
25111000,Natural barium sulphate (barytes),4,4,4,4,4,
25112000,Natural barium carbonate (witherite),4,4,4,4,8,
25120000,"Siliceous fossil meals/other siliceous earths, of apparent specific gravity of 1 or less",4,4,4,4,8,
25131000,Pumice stone; emery/other natural garnett,4,4,4,4,8,
25132000,"Emery, natural corundum, natural garnett/other natural abrasives",4,4,4,4,8,
25140000,"Slate, whether/not roughly trimmed/merely cut, blocks slabs",4,4,4,4,8,
25151100,"Marble and travertine, crude or roughly trimmed",4,4,4,4,8,
25151210,Merely cut into blocks or slabs,6,6,6,6,8,
25151220,Travertine cut into blocks or slabs,6,6,6,6,4,
25152000,"Granite ecaussine and other calcareous monumental, etc.",4,4,4,4,8,
25161100,"Granite, in crude or roughly trimmed",4,4,4,4,8,
25161200,"Granite, cut or in blocks or slabs",6,6,6,6,8,
25162000,"Sandstone, cut in blocks, plates, squares, rectangular",4,4,4,4,8,
25169000,Other monumental or building stone,4,4,4,4,8,
25171000,"Pebbles, gravel, broken, crushed stone used for concrete, etc",4,4,4,4,8,
25172000,"Macadam of slag, dross, other slags, etc.",4,4,4,4,8,
25173000,Tarred macadam,4,4,4,4,8,
25174100,"Granules, chippings and powder, of marble",4,4,4,4,4,
25174900,"Granules, chippings, powder, of stones of heading 25.15 or 25.16, whether or not heat-treated, other than marble",4,4,4,4,8,
25181000,"Dolomite, not calcined or sintered, ""raw""",4,4,4,4,8,
25182000,Calcined or sintered dolomite,4,4,4,4,8,
25183000,Dolomite ramming mix,4,4,4,4,8,
25191000,Natural magnesium carbonate (magnesite),4,4,4,4,8,
25199010,Fused magnesia,4,4,4,4,8,
25199090,Fused magnesia and other oxides of magnesium,4,4,4,4,4,
25201011,Gypsum in irregular pieces (stone),4,20,4,4,8,
25201019,Other forms of gypsum,4,4,4,4,8,
25201020,Anhydrite,4,4,4,4,8,
25202010,"Milled plaster ground, for use in dentistry",4,4,4,4,4,
25202090,Other forms of plasters,4,4,4,4,8,
25210000,Limestone for manufacture of lime or cement,4,4,4,4,8,
25221000,Quicklime,4,4,4,4,4,
25222000,Slaked lime,4,4,4,4,4,
25223000,Hydraulic lime,4,4,4,4,8,
25231000,Cement clinkers,4,4,4,4,8,
25232100,"Portland cement, white",4,4,4,4,4,
25232910,"Portland cement, common",4,4,4,4,8,
25232990,Other kind of Portland cement,4,4,4,4,8,
25233000,Aluminous cement,4,4,4,4,4,
25239000,Other hydraulic cements,4,4,4,4,8,
25241000,Crocidolite (asbestos) even stained,4,4,4,4,8,
25249000,"Asbestos, except for crocidolite",4,4,4,4,8,
25251000,Crude mica and mica rifted into sheets or splittings,4,4,4,4,8,
25252000,Mica powder,4,4,4,4,8,
25253000,Mica waste,4,4,4,4,8,
25261000,"Natural steatite, not crushed, not powdered",4,4,4,4,4,
25262000,"Natural steatite, crushed or powdered",4,4,4,4,4,
25280000,Natural borates and concentrates thereof (calcined or not),4,4,4,4,8,
25291000,Felspar,4,4,4,4,8,
25292100,Fluorspar containing weight ≤ 97 % of fluoride of calcium,4,4,4,4,8,
25292200,Fluorspar containing weight > 97 % of fluoride of calcium,4,4,4,4,8,
25293000,"Leucite, nepheline and nepheline syenite",4,4,4,4,4,
25301010,Perlite unexpanded,4,4,4,4,8,
25301090,"Vermiculite and chlorites, unexpanded",4,4,4,4,8,
25302000,"Kieserite, epsomite (natural magnesium sulphates)",4,4,4,4,4,
25309010,Spodumene,4,4,4,4,8,
25309020,"Micronised zirconium sand suitable for the preparation of ceramic glazes, except spodumene",4,4,4,4,4,
25309030,Minerals of metals of the rare lands,4,4,4,4,8,
25309040,Earth colours,4,4,4,4,8,
25309090,Other mineral substances,4,4,4,4,4,
26011100,"Iron ores not agglomerated, and its concentrates",2,2,2,2,8,
26011200,Iron ores agglomerated and its concentrates,2,2,2,2,4,
26012000,Roasted iron pyrites (gray pyrites),2,2,2,2,10,
26020010,"Manganese ores, agglomerated and concentrates",2,2,2,2,8,
26020090,Other manganese ores,2,2,2,2,8,
26030010,Sulphides of copper ores,2,2,2,2,4,
26030090,Other ores and concentrates,2,2,2,2,8,
26040000,Nickel ores and concentrates,2,2,2,2,4,
26050000,Cobalt ores and concentrates,2,2,2,2,8,
26060011,Bauxite not calcined (aluminium ores),2,2,2,2,4,
26060012,Bauxite calcined (aluminium ores),2,2,2,2,4,
26060090,Other aluminium ores and concentrates,2,2,2,2,4,
26070000,Lead ores and concentrates,4,4,4,4,8,
26080010,Sulphides of zinc ores,2,2,2,2,4,
26080090,Other zinc ores and concentrates,2,2,2,2,8,
26090000,Tin ores and concentrates,2,2,2,2,4,
26100010,Chromite (chromium ores),2,2,2,2,4,
26100090,Other chromium ores and concentrates,2,2,2,2,8,
26110000,Tungsten ores and concentrates,2,2,2,2,4,
26121000,Uranium ores and concentrates,4,4,4,4,8,
26122000,Thorium ores and concentrates,4,4,4,4,8,
26131010,Molybdenum roasted (molybdenum ores),2,2,2,2,4,
26131090,"Other molybdenum ores, roasted and concentrates",2,2,2,2,4,
26139010,"Molybdenite, not roasted (molybdenum ores)",2,2,2,2,8,
26139090,"Other molybdenite ores, notroasted, and concentrates",2,2,2,2,8,
26140010,Ilmenite (titanium ores),2,2,2,2,8,
26140090,Other titanium ores and concentrates,2,2,2,2,4,
26151010,Zirconium (zirconium ores),2,2,2,2,8,
26151020,Zircon (zirconium ores),2,2,2,2,8,
26151090,Other zirconium ores and concentrates,2,2,2,2,8,
26159000,Niobiumtantalum or vanadium ores and concentrates,2,2,2,2,8,
26161000,Silver ores and concentrates,2,2,2,2,8,
26169000,Other precious metal ores and concentrates,4,4,4,4,8,
26171000,Antimony ores and concentrates,2,2,2,2,8,
26179000,Other ores and concentrates,2,2,2,2,8,
26180000,Granulated slag from the manufacture of iron and steel,4,4,4,4,8,
26190000,Other slag and waste from the manufacture of iron and steel,4,4,4,4,8,
26201100,Hard zinc spelter (containing mainly zinc),4,4,4,4,8,
26201900,Other ash and residues containing zinc,4,4,4,4,8,
26202100,"Muds of gasoline containing lead, etc.",4,4,4,4,8,
26202900,Other ash and residues containing mainly lead,4,4,4,4,8,
26203000,Ash and residues containing mainly copper,4,4,4,4,8,
26204000,Ash and residues containing mainly aluminium,4,4,4,4,8,
26206000,"Ash and residues containing arsenic, mercury, etc.",4,4,4,4,8,
26209100,"Ash and residues containing antimony, beryllium, etc.",4,4,4,4,8,
26209910,Ash and residues containing mainly titanium,2,2,2,2,8,
26209990,Ash and residues containing other metals,4,4,4,4,8,
26211000,Ash/residues from the incineration of municipal waste,4,4,4,4,8,
26219010,Ash of vegetable origin,4,4,4,4,8,
26219090,"Other ash/residues from the incineration of municipal waste, except ash of vegetable origin",4,4,4,4,8,
27011100,"Anthracite coal, not agglomerated",0,0,0,0,0,
27011200,"Bituminous coal, not agglomerated",0,0,0,0,0,
27011900,"Other coal, in powder or not, but not agglomerated",0,0,0,0,0,
27012000,"Briquettes, ovoids in agglomerated, etc. from coal",0,0,0,0,0,
27021000,"Lignite, in powder or not, but not agglomerated",0,0,0,0,0,
27022000,Agglomerated lignite,0,0,0,0,0,
27030000,"Peat, (including peat litter) whether or not agglomerated",0,0,0,0,0,
27040010,"Coke of coal, of lignite or of peat",0,0,0,0,0,
27040090,"Semi-coke of coal, of lignite or of peat, retort carbon",0,0,0,0,0,
27050000,"Coal gas, water, etc. except petroleum/gaseous hydrocarbons",0,0,0,0,0,
27060000,"Tar distilled from coal, from lignite or from peat, etc",0,0,0,0,0,
27071000,Benzol (products of the distillation of coal tar),0,0,0,0,0,
27072000,Toluol (products of the distillation of coal tar),0,0,0,0,0,
27073000,Xylol (products of the distillation of coal tar),0,0,0,0,0,
27074000,Naphthalene (products of the distillation of coal tar),0,0,0,0,0,
27075000,"Other mixtures of aromatic hydrocarbons distilling, including losses, ≥ 65 % by volume at distils at 250 °C, according to the ASTM D 86 method",0,0,0,0,0,
27079100,Creosote oils,0,0,0,0,0,
27079910,Cresols,0,0,0,0,0,
27079990,Other oils and products of tar distillation,0,0,0,0,0,
27081000,"Pitch, obtained from mineral tar",0,0,0,0,0,
27082000,"Pitch coke, obtained from mineral tar",0,0,0,0,0,
27090010,"Petroleum oils, crude",0,0,0,0,0,
27090090,"Oils obtained from bituminous minerals, crude",0,0,0,0,0,
27101210,Commercial hexane,0,0,0,0,0,
27101221,Diisobutylene,0,0,0,0,0,
27101229,Other mixtures of alkylidenes,0,0,0,0,0,
27101230,Mineral spirits (white spirit),0,0,0,0,0,
27101241,Naphtha for petrochemical,0,0,0,0,0,
27101249,"Others naphthas, except for petrochemical",0,0,0,0,0,
27101251,Gasoline for aviation,0,0,0,0,0,
27101259,"Other gasolines, except for aviation",0,0,0,0,0,
27101260,"Mixture of hydrocarbons, acyclic and cyclic",0,0,0,0,0,
27101290,Other light oils and preparations,0,0,0,0,0,
27101911,Kerosene oils for aviation,0,0,0,0,0,
27101919,Other kerosene oils,0,0,0,0,0,
27101921,Diesel oil,0,0,0,0,0,
27101922,Fuel oil,0,0,0,0,0,
27101929,Other fuel oils,0,0,0,0,0,
27101931,Lubricating oils without addictive,0,0,0,0,0,
27101932,Lubricating oils with addictive,6,6,6,6,E,
27101991,White mineral oils (of vaseline/paraffin),4,20,4,4,10,
27101992,Liquids for hydraulic transmissions,0,0,0,0,0,
27101993,Oils for electric isolation,0,0,0,0,0,
27101994,"Mixture of saturated acyclic and cyclic hydrocarbons derived from petroleum fractions, containing by weight less than 2 % of aromatic hydrocarbons, of which less than 90 % by volume distils, according to the ASTM D 86 method, at 210 °C with a maximum end point of 360 °C",0,0,0,0,0,
27101999,Oils of petroleum or of betuminous minerals,0,0,0,0,0,
27102000,Petroleum oil or bituminous oils (except crude oil),0,0,0,0,0,
27109100,"Wastes of oils containing biphenyls, etc.",0,0,0,0,0,
27109900,Other wastes of oils,0,0,0,0,0,
27111100,"Natural gas, liquefied",0,0,0,0,0,
27111210,"Propane in crude, liquefied",0,0,0,0,0,
27111290,"Other propane, liquefied",0,0,0,0,0,
27111300,"Butanes, liquefied",0,0,0,0,0,
27111400,"Ethylene, propylene, butylene and butadiene, liquefied",0,0,0,0,0,
27111910,Liquefied petroleum gas (LPG),0,0,0,0,0,
27111990,Other liquefied gases of gaseous hydrocarbons,0,0,0,0,0,
27112100,Natural gas in the state gaseous,0,0,0,0,0,
27112910,Butanes in the state gaseous,0,0,0,0,0,
27112990,"Other gaseous hydrocarbons/petroleum gases, in state gaseous",0,0,0,0,0,
27121000,Petroleum jelly,4,4,4,4,4,
27122000,"Paraffin wax containing by weight < 0,75 % of oil",4,4,4,4,4,
27129000,"Microcrystalline petroleum wax, minerals waxes, etc.",4,4,4,4,4,
27131100,Petroleum coke not calcined,0,0,0,0,0,
27131200,Petroleum coke calcined,2,2,2,2,4,
27132000,Petroleum bitumen,0,0,0,0,0,
27139000,"Other residues of petroleum oils, bituminous minerals",0,0,0,0,0,
27141000,Bituminous or oil shale and tar sands,0,0,0,0,0,
27149000,"Bitumen and asphalt, natural, asphaltites, asphaltic rocks",0,0,0,0,0,
27150000,"Bituminous mixture based on natural asphalt, of bitumen, etc",0,0,0,0,0,
27160000,Electrical energy,0,0,0,0,0,
28011000,Chlorine,8,8,8,8,8,
28012010,Iodine sublimed,2,2,2,2,4,
28012090,Other forms of iodine,2,2,2,2,4,
28013000,Fluorine and bromine,2,2,2,2,4,
28020000,"Sulphur, sublimed or precipitated and colloidal sulphur",2,2,2,2,4,
28030011,Carbon blacks,2,2,2,2,4,
28030019,Other carbon blacks,8,8,8,8,8,
28030090,Other forms of carbon,8,8,8,8,8,
28041000,Hydrogen,6,6,6,6,8,
28042100,Argon (rare gases),6,6,6,6,8,
28042910,Liquid helium (rare gases),2,2,2,2,4,
28042990,Other rare gases,2,2,2,2,4,
28043000,Nitrogen,6,6,6,6,8,
28044000,Oxygen,6,6,6,6,8,
28045000,Boron and tellurium,2,2,2,2,4,
28046100,"Silicon, containing by weight ≥ 99,99 % of silicon",6,6,6,6,8,
28046900,Other silicons,6,6,6,6,4,
28047010,White phosphorus,2,2,2,2,4,
28047020,Red or amorphous phosphorus,2,2,2,2,4,
28047030,Black phosphorus,2,2,2,2,4,
28048000,Arsenic,2,2,2,2,4,
28049000,Selenium,2,2,2,2,4,
28051100,Sodium (alkali metals),2,2,2,2,4,
28051200,Calcium,2,2,2,2,4,
28051910,Strontium,2,2,2,2,4,
28051920,Barium,2,2,2,2,4,
28051990,Other alkali or alkaline-earth metals,2,2,2,2,4,
28053010,"Cerium alloys containing ≤ 5 %, by weight of iron (mischmetal)",2,2,2,2,4,
28053090,"Other rare-earth metals, scandium and yttrium",2,2,2,2,4,
28054000,Mercury,2,2,2,2,4,
28061010,"Hydrogen chloride (hydrochloric acid), gaseous, liquefied",6,6,6,6,8,
28061020,"Hydrogen chloride (hydrochloric acid), in aqueous solution",8,8,8,8,8,
28062000,Chlorosulphuric acid,10,10,10,0,10,
28070010,Sulphuric acid,4,4,4,4,10,
28070020,Oleum (smoking sulphuric acid),4,4,4,4,8,
28080010,Nitric acid,10,10,10,0,10,
28080020,Sulphonitric acid,10,10,10,10,10,
28091000,Diphosphorus pentaoxide,2,2,2,2,4,
28092011,Phosphoric acid with tenor of iron < 750 ppm,10,10,10,10,10,
28092019,Other phosphoric acid,4,4,4,4,4,
28092020,Metaphosphoric acid,2,2,2,2,4,
28092030,Pyrophosphoric acid,2,2,2,2,4,
28092090,Other polyphosphoric acids,2,2,2,2,4,
28100010,Orthoboric acid,10,10,10,10,10,
28100090,Oxides of boron and other boric acids,10,10,10,10,10,
28111100,Hydrogen fluoride (hydrofluoric acid),10,10,10,10,10,
28111910,Aminosulphonic acid (sulphamic acid),2,2,2,2,4,
28111920,Phosphonic acid (phosphorous acid),2,2,2,2,4,
28111930,Perchloric acid,10,10,10,10,10,
28111940,Fluoroacids and other compounds of fluorine,10,10,10,10,10,
28111950,Hydrogen cyanide,2,2,2,2,4,
28111990,Other inorganic acids,2,2,2,2,4,
28112100,Carbon dioxide,4,4,4,4,4,
28112210,Silicon dioxide obtained by chemical precipitation,10,10,10,0,10,
28112220,Silica aerogel (silicon dioxide),2,2,2,2,4,
28112230,Silica gel (silicon dioxide),10,10,10,10,10,
28112290,Other silicon dioxide,2,2,2,2,4,
28112910,Sulphur dioxide,10,10,10,10,10,
28112990,Other inorganic oxygen compounds of non-metals,2,2,2,2,4,
28121011,Phosphorus trichloride,2,2,2,2,4,
28121012,Phosphorous pentachloride,2,2,2,2,4,
28121013,Sulphur chloride,2,2,2,2,4,
28121014,Sulphur dichloride,2,2,2,2,4,
28121015,Arsenic trichloride,2,2,2,2,4,
28121019,Derived of the chloride,2,2,2,2,4,
28121021,Sulphur dichloride oxide (thionyl chloride),2,2,2,2,4,
28121022,Phosphorus trichloride oxide (phosphoryl chloride),2,2,2,2,4,
28121023,"Carbon chloride oxide (carbonyl chloride, phosgene)",2,2,2,2,4,
28121029,Other chloride oxides of non-metals,2,2,2,2,4,
28129000,Other halogen and halogen oxide compounds of non-metals,2,2,2,2,4,
28131000,Carbon disulphide,10,10,10,10,10,
28139010,Diphosphorus pentasulphide,2,2,2,2,4,
28139090,Other sulphides of non-metals commercial phosphorus trisulphide,2,2,2,2,4,
28141000,Anhydrous ammonia,4,4,4,4,4,
28142000,Ammonia in aqueous solution (ammonia),4,4,4,4,4,
28151100,Sodium hydroxide (caustic soda) solid,8,8,0,8,E,
28151200,Sodium hydroxide in aqueous solution (soda lye),8,8,8,8,E,
28152000,Potassium hydroxide (caustic potash),6,6,6,6,4,
28153000,Peroxides of sodium or potassium,2,2,2,2,4,
28161010,Hydroxide of magnesium,10,10,10,10,10,
28161020,Peroxide of magnesium,2,2,2,2,4,
28164010,Hydroxide of barium,2,2,2,2,4,
28164090,"Oxides, hydroxides and peroxides of strontium, etc.",2,2,2,2,4,
28170010,Zinc oxide,10,10,8,10,10,
28170020,Zinc peroxide,10,10,10,10,10,
28181010,"Artificial corundum, white, through sieve with mesh opening of ≤ 63 μm",2,2,2,2,4,
28181090,"Other artificial corundum, whether or not chemically defined",2,2,2,2,4,
28182010,Calcined alumina,0,0,0,0,0,
28182090,Other aluminium oxide,2,2,2,2,4,
28183000,Aluminium hydroxide,2,2,2,2,4,
28191000,Chromium trioxide,10,10,10,10,10,
28199010,Chromium oxides,2,2,2,2,4,
28199020,Chromium hydroxides,2,2,2,2,4,
28201000,Manganese dioxide,10,10,10,10,10,
28209010,Manganese oxide,10,10,10,10,10,
28209020,Dimanganese trioxide (manganese sesquioxide),10,10,10,10,10,
28209030,Manganomanganic oxide (manganese saline oxide),10,10,10,10,10,
28209040,Permanganic anhydride,10,10,10,10,10,
28211011,Iron oxides containing 85 % or more by weight of Fe2O3,10,10,10,10,10,
28211019,Other ferric oxides,2,2,2,2,4,
28211020,Ferrosoferric oxide (magnetic iron oxide),2,2,2,2,4,
28211030,Iron hydroxides,10,10,10,10,10,
28211090,Other iron oxides,10,10,10,10,10,
28212000,"Earth colours, containing ≥ 70 % combined iron, expressed as Fe2O3",2,2,2,2,4,
28220010,Tricobalt tetraoxide (cobalt saline oxide),2,2,2,2,4,
28220090,"Other cobalt oxides and hydroxides, including commercial cobalt oxides",2,2,2,2,4,
28230010,"Titanium oxides, anatase type",10,10,10,10,10,
28230090,Other titanium oxides,8,8,6,8,8,
28241000,"Lead monoxide (litharge, massicot)",10,10,10,10,10,
28249010,Red lead and orange lead,10,10,10,10,10,
28249090,Other lead oxides,10,10,10,10,10,
28251010,Hydrazine and their inorganic salts,2,2,2,2,4,
28251020,Hydroxylamine and their inorganic salts,2,2,2,2,4,
28252010,Lithium oxide,2,2,2,2,4,
28252020,Lithium hydroxide,10,10,10,10,10,
28253010,Divanadium pentoxide,2,2,2,2,4,
28253090,Other vanadium oxides and hydroxides,2,2,2,2,4,
28254010,Nickel oxides,10,10,10,10,10,
28254090,Other nickel oxides and hydroxides,2,2,2,2,4,
28255010,"Copper oxides, containing ≥ 98 % of CuO, by weight",10,10,10,10,10,
28255090,Other copper oxides and hydroxides,10,10,10,10,10,
28256010,Germanium oxides,2,2,2,2,4,
28256020,Zirconium dioxide,2,2,2,2,4,
28257010,Molybdenum trioxide,2,2,2,2,4,
28257090,Other molybdenum oxides and hydroxides,2,2,2,2,4,
28258010,Antimony trioxide,10,10,10,10,10,
28258090,Other antimony trioxide,10,10,10,10,10,
28259010,Cadmium oxide,2,2,2,2,4,
28259020,Tungsten trioxide (wolfram),2,2,2,2,4,
28259090,"Oxide, hydroxides and peroxides of other metals, etc",10,10,10,10,10,
28261200,Fluoride of aluminium,10,2,10,10,8,
28261910,Fluoride of aluminium,2,2,2,2,4,
28261920,Ammonium acid fluoride,10,10,10,10,10,
28261990,Other fluoride,10,10,10,10,10,
28263000,Sodium hexafluoroaluminate (synthetic cryolite),10,10,10,10,10,
28269010,Fluoroaluminates of potassium,2,2,2,2,4,
28269020,"Other fluorosilicates, fluoroaluminates, complex fluorine salts",10,10,10,10,10,
28269090,"Other fluorosilicates, fluoroaluminates, complex fluorine salts",10,10,10,10,10,
28271000,Ammonium chloride,10,10,10,10,10,
28272010,Calcium chloride containing ≥ 98 % by weight of CaCl2 on a dry basis,10,10,10,10,10,
28272090,Other calcium chloride,10,10,10,10,10,
28273110,"Magnesium chloride containing < 98 % by weight of MgCl2 and ≤ 0,5 % calcium by weight",10,10,10,10,10,
28273190,Other magnesium chloride,10,10,10,10,10,
28273200,Aluminium chloride,10,10,10,10,10,
28273500,Nickel chloride,10,10,10,10,10,
28273910,Cuprous chloride (copper monochloride),2,2,2,2,4,
28273920,Titanium chloride,2,2,2,2,4,
28273940,Zirconium chloride,2,2,2,2,4,
28273950,Antimony chloride,2,2,2,2,4,
28273960,Lithium chloride,2,2,2,2,4,
28273970,Bismuth chloride,2,2,2,2,4,
28273991,Cadmium chloride,2,2,2,2,4,
28273992,Caesium chloride,2,2,2,2,4,
28273993,Chromium chloride,2,2,2,2,4,
28273994,Strontium chloride,2,2,2,2,4,
28273995,Manganese chloride,2,2,2,2,4,
28273996,Iron chloride,10,10,10,10,10,
28273997,Cobalt chloride,10,10,10,10,10,
28273998,Zinc chloride,10,10,10,10,10,
28273999,Other chloride,10,10,10,10,10,
28274110,Copper chloride oxides,10,10,10,10,10,
28274120,Copper chloride hydroxides,10,10,10,10,10,
28274911,Bismuth chloride oxides,2,2,2,2,4,
28274912,Zirconium chloride oxides,2,2,2,2,4,
28274919,Other chloride oxides,2,2,2,2,4,
28274921,Aluminium chloride hydroxides,10,10,10,10,10,
28274929,Other chloride oxides,2,2,2,2,4,
28275100,Bromides of sodium or of potassium,2,2,2,2,4,
28275900,Other bromides and bromide oxides,2,2,2,2,4,
28276011,Iodides of sodium,10,10,10,10,10,
28276012,Iodides of potassium,10,10,10,10,10,
28276019,Other iodides oxides,2,2,2,2,4,
28276021,Potassium iodides oxides,2,2,2,2,4,
28276029,Other iodides oxides,2,2,2,2,4,
28281000,Commercial calcium hypochlorite and other calcium hypochlorites,10,10,10,10,10,
28289011,Sodium hypochlorite,10,10,10,10,10,
28289019,Other hypochlorite,2,2,2,2,4,
28289020,Sodium chlorite,10,10,8,10,10,
28289090,Other hypobromites chlorite,2,2,2,2,4,
28291100,Sodium chlorates,10,10,10,10,10,
28291910,Calcium chlorates,2,2,2,2,4,
28291920,Potassium chlorates,10,10,10,10,10,
28291990,Other chlorates,2,2,2,2,4,
28299011,Sodium bromates,2,2,2,2,4,
28299012,Potassium bromates,2,2,2,2,4,
28299019,Other bromates,2,2,2,2,4,
28299021,Sodium perbromates,2,2,2,2,4,
28299022,Potassium perbromates,2,2,2,2,4,
28299029,Other perbromates,2,2,2,2,4,
28299031,Potassium iodates,10,10,10,10,10,
28299032,Calcium iodates,10,10,10,10,10,
28299039,Other iodates,2,2,2,2,4,
28299040,Periodates,2,2,2,2,4,
28299050,Perchlorates,10,10,10,10,10,
28301010,Sodium sulphides,10,10,8,10,10,
28301020,Sodium hydrogen sulphide,10,10,8,10,10,
28309011,Molybdenum disulphide,2,2,2,2,4,
28309012,Barium sulphides,2,2,2,2,4,
28309013,Potassium sulphides,10,10,10,10,10,
28309014,Lead sulphides,2,2,2,2,4,
28309015,Strontium sulphides,2,2,2,2,4,
28309016,Zinc sulphide,2,2,2,2,4,
28309019,Other sulphides,2,2,2,2,4,
28309020,Polysulphides,2,2,2,2,4,
28311011,"Dithionites (sulphides, hydroxides) of sodium stabilized",10,10,10,10,10,
28311019,"Other dithionites (sulphides, hydroxides) of sodium",10,10,10,10,10,
28311021,"Sodium sulphoxylates, stabilized with formaldehyde",10,10,10,10,10,
28311029,Other sodium sulphoxylates,2,2,2,2,4,
28319010,Zinc dithionites,2,2,2,2,4,
28319090,Other dithionites and sulphoxylates,10,10,10,10,10,
28321010,Disodium sulphites,10,10,10,0,10,
28321090,Other disodium sulphites,10,10,10,10,10,
28322000,Other sulphites,2,2,2,2,4,
28323010,Ammonium thiosulphates,10,10,10,10,10,
28323020,Sodium thiosulphates,10,10,10,10,10,
28323090,Other thiosulphates,2,2,2,2,4,
28331110,Anhydrous disodium sulphate,10,10,10,0,10,
28331190,Other disodium sulphate,10,10,10,10,10,
28331900,Other sodium sulphate,2,2,2,2,4,
28332100,Magnesium sulphate,10,10,10,10,10,
28332200,Aluminium sulphate,10,10,10,10,10,
28332400,Nickel sulphate,10,10,10,10,10,
28332510,Cuprous sulphate,10,10,10,10,10,
28332520,Cupric sulphate,10,10,8,10,10,
28332710,"Barium sulphate containing ≥ 97,5 %, by weight of BaSO4",10,10,10,10,8,
28332790,Other barium sulphates,10,10,10,10,10,
28332910,Antimony sulphate,2,2,2,2,4,
28332920,Lithium sulphate,2,2,2,2,4,
28332930,Strontium sulphate,2,2,2,2,4,
28332940,Mercury sulphate,10,10,0,10,10,
28332950,Lead neutral sulphate,10,10,10,10,10,
28332960,Cromium sulphates,10,10,10,10,E,
28332970,Zinc sulphates,10,10,10,10,10,
28332990,Other sulphates,10,10,0,10,10,
28333000,Alums,10,10,10,10,10,
28334010,Peroxosulphates (persulphates) of sodium,2,2,2,2,4,
28334020,Peroxosulphates (persulphates) of antimony,2,2,2,2,4,
28334090,Other peroxosulphates (persulphates),2,2,2,2,4,
28341010,Sodium nitrite,2,2,2,2,4,
28341090,Other nitrites,2,2,2,2,4,
28342110,Potassium nitrite containing ≤ 98 % by weight of KNO3,2,2,2,2,4,
28342190,Other potassium nitrites,10,10,10,10,10,
28342910,Calcium nitrite containing ≤ 16 % by weight of nitrogen,4,4,4,4,4,
28342930,Aluminium nitrite,2,2,2,2,4,
28342940,Lithium nitrite,2,2,2,2,4,
28342990,Other nitrates,10,10,10,10,10,
28351011,Phosphinate (hypophosphites) of sodium,2,2,2,2,4,
28351019,Other phosphinates (hypophosphites),2,2,2,2,4,
28351021,Phosphonates (phosphites) dibasic of lead,10,10,10,10,10,
28351029,Other phosphonates (phosphites),2,2,2,2,4,
28352200,Phosphates of mono or disodium,10,10,10,10,10,
28352400,Phosphates of potassium,10,10,10,10,10,
28352500,Calcium hydrogenorthophosphate (dicalcium phosphate),10,0,0,0,10,
28352600,Other phosphates of calcium,10,10,8,10,10,
28352910,Iron phosphate,2,2,2,2,4,
28352920,Phosphate cobalt,2,2,2,2,4,
28352930,Phosphaste copper,2,2,2,2,4,
28352940,Phosphate chromium,2,2,2,2,4,
28352950,Phosphate strontium,2,2,2,2,4,
28352960,Manganese phosphates,2,2,2,2,4,
28352970,Triammonium phosphate,2,2,2,2,4,
28352980,Trisodium phosphate,10,10,10,10,10,
28352990,Other phosphates,10,10,8,10,10,
28353110,"Sodium triphosphates, nutritious degree (FAO-WHO)",10,10,8,0,10,
28353190,Other sodium triphosphate (sodium tripolyphosphate),10,10,8,0,10,
28353910,Sodium metaphosphate,10,10,10,10,10,
28353920,Sodium pyrophosphate,10,10,8,10,10,
28353930,Zinc pyrophosphate,2,2,2,2,4,
28353990,Other phosphinates,10,10,10,10,10,
28362010,Anhydrous disodium carbonate,10,0,0,0,10,
28362090,Other disodium carbonate,10,10,0,10,10,
28363000,Sodium hydrogencarbonate (bicarbonate) of sodium,10,20,8,0,10,
28364000,Potassium carbonates,10,10,10,10,10,
28365000,Calcium carbonate,10,10,10,10,10,
28366000,Barium carbonate,10,10,10,10,10,
28369100,Lithium carbonates,10,10,10,10,10,
28369200,Strontium carbonate,2,2,2,2,4,
28369911,Magnesium carbonate with density < 200 kg/m3,10,10,10,10,10,
28369912,Zirconium carbonate,2,2,2,2,4,
28369913,Commercial ammonium carbonates and other ammonium carbonates,10,10,10,10,E,
28369919,Other carbonates,10,10,10,10,10,
28369920,Peroxocarbonates (percarbonates),2,2,2,2,4,
28371100,Sodium cyanides and cyanide oxides,0,10,10,10,10,
28371911,Potassium cyanide,2,2,2,2,4,
28371912,Zinc cyanide,10,10,10,10,10,
28371914,Cuprous cyanides,10,10,10,10,10,
28371915,Cupric cyanide,10,10,10,10,10,
28371919,Other cyanides,2,2,2,2,4,
28371920,Other cyanides oxides,2,2,2,2,4,
28372011,Sodium ferrocyanide,2,2,2,2,4,
28372012,Ferrous ferrocyanide (ferrous ferrocyanide),2,2,2,2,4,
28372019,Other ferrocyanides,2,2,2,2,4,
28372021,Potassium ferricyanide,2,2,2,2,4,
28372022,Ferrous ferricyanide (ferrous ferricyanide),2,2,2,2,4,
28372023,Ferrous ferricyanide (ferrous ferricyanide),2,2,2,2,4,
28372029,Other ferricyanides,2,2,2,2,4,
28372090,Other complex cyanides,2,2,2,2,4,
28391100,Sodium metasilicates,10,10,10,10,10,
28391900,Other sodium silicates,10,10,10,10,10,
28399010,Magnesium metasilicates,10,10,10,10,10,
28399020,Aluminium silicates,10,10,10,10,10,
28399030,Zirconium silicates,10,10,10,10,10,
28399040,Lead silicates,10,10,10,10,10,
28399050,Potassium silicate,10,10,10,10,10,
28399090,Other silicates,2,2,2,2,4,
28401100,Anhydrous disodium tetraborate (refined borax),10,10,10,10,10,
28401900,Other disodium tetraborate (refined borax),10,10,10,10,10,
28402000,Other borates,10,10,10,10,10,
28403000,Peroxoborates (perborates),2,2,2,2,4,
28413000,Sodium dichromate,10,2,10,0,10,
28415011,Ammonium chromate and ammonium dichromate,2,2,2,2,4,
28415012,Potassium chromate,10,10,10,10,10,
28415013,Sodium chromate,10,10,10,10,10,
28415014,Potassium dichromate,10,10,10,10,10,
28415015,Zinc chromate,10,10,10,10,10,
28415016,Lead chromate,10,10,10,10,10,
28415019,Other chromates and dichromate,2,2,2,2,4,
28415020,Peroxochromates,2,2,2,2,4,
28416100,Potassium permanganates,2,2,2,2,4,
28416910,Manganites,2,2,2,2,4,
28416920,Manganates,2,2,2,2,4,
28416930,Other permanganates,2,2,2,2,4,
28417010,Ammonium molybdate,10,10,10,10,10,
28417020,Sodium molybdate,10,10,10,10,10,
28417090,Other molybdates,2,2,2,2,4,
28418010,Tungstate (wolframates) of ammonium,10,10,10,10,10,
28418020,Tungstate (wolframates) of lead,10,10,10,10,10,
28418090,Other tungstates (wolframates),2,2,2,2,4,
28419011,Lead titanate,10,10,10,10,10,
28419012,Titanate of barium or of bismuth,10,10,10,10,10,
28419013,Titanate of calcium or of stroncium,10,10,10,10,10,
28419014,Magnesium titanate,10,10,10,10,10,
28419015,Titanate of lanthanum or of neodymium,10,10,10,10,10,
28419019,Other titanate,2,2,2,2,4,
28419021,Barium ferrite,10,10,10,10,10,
28419022,Strontium ferrite,10,10,10,10,10,
28419029,Other ferrites ferrates,2,2,2,2,4,
28419030,Vanadates,2,2,2,2,4,
28419041,Barium stannate,10,10,10,10,10,
28419042,Bismuth stannate,10,10,10,10,10,
28419043,Calcium stannate,10,10,10,10,10,
28419049,Other stannates,2,2,2,2,4,
28419050,Plumbates,2,2,2,2,4,
28419060,Antimonates,2,2,2,2,4,
28419070,Zincates,2,2,2,2,4,
28419081,Sodium aluminate,10,10,10,10,10,
28419082,Magnesium aluminate,2,2,2,2,4,
28419083,Bismuth aluminate,2,2,2,2,4,
28419089,Other aluminates,2,2,2,2,4,
28419090,Other salts of oxometallic or peroxometallic acids,10,10,10,10,10,
28421010,Zeolites of a kind used as ion exchangers for water treatment,2,2,2,2,4,
28421090,"Double or complex silicates, except zeolites",10,10,10,10,10,
28429000,Other salts of inorganic acids or peroxoacids,2,2,2,2,4,
28431000,Colloidal precious metals,10,10,10,10,10,
28432100,Silver nitrate,10,10,10,10,10,
28432910,Silver vitellinate,2,2,2,2,4,
28432990,Other silver compounds,10,10,10,10,10,
28433010,Gold sulphide dispersed in gelatine,2,2,2,2,4,
28433090,"Other gold compounds auranofin, etc.",10,10,10,10,10,
28439011,"Dexormaplatine, enloplatine, etc. presented as medicine",0,0,0,0,0,
28439019,"Dexormaplatine, enloplatine, etc. presented as other form",2,2,2,2,4,
28439090,"Other compounds, amalgams inorganic/organic, of precious metals",10,10,10,10,10,
28441000,"Natural uranium and its compounds, alloys, dispers, etc.",2,2,2,2,4,
28442000,"Uranium enriched in U-235, plutonium, its compounds, etc.",2,2,2,2,4,
28443000,"Uranium depleted in U-235, thorium, its compounds, etc.",2,2,2,2,4,
28444010,"Molybdenum 99 absorbedin alumina, for obtaining Technetium 99",10,10,10,10,8,
28444020,Cobalt 60,2,2,2,2,4,
28444030,Iodine 131,10,10,10,10,10,
28444090,"Other radioactive elements and isotopes and compounds, etc.",2,2,2,2,4,
28445000,Spent fuel elements of nuclear reactors,2,2,2,2,4,
28451000,Heavy water (deuterium oxide),2,2,2,2,4,
28459000,Other isotopes and their compounds inorganic or organic,2,2,2,2,4,
28461010,Ceric oxide,2,2,2,2,4,
28461090,Other ceric compounds,2,2,2,2,4,
28469010,Praseodymium oxide,2,2,2,2,4,
28469020,Other rare-earth metal chlorides,2,2,2,2,4,
28469030,Dimeglumine gadopentate,10,10,10,10,10,
28469090,"Other compounds rare-earth metal, of yttrium, etc.",2,2,2,2,4,
28470000,Hydrogen peroxide,10,10,10,0,E,
28480010,Aluminium phosphide,10,10,10,10,10,
28480020,Magnesium phosphide,10,10,10,10,10,
28480030,"Copper phosphide, weighing > 15 % phosphorus",2,2,2,2,4,
28480090,"Other phosphides, whether or not chemically defined",2,2,2,2,4,
28491000,Carbide of calcium,10,10,10,10,10,
28492000,Silicon carbide,10,10,10,10,10,
28499010,Boron carbide,2,2,2,2,4,
28499020,Tantalum carbide,2,2,2,2,4,
28499030,Tungsten carbide (wolframates),2,2,2,2,4,
28499090,Other carbides whether or not chemically defined,2,2,2,2,4,
28500010,Boron nitride,2,2,2,2,4,
28500020,Calcium silicides,10,10,10,10,10,
28500090,"Hydrides, azides, borides and other nitrides and silicides",2,2,2,2,4,
28521011,"Oxides of mercury, inorganic",10,10,10,10,10,
28521012,Mercury I chloride (mercurous chloride),2,2,2,2,4,
28521013,"Mercury II chloride (mercuric chloride) for photographic purposes, put up for retail sale, ready for use",14,14,14,14,10,
28521014,"Mercury II chloride (mercuric chloride), in another form",2,2,2,2,4,
28521019,Other inorganic mercury compounds,2,2,2,2,4,
28521021,Acetate of mercury,12,12,12,12,10,
28521022,Thimerosal,12,12,12,12,10,
28521023,Stereate of mercury,12,12,12,12,10,
28521024,Lactate of mercury,12,12,12,12,10,
28521025,Salicylate of mercury,12,12,12,12,10,
28521029,Other organic mercury compounds,2,2,2,2,4,
28529000,Other compounds of mercury,12,12,12,12,10,
28530010,Cyanamide and its metal derivatives,2,2,2,2,4,
28530020,Phosphorus sulphide chlorides,2,2,2,2,4,
28530031,Cyanogen chloride,2,2,2,2,4,
28530039,Other cyanogen and their halides,2,2,2,2,4,
28530090,"Other inorganic compounds; amalgams, except of precious metals",2,2,2,2,4,
29011000,Acyclic saturated hydrocarbons,2,2,2,2,4,
29012100,Ethylene not saturated,2,2,2,2,4,
29012200,Propene (propylene) not saturated,2,2,2,2,4,
29012300,Butene (butylene) not saturated and their isomers,2,2,2,2,4,
29012410,"Buta-1, 3-diene not saturated",2,2,2,2,4,
29012420,Isoprene not saturated,2,2,2,2,4,
29012900,Other acyclic hydrocarbons not saturated,2,2,2,2,4,
29021100,Cyclohexane,8,8,8,8,E,
29021910,Limonene,10,10,10,10,10,
29021990,"Other cyclanic, cyclenic, cycloterpenic hydrocarbons",2,2,2,2,4,
29022000,Benzene,4,4,4,4,4,
29023000,Toluene,4,4,4,4,4,
29024100,Xylenes,4,4,4,4,4,
29024200,M-xylene,2,2,2,2,4,
29024300,P-xylene,4,0,4,4,4,
29024400,Mixed xylene isomers,4,4,4,4,4,
29025000,Styrene,10,10,10,0,E,
29026000,Ethylbenzene,2,2,2,2,4,
29027000,Cumene,8,8,8,8,E,
29029010,"Diphenyl (1,1-biphenyl)",2,2,2,2,4,
29029020,Naphthalene (cyclic hydrocarbon),2,2,2,2,4,
29029030,Anthracene,2,2,2,2,4,
29029040,A-methylstyrene,10,10,10,10,E,
29029090,Other cyclic hydrocarbons,2,2,2,2,4,
29031110,Chloromethane (methyl chloride),10,10,10,10,10,
29031120,Chloroethane (ethyl chloride),10,10,10,10,10,
29031200,Dichloromethane (methylene chloride),2,2,2,2,4,
29031300,Chloroform (trichloromethane),2,2,2,2,4,
29031400,Carbon tetrachloride,10,10,10,10,10,
29031500,"1, 2-dichloroethane (ethylene dichloride)",10,10,10,10,10,
29031910,"1, 1, 1-trichloroethane (methyl chloroform)",2,2,2,2,4,
29031920,"1, 1, 2-trichloroethane",2,2,2,2,4,
29031990,Other derivatives chlorinated saturated of cyclic hydrocarbons,2,2,2,2,4,
29032100,Vinyl chloride (chloroethylene),10,10,10,10,10,
29032200,Trichloroethylene,10,10,10,10,10,
29032300,Tetrachloroethylene (perchloroethylene),10,10,10,0,10,
29032900,Other unsaturated chlorinated derivatives of acyclic hydrocarbons,2,2,2,2,4,
29033100,"Ethylene dibromomethane (iso) 1, 2-dibromomethane",2,2,2,2,4,
29033911,"1, 1, 1, 2-tetrafluoroethane",2,2,2,2,4,
29033912,"1, 1, 3, 3, 3-pentafluoro-2-(trifluoromethyl)prop-1-ene",2,2,2,2,4,
29033919,Other fluorinated derivatives,2,2,2,2,4,
29033921,Bromomethane,0,0,0,0,0,
29033929,Other brominated derivatives,2,2,2,2,4,
29033931,Iodoethane,2,2,2,2,4,
29033932,Iodoform,2,2,2,2,4,
29033939,Others iodoethane derivatives,2,2,2,2,4,
29037100,Chlorodifluoromethanes,10,10,10,0,10,
29037200,Dichlorotrifluoroethane,2,2,2,2,4,
29037300,Dichlorofluoroethanes,2,2,2,2,4,
29037400,Chlorodifluoroethanes,2,2,2,2,4,
29037500,Dicloropentafluoropropanos,2,2,2,2,4,
29037600,"Bromochlorodifluoromethane, bromotrifluoromethane and dibromotetrafluoromethanes",2,2,2,2,4,
29037711,Trichlorofluoromethane,10,10,10,10,10,
29037712,Dichlorodifluoromethane,10,10,10,10,10,
29037713,Chlorotrifluoromethane,2,2,2,2,4,
29037721,Trichlorotrifluoroethanes,2,2,2,2,4,
29037722,Dichlorotetrafluoroethane and chloropentafluoroethane,2,2,2,2,4,
29037723,Pentachlorofluoroethane,2,2,2,2,4,
29037724,Tetrachlorodifluoroethanes,2,2,2,2,4,
29037731,Heptachlorofluoropropanes,2,2,2,2,4,
29037732,Hexachlorodifluoropropanes,2,2,2,2,4,
29037733,Pentachlorotrifluoropropanes,2,2,2,2,4,
29037734,Tetrachlorotetrafluoropropanes,2,2,2,2,4,
29037735,Trichloropentafluoropropanes,2,2,2,2,4,
29037736,Dichlorexafluoropropanes,2,2,2,2,4,
29037737,Chloroheptafluoropropanes,2,2,2,2,4,
29037790,"Other perhalogenated derivatives of propane, only with fluorine and chlorine",10,10,10,10,10,
29037800,Other perhalogenated derivatives,2,2,2,2,4,
29037911,Chlorofluoroethanes,2,2,2,2,4,
29037912,Chlorotetrafluoroethanes,2,2,2,2,4,
29037919,Other perhalogenated derivatives,2,2,2,2,4,
29037920,"Derivatives of methane, ethane or propane, halogenated only with fluorine and bromine",2,2,2,2,4,
29037931,Halothane,2,2,2,2,4,
29037939,Other bromochlorotrifluoroethanes,2,2,2,2,4,
29037990,Other perhalogenated derivatives of acyclic hydrocarbons containing at least two different halogens,2,2,2,2,4,
29038110,Lindane,2,2,2,2,4,
29038190,"Other 1,2,3,4,5,6-hexachlorocyclohexane",2,2,2,2,4,
29038210,Aldrin,2,2,2,2,4,
29038220,Chlordane,2,2,2,2,4,
29038230,Heptachlor,2,2,2,2,4,
29038910,Mirex (dodecachlorine),2,2,2,2,4,
29038990,"Other halogenated derivatives of cyclanic, cyclenic or cycloterpenic hydrocarbons",2,2,2,2,4,
29039110,Chlorobenzene,2,2,2,2,4,
29039120,O-dichlorobenzene,12,12,12,12,10,
29039130,P-dichlorobenzene,12,12,12,12,10,
29039210,Hexachlorobenzene,10,10,10,10,10,
29039220,DDT,2,2,2,2,4,
29039911,Benzyl chloride,2,2,2,2,4,
29039912,P-chlorotoluene,2,2,2,2,4,
29039913,Neophyl chloride,2,2,2,2,4,
29039914,Trichlorobenzenes,12,12,12,12,10,
29039915,Cloronaftalenos,2,2,2,2,4,
29039916,Benzylidene chloride,2,2,2,2,4,
29039917,Xylyl chloride,2,2,2,2,4,
29039918,Polychlorinated biphenyls (PCB); polychlorinated terphenyls (PCT),2,2,2,2,4,
29039919,"Other halogenated derivatives, solely with chlorine",2,2,2,2,4,
29039921,Bromobenzene,2,2,2,2,4,
29039922,Bromides xylyl,2,2,2,2,4,
29039923,Brominediphenylmethane,2,2,2,2,4,
29039924,Polybrominated biphenyls (PBB),2,2,2,2,4,
29039929,"Other halogenated derivatives, only with bromine",2,2,2,2,4,
29039931,"4-cloro-alfa, alfa, alfa-trifuortoluene",10,10,10,10,10,
29039939,"Other halogenated derivatives, only with fluorine/chlorine",2,2,2,2,4,
29039990,Other halogenated derivatives,2,2,2,2,4,
29041011,Methane sulphonic acid,2,2,2,2,4,
29041012,Lead methanesulphonate,2,2,2,2,4,
29041013,Tin methanesulphonate,2,2,2,2,4,
29041019,Other derivatives of metasulphonates acid and their salts,8,8,8,8,8,
29041020,Dodecylbenzenesulphonic acid and its salts,14,14,14,14,E,
29041030,"Toluenesulphonic acids, xylenesulphonic and salts",14,14,14,14,10,
29041040,Ethane sulphonic acid; ethylenesulphonic acid,14,14,14,14,10,
29041051,Sodium naphthalenesulphonates,14,14,14,14,10,
29041052,Beta-naphthalenesulphonic acid,14,14,14,14,10,
29041053,"Alkyl and dialkylnaphthalenesulphonic acids, their salts",14,14,14,14,10,
29041059,"Other naphthalenesulphonic acid, salts and ethyl esters",2,2,2,2,4,
29041060,Benzenesulphonic acid and its salts,14,14,14,14,10,
29041090,"Other derivatives sulphonated hydrocarbons, salts, etc",2,2,2,2,4,
29042010,Mononitrotoluenes (mnt),2,2,2,2,4,
29042020,Nitropropanes,2,2,2,2,4,
29042030,Dinitrotoluenes,12,12,12,12,10,
29042041,"2, 4, 6-trinitrotoluene (tnt)",12,12,12,12,10,
29042049,Other nitrotoluenes,2,2,2,2,4,
29042051,Nitrobenzene,12,12,12,12,10,
29042052,"1, 3, 5-trinitrobenzene",12,12,12,12,10,
29042059,Other nitrated derivative of benzene,2,2,2,2,4,
29042060,Nitrated derivatives of xylene,12,12,12,12,10,
29042070,Nitroethane and nitromethanes,12,12,12,12,10,
29042090,Other nitrated or nitrosated derivatives of hydrocarbons,2,2,2,2,4,
29049011,1-chloro-4-nitrobenzene,2,2,2,2,4,
29049012,1-chloro-2.4-dinitrobenzene,2,2,2,2,4,
29049013,"2-chloro-1, 3-dinitrobenzene",2,2,2,2,4,
29049014,"4-chloro-alpa, alpha, alpha-trifluoro-3, 5-dinitrotoluene",14,14,14,14,10,
29049015,O-nitrochlorobenzene and m-nitrochlorobenzene,2,2,2,2,4,
29049016,"1, 2-dichloro-4-nitrobenzene",2,2,2,2,4,
29049017,Trichloronitromethane (chloropicrin),2,2,2,2,4,
29049019,Other nitrohalogenated derivatives of hydrocarbons,2,2,2,2,4,
29049021,Dinitrostylbenedisulphonic acids,2,2,2,2,4,
29049029,Other nitrosulphonated derivatives of hydrocarbons,2,2,2,2,4,
29049030,P-toluenesulphonyl chloride (tosyl chloride),2,2,2,2,4,
29049040,O-toluenesulphonyl chloride,2,2,2,2,4,
29049090,"Other sulphonated, nitrated, etc. derivatives of hydrocarbons",2,2,2,2,4,
29051100,Methanol (methyl alcohol),12,12,12,12,10,
29051210,Propyl alcohol (propan-1-ol),2,2,2,2,4,
29051220,Isopropyl alcohol (propan-2-ol),12,12,12,0,E,
29051300,Butan-1-ol (n-butyl alcohol),12,12,12,12,10,
29051410,Isobutyl alcohol,6,12,12,12,E,
29051420,Sec-butyl alcohol,12,12,12,12,10,
29051430,Tert-butyl alcohol,2,2,2,2,4,
29051600,Octanol (octyl alcohol) and their isomers,12,12,12,0,E,
29051710,Lauryl alcohol,2,2,2,2,4,
29051720,Cetyl alcohol (hexadecan-1-ol),2,2,2,2,10,
29051730,Stearyl alcohol (octadecan-1-ol),2,2,2,2,4,
29051911,N-decanol,2,2,2,2,4,
29051912,Isodecanol,12,12,12,12,10,
29051919,"Other decanols, saturated",2,2,2,2,4,
29051921,Magnesium ethylate,2,2,2,2,4,
29051922,Sodium methylate,2,2,2,2,4,
29051923,Sodium ethylate,12,12,12,12,10,
29051929,Other metallic alcoholates,2,2,2,2,4,
29051991,4-methylpentan-2-ol,12,12,12,12,E,
29051992,Isononanol,12,12,12,12,10,
29051993,Isotridecanol,12,12,12,12,10,
29051994,"Tetrahydrolinalol (3, 7-dimethyloctan-3-ol)",2,2,2,2,4,
29051995,"3, 3-dimethylbutan-2-ol (pinacol alcohol)",2,2,2,2,4,
29051996,Petanol (amyl alcohol) and its isomers,12,12,12,12,10,
29051999,Other monoalcohols saturated,2,2,2,2,4,
29052210,Linalol,2,2,2,2,4,
29052220,Geraniol,12,12,12,12,10,
29052230,"Dihydromyrcenol (2, 6-dimethyl-7-octen-2-ol)",2,2,2,2,4,
29052290,Other unsaturated acyclic terpene alcohols,12,12,12,12,10,
29052910,Allyl alcohol,2,2,2,2,4,
29052990,Other unsaturated monoalcohols,2,2,2,2,4,
29053100,Ethylene glycol (ethanediol),0,12,12,12,E,
29053200,"Propylene glycol (propane-1, 2-diol)",12,12,0,12,10,
29053910,"2-methylpentanediol-2, 4-diol (hexylene glycol)",12,12,12,12,E,
29053920,"Trimethylene glycol (propane-1, 3-diol)",12,12,12,12,10,
29053930,"1, 3-butyleneglycol (buta-1, 3-diol)",12,12,12,12,10,
29053990,Other unsaturated diols,2,2,2,2,4,
29054100,"2-ethyl-2-(hydroxymethyl)propane-1, 3-diol (trimethyl.)",2,2,2,2,4,
29054200,Pentaerythritol,6,2,11,14,10,
29054300,Mannitol,14,14,14,14,10,
29054400,D-glucitol (sorbitol) (polialcohol),14,14,11,14,10,
29054500,Glycerol,10,10,10,10,10,
29054900,Other unsaturated polyalcohols,2,2,2,2,4,
29055100,Ethchlorvynol (inn),2,2,2,2,4,
29055910,Chloral hydrate,2,2,2,2,4,
29055990,Other hydrogenated derivatives etc. of acyclic alcohols,2,2,2,2,4,
29061100,Menthol,12,12,12,12,10,
29061200,"Cyclohexanol, methylcyclohexanols and dimethylcyclohexanols",12,12,12,12,10,
29061300,Sterols and inositols,2,2,2,2,4,
29061910,Menthol derivatives,12,12,12,12,10,
29061920,Borneol and isoborneol,2,2,2,2,4,
29061930,Terpin and terpin hydrate,2,2,2,2,4,
29061940,"Fenchyl alcohol (1, 3, 3-trimethyl-2-norbornanol)",2,2,2,2,4,
29061950,Terpineols,12,12,12,12,10,
29061990,"Other cyclanic, cyclenic and cycloterpenic alcohols",2,2,2,2,4,
29062100,Benzyl alcohol,12,12,12,12,10,
29062910,2-phenylethanol,2,2,2,2,4,
29062920,Dicofol,2,2,2,2,4,
29062990,Other aromatic cyclic alcohols and their derivatives,2,2,2,2,4,
29071100,Phenol (hydroxybenzene) and its salts,2,8,8,8,E,
29071200,Cresols and their salts,2,2,2,2,4,
29071300,"Octylphenol, nonylphenol and their isomers and salts",4,10,0,10,10,
29071510,Beta-naphthol and its salts,2,2,2,2,4,
29071590,Other naphthols and its salts,2,2,2,2,4,
29071910,"2, 6-di-tert-butyl-p-cresol and its salts",2,2,2,2,4,
29071920,O-phenylphenol and its salts,2,2,2,2,4,
29071930,P-tert-butylphenol and its salts,2,2,2,2,4,
29071940,Xylenols and their salts,2,2,2,2,4,
29071990,Other monophenols,2,2,2,2,4,
29072100,Resorcinol and its salts,2,2,2,2,4,
29072200,Hydroquinone (quinol) and its salts,2,2,2,2,4,
29072300,"4, 4'-isopropylidenediphenol and its salts",12,12,12,12,10,
29072900,Other polyphenols,2,2,2,2,4,
29081100,Pentachlorophenol and its salts,2,2,2,2,4,
29081911,4-chloro-m-cresol and its salts,2,2,2,2,4,
29081912,Dichorophenols and their salts,12,12,12,12,10,
29081913,P-chlorophenol,2,2,2,2,4,
29081914,Trichlorophenols and their salts,2,2,2,2,4,
29081915,Tetrachlorophenols and their salts,2,2,2,2,4,
29081919,"Other halogenated derived phenols/alcohols phenols salts, with chloro",2,2,2,2,4,
29081921,"2, 4, 6-tribromophenol",2,2,2,2,4,
29081929,"Other halogenated derived phenols/alcohols phenols salts, with bromin",2,2,2,2,4,
29081990,Other halogenated derived phenols/alcohol phenols and their salts,2,2,2,2,4,
29089100,Dinoseb and its salts,2,2,2,2,4,
29089200,"4,6-dinitro-o-cresol (dnoc (iso)) and its salts",2,2,2,2,4,
29089912,P-nitrophenol and its salts,2,2,2,2,4,
29089913,Picric acid,2,2,2,2,4,
29089919,Other nitrate derivatives and their salts,2,2,2,2,4,
29089921,Diisophenol,14,14,14,14,10,
29089929,Other nitrohalogenated derivatives,2,2,2,2,4,
29089930,"Sulphontes derivatives of phenols, their salts and esters",12,12,12,12,10,
29089990,"Other derivatives containing only halogenated, sulphonated, nitrated alcohols",2,2,2,2,4,
29091100,Diethyl ether (diethyl oxide),12,12,12,12,10,
29091910,Methyl tert-butyl ether (mtbe),12,12,12,0,10,
29091990,"Other acyclic ethers and their halogenated derivatives, etc.",2,2,2,2,4,
29092000,"Cyclanic, cyclenic or cycloterpenic ethers and derivatives",12,12,12,12,10,
29093011,Anethole,12,12,12,12,10,
29093012,Diphenyl ether (phenyl ether),2,2,2,2,4,
29093013,Dibenzyl ether (benzyl ether),12,12,12,12,10,
29093014,Phenylethyl isoamyl ether,12,12,12,12,10,
29093019,Other aromatic ethers,2,2,2,2,4,
29093021,Oxyfluorfen,2,2,2,2,4,
29093029,"Other halogenated derivatives, etc. of aromatic ethers",2,2,2,2,4,
29094100,"2, 2'-oxydiethanol (diethylene glycol, digol)",8,14,14,14,10,
29094310,Monobutyl ethers of ethylene glycol,14,14,14,14,10,
29094320,Monobutyl ethers of diethylene glycol,14,14,14,14,E,
29094411,Ethers of ethylene glycol,14,14,14,14,E,
29094412,Ether of ethylene glycol isobutyl,14,14,14,14,10,
29094413,Ether of ethylene glycol hexyl,2,2,2,2,4,
29094419,Other monoalkylethers of ethylene glycol,14,14,14,14,10,
29094421,Ethylene ether of diethylene glycol,14,14,14,14,10,
29094429,Other monoalkylethers ethers of diethylene glycol,14,14,14,14,10,
29094910,Guiafenesin,2,2,2,2,4,
29094921,Triethylene glycol,14,14,14,14,E,
29094922,Tetraethylene glycol,14,14,14,14,10,
29094923,Pentaethylene glycol and its ethers,2,2,2,2,4,
29094924,Ethylene glycol phenyl ether,14,14,14,14,10,
29094929,Other ethylene glycols and its ethers,2,2,2,2,4,
29094931,Dipropylene glycol,14,14,11,14,E,
29094932,"Ethers of mono-, di- and tripropylene glycol",14,14,11,14,10,
29094939,Other propylene glycols and its ethers,2,2,2,2,4,
29094941,Butylene glycol ethyl ether,14,14,14,14,10,
29094949,Other butylene glycol and other ether,2,2,2,2,4,
29094950,Phenoxybenzyl alcohols,2,2,2,2,4,
29094990,"Other ethers-alcohols and their halogenated derivatives, etc.",2,2,2,2,4,
29095011,Triclosan,2,2,2,2,4,
29095012,Eugenol,2,2,2,2,4,
29095013,Isoeugenol,2,2,2,2,4,
29095019,Other ether-phenols,2,2,2,2,4,
29095090,"Ether-alcohol-phenols and their halogenated derivatives, etc.",2,2,2,2,4,
29096011,Alcohol peroxides of diisopropylbenzene,2,2,2,2,4,
29096012,Alcohol peroxides of tert-butyl,2,2,2,2,4,
29096013,Alcohol peroxides of p-menthane,2,2,2,2,4,
29096019,"Other alcohol peroxides, ethers, acetone and derivatives",12,12,12,12,10,
29096020,"Alcohol peroxides, ethers, acetone, halogenated derivatives, etc",12,12,12,12,10,
29101000,Oxirane (ethylene oxide),2,2,2,2,4,
29102000,Methyloxirane (propylene oxide),2,2,2,2,E,
29103000,"1-chloro-2, 3-epoxypropane (epichlorohydrin)",2,2,2,2,4,
29104000,Dieldrin,2,2,2,2,4,
29109010,Styrene oxide,2,2,2,2,4,
29109030,Endrin,2,2,2,2,4,
29109090,"Other epoxides, epoxyalcohols, etc. with 3-membered ring",2,2,2,2,4,
29110010,2-nitrobenzaldehyde dimethylacetal,2,2,2,2,4,
29110090,"Other acetals, semi-acetals and its halogenated derivatives etc.",2,2,2,2,4,
29121100,Methanal (formaldehyde),12,12,12,12,10,
29121200,Ethanal (acetaldehyde),12,12,12,12,10,
29121911,Glyoxal,2,2,2,2,4,
29121912,Glutaraldehyde,2,2,2,2,4,
29121919,Other dialdehyde,2,2,2,2,4,
29121921,Citral,12,12,12,12,10,
29121922,"Citronellal (3, 7-dimethyl-6-octenal)",12,12,12,12,10,
29121923,"Bergamal (3, 7-dimethyl-2-methylene-6-octenal)",2,2,2,2,4,
29121929,Other unsaturated monoaldehydes,2,2,2,2,4,
29121991,Heptanal,2,2,2,2,4,
29121999,Other acyclic aldehydes not containing other oxygenated functions,2,2,2,2,4,
29122100,Benzaldehyde,10,10,10,10,10,
29122910,Alpha-amylcinnamaldehyde,2,2,2,2,4,
29122920,Alpha-hexylcinnamaldehyde,2,2,2,2,4,
29122990,Other cyclic aldehyde not containing other oxygenated functions,2,2,2,2,4,
29124100,Vanillin (4-hydroxy-3-methoxybenzaldehyde),2,2,2,2,4,
29124200,Ethylvanillin (3-ethoxy-4-hydroxybenzaldehyde),2,2,2,2,4,
29124910,3-phenoxybenzaldehyde,2,2,2,2,4,
29124920,3-hydroxybenzaldehyde,2,2,2,2,4,
29124930,"3, 4, 5-trimethoxybenzaldehyde",2,2,2,2,4,
29124941,4-(4-hidroxi-4-metilpentil)-3-cicloexeno-1-carboxialde,2,2,2,2,4,
29124949,Other aldehydes-alcohols,12,12,12,12,10,
29124990,"Other ether-aldehydes, phen-aldehydes with other oxygenated functions",2,2,2,2,4,
29125000,Cyclic polymers of aldehydes,2,2,2,2,4,
29126000,Paraformaldehyde,2,2,2,2,4,
29130010,Trichloroacetaldehyde,2,2,2,2,4,
29130090,"Other aldehydes halogenated derivatives, sulphonated, etc.",2,2,2,2,4,
29141100,Acetone not containing other oxygenated function,12,12,12,0,E,
29141200,Butanone (methyl ethyl ketone),12,12,12,12,E,
29141300,4-methylpentan-2-one (methyl isobutyl ketone),12,12,12,12,E,
29141910,Phorone,2,2,2,2,4,
29141921,Acetylacetone,2,2,2,2,4,
29141922,Acetonylacetone,2,2,2,2,4,
29141923,Diacetyl,12,12,12,12,10,
29141929,Other diacetone,12,12,12,12,10,
29141930,Methyl hexyl ketone,2,2,2,2,4,
29141940,Pseudoionones,2,2,2,2,4,
29141950,Methyl isopropyl ketone,2,2,2,2,4,
29141990,Other cyclic ketones not containing other oxygenated functions,12,12,12,12,10,
29142210,Cyclohexanone,2,2,2,2,4,
29142220,Methylcyclohexanones,2,2,2,2,4,
29142310,Ionones,2,2,2,2,4,
29142320,Methylionones,2,2,2,2,4,
29142910,Carvone,12,12,12,12,10,
29142920,1-menthone,2,2,2,2,4,
29142990,Other cyclanic ketones not containing other oxygenated functions,2,2,2,2,4,
29143100,Phenylacetone (phenylpropan-2-one),2,2,2,2,4,
29143910,Acetophenone,12,12,12,12,E,
29143990,Other aromatic ketones not containing other oxygenated functions,2,2,2,2,4,
29144010,4-hydroxy-4-methylpentan-2-one (diacetone alcohol),12,12,12,12,E,
29144091,Benzoin,2,2,2,2,4,
29144099,Other ketone-alcohols and ketone-aldehydes,2,2,2,2,4,
29145010,Nabumetone,2,2,2,2,4,
29145020,"1, 8-dihydroxy-3-methyl-9-anthrone and its enol form",12,12,12,12,10,
29145090,Other ketone-phenols and ketones with other oxygenated functions,2,2,2,2,4,
29146100,Anthraquinone,2,2,2,2,4,
29146910,Lapachol,2,2,2,2,4,
29146920,Menadione,2,2,2,2,4,
29146990,Other quinones,2,2,2,2,4,
29147011,1-chloro-5-hexanone,2,2,2,2,4,
29147019,Other halogenated derivatives of ketones and quinones,2,2,2,2,4,
29147021,Menadione sodium bisulphite,8,8,8,8,8,
29147022,5-sulphonated-2-hydroxy-4-methoxybenzenesulphonic acid,12,12,12,12,10,
29147029,Other derivatives of ketones quinones sulphonated,2,2,2,2,4,
29147090,"Other ketones, containing or not, other oxygen functions",2,2,2,2,4,
29151100,Formic acid,2,12,9,12,10,
29151210,Sodium salts and formic acid,12,12,9,12,10,
29151290,Other salts of formic acid,2,2,2,2,4,
29151310,"Geranyl esters, of formic acid",12,12,12,12,10,
29151390,Other esters of formic acid,2,2,2,2,4,
29152100,Acetic acid,12,2,9,12,10,
29152400,Acetic anhydride,12,12,12,12,10,
29152910,Sodium acetate,12,12,12,12,10,
29152920,Cobalt acetates,12,12,12,12,10,
29152990,Other salts of acetic acid,12,12,12,12,10,
29153100,Ethyl acetate,12,12,12,0,E,
29153200,Vinyl acetate,2,2,2,0,4,
29153300,N-butyl acetate,12,12,12,12,E,
29153600,Dinoseb acetate,12,12,12,12,10,
29153910,Linalyl acetate,2,2,2,2,4,
29153921,Triacetin,12,12,9,12,10,
29153929,Other glycerin acetate,12,12,12,12,10,
29153931,N-propyl acetate,2,2,2,2,10,
29153932,2-ethoxyethyl acetate,12,12,12,12,E,
29153939,Other saturated acyclic monoalcohol acetate atom of c ≤ 8,12,12,12,12,10,
29153941,Decyl acetate,2,2,2,2,4,
29153942,Hexyl acetate,2,2,2,2,4,
29153951,Benzoestrol acetate,2,2,2,2,4,
29153952,Dienoestrol acetate,2,2,2,2,4,
29153953,Hexoestrol acetate,2,2,2,2,4,
29153954,Mestilbol acetate,2,2,2,2,4,
29153955,Stilboestrol acetate,2,2,2,2,4,
29153961,Trichloro-alfa-phenylethyl acetate,2,2,2,2,4,
29153962,Trichloromethylphenylcarbinol acetate,2,2,2,2,4,
29153963,Ethylene glycol diacetate (ethylene diacetate),2,2,2,2,4,
29153991,2-tert-butylcyclohexyl esters,2,2,2,2,4,
29153992,Bornyl esters,2,2,2,2,4,
29153993,Dimethylbenzylcarbinyl esters,2,2,2,2,4,
29153994,Bis(p-acetoxyphenyl)cyclohexylidenemethane(cyclophenyl),2,2,2,2,4,
29153999,Other acetate acid esters,12,12,12,12,10,
29154010,Monochloroacetic acid,12,2,12,12,10,
29154020,Sodium monochloroacetate,12,12,12,12,10,
29154090,"Di- or trichloroacetic acids, and their salts/esters",2,2,2,2,4,
29155010,Propionic acid,2,2,2,2,4,
29155020,Propionic acid salts,12,12,12,12,10,
29155030,Esters of propionic acid,2,2,2,2,4,
29156011,Butanoic acids and their salts,2,2,2,2,4,
29156012,Ethyl butanoate,2,2,2,2,4,
29156019,Other esters of butanoic acids,2,2,2,2,4,
29156021,Pivalic acid,2,2,2,2,4,
29156029,Valeric acid and other salts and esters,2,2,2,2,4,
29157011,Palmitic acid,2,2,2,2,10,
29157019,Other salts and esters from palmitic acid,12,12,9,12,10,
29157020,Stearic acid (acyclic saturated monocarboxylic acid),12,12,12,12,10,
29157031,Zinc salts of stearic acid,12,12,12,12,10,
29157039,Other salts of stearic acid,12,12,12,12,10,
29157040,Esters of stearic acid,12,12,12,12,10,
29159010,Chloroacetyl chloride,2,2,2,2,4,
29159021,2-ethylhexanoic acid,12,12,12,12,10,
29159022,Tin 2-ethylhexanoate,12,12,0,12,10,
29159023,Triethylene glycol di(2-ethylhexanoate),2,2,2,2,4,
29159024,Chloride 2-etilexanoila,2,2,2,2,4,
29159029,Other salts and esters of 2-ethylhexanoic acid,12,12,12,12,10,
29159031,Myristic acid,2,2,2,2,4,
29159032,Caprilic acid,2,2,2,2,4,
29159033,Isopropyl myristate,12,12,9,12,10,
29159039,Other salts and esters of myristic/caprilic acid,2,2,2,2,4,
29159041,Lauric acid,2,2,2,2,4,
29159042,Salts and esters of lauric acid,12,12,9,12,10,
29159050,Acid peroxides saturated acyclic monocarboxylic acids,12,12,12,12,10,
29159060,Acid peroxides saturated acyclic monocarboxylic acids,12,12,12,12,10,
29159090,"Other acid peroxides saturated acyclic monocarboxylic acids, etc",2,2,2,2,4,
29161110,Acrylic acid,2,2,2,2,10,
29161120,Acrylic acid salts,2,2,2,2,4,
29161210,Esters of methyl of acrylic acid,12,12,12,12,10,
29161220,Esters of ethyl of acrylic acid,12,12,12,12,10,
29161230,Esters of butyl of acrylic acid,12,12,12,0,10,
29161240,Esters of 2-ethylhexyl of acrylic acid,2,2,2,2,4,
29161290,Other esters of acrylic acid,2,2,2,2,4,
29161310,Methacrylic acid,2,2,2,2,4,
29161320,Methacrylic acid and its salts,2,2,2,2,4,
29161410,Esters of methyl of methacrylic acid,6,12,0,0,E,
29161420,Esters of ethyl of methacrylic acid,12,12,12,12,E,
29161430,Esters of n-butyl of methacrylic acid,2,2,2,2,4,
29161490,Other esters of methacrylic acid,2,2,2,2,4,
29161511,Mannitol oleate,2,2,2,2,4,
29161519,"Oleic acid, other salts/esters (acyclic monocarboxylic acids)",12,12,9,12,10,
29161520,"Linoleic acid, linolenic acid, their salts and esters",2,2,2,2,4,
29161600,Binapacryl (iso),2,2,2,2,4,
29161911,Potassium sorbate,12,12,9,0,10,
29161919,"Sorbic acid, their salts and esters",2,2,2,2,4,
29161921,Undecylenic acid,2,2,2,2,4,
29161922,Methyl undecylenate,2,2,2,2,4,
29161923,Zinc undecylenate,2,2,2,2,4,
29161929,Other salts and esters of undecylenic acid,2,2,2,2,4,
29161990,"Other unsaturated acyclic monocarboxylic acids, etc.",2,2,2,2,4,
29162011,"3-(2, 2-dibromovinyl)-2, 2-dimethylcyclopropanecarboxylic acid",2,2,2,2,4,
29162012,"3-(2, 2-dichlorovinyl)-2, 2-dimethylcyclopropanecarboxylic acid chloride (DVO)",2,2,2,2,4,
29162013,Allethrins,2,2,0,2,4,
29162014,Permethrin,12,12,12,12,10,
29162015,Bifenthrin,2,2,2,2,4,
29162019,Other derivatives of cyclopropanecarboxylic acid,2,2,0,2,4,
29162090,"Other cyclanic, cyclenic, cycloterpenic monocarboxylic acid etc.",2,2,2,2,4,
29163110,Benzoic acid,12,12,12,12,10,
29163121,"Benzoic acid, its salts",12,12,12,12,10,
29163122,Salts of ammonium of benzoic acid,12,12,12,12,10,
29163129,Other salts of benzoic acid,2,2,2,2,4,
29163131,Esters of methyl of benzoic acid,12,12,12,12,10,
29163132,Esters of benzyl of benzoic acid,12,12,12,12,10,
29163139,Other esters of benzoic acid,2,2,2,2,4,
29163210,Benzoyl peroxide,12,12,12,12,10,
29163220,Benzoyl chloride,2,2,2,2,4,
29163400,Phenylacetic acid and its salts,2,2,2,2,4,
29163910,4-chloro-alpha-(1-methylethyl)benzeneacetyl chloride,2,2,2,2,4,
29163920,Ibuprofen,2,2,0,2,4,
29163930,4-chloro-3-nitrobenzoic acid,2,2,2,2,4,
29163940,Tert-butyl perbenzoate,12,12,12,12,10,
29163990,"Other aromatic monocarboxylic acids, etc.",2,2,2,2,4,
29171110,Oxalic acid and its salts,2,2,2,2,4,
29171120,Oxalic acid and its esters,2,2,2,2,4,
29171210,Adipic acid,0,10,10,10,10,
29171220,"Adipic acid, its salts and esters",12,12,12,12,E,
29171310,"Azelaic acid, its salts and esters",2,2,2,2,4,
29171321,Sebacic acid,2,2,2,2,4,
29171322,Dibutyl sebacate,12,12,12,12,10,
29171323,Dioctyl sebacate,12,12,12,12,10,
29171329,"Other sebacic acid, their salts and esters",2,2,2,2,4,
29171400,Maleic anhydride,12,12,12,12,E,
29171910,Sodium dioctylsulphosuccinate,12,12,12,12,10,
29171921,Maleic acid,12,12,12,12,10,
29171922,"Maleic acid, its salts and esters",12,12,12,12,E,
29171930,"Fumaric acid, its salts and esters",12,12,12,12,E,
29171990,"Other acyclic polycarboxylic acids, etc.",2,2,2,2,4,
29172000,"Cyclanic, cyclenic, or cycloterpenic polycarboxylic acids, their anhydrides, halides, peroxides, peracids and their derivatives",2,2,2,2,4,
29173200,Dioctyl orthophthalates,12,12,12,12,E,
29173300,Dinonyl or didecyl orthophthalates,12,12,12,12,E,
29173400,Other esters of orthophthalic acid,12,12,12,12,E,
29173500,Phthalic anhydride,12,12,9,12,E,
29173600,Terephthalic acid and its salts,0,12,12,12,10,
29173700,Dimethyl terephthalate,12,12,12,12,10,
29173911,M-phthalic acid esters,2,2,2,2,4,
29173919,"M-phthalic acid, its salts",2,2,2,2,4,
29173920,"O-phthalic acid, its salts",12,12,12,12,10,
29173931,Dioctyl esters of terephthalic acid,12,12,12,12,10,
29173939,Other terephthalic acid esters,2,2,2,2,4,
29173940,"Salts and esters of trimellitic acid (1, 2, 4-benzenetr.)",6,6,6,6,E,
29173950,"Trimellitic anhydride(1, 3-dihydro-1, 3-dioxo-5-isobenz.)",2,2,2,2,4,
29173990,"Other aromatic polycarboxylic acids, etc.",2,2,2,2,4,
29181100,"Lactic acid, its salts and esters",2,12,12,12,10,
29181200,Tartaric acid,12,12,12,12,10,
29181310,"Tartaric acid, its salts",12,12,12,12,10,
29181320,"Tartaric acid, its esters",2,2,2,2,4,
29181400,Citric acid,12,12,12,12,10,
29181500,Salts and esters of citric acid,12,12,9,12,10,
29181610,Calcium gluconate,12,12,9,12,10,
29181690,"Gluconic acid, its other salts and esters",12,12,12,12,10,
29181800,Chlorobenzilate,2,2,2,2,4,
29181910,Bromopropylate,2,2,2,2,4,
29181921,Ursodiol (ursodeoxycholic acid),2,2,2,2,4,
29181922,Chenodeoxycholic acid,2,2,2,2,4,
29181929,"Biliar acid, its other salts, esters and derivatives",12,12,12,12,10,
29181930,12-hydroxystearic acid,12,12,12,12,10,
29181941,"Benzylic acid (2, 2-diphenil-2-hidroxyacetic acid)",2,2,2,2,4,
29181942,Salts of benzylic acid,2,2,2,2,4,
29181943,Esters of benzylic acid,2,2,2,2,4,
29181990,"Other carboxylic acids alcohol function, anhydrides, etc",2,2,2,2,4,
29182110,Salicylic acid,12,12,9,12,10,
29182120,Salts of salicylic acid,12,12,12,12,10,
29182211,O-acetylsalicylic acid,12,12,0,12,10,
29182212,Aluminium o-acetylsalicylate,12,12,12,12,10,
29182219,Other salts of o-acetylsalicylate acid,2,2,2,2,4,
29182220,Other esters of o-acetylsalicylate acid,2,2,2,2,4,
29182300,Other esters of salicylic acid and their salts,12,12,12,12,10,
29182910,Hydroxynaphthoic acid,2,2,2,2,4,
29182921,P-hydroxybenzoic acid,2,2,2,2,4,
29182922,Methylparaben,12,12,12,12,10,
29182923,Propylparaben,12,12,9,12,10,
29182929,Other salts and esters of p-hydroxybenzoic acid,2,2,2,2,4,
29182930,"Gallic acid, its salts and esters",2,2,2,2,4,
29182940,"Pentaerythrityl tetrakis(3(3, 5-di-tert-butyl-4-hyd.)pr.",12,12,12,12,10,
29182950,"Octadecyl 3-(3, 5-di-tert-butyl-4-hydroxyphenyl)propion.",12,12,12,12,10,
29182990,"Others carboxylic acids, phenol function, anhydrides, etc",2,2,2,2,4,
29183010,Ketoprofen,2,2,2,2,4,
29183020,Methylbutryl acetate,2,2,2,2,4,
29183031,Dehydrocholic acid,2,2,2,2,4,
29183032,Sodium dehydrocholate,2,2,2,2,4,
29183033,Magnesium dehydrocholate,14,14,14,14,10,
29183039,Others salts of dehydrocholic acid,2,2,2,2,4,
29183040,2-nitromethylbenzylidene acetyl acetate,2,2,2,2,4,
29183090,"Others carboxylic acids aldehyde function, ketone, etc.",2,2,2,2,4,
29189100,"2, 4, 5-trichlorophenoxyacetic acid",2,2,2,2,4,
29189911,"Phenoxyacetic acid, its salts and esters",12,12,12,12,10,
29189912,"2, 4-dichlorophenoxyacetic acid, its salts and esters",14,14,0,14,10,
29189919,"Other derivatives of phenoxyacetic acid, its salts and esters",2,2,2,2,4,
29189921,"Dichlorophenoxybutyric acid, its salts and esters",12,12,9,12,10,
29189929,"Other dichlorophenoxybutyric acids, its salts and esters",2,2,2,2,4,
29189930,Acifluorfen sodium,2,2,2,2,4,
29189940,Naproxen,2,2,2,2,4,
29189950,"3-(2-Chloro-alpha,alpha,alpha-trifluoro-p-tolyloxy)benzoic acid",2,2,2,2,4,
29189960,Diclofop-methyl,2,2,2,2,4,
29189991,Fenofibrate,2,2,2,2,4,
29189992,"Methylchlorophenoxyacetic acid, their salts/esters",12,12,12,12,10,
29189993,5-(2-chloro-4-trifluoromethylphenoxy)2-nitrobenzoate etc.(lactofen),12,12,0,12,10,
29189994,"4-(4-hydroxyphenoxy)-3, 5-diiodophenyl acetic acid",14,14,14,14,10,
29189999,Other carboxicylic acids containing additional oxygenated functions and their anhydrides,2,2,0,2,4,
29191000,"Tris (2, 3-dibromopropyl) phospahte",2,2,2,2,0,
29199010,Phosphoric ester and salts of tributyl,2,2,2,2,4,
29199020,Phosphoric ester and salts of tricresyl,2,2,2,2,4,
29199030,Phosphoric ester and salts of triphenyl,10,10,10,10,10,
29199040,Dichlorvos (DDVP),12,12,12,12,10,
29199050,Calcium lactophosphate,12,12,12,12,10,
29199060,Chlorfenvinphos,14,14,14,14,10,
29199090,"Other phosphoric esters, their salts, including lactophosphates; their halogenated, sulphonated, nitrated or nitrosated derivatives, etc.",2,2,2,2,4,
29201110,Ethylparathion,2,2,2,2,4,
29201120,Methyl paration,2,2,2,2,4,
29201910,Fenitrothion,2,2,2,2,4,
29201920,Dimethyl phosphorothioate chloride,2,2,2,2,4,
29201990,"Other thiophosphoric esters, salts and derivatives",2,2,2,2,4,
29209013,Alkyl phosphite (C3 to C13) or alkylaryl,12,12,12,12,10,
29209014,Diphenyl phosphite,2,2,2,2,4,
29209015,Aryl phosphite,12,12,12,12,10,
29209016,Fosetyl Al,2,2,2,2,4,
29209017,"Tris(2, 4-di-tert-butylphenyl) phosphite",12,12,12,12,10,
29209019,"Other phosphite, except those of methyl and ethyl",2,2,2,2,4,
29209021,Endosulfan,12,12,9,12,10,
29209022,Propargite,14,14,14,14,10,
29209029,Other sulphide of esters of inorganic acid,2,2,2,2,4,
29209031,Propatyl nitrate,12,12,12,12,10,
29209032,Nitroglycerol,12,12,12,12,10,
29209033,"Pentaerythritol tetranitrate (PETN, pentrite, nitropenta)",12,12,12,12,10,
29209039,Other nitrates of esters of inorganic acid,2,2,2,2,4,
29209041,Alky (C6 to C22) sulphide,12,12,12,12,10,
29209042,Sulphide of monoalkyldiethylene glycols(di or tri),12,12,12,12,10,
29209049,Other esters sulphide of inorganic acids,2,2,2,2,4,
29209051,Ethyl silicate,12,12,12,12,10,
29209059,Other esters silicates of inorganic acids,2,2,2,2,4,
29209061,Dimethyl phosphite,2,2,2,2,4,
29209062,Trimethyl phosphite,2,2,2,2,4,
29209063,Diethyl phosphite,2,2,2,2,4,
29209064,Triethyl phosphite,2,2,2,2,4,
29209069,Other phosphite of methyl and ethyl,2,2,2,2,4,
29209090,"Other esters of inorganic acid, salts, halogenated derivatives etc.",2,2,2,2,4,
29211111,Methylamine,12,12,12,12,10,
29211112,Salts of methylamine,2,2,2,2,4,
29211121,Dimethylamine,8,12,12,12,10,
29211122,"Dimethylamine 2, 4-dichlorophenoxyacetate",12,12,12,12,10,
29211123,Dimethylamine methylchlorophenoxyacetate,12,12,12,12,10,
29211129,Other salts of dimethylamine,2,2,2,2,4,
29211131,Trimethylamine,12,12,12,12,10,
29211132,Trimethylamine hydrochloride,12,12,12,12,10,
29211139,Other salts of trimethylamine,2,2,2,2,4,
29211911,Monoethylamine and its salts,2,14,14,14,10,
29211912,Triethylamine,12,12,12,12,10,
29211913,Bis(2-chloroethyl)ethylamine),2,2,2,2,4,
29211914,Trichlormethine (INN) (tris(ß-chlororethyl)amine),2,2,2,2,4,
29211915,"Salts of dimethylamine, except ethamsylate",14,14,14,14,10,
29211919,Other ethylamine and its salts,2,2,2,2,4,
29211921,Mono-n-propylamine and its salts,12,12,12,12,10,
29211922,Di(n-propylamine) and its salts,14,14,14,14,10,
29211923,Monoisopropylamine and its salts,4,14,0,0,10,
29211924,Diisopropylamine and its salts,14,14,14,14,10,
29211929,"Other n-propylamine, isopropylamine and its salts",2,2,2,2,4,
29211931,Diisobutylamine and its salts,14,14,14,14,10,
29211939,Other butylamine and its salts,2,2,2,2,4,
29211941,Methyldialkylamines,12,12,12,12,10,
29211949,"Monoakyl and other dialkilamines, alkyla (C10 to C18)",12,12,12,12,10,
29211991,Chlormethine (INN) (di(chloroethyl)methylamine),2,2,2,2,4,
29211992,"N, N-dialkyl(c1 to c3)-2-chloroethylamines, etc.",2,2,2,2,4,
29211993,Isometheptene mucate,14,14,14,14,10,
29211999,Other acyclic amine and its salts and derivatives,2,2,2,2,4,
29212100,Ethylenediamine and its salts,2,2,2,2,4,
29212200,Hexamethylenediamine and its salts,0,12,12,12,10,
29212910,Diethylenetriamine and its salts,2,2,2,2,4,
29212920,Triethyltetramine and its salts,2,2,2,2,4,
29212990,"Other polyamines acyclics, its derivatives and its salts",2,2,2,2,4,
29213011,Cyclohexylamine and its salts,14,14,14,14,10,
29213012,Dicyclohexylamine,12,12,12,12,10,
29213019,Other cyclohexylamine and its salts,2,2,2,2,4,
29213020,Propylhexedrine,2,2,2,2,4,
29213090,"Other amines/polyamines cyclanic, cyclenic, etc.",2,2,2,2,4,
29214100,Aniline and its salts,12,12,9,12,10,
29214211,Sulphanilic acid and its salts,2,2,2,2,4,
29214219,"Other aminebenzenesulphonics acid, and their salts",2,2,2,2,4,
29214221,"3, 4-dichloroaniline and its salts",12,12,12,12,10,
29214229,Other chloroaniline and its salts,2,2,2,2,4,
29214231,4-nitroaniline,2,2,2,2,4,
29214239,Other nitroaniline and their salts,2,2,2,2,4,
29214241,5-chloro-2-nitroaniline,2,2,2,2,4,
29214249,Other chloronitroaniline and its salts,2,2,2,2,4,
29214290,Other aniline derivatives and their salts,2,2,2,2,4,
29214311,O-toluidine,12,12,12,12,10,
29214319,Other o-toluidines and their salts,2,2,2,2,4,
29214321,3-nitro-4-toluidine and its salts,2,2,2,2,4,
29214322,Trifluralin,14,14,11,14,10,
29214323,4-chloro-2-toluidine,2,2,2,2,4,
29214329,Other toluidines and their derivatives and salts,2,2,2,2,4,
29214410,Diphenylamine and its salts,2,2,2,2,4,
29214421,N-octyldiphenylamine,12,12,12,12,10,
29214422,N-nonyldiphenylamine,12,12,12,12,10,
29214429,Otherdiphenylamine and its derivatives and salts thereof,2,2,2,2,4,
29214500,1-naphthylamine(alpha)2-naphthylamine(beta)derivatives/salts,2,2,2,2,4,
29214610,Amfetamine and its salts,2,2,2,2,4,
29214620,Benzfetamine and its salts,2,2,2,2,4,
29214630,Dexamfetamine and its salts,2,2,2,2,4,
29214640,Etilamfetamine and its salts,2,2,2,2,4,
29214650,Fencamfetamine and its salts,2,2,2,2,4,
29214660,Phentermine and its salts,2,2,2,2,4,
29214670,Lefetamine and its salts,2,2,2,2,4,
29214680,Levamfetamine and its salts,2,2,2,2,4,
29214690,Mefenorex and its salts,2,2,2,2,4,
29214910,Fenfluramine hydrochloride,2,2,2,2,4,
29214921,"2, 4-xylidine and its salts",2,2,2,2,4,
29214922,Pendimethalin,2,2,2,2,4,
29214929,"Other xylidine, its derivatives and its salts",2,2,2,2,4,
29214931,Tranylcypromine sulphate,14,14,14,14,10,
29214939,Other tranylcypromine and its salts,2,2,2,2,4,
29214990,"Other aromatic monoamine, its derivatives and its salts",2,2,2,2,4,
29215111,M-phenylenediamine and its salts,2,2,2,2,4,
29215112,Diaminotoluenes,12,12,12,12,10,
29215119,"O-phenylenediamine, p-phenylenediamine and its salts",2,2,2,2,4,
29215120,"O-phenylenediamine, p-phenylenediamine and its salts",2,2,2,2,4,
29215131,"N, n'-di-sec-butyl-p-phenylenediamine",12,12,12,12,10,
29215132,N-isopropyl-n'-phenyl- p-phenylenediamine,12,12,12,12,10,
29215133,"N-(1, 3-dimethylbutyl)-n'-phenyl-p-phenylenediamine",12,12,12,12,10,
29215134,"N-(1, 4-dimethylpentyl)-n'-phenyl-p-phenylenediamine",12,12,12,12,10,
29215135,N-phenyl-p-phenylenediamine (4-aminodiphen.) and salts,2,2,2,2,4,
29215139,Other derivatives of phenylenediamine and its salts,2,2,2,2,4,
29215190,Other derivatives of diaminotoluenes and its salts,2,2,2,2,4,
29215911,"3, 3'-dichlorobenzidine",2,2,2,2,4,
29215919,"Benzidine, its other derivatives and salts",2,2,2,2,4,
29215921,"4, 4'-diaminophenylmethane",12,12,12,12,10,
29215929,Other diaminophenylmethane,2,2,2,2,4,
29215931,"4, 4'-diaminodiphenylamine and its salts",12,12,12,12,10,
29215932,"4, 4'-diaminodiphenylamino-2-sulphonic acid and salts",2,2,2,2,4,
29215939,"Other diaminodiphenylamine, its derivatives/salts",2,2,2,2,4,
29215990,"Other aromatic polyamine, its derivatives and its salts",2,2,2,2,4,
29221100,Monoethanolamine and its salts,4,14,14,14,10,
29221200,Diethanolamine and its salts,4,14,14,14,10,
29221310,Triethanolamine,14,14,11,0,E,
29221320,Triethanolamine salts,14,14,14,14,10,
29221400,Dextropropoxyphene (INN) and its salts,2,2,2,2,4,
29221911,Monoisopropanolamine,2,2,2,2,4,
29221912,"Triisopropanolamine 2, 4-dichlorophenoxyacetate",14,14,14,14,10,
29221913,"Dimethylpropanolamine 2, 4-dichlorophenoxyacetate",14,14,11,14,10,
29221919,"Propanolamine, its other salts and derivatives",2,2,2,2,4,
29221921,Orphenadrine citrate,14,14,14,14,E,
29221929,Orphenadrine and its other salts,2,2,2,2,4,
29221931,Hydrochloride ambroxol,2,2,2,2,4,
29221939,Ambroxol and its salts,2,2,2,2,4,
29221941,Hydrochloride clobutinol,2,2,2,2,4,
29221949,Clobutinol and its salts,2,2,2,2,4,
29221951,"N, N-dimethyl-2-aminoethanol and its protonated salts",2,2,2,2,4,
29221952,"N, N-diethyl-2-aminoethanol and its protonated salts",2,2,2,2,4,
29221959,"Other N, N-dialkyl 2-aminoethanol and its protonated salts",2,2,2,2,4,
29221961,Methyldiethanolamine and its protonated salts,2,2,2,2,4,
29221962,Ethyldiethanolamine and its protonated salts,2,2,2,2,4,
29221969,Other n-alkyl-diethanolamine and its protonated salts,2,2,2,2,4,
29221991,"1-p-nitrophenyl-2-amino-1, 3-propanodiol",2,2,2,2,4,
29221992,Bencyclanefumarate,2,2,2,2,4,
29221993,Clenbuterol and its hydrochloride,14,14,14,14,10,
29221994,Myrtecaine,14,14,14,14,10,
29221995,Tamoxifen and its citrate,14,14,14,14,10,
29221999,"Other aminoalcohol, its ethers, esters and salts",2,2,2,2,4,
29222100,Aminonaphtholsulphonic acids and their salts,2,2,2,2,4,
29222911,P-aminophenol,2,2,2,2,4,
29222919,"O-aminophenol, m-aminophenol and their salts",2,2,2,2,4,
29222920,Nitroanisidines and their salts,2,2,2,2,4,
29222990,"Other aminonaftol, aminophenol their ethers, esters, salts",2,2,2,2,4,
29223111,Amfepramone,14,14,14,14,10,
29223112,Amfepramone salts,2,2,2,2,4,
29223120,Methadone and its salts,2,2,2,2,4,
29223130,Normethadone and its salts,2,2,2,2,4,
29223910,Aminoanthraquinones and their salts,2,2,2,2,4,
29223921,Ketamine hydrochloride,12,12,12,12,10,
29223929,Ketamine and other salts thereof,2,2,2,2,4,
29223990,"Other amino-aldehydes, amino-ketones, etc.",2,2,2,2,4,
29224110,Lysine,12,12,0,12,10,
29224190,"Lysine, its esters and salts",12,12,12,12,10,
29224210,Glutamic acid,2,2,2,2,4,
29224220,Salts of glutamic acid,8,8,8,8,8,
29224300,Anthranilic acid and its salts,2,2,2,2,4,
29224410,Tilidine,2,2,2,2,0,
29224420,Salts of tilidine,2,2,2,2,4,
29224910,Glycine and its salts,2,2,2,2,4,
29224920,Ethylenediamine tetraacetic acid (EDTA) and its salts,12,12,9,12,10,
29224931,Iminodiacetic acid,2,2,2,2,4,
29224932,Salts of iminodiacetic acid,2,2,2,2,4,
29224940,Diethylenetriamine pentacetic acid and its salts,12,12,12,12,10,
29224951,Alpha-phenylglycine,2,2,2,2,4,
29224952,D-(-)-a-aminobenzeneacetyl chloride hydrochloride,12,12,12,12,10,
29224959,Other salts and derivatives of alpha-phenylglycine,2,2,2,2,4,
29224961,Diclofenac sodium,14,14,11,14,10,
29224962,Diclofenac potassium,14,14,0,14,10,
29224963,Diclofenac diethylamine,14,14,14,14,10,
29224964,Diclofenac,14,14,14,14,10,
29224969,"Other diclofenac, its salts and its derivatives",2,2,2,2,0,
29224990,"Other amino acid, its esters and its salts",2,2,2,2,4,
29225011,Phenylephrine hydrochloride,2,2,2,2,4,
29225019,"Phenylephrine and its other salts, except phenylephrine hydrochloride",2,2,2,2,4,
29225021,Propafenone hydrochloride,2,2,2,2,4,
29225029,"Propafenone and its salts, except hydrochloride",2,2,2,2,4,
29225031,Levodopa,14,14,14,14,10,
29225032,Metildopa,2,2,0,2,4,
29225039,Other derivatives and salts of tyrosine,2,2,2,2,4,
29225041,Metoprolol tartrate,2,2,2,2,4,
29225049,Metoprolol tartrate and its other salts,2,2,2,2,4,
29225050,Propanolol and its salts,12,12,12,12,10,
29225091,Sodium N-[1-(methox.)propen-2-yl]-alpha-amino-p -hydroxyphenylacetate (NAPOH),2,2,2,2,4,
29225099,"Other aminoalcoholphenols, aminophenols, etc., oxygenated function",2,2,0,2,4,
29231000,Choline and its salts,2,2,2,2,4,
29232000,Lecithins and other phosphoaminolipids,12,12,12,12,10,
29239010,Betaine and its salts,12,12,12,12,10,
29239020,Choline derivatives,2,2,2,2,4,
29239030,3-chloro-2-hydroxypropyltrimethylammonium chloride,12,12,12,12,10,
29239040,Alkyl(C6 to C22) -trimethylammonium halides,12,12,9,12,10,
29239050,Dialkyl halides or alkyl - benzyl - dimethylammonium,12,12,12,12,10,
29239060,"Pentamethylalkyl-alkyil-propylenediammonium halides, with alkyl group from C6 to C22",12,12,12,12,10,
29239090,Other quaternary ammonium salts and hydroxides,2,2,2,2,4,
29241100,Meprobamate (INN),2,2,2,2,4,
29241210,Fluoroacetamide,2,2,2,2,4,
29241220,Phosphamidon,2,2,2,2,4,
29241230,Monocrotophos,14,14,11,14,10,
29241911,2-chloro-n-methylacetoacetamide,2,2,2,2,4,
29241919,Other acetoacetamide and its derivatives and salts thereof,2,2,2,2,4,
29241921,N-methylformamide,2,2,2,2,4,
29241922,"N, n-dimethyllformamide",14,14,11,14,10,
29241929,Other formamide and acetamide,2,2,2,2,4,
29241931,Acrylamide,2,2,2,2,4,
29241932,Methacrylamides,2,2,2,2,4,
29241939,Other derivatives of acrylamide,2,2,2,2,4,
29241942,Dicrotophos,14,14,14,14,10,
29241949,Crotonamide and its other derivatives,2,2,2,2,4,
29241991,"N, N'-dimethylurea",2,2,2,2,4,
29241992,Carisoprodol,2,2,2,2,4,
29241993,"N, N'-(distearoyl)ethylenediamine (N, N'-ethylenebis)",14,14,14,14,10,
29241994,Diethanolamines acid of C12 to C18 fatty acids,14,14,14,14,10,
29241999,"Other acyclic amides, its derivatives and its salts",2,2,2,2,4,
29242111,Hexanitrocarbanilides,2,2,2,2,4,
29242119,"Carbanilides, its derivatives and salts",2,2,2,2,4,
29242120,Diuron,14,14,14,14,10,
29242190,"Other ureins, its derivatives and salts",2,2,2,2,4,
29242300,2-acetamidobenzoic acid(N-acetylanthranilic acid) and its salts,2,2,2,2,4,
29242400,Ethinamate (INN),2,2,2,2,4,
29242911,Acetanilide,12,12,12,12,10,
29242912,4-aminoacetanilide,2,2,2,2,4,
29242913,Acetaminophen (paracetamol),14,14,0,14,10,
29242914,Lidocaine and its hydrochloride,14,14,14,14,10,
29242915,"2, 5-dimethoxyacetanilide",14,14,14,14,10,
29242919,Other derivatives of acetanilide and its salts,2,2,2,2,4,
29242920,Anilides of hydroxynaphthoic acids and its derivatives/salts,2,2,2,2,4,
29242931,Carbaryl,2,2,2,2,4,
29242932,Propoxur,2,2,2,2,4,
29242939,Other carbamates,2,2,2,2,4,
29242941,Teclozan,2,2,2,2,4,
29242942,Alachlor,14,14,14,14,E,
29242943,"Atenolol, metolachlor",2,2,2,2,4,
29242944,Oxaglic acid,2,2,2,2,4,
29242945,Iodamide,2,2,2,2,4,
29242946,P-acetamidobenzenesulphonic acid chloride,14,14,14,14,10,
29242947,Ioxitalamic acid,2,2,2,2,4,
29242949,Other acetamide and its derivatives,2,2,2,2,4,
29242951,Bromopride,14,14,14,14,10,
29242952,Metoclopramide and its hydrochloride,14,14,14,14,10,
29242959,Other metoxybenzamides its derivatives and its salts,2,2,2,2,4,
29242961,Propanil,14,14,14,14,E,
29242962,Flutamide,14,14,14,14,10,
29242963,Prilocaine and its hydrochloride,14,14,14,14,10,
29242964,Iobitridol,2,2,2,2,4,
29242969,Other propanamides its derivatives and its salts,2,2,2,2,4,
29242991,Aspartam,2,2,2,2,0,
29242992,Diflubenzuron,2,2,2,2,4,
29242993,Metalaxyl,2,2,2,2,4,
29242994,Triflumuron,2,2,2,2,4,
29242995,Buclosamide,2,2,2,2,4,
29242996,Denatonium benzoate,14,14,14,14,10,
29242999,"Other cyclic amide, its derivatives and its salts",2,2,2,2,4,
29251100,Saccharin and its salts,14,14,11,14,10,
29251200,Glutethimide (INN),2,2,2,2,4,
29251910,Thalidomide,14,14,14,14,10,
29251990,"Other imide, its derivatives and its salts",2,2,2,2,4,
29252100,Chlordimeform,2,2,2,2,4,
29252911,L-arginine aspartate,2,2,2,2,4,
29252919,Other l-arginine and its salts,2,2,2,2,4,
29252921,Guanidine,2,2,2,2,4,
29252922,"N, n'-diphenylguanidine",2,2,2,2,4,
29252923,Chlorhexidine and its salts,12,12,12,12,10,
29252929,Other guanidine and its salts,2,2,2,2,4,
29252930,Amitraz,12,12,12,12,10,
29252940,Pentamidine isethionate,14,14,14,14,10,
29252950,"Methyl n-(3, 7-dimethyl-7-hydroxyoctylidene)anthranilate",12,12,12,12,10,
29252990,"Other imines, their derivatives and their salts",2,2,2,2,4,
29261000,Acrylonitrile,12,12,12,12,E,
29262000,1-cyanoguanidine (dicyandiamide),2,2,2,2,4,
29263011,Fenproporex,14,14,14,14,10,
29263012,Salts of fenproporex,2,2,2,2,4,
29263020,Methadone intermediate,2,2,2,2,4,
29269011,Verampil,2,2,2,2,4,
29269012,Verampil hydrochloride,2,2,2,2,4,
29269019,Other salts of verampil,2,2,2,2,4,
29269021,Alpha-cyano-3-phenoxybenzyl alcohol,2,2,2,2,4,
29269022,Cyfluthrin,2,2,2,2,4,
29269023,Cypermethrin,14,14,0,14,10,
29269024,Deltamethrin,2,2,2,2,4,
29269025,Fenvalerate,2,2,2,2,4,
29269026,Cyhalothrin,2,2,2,2,4,
29269029,Other esters derivatives alpha-cyano-3-phenoxybenzyl alcohol,2,2,2,2,4,
29269030,Salts of methadone intermediate,2,2,2,2,4,
29269091,"Adiponitrile (1, 4-dicyanobutane)",12,2,12,12,10,
29269092,Acetone cyanohydrin,2,2,2,2,4,
29269093,Closantel,14,14,14,14,10,
29269095,Chlorothalonil,2,2,2,2,4,
29269096,Ethyl cyanoacrylates,12,12,12,12,10,
29269099,Other nitrile-function compounds,2,2,2,2,4,
29270010,Diazo compounds,2,2,2,2,4,
29270021,Azodicarbonamide,14,14,14,14,10,
29270029,Other azo-compounds,2,2,2,2,4,
29270030,Azoxy compounds,2,2,2,2,4,
29280011,Methylethylacetoxime,2,2,2,2,4,
29280019,"Other acetoxime, its derivatives and its salts",2,2,2,2,4,
29280020,Carbidopa,2,2,2,2,4,
29280030,2-hydrazinoethanol,2,2,2,2,4,
29280041,Phenylhydrazine,12,12,12,12,10,
29280042,Phenylhydrazine derivatives,12,12,12,12,10,
29280090,Other organic derivative of hydrazine or of hydroxylamine,2,2,2,2,4,
29291010,Diphenylmethane diisocyanate,4,14,14,14,10,
29291021,Isomer mixture toluene diisocyanate,14,2,0,0,10,
29291029,Other toluene diisocyanate,14,14,14,14,10,
29291030,"3, 4-dichlorofenyl isocyanate",14,14,14,14,10,
29291090,Other isocyanate,2,2,2,2,4,
29299011,Cyclamic acid of sodium and its salts,12,12,12,12,10,
29299012,Cyclamic acid of calcium and its salts,12,12,12,12,10,
29299019,Other cyclamic acid of calcium and its salts,2,2,2,2,4,
29299021,"N, n-dialkyl(C1 to C3)phosphoroamidate dihalides, etc.",2,2,2,2,4,
29299022,"N, n-dialkyl(C1 to C3)phosphoroamidates, etc.",2,2,2,2,4,
29299029,"Other n, n-dialkyl(C1 to C3)phosphoroamidates, their derivatives",2,2,2,2,4,
29299090,Other compounds of other nitrogenous functions,2,2,2,2,4,
29302011,EPTC (thiocarbamate),2,2,2,2,4,
29302012,Cartap,2,2,2,2,4,
29302013,Thiobencarb (S-4-chlorobenzyl diethylthiocarbamate),2,2,2,2,4,
29302019,Other thiocarbamates,2,2,2,2,4,
29302021,Ziram and sodium dimethyldithiocarbamate,12,12,12,12,10,
29302022,Zinc diethyldithiocarbamate,12,12,12,12,10,
29302023,Zinc dibutyldithiocarbamate,12,12,12,12,10,
29302024,Metham sodium,14,14,14,14,10,
29302029,Other dithiocarbamates,2,2,2,2,E,
29303011,Monosulphides of tetramethylthiuram,12,12,12,12,10,
29303012,Sulfiram,12,12,12,12,10,
29303019,Other monosulphides of thiuram,2,2,2,2,4,
29303021,Thiram,12,12,12,12,10,
29303022,Disulfiram,2,2,2,2,4,
29303029,Other disulphides of thiuram,2,2,2,2,4,
29303090,Tetrasulphides of thiuram,2,2,2,2,4,
29304010,"Dl-methionine, containing > 0,1 % by weight of sulphur ash",2,2,2,2,4,
29304090,Other methionine,2,2,2,2,4,
29305010,Captafol,2,2,2,2,4,
29305020,Methamidophos,12,12,9,12,10,
29309011,Thioglycolic acid and its salts,2,2,2,2,4,
29309012,Cysteina,2,2,2,2,4,
29309013,"N, n-dialkyl-2-aminoethanothiols, their protonated salts",2,2,2,2,4,
29309019,"Other thiols, its derivates and salts",2,2,2,2,4,
29309021,Thiourea,2,2,2,2,4,
29309022,Thiophanate-methyl,2,2,2,2,4,
29309023,4-methyl-3-thiosemicarbazide,2,2,2,2,4,
29309029,"Other thioamides, its derivatives and salts",2,2,2,2,4,
29309031,2-(ethylthio)ethanol of a concentration of ≥ 98 %,2,2,2,2,4,
29309032,3-(methylthio)propanol and aldicarb,2,2,2,2,4,
29309033,S-ethyl chlorothioformate,2,2,2,2,4,
29309034,2-hydroxy-4-(methylthio)butyric acid and its calcium salt,2,2,2,2,4,
29309035,Methomyl,2,2,2,2,4,
29309036,Carbocysteine,12,12,9,12,10,
29309037,"4-sulphateethylsulphonyl-2, 5-dimetoxyaniline; 4-sulfatoethylsulfonyl-2-methoxy-5-methylaniline; 4-sulfatoethylsulfonyl-2-methoxyaniline",12,12,12,12,10,
29309038,Thiodiglycol (INN) (bis(2-hydroxyethyl) sulphide),2,2,2,2,4,
29309039,"Other thioethers, thioesters and its derivatives/salts",2,2,2,2,4,
29309041,"O,O-Diethyl and S-[2-(diethylamino)ethyl] phosphorothioate and their alkylated or protonated salts",2,2,2,2,4,
29309042,"O,O-dimethyl and S-[2-(1-methylcarbamoylethylthio)-ethyl)] phosphorothioate (vamidothion)",2,2,2,2,4,
29309043,O-(4-bromo-2-chlorophenyl) O-ethyl and S-propyl phosphorothioate (profenofos),2,2,2,2,4,
29309049,"Other phosphorothioate, its derivatives and its salts",2,2,2,2,4,
29309051,Phorato,2,2,2,2,4,
29309052,Disulfoton,12,12,12,12,10,
29309053,Ethion,2,2,2,2,4,
29309054,Dimethoate,2,2,2,2,4,
29309057,Thiometon,14,14,14,14,10,
29309059,"Other phosphorodithioate, its derivatives and salts",2,2,2,2,4,
29309061,Acephate,12,12,9,12,15,
29309069,"Other phosphorodamidethioate, its derivatives and salts",2,2,2,2,4,
29309071,Thiapride,2,2,2,2,4,
29309072,Bicalutamide,14,14,14,14,10,
29309079,Other sulphones,2,2,2,2,4,
29309081,2-chloroethyl and chloromethyl sulphide,2,2,2,2,4,
29309082,Bis(2-chloroethyl) sulphide,2,2,2,2,4,
29309083,Bis(2-chloroethylthio)methane,2,2,2,2,4,
29309084,"1, 2-bis(2-chloroethylthio)ethane",2,2,2,2,4,
29309085,"1, 3-bis(2-chloroethylthio)-n-propane",2,2,2,2,4,
29309086,"1, 4-bis(2-chloroethylthio)-n-butane",2,2,2,2,4,
29309087,"1, 5-bis(2-chloroethylthio)-n-pentane",2,2,2,2,4,
29309088,Bis (2-chloroethylthiomethyl) oxide,2,2,2,2,4,
29309089,Bis (2-chloroethylthiomethyl) oxide,2,2,2,2,4,
29309091,Captan,2,2,2,2,4,
29309093,Methylenebis(thiocyanate),12,12,12,12,10,
29309094,Dimethylthiophosphoramide,2,2,2,2,4,
29309095,O-ethyl s-phenyl ethylphosphonothiolothionate (fonofos),2,2,2,2,4,
29309096,"Hydrogen alkyl (C1 to C3) phosphonothiolothionates of [S-2-(dialkyl(C1-C3)amino)ethyl], their O-alkyl (up to C10, including cycloalkyl) esters; alkylated or protonated salts of these products",12,12,12,12,10,
29309097,"Other compounds with 1 phosphorus atom bonded to an alkyl group (C1 to C3), with no other carbon atoms",12,12,12,12,10,
29309098,Dithiocarbonates (xanthates),12,12,12,12,10,
29309099,Other organic thiocompounds,2,2,2,2,4,
29311000,- Tetramethyl lead and tetraethylene lead,2,2,2,2,4,
29312000,- Tributyltin compounds,2,2,2,2,4,
29319021,Bis (trimethylsilyl) urea,2,2,2,2,4,
29319029,Outros compostos organossilicicos,2,2,2,2,4,
29319031,"Ethephon; difenylphosphonate (4,4-bis)",2,2,2,2,4,
29319032,Glyphosate and its salt of monoisopropilamine,12,12,0,12,15,
29319033,Etidronate disodium,14,14,14,14,10,
29319034,Trichlorfon,12,12,9,12,10,
29319035,Glufosinate ammonium,2,2,2,2,4,
29319036,Hidrogenophosphonate bis (2-ethylhexyl),2,2,2,2,4,
29319037,Phosphonomethyliminodiacetic acid; trimethylphosphonic acid,4,12,9,12,10,
29319038,Clodronic acid and its disodium salt; fotemustine,2,2,2,2,4,
29319041,Triphenyltin acetate,2,2,2,2,4,
29319042,Tetraoctyltin,2,2,2,2,4,
29319043,Ciexatin,2,2,2,2,10,
29319044,Triphenyltin hydroxide,2,2,2,2,4,
29319045,Fembutatin oxide (fenbutatin oxide),12,12,12,12,10,
29319046,"Dimethyltin, dibutyltin and dioctyltin salts of carboxylic or thioglycolic acids and their esters",12,12,12,12,10,
29319049,Other organometallic compounds of tin,2,2,2,2,4,
29319051,Methylarsinic acid and its salts,2,2,2,2,4,
29319052,2-Chlorovinyldichloroarsine,2,2,2,2,4,
29319053,Bis(2-chlorovinyl)chloroarsine,2,2,2,2,4,
29319054,Tris (2-chlorevynil) arsine,2,2,2,2,4,
29319059,Other organo-arsenic compounds,2,2,2,2,4,
29319061,Ethyl aluminium trichloride (ethyl aluminum sesquichloride),12,12,12,12,10,
29319062,Chloride of diethylaluminium,12,12,12,12,10,
29319069,Other organic-aluminic compounds,2,2,2,2,4,
29319071,"Alkyl (from C1 to C3) O-alkyl phosphonofluoridates (up to C10, including cycloalkyls)",12,12,12,12,10,
29319072,O-isopropyl methylphosphonochloridate,12,12,12,12,10,
29319073,o-Pinacolyl methylphosphonochloride,12,12,12,12,10,
29319074,"Alkylphosphonyl difluoride, with alkyl group from C1 to C3",12,12,12,12,10,
29319075,"Hydrogen alkyl(C1-C3)phosphonites of [O-2-(dialkyl(C1-C3)amino)ethyl], their O-alkyl (up to C10, including cycloalkyl) esters; alkylated or protonated salts of these products",12,12,12,12,10,
29319076,"Other compounds containing a phosphorus atom bonded to an alkyl group (C1 to C3), with no other carbon atoms",12,12,12,12,10,
29319077,"N,N-Dialkyl (from C1 to C3) O-alkyl phosphoramidocyanidates (up to C10, including cycloalkyls)",12,12,12,12,10,
29319079,Other organophosphored compounds,12,12,12,12,10,
29319090,Other organo-inorganic compounds,2,2,2,2,4,
29321100,Tetrahydrofuran,2,2,2,2,4,
29321200,2-furaldehyde (furfuraldehyde),12,12,12,12,10,
29321310,Furfuryl alcohol,12,12,12,12,10,
29321320,Tetrahydrofurfuryl alcohol,2,2,2,2,4,
29321910,Ranitidine and its salts,2,2,2,2,4,
29321920,Nafronyl,2,2,2,2,4,
29321930,Nitrovin,14,14,14,14,10,
29321940,Bioresmethrin,12,12,12,12,10,
29321950,5-nitrofurfurylidene diacetate (NFDA),12,12,12,12,10,
29321990,"Heterocyclic compounds with 1 furane cyclice, not condensed",2,2,2,2,4,
29322000,Lactones,2,2,0,2,4,
29329100,Isosafrole,2,2,2,2,4,
29329200,"1-(1, 3-benzodioxol-5-yl)propan-2-one",2,2,2,2,4,
29329300,Piperonal,12,12,12,12,10,
29329400,Safrole,2,2,2,2,4,
29329500,Tetrahydrocannabinols (all isomers),2,2,2,2,4,
29329911,Eucalyptol,12,12,12,12,10,
29329912,Quercetin,14,14,14,14,10,
29329913,Sosorbide dinitrate,2,2,2,2,4,
29329914,Carbofuran,2,2,2,2,4,
29329991,Amiodarone hydrochloride,14,14,11,14,10,
29329992,"1,3,4,6,7,8-Hexahydro-4,6,6,7,8,8-hexamethylcyclopenta-gamma-2-benzopyran",12,12,12,12,10,
29329993,Dibenzylidene-sorbitol,14,14,14,14,10,
29329994,"Carbosulfan (2,3-dihydro-2,2-dimethylbenzofuran-7-yl(dibutylaminothio)methylcarbamate)",2,2,2,2,4,
29329999,Other heterocyclic compounds with oxygen hetero-atoms,2,2,2,2,4,
29331111,Dipyrone,2,2,0,2,4,
29331112,Magnopyrol,2,2,2,2,4,
29331119,"Other 1-Phenyl-2,3-dimethyl-5-pyrazolone-4-methylaminomethanesulfonic acid and its salts, except dipyrone and magnopirol (""magnesium dipyrone"")",2,2,0,2,4,
29331120,"Methylenebis(4-methylamino-1-phenyl-2, 3-dimethyl)pyraz",2,2,2,2,4,
29331190,Other phenazone (antipyrin) and its derivatives,2,2,2,2,4,
29331911,Phenylbutazone calcium,2,2,2,2,4,
29331919,"Other phenylbutazone, its salts",2,2,2,2,4,
29331990,"Other heterocyclic compounds with 1 cycle pyrazole, not condensed",2,2,2,2,4,
29332110,Iprodione,2,2,2,2,4,
29332121,Phenytoin and its sodium salt,14,14,14,14,10,
29332129,Other phenytoin salts,2,2,2,2,4,
29332190,Other hydantoin and its derivatives,2,2,2,2,4,
29332911,2-metil-5-nitroimidazol,2,2,2,2,4,
29332912,Metronidazole and its salts,14,14,11,14,10,
29332913,Tinidazole,14,14,11,14,10,
29332919,Other heterocyclic compounds with 1 nitroimidazole,2,2,2,2,4,
29332921,Econazole and its nitrate,14,14,11,14,10,
29332922,Miconazol nitrate,14,14,11,14,10,
29332923,Clonidine hydrochloride,2,2,2,2,4,
29332924,Isoconazole nitrate,2,2,2,2,4,
29332925,Clotrimazole,2,2,2,2,4,
29332929,Heterocyclic compounds with chlorinated benzene cycle,2,2,2,2,4,
29332930,Cimetidine and its salts,2,2,2,2,4,
29332940,4-methyl-5-hydroxymethylimidazole and its salts,12,12,12,12,10,
29332991,Imidazole,2,2,2,2,4,
29332992,Histidine and its salts,2,2,2,2,4,
29332993,Ondansetron and its salts,2,2,2,2,4,
29332994,1-hydroxyethyl-2-undecanoylimidazoline,12,12,12,12,10,
29332995,1-hydroxyethyl-2-(8-heptadecanoyl)imidazoline,12,12,12,12,10,
29332999,Other heterocyclic compounds 1 cycle imidazole not condensed,2,2,2,2,4,
29333110,Pyridine,2,2,2,2,4,
29333120,Salts of pyridine,2,2,2,2,4,
29333200,Piperidine and its salts,2,2,2,2,4,
29333311,Alfentanil,2,2,2,2,4,
29333312,Anileridine,2,2,2,2,4,
29333319,Salts of alfentanil or anileridine,2,2,2,2,4,
29333321,Bezitramide,2,2,2,2,4,
29333322,Bromazepam,12,12,0,12,10,
29333329,Salts of bezitramida or bromazepam,2,2,2,2,0,
29333330,Ketobemidone and its salts,2,2,2,2,4,
29333341,Diphenoxylate,2,2,2,2,4,
29333342,Diphenoxylate hydrochloride,14,14,14,14,10,
29333349,Other diphenoxylate salts,2,2,2,2,4,
29333351,Diphenoxin,2,2,2,2,4,
29333352,Dipipanone,2,2,2,2,4,
29333359,Salts of difenoxin or dipipanona,2,2,2,2,4,
29333361,Phencyclidine,2,2,2,2,4,
29333362,Phenoperidine,2,2,2,2,4,
29333363,Fentanyl,2,2,2,2,4,
29333369,"Salts of phencyclidine, phenoperidine or fentanyl",2,2,2,2,4,
29333371,Methylphenidate,2,2,2,2,4,
29333372,Pentazocine,2,2,2,2,4,
29333379,Salts of methylphenidate or pentazocine,2,2,2,2,4,
29333381,Pethidine,2,2,2,2,4,
29333382,Pethidine intermediate,2,2,2,2,4,
29333383,Pipradrol,2,2,2,2,4,
29333384,Pethidine hycrochloride,14,14,14,14,10,
29333389,Other salts of pethidine or of intermediate A of pethidine and pipradol,2,2,2,2,4,
29333391,Piritramide,2,2,2,2,4,
29333392,Propiram,2,2,2,2,4,
29333393,Trimeperidine,2,2,2,2,4,
29333399,Other of piritramide or trimeperidine,2,2,2,2,4,
29333912,Droperidol,12,12,9,12,10,
29333913,Niflumic acid,2,2,2,2,4,
29333914,Haloxifop (rs)-2-[4-(3-chloro-5-trifluoromethyl-etc,2,2,2,2,4,
29333915,Haloperidol,2,2,2,2,4,
29333919,"Other heterocyclic compounds which structure contains fluorine, bromine, or both, in covalent bond",2,2,0,2,4,
29333921,Picloram,2,2,2,2,4,
29333922,Chlorpyrifos,2,2,2,2,4,
29333923,Clebopride malate acid,14,14,14,14,10,
29333924,Cloperamide hydrochloride,14,14,11,14,10,
29333925,(2-methyl-3-chloroaniline)nicotinic acid/lysine salts,14,14,14,14,10,
29333929,"Other heterocyclic compounds which structure contains chlorine but does not contain fluorine or bromine, in a covalent bond",2,2,2,2,4,
29333931,Terfenadine,14,14,11,14,10,
29333932,Biperiden and its salts,2,2,2,2,4,
29333933,Isonicotinic acid,2,2,2,2,4,
29333934,"5-ethyl-2, 3-dicarboxypyridine (5-epdc)",2,2,2,2,4,
29333935,Mazetapir (rs)-5-ethyl-2-(4-isopropyl-4-methyl-5-etc.,14,14,0,14,15,
29333936,Quinuclidine-3-ol,2,2,2,2,4,
29333939,Pentazocine and its salts,2,2,2,2,4,
29333943,Nifedipine,14,14,11,14,10,
29333944,Nitrendipine,14,14,14,14,10,
29333945,Pirilamine maleate,14,14,14,14,10,
29333946,Omeprazole,2,2,2,2,4,
29333947,3-quinuclidinyl benzylate,2,2,2,2,4,
29333948,Nimodipine,12,12,0,12,10,
29333949,"Other compounds which structure contains ether, ester, or both functions, but does not contain alcohol or carboxylic acid functions or covalently bonded halogens",2,2,2,2,4,
29333981,Benzetamide hydrochloride,14,14,14,14,10,
29333982,Mepivacaine hydrochloride,14,14,14,14,10,
29333983,Bupivacaine hydrochloride,14,14,14,14,10,
29333984,Paraquat dichloride,12,12,9,12,10,
29333989,Other heterocyclic compounds which structure contains a piridine cycle (hydrogenated or not) N-substituted with alkyl or aryl radicals,2,2,2,2,4,
29333991,Phenazopyridine hydrochloride,2,2,2,2,4,
29333992,Isoniazid,2,2,2,2,4,
29333993,3-cyanopyridine,2,2,2,2,4,
29333994,"4, 4'-bipiridine",2,2,2,2,4,
29333999,Other heterocyclic compounds 1 cycle piridine not condensed,2,2,0,2,4,
29334110,Levorphanol,2,2,2,2,4,
29334120,Salts of levorphanol,2,2,2,2,4,
29334911,"2, 3-quinolinedicarboxylic acid",2,2,2,2,4,
29334912,Rosoxacin,2,2,2,2,4,
29334913,I-mazaquin,14,14,14,14,10,
29334919,Other derivatives of quinolinedicarboxylic acid,2,2,2,2,4,
29334920,Oxamniquine,2,2,2,2,4,
29334930,Broxyquinoline,2,2,2,2,4,
29334940,Esters of levorphanol,2,2,2,2,4,
29334990,Other compounds which structure contains cycles of quinoleine,2,2,2,2,4,
29335200,Malonylurea (barbituric acid) and its salts,2,2,2,2,4,
29335311,Allobarbital and its salts,2,2,2,2,4,
29335312,Amobarbital and its salts,2,2,2,2,4,
29335321,Barbital and its salts,2,2,2,2,4,
29335322,Butalbital and its salts,2,2,2,2,4,
29335323,Butethal and its salts,2,2,2,2,4,
29335330,Cyclobarbital and its salts,2,2,2,2,4,
29335340,Phenobarbital and its salts,14,14,14,14,10,
29335350,Methylphenobarbital and its salts,2,2,2,2,4,
29335360,Pentobarbital and its salts,2,2,2,2,4,
29335371,Secbutabarbital and its salts,2,2,2,2,4,
29335372,Secobarbital and its salts,2,2,2,2,4,
29335380,Vinylbital and its salts,2,2,2,2,4,
29335400,Other derivatives of malonylurea (barbituric acid),2,2,2,2,4,
29335510,Loprazolam and its salts,2,2,2,2,4,
29335520,Mecloqualone and its salts,2,2,2,2,4,
29335530,Methaqualone and its salts,2,2,2,2,4,
29335540,Zipeprol and its salts,2,2,2,2,4,
29335911,Oxatomide,2,2,2,2,4,
29335912,Praziquantel,14,14,14,14,10,
29335913,Norfloxacin and its nicotinate,2,2,2,2,0,
29335914,Flunarizine and its dihydrochloride,2,2,2,2,4,
29335915,"Enrofloxacin, piperazine salts",12,12,12,12,10,
29335916,Buspirone hydrochloride,2,2,2,2,4,
29335919,Other heterocyclic compounds with piperazine ring,2,2,2,2,4,
29335921,Bromacyl,14,14,14,14,E,
29335922,Terbacil,2,2,2,2,4,
29335923,Fluorouracil,2,2,2,2,4,
29335929,"Other heterocyclic compound, pirimidine cycles, halogens in covalent bond",2,2,2,2,4,
29335931,Propythiouracil,14,14,14,14,10,
29335932,Diazinon,2,2,2,2,4,
29335933,Pyrazophs,2,2,2,2,4,
29335934,Azathioprine,14,14,14,14,10,
29335935,6-mercaptopurine,14,14,14,14,10,
29335939,"Other heterocyclic compounds, sulphur, without halogens in covalent bond",2,2,2,2,4,
29335941,Trimethoprim,14,14,11,14,10,
29335942,Acyclovir,2,2,2,2,4,
29335943,Dipiridamol tosylates,2,2,2,2,4,
29335944,Nicarbazine,14,14,14,14,10,
29335945,Menadione dimethylpyramidinol bisulphite,8,8,8,8,8,
29335949,"Other heterocyclic compound pyrimidine cycle, alcohol/ether functions",2,2,2,2,4,
29335991,Minoxidil,2,2,2,2,4,
29335992,2-aminopyrimidine,14,14,14,14,10,
29335999,Other heterocyclic compound with pyrimidine/piperazine cycle,2,2,2,2,0,
29336100,Melamine,2,2,2,2,4,
29336911,"2, 4, 6-trichlorotriazine (cyanuric chloride)",2,2,2,2,4,
29336912,Mercaptodichlorotriazine,2,2,2,2,4,
29336913,Atrazine,35,12,9,12,10,
29336914,Simazine,12,12,9,12,10,
29336915,Cyanazine,2,2,2,2,4,
29336916,Anilazine,2,2,2,2,4,
29336919,Other heterocyclic compound triazine cycle with chlorine covalent bond,2,2,2,2,4,
29336921,"N, n, n-trihydroxyethylhexahydrotriazine",14,14,14,14,10,
29336922,Hexazinon,2,0,2,2,4,
29336923,Metribuzin,2,2,2,2,4,
29336929,Other heterocyclic compounds triazine cycle without chlorine covalent bond,2,2,2,2,4,
29336991,Ametryn,14,2,14,14,10,
29336992,Methenamine (hexamethenamine) and its salts,14,14,14,14,10,
29336999,Other heterocyclic compounds 1 triazine cycle not condensed,2,2,2,2,4,
29337100,6-hexanelactam (epsilon-caprolactam),12,12,12,12,10,
29337210,Clobazam,2,2,2,2,4,
29337220,Methyprylon,2,2,2,2,4,
29337910,Piracetam,2,2,2,2,4,
29337990,Other lactams,2,2,2,2,4,
29339111,Alprazolam,12,12,12,12,10,
29339112,Camazepam,2,2,2,2,4,
29339113,Clonazepam,2,2,2,2,4,
29339114,Clorazepate,2,2,2,2,4,
29339115,Chlordiazapoxide,12,12,12,12,10,
29339119,"Salts of alprazolam, camazepam, clonazepam, clorazepate and chlordiazepoxide",2,2,2,2,4,
29339121,Delorazepam,2,2,2,2,4,
29339122,Diazepam,14,14,14,14,10,
29339123,Estazolam,2,2,2,2,4,
29339129,"Salts of delorazepam, diazepam or estazolam",2,2,2,2,4,
29339131,Fludiazepam,2,2,2,2,4,
29339132,Flunitrazepam,2,2,2,2,4,
29339133,Flurazepam,2,2,2,2,4,
29339134,Halazepam,2,2,2,2,4,
29339139,"Salts of fludiazepam, flunitrazepam, flurazepam and halazepam",2,2,2,2,4,
29339141,Ethyl loflazepate,2,2,2,2,4,
29339142,Lorazepam,2,2,2,2,4,
29339143,Lormetazepam,2,2,2,2,4,
29339149,"Salts of ethyl loflazepate, lorazepam, and lormetazepam",2,2,2,2,4,
29339151,Mazindol,14,14,14,14,10,
29339152,Medazepam,2,2,2,2,4,
29339153,Midazolam,14,14,14,14,10,
29339159,"Salts of mazindol, medazepam or midazolam",2,2,2,2,4,
29339161,Nimetazepam,2,2,2,2,4,
29339162,Nitrazepam,2,2,2,2,4,
29339163,Nordazepam,2,2,2,2,4,
29339164,Oxazepam,2,2,2,2,4,
29339169,"Salts of nimetazepam, nitrazepam, nordazepam, oxazepam",2,2,2,2,4,
29339171,Pinazepam,2,2,2,2,4,
29339172,Pyrovalerone,2,2,2,2,4,
29339173,Prazepam,2,2,2,2,4,
29339179,"Salts of pinazepam, pirovalerona or prazepam",2,2,2,2,4,
29339181,Temazepam,2,2,2,2,4,
29339182,Tetrazepam,2,2,2,2,4,
29339183,Triazolam,12,12,12,12,10,
29339189,"Salts of temazepam, tetrazepam and triazolam",2,2,2,2,4,
29339911,Pyrazinamide,14,14,14,14,10,
29339912,Amiloride hydrochloride,2,2,2,2,4,
29339913,Pindolol,2,2,2,2,4,
29339919,Other heterocyclic compounds which structure contains an uncondensed pyrazine cycle or indole cycles (hydrogenated or not) without other condensations,2,2,2,2,4,
29339920,Other heterocyclic compounds which structure contains diazepine cycle (hydrogenated or not),2,2,2,2,4,
29339931,Iminostilbene,2,2,2,2,4,
29339932,Carbamazepine,14,14,14,14,10,
29339933,Clomipramine hydrochloride,2,2,2,2,4,
29339934,Molinate (s-ethyl hexahydroazepin-1-carbothioate),2,2,2,2,4,
29339935,Hexamethyleneimine,2,2,2,2,4,
29339939,Other heterocyclic compounds which structure contains azepine cycle (hydrogenated or not),2,2,2,2,4,
29339941,"Clemastine, its derivatives and its salts",2,2,2,2,4,
29339942,Amisulpride,2,2,2,2,4,
29339943,Sultopride,2,2,2,2,4,
29339944,Alizapride,2,2,2,2,4,
29339945,Buflomedil its derivatives and its salts,2,2,2,2,4,
29339946,Enalapril maleate,14,14,0,14,10,
29339947,Ketorolac tromethamine salt,2,2,0,2,4,
29339949,Other heterocyclic compounds which structure contains pyrrole cycle (hydrogenated or not),2,2,2,2,4,
29339951,Benomyl,2,2,2,2,4,
29339952,Oxfendazole,14,14,11,14,10,
29339953,Albendazole and albendazole sulphoxide,14,14,11,14,10,
29339954,Mebendazole,14,14,11,14,10,
29339955,Flubendazole,14,14,11,14,10,
29339956,Fembendazole,14,14,11,14,10,
29339959,Other heterocyclic compounds which structure contains imidazole cycle (hydrogenated or not),2,2,2,2,4,
29339961,Triadimenol,2,2,2,2,4,
29339962,Triadimefon,2,2,2,2,4,
29339963,"Triazofos(O, O-diethyl O-(1-phenyl -1H-1,2,4-triazol-3-yl) phosphorothioate)",2,2,2,2,4,
29339969,"Otherheterocyclic compounds which structure contains a triazole cycle (hydrogenated or not), not condensed",2,2,0,2,4,
29339991,Azinfos-ethyl,2,2,2,2,4,
29339992,Nalidixic acid,2,2,2,2,4,
29339993,Clofazimine,14,14,14,14,10,
29339995,Amezinium methyl sulphate,14,14,14,14,10,
29339996,Maleic hydrazide and its salts,12,12,12,12,10,
29339999,Other heterocyclic compounds with nitrogen hetero-atom,2,2,0,2,4,
29341010,Fentiazac,2,2,2,2,4,
29341020,Thiazolidine hydrochloride,14,14,14,14,10,
29341030,Thiabendizole,2,2,2,2,0,
29341090,Other heterocyclic compounds with 1 thiazole ring not condensed,2,2,2,2,4,
29342010,2-mercaptobenzothiazole and its salts,14,14,14,14,10,
29342020,"2, 2'-dithiobis(benzothiazole)(benzothiazole disulphide)",14,14,14,14,10,
29342031,3-(Tert-butylaminothio)benzothiazole(N-tertbutylbenzothiazol-sulfenamide),14,14,14,14,10,
29342032,2-(Cyclohexylaminothio)benzothiazole(N-cyclohexylbenzothiazol-sulfenamide),14,14,14,14,10,
29342033,"2-(Dicyclohexylaminothio)benzothiazole(n, N-dicyclohexxyl-benzothiazol-sulfenamide)",14,14,14,14,10,
29342034,2-(4-Morpholinylthio)benzothiazole(N-oxydiethylene benzothiazol-sulfenamide),14,14,14,14,10,
29342039,Other sulphenamide benzothiazole,14,14,14,14,10,
29342040,2-(thiocyanomethylthio) benzothiazole (TCMTB),14,14,14,14,10,
29342090,"Other benzothiazole sulfenamides, except 2-(Tiocianometiltio)benzotiazol (TCMTB)",2,2,2,2,4,
29343010,Methotrimeprazine maleate (levomepromazine maleate),2,2,2,2,4,
29343020,Fluphenazine enanthate,12,12,12,12,10,
29343030,Promethazine,2,2,2,2,4,
29343090,Other heterocyclic compounds which structure contains phenotiazine cycles (hydrogenated or not) without other condensations,2,2,2,2,4,
29349111,Aminorex and its salts,2,2,2,2,4,
29349112,Brotizolam and its salts,2,2,2,2,4,
29349121,Clotiazepam,2,2,2,2,4,
29349122,Cloxazolam,12,12,12,12,10,
29349123,Dextromoramide,2,2,2,2,4,
29349129,"Salts of clotiazepam, cloxazolam, dextromoramide",2,2,2,2,4,
29349131,Phendimetrazine and its salts,2,2,2,2,4,
29349132,Phenmetrazine and its salts,2,2,2,2,4,
29349133,Haloxazolam and its salts,2,2,2,2,4,
29349141,Ketazolam,14,14,11,14,10,
29349142,Mesocarb,2,2,2,2,4,
29349149,Salts of ketazolam and mesocarb,2,2,2,2,4,
29349150,Oxazolam and its salts,2,2,2,2,4,
29349160,Pemoline and its salts,2,2,2,2,4,
29349170,Sufentanil and its salts,2,2,2,2,4,
29349911,Morpholine and its salts,2,2,2,2,4,
29349912,Pirenoxine sodium salt (catalin sodium),2,2,2,2,4,
29349913,Nimorazol,2,2,2,2,4,
29349914,"Isatoic anhydride (2H-3, 1-benzoxazine-2, 4-(1H)-dione)",2,2,2,2,4,
29349915,"4, 4'-dithiodimorpholine",14,14,11,14,10,
29349919,Other heterocyclic compounds,2,2,2,2,4,
29349922,Zidovudine (AZT),0,12,12,12,10,
29349923,Thymidine,0,0,0,0,0,
29349924,Furazolidone,12,12,12,12,10,
29349925,Cytarabine,2,2,2,2,4,
29349926,Oxadiazon,2,2,2,2,4,
29349927,Stavudine,12,12,12,12,10,
29349929,Other heterocyclic compounds with 3 nitrogen heteroatom,2,2,2,2,4,
29349931,Ketoconazole,14,14,0,14,10,
29349932,Prazosin hydrochloride,2,2,2,2,4,
29349933,Talniflumate,14,14,14,14,10,
29349934,Nucleic acids and their salts,14,14,14,14,10,
29349935,Propiconazole,14,14,14,14,10,
29349939,Other heterocyclic compounds with nitrogen heteroatom,2,14,2,2,4,
29349941,Thiophene,2,2,2,2,4,
29349942,6-aminopennicillanic acid,4,4,4,4,8,
29349943,7-aminocephalsporanic acid,2,2,2,2,4,
29349944,7-aminodesacetoxycephalosporanic acid,2,2,2,2,4,
29349945,Chlormezanone,2,2,2,2,4,
29349946,9-(n-methyl-4-piperidinylidene) thioxanthene,14,14,14,14,10,
29349949,Other heterocyclic compounds with sulfur heteroatom,2,2,2,2,4,
29349951,Tebuthiuron,2,2,2,2,4,
29349952,Tetramisole,2,2,2,2,4,
29349953,Levamisole and its salts,2,2,0,2,4,
29349954,Tioconazole,14,14,14,14,10,
29349959,Other heterocyclic compounds with 3 sulfur heteroatom,2,2,2,2,4,
29349961,Tizanidine hydrochloride,12,12,12,12,10,
29349969,Other heterocyclic compounds with sulfur heteroatom,2,2,2,2,4,
29349991,Timolol,2,2,2,2,4,
29349992,Timolol acid maleate,2,2,2,2,4,
29349993,Lamivudine,12,12,12,12,10,
29349999,Other heterocyclic compounds,2,2,0,2,4,
29350011,Sulfadiazine and its sodium salt,14,14,11,14,10,
29350012,Chlorthalidone,2,2,2,2,4,
29350013,Sulpiride,2,2,2,2,4,
29350014,Veralipride,2,2,2,2,4,
29350015,"Sulfamethazine(4, 6-dimethyl-2-sulphanilamidopyrimidine) and its sodium salt",2,2,2,2,4,
29350019,Other sulphonamides with heterocycle(s) with nitrogen heteroatom(s),2,2,0,2,4,
29350021,Furosemide,14,14,14,14,10,
29350022,Phthalylsulfathiazole,14,14,11,14,10,
29350023,Piroxicam,12,12,12,12,10,
29350024,Tenoxicam,12,12,12,12,10,
29350025,Sulfamethoxazole,14,14,11,14,10,
29350029,Other sulphonamides with other heterocyclics,2,2,2,2,0,
29350091,Chloramine-b and chloramine-t,2,2,2,2,4,
29350092,Gliburide,14,14,14,14,10,
29350093,Toluenesulphonamides,14,14,14,14,10,
29350094,Nimesulide,14,14,11,14,10,
29350095,Bumetanide,2,2,2,2,4,
29350096,Sulfaguanidine,2,2,2,2,4,
29350097,Sulfluramid,14,14,14,14,10,
29350099,Other sulphonamides,2,2,0,2,4,
29362111,Vitamin A1 alcohol (retinol),2,2,2,2,4,
29362112,Acetate of vitamin A1 alcohol,2,2,2,2,10,
29362113,Palmitate of vitamin A1 alcohol,2,2,2,2,4,
29362119,"Other derivatives of vitamin A1 alcohol, unmixed",2,2,2,2,4,
29362190,"Other vitamin A and their derivatives, unmixed",2,2,2,2,4,
29362210,"Vitamin B1 hydrochloride (thiamine), unmixed",2,2,0,2,4,
29362220,"Vitamin B1 mononitrate (thiamine), unmixed",2,2,2,2,4,
29362290,"Other vitamin B1 and its derivatives, unmixed",2,2,2,2,4,
29362310,"Vitamin B2 (riboflavin), unmixed",2,2,2,2,4,
29362320,"5'-phosphate sodium of vitamin B2, unmixed",2,2,2,2,10,
29362390,"Other derivatives of vitamin B2, unmixed",2,2,2,2,4,
29362410,"Calcium d-pantothenate, unmixed",2,2,2,2,4,
29362490,Other d-or dl-pantothenic acid (vitamin B3/vitamin B5) and derivatives,2,2,2,2,4,
29362510,"Vitamin B6, unmixed",2,2,2,2,4,
29362520,"Pyridoxine hydrochloride, unmixed",2,2,2,2,4,
29362590,"Other derivatives of vitamin B6, unmixed",2,2,2,2,4,
29362610,"Vitamin B12 (cyanocobalamin), unmixed",14,14,0,14,10,
29362620,"Cobamamide, unmixed",2,2,2,2,4,
29362630,"Hydroxocobalamin and its salts, unmixed",14,14,14,14,E,
29362690,"Other derivatives of vitamin B12, unmixed",2,2,2,2,4,
29362710,"Vitamin C (l- or dl-ascorbic acid), unmixed",2,2,0,2,4,
29362720,"Sodium ascorbate, unmixed",2,2,2,2,10,
29362790,"Other derivatives of vitamin C, unmixed",2,2,2,2,4,
29362811,"L- or dl-a-tocopherol, unmixed",0,0,0,0,0,
29362812,"D- or dl-a-tocopherol acetate, unmixed",0,0,0,0,0,
29362819,"Other d- or dl-alpha-tocopherol derivatives, unmixed",0,0,0,0,0,
29362890,"Other vitamin and its derivatives, unmixed",2,2,2,2,4,
29362911,"Vitamin B9 (folic acid) and its salts, unmixed",2,2,2,2,4,
29362919,"Other derivatives of vitamin B9, unmixed",2,2,2,2,4,
29362921,"Vitamin D3 (cholecalciferol), unmixed",2,2,2,2,4,
29362929,"Other vitamins D and their derivatives, unmixed",2,2,2,2,4,
29362931,"Vitamin H (biotin), unmixed",0,0,0,0,0,
29362939,"Other derivatives of vitamin H, unmixed",2,2,2,2,4,
29362940,"Vitamins K and their derivatives, unmixed",2,2,2,2,4,
29362951,"Nicotinic acid, unmixed",2,2,2,2,4,
29362952,Nicotinic unmixed,14,14,11,14,10,
29362953,"Sodium nicotinate, unmixed",2,2,2,2,4,
29362959,"Sodium nicotinate, unmixed",14,14,14,14,10,
29362990,"Other vitamins and their derivatives, unmixed",2,2,2,2,4,
29369000,"Provitamins and vitamins, unmixed",2,2,2,2,4,
29371100,"Somatropin, its derivatives and structural analogues",2,2,2,2,4,
29371200,Insulin and its salts,14,14,14,14,E,
29371910,ACTH (corticotrophin),2,2,2,2,4,
29371920,HGC (chorionic gonadotrophin),14,14,14,14,E,
29371930,PMSG (serum gonadotrophin),2,2,2,2,4,
29371940,Menotropins,14,14,14,14,10,
29371950,Oxytocin,12,12,12,12,10,
29371990,"Other hormones polypeptide, proteins, etc.",2,2,2,2,4,
29372110,Cortisone,2,2,2,2,4,
29372120,Hydrocortisone,2,2,2,2,4,
29372130,Prednisone (dihydrocortisone),2,2,2,2,4,
29372140,Prednisone (dehydrohydrocortisone),2,2,2,2,4,
29372210,Dexamethasone and its acetates,2,2,0,2,4,
29372221,Triamcinolone acetonide,2,2,2,2,4,
29372229,Triamcinolone and other derivatives,2,2,2,2,4,
29372231,Diflucortolone valerate,2,2,2,2,4,
29372239,Flucortolone and its derivatives,2,2,2,2,4,
29372290,Other halogenated derivatives corticossupra-renal hormones,2,2,2,2,4,
29372310,Medroxyprogesterone and its derivatives,2,2,2,2,4,
29372321,L-norgestrel (levonorgestrel),2,2,2,2,4,
29372322,Dl-norgestrel,2,2,2,2,4,
29372329,L-norgestrel and other derivatives,2,2,2,2,4,
29372331,Oestriol and its succinate,12,12,12,12,10,
29372339,Derivatives and salts of oestriol,2,2,2,2,4,
29372341,Oestradiol hemisuccinate,14,14,14,14,10,
29372342,Oestradiol phenpropionate (estradiol 17-(3-phenylpropionate),14,14,14,14,10,
29372349,"Oestradiol, other esters, salts and derivatives",2,2,2,2,4,
29372351,Allyloestrenol,12,12,12,12,10,
29372359,Esters and salts of allyloestrenol,2,2,2,2,4,
29372360,Desogestrel,12,12,12,12,10,
29372370,Lynestrenol,12,12,12,12,10,
29372391,Etynodiol acetate,2,2,2,2,4,
29372392,Gestodene,14,14,0,14,10,
29372399,Other oestrogens and progestogens,2,2,0,2,0,
29372910,Methylprednisolone and its derivatives,2,2,2,2,4,
29372920,Hydrocortisone sodium 21-succinate,2,2,2,2,4,
29372931,Cyproterone acetate,2,2,2,2,4,
29372939,Cyproterone and its derivatives,2,2,2,2,4,
29372940,Mesterolone and its derivatives,2,2,2,2,4,
29372950,Spironolactone,14,14,14,14,10,
29372960,Deflazacort,2,2,2,2,10,
29372990,Other corticossupra-renal hormones and its derivatives,2,2,2,2,4,
29375000,"Prostaglandins, thromboxanes and leukotrienes",2,2,2,2,0,
29379010,Tiratricol (triac) and its sodium salt,14,14,14,14,10,
29379030,Sodium levothyroxine,12,12,12,12,E,
29379040,Sodium liothyronine,12,12,12,12,10,
29379090,"Other hormones, prostaglandins, etc.",2,2,2,2,10,
29381000,Rutoside (rutin) and its derivatives,6,12,12,12,10,
29389010,Deslanoside,2,2,2,2,4,
29389020,Stevioside,14,14,14,14,10,
29389090,"Other heterosides, its salts, ethers, esters and derivatives",2,2,2,2,4,
29391110,Concentrates of poppy straw,2,2,2,2,4,
29391121,Buprenorphine and its salts,2,2,2,2,4,
29391122,Codeine and its salts,12,12,0,12,10,
29391123,Dihydrocodeine and its salts,2,2,2,2,4,
29391131,Ethylmorphine and its salts,2,2,2,2,4,
29391132,Etorphine and its salts,2,2,2,2,4,
29391140,Pholcodine and its salts,2,2,2,2,4,
29391151,Heroin and its salts,2,2,2,2,4,
29391152,Hydrocodone and its salts,2,2,2,2,4,
29391153,Hydromorphone and its salts,2,2,2,2,4,
29391161,Morphine,2,2,2,2,4,
29391162,Morphine hydrochloride and morphine sulphate,2,2,2,2,4,
29391169,Morphine hydrochloride and sulfate and others,2,2,2,2,4,
29391170,Nicomorphine and its salts,2,2,2,2,4,
29391181,Oxycodone and its salts,2,2,2,2,4,
29391182,Oxymorphone and its salts,2,2,2,2,4,
29391191,Thebacon and its salts,2,2,2,2,4,
29391192,Thebaine and its salts,2,2,2,2,4,
29391900,"Other opium alkaloids, its derivatives and its salts",2,2,2,2,4,
29392000,"Cinchona alkaloids, their derivatives and salts",2,2,2,2,4,
29393010,Caffeine,2,2,2,2,4,
29393020,Salts of caffeine,2,2,2,2,4,
29394100,Ephedrine and its salts,2,2,2,2,4,
29394200,Pseudoephedrine (inn) and its salts,2,2,2,2,4,
29394300,Cathine (inn) and its salts,2,2,2,2,4,
29394400,Norephedrine and its salts,2,2,2,2,4,
29394900,Other derivatives of ephedrine and its salts,2,2,2,2,4,
29395100,Fenethylline (inn) and its salts,2,2,2,2,4,
29395910,Theophylline,2,2,2,2,4,
29395920,Aminophylline,2,2,2,2,4,
29395990,Other derivatives and salts of theophylline or aminophylline,2,2,2,2,4,
29396100,Ergometrine (inn) and its salts,2,2,2,2,4,
29396200,Ergotamine (inn) and its salts,2,2,2,2,4,
29396300,Lysergic acid and its salts,2,2,2,2,4,
29396911,Methylergometrine maleate,2,2,2,2,4,
29396919,Other derivatives of ergometrine (inn) and its salts,2,2,2,2,4,
29396921,Dihydroergotamine mesylate,2,2,2,2,4,
29396929,Other derivatives of ergotamine (inn) and its salts,2,2,2,2,4,
29396931,Dihydroergocornine mesylate,2,2,2,2,4,
29396939,Ergocornine and other derivatives and salts,2,2,2,2,4,
29396941,Alpha-dihydroergocryptine mesylate,2,2,2,2,4,
29396942,Beta-dihydroergocryptine mesylate,2,2,2,2,4,
29396949,Ergocriptine and other derivatives and salts,2,2,2,2,4,
29396951,Ergocristine,2,2,2,2,4,
29396952,Dihydroergocryptine methanesulphonate,2,2,2,2,4,
29396959,Other derivatives of ergocristine and its salts,2,2,2,2,4,
29396990,"Other alkaloids of rye ergot, its derivatives",2,2,2,2,4,
29399111,Cocaine and its salts,2,2,2,2,4,
29399112,Ecgonine and its salts,2,2,2,2,4,
29399119,Esters and derivatives of cocaine or ecgonine,2,2,2,2,4,
29399120,"Levamfetamine, its salts, esters and other derivatives",2,2,2,2,4,
29399130,"Methamphetamine, its salts, esters and other derivatives",2,2,2,2,4,
29399140,"Methamphetamine racemate, its salts, esters and other derivatives",2,2,2,2,4,
29399911,N-butylscopolammonium bromide,2,2,2,2,4,
29399919,Scopolamine and other derivatives and its salts,2,2,2,2,4,
29399920,"Theobromine, its derivatives and its salts",2,2,2,2,4,
29399931,"Pilocarpine, its nitrate and its hydrochloride",14,14,14,14,10,
29399939,Salts of pilocarpine,2,2,2,2,4,
29399940,Thiocolchicoside,14,14,14,14,10,
29399990,"Other vegetable alkaloids, natural, etc.",2,2,2,2,4,
29400011,Galactose,2,2,2,2,4,
29400012,Arabinose,14,14,14,14,10,
29400013,Ramnose,14,14,14,14,10,
29400019,"Other sugars, chemically pure",2,2,2,2,4,
29400021,Lactobionic acid,12,12,12,12,10,
29400022,Calcium lactobionate,12,12,12,12,10,
29400023,Calcium bromolactobionate,2,2,2,2,4,
29400029,"Other lactobionic acid, its salts and esters; halogenated, sulfonated, nitrated or nitrosated derivatives of these products",2,2,2,2,4,
29400092,"Calcium or sodium fructose-1, 6-diphosphate",2,2,2,2,4,
29400093,Maltitol,14,14,14,14,10,
29400094,Calcium lactogluconate,2,2,2,2,4,
29400099,Other ethers and esters of sugars and its salts,2,2,2,2,10,
29411010,Ampicillin and its salts,2,2,0,2,4,
29411020,Amoxicillin and its salts,2,2,0,2,4,
29411031,Penicillin V potassium,2,2,2,2,4,
29411039,"Other penicillin V potassium, derivatives and salts",2,2,2,2,4,
29411041,Penicillin G potassium,14,14,11,14,10,
29411042,Penicillin G benzathine,14,14,0,14,10,
29411043,Penicillin G procaine,14,14,0,14,10,
29411049,"Other penicillin G, derivatives and salts",2,2,2,2,4,
29411090,"Other penicillin, its derivatives with penicillanic acid and its salts",2,2,2,2,4,
29412010,Streptomycins sulphates,2,2,2,2,4,
29412090,"Streptomycins, other derivatives and its salts",2,2,2,2,4,
29413010,Tetracycline hydrochloride,2,2,2,2,4,
29413020,Oxytetracycline,2,2,2,2,4,
29413031,Minocycline,2,2,2,2,4,
29413032,Salts of minocycline,2,2,2,2,4,
29413090,"Tetracyclines, other derivatives and salts",2,2,2,2,4,
29414011,"Chloramphenicol, its palmitate, its succinate or its hemisuccinate",2,2,2,2,4,
29414019,Other esters of chloramphenicol,2,2,0,2,4,
29414020,Thiamphenicol and its esters,2,2,2,2,4,
29414090,Other derivatives and salts of chloramphenicol,2,2,2,2,4,
29415010,Clarithromycin,2,2,2,2,4,
29415020,Erythromycin and its salts,14,14,11,14,10,
29415090,Other derivatives of erythromycin and its salts,2,2,0,2,4,
29419011,Rifamycin S,2,2,2,2,4,
29419012,Rifamycin AMP,2,2,2,2,4,
29419013,Rifamycin SV sodium,2,2,2,2,4,
29419019,"Other rifamycin, its derivatives and its salts",2,2,2,2,4,
29419021,Lincomycin hydrochloride,2,2,2,2,4,
29419022,Clindamycin phosphate,2,2,2,2,4,
29419029,"Lincomycin, other derivatives and its salts",2,2,2,2,4,
29419031,Cefadroxil and its salts,2,2,2,2,4,
29419032,Cefoperazone and its salts and cefazoline sodium,2,2,0,2,4,
29419033,Cefaclor and cefalexin monohydrate; cefalotin sodium,6,14,0,14,10,
29419034,Cefadroxil and its salts,2,2,2,2,4,
29419035,Cefotaxime sodium,2,2,0,2,4,
29419036,Cefoxitin and its salts,2,2,2,2,4,
29419037,Cephalosporin C,2,2,2,2,4,
29419039,"Other cephalosporin and cephamicin, its derivatives and its salts",2,2,0,2,4,
29419041,Neomycin sulphate,2,2,2,2,4,
29419042,Gentamycin embonate (gentamycin pamoate),2,2,2,2,4,
29419043,Gentamycin sulphate,14,14,11,14,10,
29419049,Other aminoglycosides and its salts,2,2,2,2,10,
29419051,Spiramycin embonate (spiramycin pamoate),2,2,2,2,4,
29419059,Other macrolids and its salts,2,2,2,2,4,
29419061,Nystatine and its salts,2,2,2,2,4,
29419062,Amphotericin B and its salts,2,2,2,2,4,
29419069,Polyenes and its salts,2,2,2,2,4,
29419071,Monensin sodium,2,2,2,2,4,
29419072,Narasin,2,2,2,2,4,
29419073,Avilamycins,2,2,2,2,4,
29419079,Other polyethers and its salts,2,2,2,2,4,
29419081,Polymyxins and their salts,2,2,2,2,4,
29419082,Colistin sulphate,2,2,2,2,4,
29419083,Virginiamycins and their salts,2,2,2,2,4,
29419089,Other polypeptides and its salts,2,2,2,2,4,
29419091,Griseofulvin and its salts,2,2,2,2,4,
29419092,Tiamulin fumarate,12,12,12,12,10,
29419099,Other antibiotics,2,2,0,2,4,
29420000,Other organic compounds,2,2,2,2,4,
30012010,"Extracts of livers, for organo-therapeutic uses",6,6,6,6,8,
30012090,"Extracts of glands, other organs, etc. for organo-therapeutic uses",6,6,6,6,10,
30019010,Heparin and its salts,8,8,8,8,10,
30019020,"Parts of pericardia, of bovine animals or of swine",2,2,2,2,4,
30019031,"Dried livers, whether in powder or not",4,4,4,4,8,
30019039,"Other glands and organs, whether in powder or not",4,4,4,4,8,
30019090,Other human/animal organs,2,2,2,2,4,
30021011,Antiophidic serums and other serums anti-poisonous,8,8,0,8,8,
30021012,Antitetanic serum,4,4,0,4,4,
30021013,Anticatarrh serum,4,4,4,4,8,
30021014,Antipyogens serum,4,4,4,4,8,
30021015,Antidiphtheria serum,4,4,0,4,8,
30021016,Antiserum polyvalent,4,4,4,4,8,
30021019,"Other antiserum specific of animals/humans, immunized",2,2,0,2,4,
30021022,Anti-Rh immunoglobulin,2,2,2,2,4,
30021023,Other serum immunoglobulins,2,2,2,2,4,
30021024,Factor VIII concentrate,2,2,2,2,4,
30021025,"Serum albumin in gel format, for reagent preparations for diagnostics",2,2,2,2,4,
30021026,Monoclonal antibodies in buffer solution containing bovine albumin,2,2,2,2,4,
30021029,Other blood fractions and immunological products prepared as medicine,2,2,2,2,4,
30021031,"Serum albumin, except human",2,2,2,2,4,
30021032,Plasmin (fibrinolysin),0,0,0,0,0,
30021033,Urokinase,0,0,0,0,0,
30021034,"Immunoglobin and histamine hydrochloride, in association",8,8,8,8,8,
30021035,"Immunoglobin G, lyophilized or in solution",8,8,8,0,8,
30021036,Interferon beta,0,0,0,0,0,
30021037,Human serum albumin,4,4,4,4,4,
30021038,Human antibody with specificity trans-membrane antigen,0,0,0,0,0,
30021039,"Other blood fractions, modified immunological products",2,2,2,2,E,
ex 30021039,Adalimumabe,2,0,2,2,4,
30022011,"Vaccines against flu, except in doses",2,2,2,2,4,
30022012,"Vaccines against poliomyelitis, except in doses",2,2,2,2,4,
30022013,"Vaccines against hepatitis B, except in doses",2,2,2,2,4,
30022014,"Vaccines against measles, except in doses",2,2,2,2,4,
30022015,"Vaccines against meningitis, except in doses",2,2,2,2,4,
30022016,"Vaccines against rubella, measles, mumps, except in doses",2,2,2,2,4,
30022017,"Other triple vaccines, except in doses",4,4,4,4,8,
30022018,"Vaccines anticatarrh and antipyogen, except in doses",2,2,2,2,4,
30022019,"Other vaccines for human medicine, except in doses",2,2,2,2,4,
30022021,"Vaccines against flu, in doses",2,2,2,2,4,
30022022,"Vaccines against poliomyelitis, in doses",2,2,0,2,4,
30022023,"Vaccines against hepatitis B, in doses",2,2,0,2,4,
30022024,"Vaccines against measles, in doses",2,2,0,2,4,
30022025,"Vaccines against meningitis, in doses",2,2,2,2,4,
30022026,"Vaccines against rubella, measles, mumps, in doses",2,2,2,2,4,
30022027,"Other triple vaccines, in doses",2,2,0,2,4,
30022028,"Vaccines anti-catarrh and antipyogen, in doses",4,4,4,4,4,
30022029,"Other vaccines for human medicine, in doses",2,2,0,2,4,
30023010,"Veterinary vaccines, against rabies",4,4,0,4,4,
30023020,"Veterinary vaccines, against coccidiosis",4,4,4,4,4,
30023030,"Veterinary vaccines, against keratoconjunctivitis",4,4,4,4,4,
30023040,"Veterinary vaccines, against distemper",4,4,4,4,4,
30023050,"Veterinary vaccines, against leptospirosis",4,4,4,4,8,
30023060,"Veterinary vaccines, against foot-and-mouth",4,4,4,4,4,
30023070,"Veterinary vaccines, diseases: Newcastle, Gumboro, etc.",4,4,4,4,4,
30023080,"Combined veterinary vaccines against diseases as Newcastle, Gumboro, etc.",4,4,4,4,4,
30023090,Other vaccines for veterinary medicine,2,2,2,2,4,
30029010,Diagnostic reagents of microbial origin,10,10,10,10,8,
30029020,Anti-toxins of microbial origin,4,4,4,4,8,
30029030,Tuberculins,4,4,4,4,4,
30029091,"Other toxic, cultures of microorganisms, for animal health",4,4,4,4,4,
30029092,"Other toxic, cultures of microorganisms, for human health",4,4,4,4,4,
30029093,Saxitoxin,8,8,8,8,8,
30029094,Ricin,8,8,8,8,8,
30029099,"Other toxic, cultures of microorganisms, similar products",8,8,8,8,10,
30031011,Medicine containing penicillin or its salts,14,14,14,14,10,
30031012,Medicine containing amoxicillin or its salts,8,8,8,8,8,
30031013,"Medicine containing penicillin G benzathine, except in doses",14,14,14,14,10,
30031014,Medicine containing penicillin G potassium,14,14,14,14,10,
30031015,Medicine containing penicillin G procaine,14,14,14,14,10,
30031019,Medicine containing other penicillins and its derivatives,8,8,8,8,8,
30031020,Medicine containing streptomycins and its derivatives,8,8,8,8,8,
30032011,"Medicine containing chloramphenicol, etc.",8,8,8,8,8,
30032019,Medicine containing amphenicol and other derivatives,8,8,8,8,8,
30032021,Medicine containing erythromycin and its salts,14,14,14,14,10,
30032029,Medicine containing macrolids and other derivatives,8,8,8,8,8,
30032031,Medicine containing rifamycin SV sodium,8,8,8,8,8,
30032032,Medicine containing rifamycin,8,8,8,8,8,
30032039,Medicine containing ansamycin and other derivatives,8,8,8,8,8,
30032041,Medicine containing lincomycin hydrochloride,14,14,14,14,10,
30032049,Medicine containing lincosamides and other derivatives,8,8,8,8,8,
30032051,Medicine containing cephalothin sodium,14,14,14,14,10,
30032052,Medicine containing cefaclor/cephalexin monohydrate,14,14,14,14,10,
30032059,Medicine containing cefaclor/cephalexin/etc.,8,8,8,8,8,
30032061,Medicine containing gentamycin sulphate,14,14,14,14,10,
30032062,Medicine containing daunorubicin,0,0,0,0,0,
30032063,Medicine containing pirarubicin,0,0,0,0,0,
30032069,Medicine containing aminoglycosides and other derivatives,8,8,8,8,8,
30032071,Medicine containing vancomycin,8,8,8,8,8,
30032072,Medicine containing actinomycins,0,0,0,0,0,
30032073,Medicine containing cyclosporin A,0,0,0,0,0,
30032079,Medicine containing polypeptides and other derivatives,8,8,8,8,8,
30032091,Medicine containing mitomycins,0,0,0,0,0,
30032092,Medicine containing tiamulin fumarate,8,8,8,8,8,
30032093,Medicine containing bleomycins or their salts,0,0,0,0,0,
30032094,Medicine containing imipenem,0,0,0,0,0,
30032095,Medicine with amphotericin B in liposome,0,0,0,0,0,
30032099,Medicine containing other antibiotics,8,8,8,8,8,
30033100,"Medicine containing insulin, non-containing antibiotics",14,14,14,14,E,
30033911,Medicine containing hormone growth (somatropin),0,0,0,0,0,
30033912,Medicine containing HCG (chorionic gonadotrophin),14,14,14,14,10,
30033913,"Medicine containing menotrophins, not containing antibiotic",14,14,14,14,10,
30033914,Medicine containing Corticotropin (ACTH),8,8,8,8,8,
30033915,Medicine containing Serum gonadotropin (PMSG),8,8,8,8,8,
30033916,Medicine containing somatostatin and its salts,0,0,0,0,0,
30033917,Medicine containing buserelin acetate,0,0,0,0,0,
30033918,Medicine containing triptorelin and its salts,0,0,0,0,0,
30033919,Medicine containing leuprolide and its acetate,0,0,0,0,0,
30033921,Medicine containing lh-rh (gonadorelin),0,0,0,0,0,
30033922,Medicine containing oxytocin,14,14,14,14,10,
30033923,Medicine containing insulin salts,14,14,14,14,E,
30033924,Medicine containing timosins,0,0,0,0,0,
30033925,Medicine containing octreotide,0,0,0,0,0,
30033926,Medicine containing goserelin and its acetate,0,0,0,0,0,
30033927,Medicine containing nafarelin or its acetate,0,0,0,0,0,
30033929,Medicine containing otherpolypeptides hormones etc.,8,8,8,8,8,
30033931,Medicine containing oestradiol hemisuccinate,14,14,14,14,10,
30033932,Medicine containing oestradiol fenpropionate,14,14,14,14,10,
30033933,Medicine containing oestradiol or its succinate,14,14,14,14,10,
30033934,Medicine containing allyloestrenol,14,14,14,14,10,
30033935,Medicine containing lynestrenol,14,14,14,14,10,
30033936,"Medicine containing megestrol acetate, formestane",0,0,0,0,0,
30033937,Medicine containing desogestrel,14,14,14,14,10,
30033939,Medicine containing other estrogen and progesterone,8,8,8,8,8,
30033981,Medicine containing levothyroxine sodium,12,12,12,12,10,
30033982,Medicine containing liothyronine sodium,12,12,12,12,10,
30033991,"Medicine containing sodium salt or methyl ester of 9,11,15-acid",0,0,0,0,0,
30033992,Medicine containing tiratricol and its sodium salt,14,14,14,14,10,
30033994,Medicine containing spironolactone,14,14,14,14,10,
30033995,Medicine containing exemestane,0,0,0,0,0,
30033999,Other medicine containing hormone,8,8,8,8,10,
30034010,"Medicine containing vinblastine, vincristine, etc.",0,0,0,0,0,
30034020,"Medicine containing pilocarpine and its nitrate, etc.",14,14,14,14,10,
30034030,Medicine containing dihydroergocristine methanesulphate,8,8,8,8,8,
30034040,Medicine containing codeine or its salts,14,14,14,14,10,
30034050,"Medicine containing granisetron, tropisetron, etc.",0,0,0,0,0,
30034090,"Medicine containing other granisetron, tropisetron, etc.",8,8,8,8,8,
30039011,Medicine containing calcium folinate (leucovorine),8,8,8,8,8,
30039012,"Medicine containing nicotinamide acid, etc.",14,14,14,14,10,
30039013,"Medicine containing hydroxycobalamine, etc.",14,14,14,14,10,
30039014,"Medicine containing vitamin A1 (retinol), etc.",14,14,14,14,10,
30039015,"Medicine containing calcium d-pantothenate, etc.",8,8,8,8,8,
30039016,"Medicine containing esters of vitamin A and D, etc.",8,8,8,8,8,
30039017,Medicine containing retinoic acid (tretinoin),0,0,0,0,0,
30039019,"Medicine containing other vitamin, provitamin and derivatives",8,8,8,8,8,
30039021,Medicine containing streptokinases,0,0,0,0,0,
30039022,Medicine containing l-asparaginase,0,0,0,0,0,
30039023,Medicine containing deoxyribonuclease,0,0,0,0,0,
30039029,Medicine containing enzymes but not containing vitamins,8,8,8,8,8,
30039031,"Medicine containing permethrin, etc.",14,14,14,14,10,
30039032,"Medicine containing dehydrocholic acid, etc.",14,14,14,14,10,
30039033,"Medicine containing gluconic acid, its salts and its esters",14,14,14,14,10,
30039034,"Medicine containing o-acetylsalicylic acid, etc.",14,14,14,14,10,
30039035,Medicine containing tiratricol (triac)/ calcium lactophosphate,14,14,14,14,10,
30039036,"Medicine containing lactic acid, its salts, etc.",14,14,14,14,10,
30039037,"Medicine containing fumaric acid, its salts, etc.",14,14,14,14,10,
30039038,"Medicine containing etretinate, miltefosine, etc.",0,0,0,0,0,
30039039,"Medicine containing othercarboxylic acid, etc.",8,8,8,8,8,
30039041,"Medicine containing tranylcypromine sulphate, etc.",14,14,14,14,10,
30039042,"Medicine containing sulfanilic acid, its salts, etc.",14,14,14,14,10,
30039043,"Medicine containing clenbuterol, its hydrochloride",14,14,14,14,10,
30039044,Medicine containing tamoxifen and its citrate,14,14,14,14,10,
30039045,Medicine with levodopa/alfa-metildopa,14,14,14,14,10,
30039046,"Medicine containing phenylephrine hydrochloride, etc.",14,14,14,14,10,
30039047,"Medicine containing diclofenac sodium, etc.",14,14,14,14,10,
30039048,"Medicine containing melfalan, chlorambucil, etc.",0,0,0,0,0,
30039049,Medicine with other compounds with amine functions,8,8,8,8,8,
30039051,"Medicine containing metoclopramide, etc.",14,14,14,14,10,
30039052,"Medicine containing atenolol, prilocaine, etc.",14,14,14,14,10,
30039053,"Medicine containing lidocaine and its hydrochloride, etc.",14,14,14,14,10,
30039054,Medicine containing fenproporex,14,14,14,14,10,
30039055,Medicine containing paracetamol or bromopride,14,14,14,14,10,
30039056,Medicine containing amitraz or cypermethrin,14,14,14,14,10,
30039057,"Medicine containing chlorhexidine and its salts, etc.",14,14,14,14,10,
30039058,"Medicine containing carmustine and lomustine, etc.",0,0,0,0,0,
30039059,Medicine containing other carboxyamide-function compounds etc.,8,8,8,8,8,
30039061,"Medicine containing isossorbide dinitrate, etc.",14,14,14,14,10,
30039062,Medicine containing tiapride,8,8,8,8,8,
30039063,Medicine containing etidronate disodium,14,14,14,14,10,
30039064,Medicine containing amiodarone hydrochloride,14,14,14,14,10,
30039065,Medicine containing nitrovin or moxidectin,14,14,14,14,10,
30039066,Medicine containing spironolactone,0,0,0,0,0,
30039067,Medicine containing carbocisteine or sulfiram,14,14,14,14,10,
30039069,Medicine containing other organic compounds,8,8,8,8,8,
30039071,"Medicine containing terfenadine, talniflumate, etc.",14,14,14,14,10,
30039072,"Medicine containing nimodipine, nitrendipine, etc.",14,14,14,14,10,
30039073,"Medicine containing oxfendazole, albendazole, etc.",14,14,14,14,10,
30039074,"Medicine containing triazolam, alprazolam, etc.",14,14,14,14,10,
30039075,"Medicine containing phenytoin, its sodium salt, etc.",14,14,14,14,10,
30039076,Medicine containing 2-(2-methyl-3-chloroanilino) nicotheracid,14,14,14,14,10,
30039077,"Medicine containing nicarbazine, norfloxacin, etc.",14,14,14,14,10,
30039078,"Medicine containing cyclosporin, fluspirilene, etc.",0,0,0,0,0,
30039079,"Medicine containing other hetero-atom, etc.",8,8,8,8,8,
30039081,"Medicine containing levamisole and its salts, etc.",8,8,8,8,8,
30039082,"Medicine containing sulfadiazine and its sodium salt, etc.",14,14,14,14,10,
30039083,"Medicine containing ketazolam sulpiride, etc.",14,14,14,14,10,
30039084,"Medicine containing phthalylsulfathiazol, bumetanid, etc.",14,14,14,14,10,
30039085,"Medicine containing fluphenazine enanthate, etc.",14,14,14,14,10,
30039086,"Medicine containing furosemide, chlorthalidone, etc.",14,14,14,14,10,
30039087,"Medicine containing tizanidine hydrochloride, etc.",14,14,2,14,10,
30039088,"Medicine containing topotecan, uracil, etc.",0,0,0,0,0,
30039089,"Medicine containing other heterocyclic compounds, etc.",8,8,8,8,8,
30039091,Medicine containing pollen extract,8,8,8,8,8,
30039092,"Medicine containing disopheno, chyrsarobin, etc.",14,14,14,14,10,
30039093,Medicine containing diclofenac resinate,14,14,14,14,10,
30039094,Medicine containing silymarin group,8,8,8,8,8,
30039095,"Medicine containing propofol, busulfan, mitotane",0,0,0,0,0,
30039096,Iron dextran complex,14,14,14,14,10,
30039099,"Other medicine containing mixed products, for therapeutic use etc",8,8,8,8,8,
30041011,"Medicine containing ampicillin or its salts, in doses",14,14,14,14,10,
30041012,"Medicine containing amoxicillin or its salts, in doses",8,8,8,8,8,
30041013,"Medicine containing penicillin G benzathine, in doses",14,14,14,14,10,
30041014,"Medicine containing penicillin G potassium, in doses",14,14,14,14,10,
30041015,"Medicine containing penicillin G procaine, in doses",14,14,14,14,10,
30041019,"Medicine containing other penicillin/its derivatives, in doses",8,8,8,8,10,
30041020,"Medicine containing streptomycins/its derivatives, in doses",8,8,8,8,8,
30042011,"Medicine containing chloramphenicol, its palmitate, etc. in doses",8,8,8,8,8,
30042019,"Medicine containing amphenicols and other salts, in doses",8,8,8,8,8,
30042021,"Medicine containing erythromycin or its salts, in doses",14,14,14,14,10,
30042029,"Other medicine containing macrolides and its derivatives, in doses",8,8,8,8,8,
30042031,"Medicine containing rifamycin SV sodium, in doses",8,8,8,8,8,
30042032,"Medicine containing rifampicin, in doses",8,8,6,8,8,
30042039,"Other medicine containing ansamycin and its deriv., in doses",8,8,8,8,10,
30042041,"Medicine containing lincomycin hydrochloride, in doses",14,14,14,14,10,
30042049,"Other medicine containing lincosamides and its derivatives, in doses",8,8,8,8,8,
30042051,"Medicine containing cephalothin sodium, in doses",14,14,14,14,10,
30042052,"Medicine containing cephalothin/cephalexin monohydrate, in doses",14,14,11,14,10,
30042059,"Other medicine containing cephalosporin, etc. in doses",8,8,8,8,8,
30042061,"Medicine containing gentamycin sulphate, in doses",14,14,14,14,10,
30042062,"Medicine containing daunorubicin, in doses",0,0,0,0,0,
30042063,"Medicine containing pirarubicin, in doses",0,0,0,0,0,
30042069,"Other medicine containing aminoglycosides and its derivatives, in doses",8,8,8,8,8,
30042071,"Medicine containing vancomycin, in doses",8,8,8,8,8,
30042072,"Medicine containing actinomycins, in doses",0,0,0,0,0,
30042073,"Medicine containing cyclosporin A, in doses",0,0,0,0,0,
30042079,"Other medicine containing polypeptides and its derivatives, in doses",8,8,8,8,10,
30042091,"Medicine containing mitomycins, in doses",0,0,0,0,0,
30042092,"Medicine containing tiamulin fumarate, in doses",8,8,8,8,8,
30042093,"Medicine containing bleomycins or their salts, in doses",0,0,0,0,0,
30042094,"Medicine containing imipenems, in doses",0,0,0,0,0,
30042095,"Medicine with amphotericin B in liposome, doses, retail sale",0,0,0,0,0,
30042099,"Medicine containing other antibiotics, in doses",8,8,8,8,10,
30043100,"Medicine containing insulin, in doses",14,14,11,14,E,
30043210,"Medicine containing corticosteroid hormones, in doses",14,14,14,14,10,
30043220,"Medicine containing spironolactone, in doses",14,14,14,14,10,
30043290,"Medicine containing other derivatives of hormones analogues, in doses",8,8,8,8,8,
30043911,Medicine containing growth hormones (somatropin) in doses,0,0,0,0,0,
30043912,"Medicine containing hCG (chorionic gonadotropin), in doses",14,14,14,14,10,
30043913,"Medicine containing menotrophins, in doses",14,14,14,14,10,
30043914,"Medicine containing acth (corticotrophin), in doses",8,8,8,8,8,
30043915,"Medicine containing pmsg (serum gonadotrophin), in doses",8,8,8,8,10,
30043916,"Medicine containing somatostatin or its salts, in doses",0,0,0,0,0,
30043917,"Medicine containing buserelin or its acetate, in doses",0,0,0,0,0,
30043918,"Medicine containing triptorelin or its salts, in doses",0,0,0,0,0,
30043919,"Medicine containing leuprolide, in doses",0,0,0,0,0,
30043921,"Medicine containing lh-rh (gonadorelin), in doses",0,0,0,0,0,
30043922,"Medicine containing oxytocin, in doses",14,14,14,14,10,
30043923,"Medicine containing insulin salts, in doses",14,14,14,14,E,
30043924,"Medicine containing timosins, in doses",0,0,0,0,0,
30043925,"Medicine containing calcitonin, in doses",8,8,8,8,8,
30043926,"Medicine containing octreotide, in doses",0,0,0,0,0,
30043927,"Medicine containing goserelin or its acetate, in doses",0,0,0,0,0,
30043928,"Medicine containing nafarelin or its acetate, in doses",0,0,0,0,0,
30043929,"Medicine containing other polypeptides hormones, etc. in doses",8,8,8,8,8,
30043931,"Medicine containing oestradiol hemisuccinate, in doses",14,14,14,14,10,
30043932,"Medicine containing oestradiol fenpropionate, in doses",14,14,14,14,10,
30043933,"Medicine containing oestriol or its succinate, in doses",14,14,14,14,10,
30043934,"Medicine containing allyloestrenol, in doses",14,14,14,14,10,
30043935,"Medicine containing lynestrenol, in doses",14,14,14,14,10,
30043936,"Medicine containing megestrol acetate, formestane, in doses",0,0,0,0,0,
30043937,"Medicine containing desogestrel, in doses",14,14,14,14,10,
30043939,"Medicine containing other estrogens and progestogens, in doses",8,8,8,8,8,
30043981,"Medicine containing levothyroxine sodium, in doses",12,12,12,12,10,
30043982,"Medicine containing liothyronine sodium, in doses",12,12,12,12,10,
30043991,"Medicine containing sodium salt ac.9, 11, 15-trihyd, in doses",0,0,0,0,0,
30043992,"Medicine containing tiratricol and its sodium salt, in doses",14,14,14,14,10,
30043994,"Medicine containing spironolactone, in doses",0,0,0,0,0,
30043999,"Other medicine containing hormones, in doses, etc",8,8,8,8,8,
30044010,"Medicine containing vinblastine, vincristine, etc. in doses",0,0,0,0,0,
30044020,"Medicine containing pilocarpine and its nitrate/hydrochloride, in doses",14,14,14,14,10,
30044030,"Medicine containing dihydroergocristine methanesulphonate, in doses",8,8,8,8,8,
30044040,"Medicine containing codeine or its salts, in doses",14,14,14,14,10,
30044050,"Medicine containing granisetron, tropisetron, etc. in doses",0,0,0,0,0,
30044090,"Other medicine containing alkaloids, hormones, etc. in doses",8,8,8,8,10,
30045010,"Medicine containing calcium folinate (leucovorine), in doses",8,8,8,8,8,
30045020,"Medicine containing nicotinamide acid and its sodium salt, etc. in doses",14,14,14,14,10,
30045030,"Medicine containing hydroxycobalamine and its salts, in doses",14,14,14,14,10,
30045040,"Medicine containing vitamina A1 (retinol), etc. in doses",14,14,14,14,10,
30045050,"Medicine containing calcium d-pantothenate, etc. in doses",8,8,8,8,10,
30045060,"Medicine containing retinoic acid (tretinoin), in doses",0,0,0,0,0,
30045090,"Medicine containing other vitamins, provitamins, etc. in doses",8,8,8,8,10,
30049011,"Medicine containing streptokinase, in doses",0,0,0,0,0,
30049012,"Medicine containing l-asparaginase, in doses",0,0,0,0,0,
30049013,"Medicine containing deoxyribonuclease, in doses",0,0,0,0,0,
30049019,"Medicine containing enzymes, in doses",8,8,8,8,8,
30049021,"Medicine containing permethrin, propatyl nitrate, etc. in doses",14,14,14,14,10,
30049022,"Medicine containing deoxycholic acid, etc. in doses",14,14,14,14,10,
30049023,"Medicine containing gluconic acid, its salts and its esters, in doses",14,14,14,14,10,
30049024,"Medicine containing o-acetylsalicylic acid, etc. in doses",14,14,14,14,10,
30049025,"Medicine containing calcium lactophosphate, in doses",14,14,14,14,10,
30049026,"Medicine containing lactic acid, its salts, etc. in doses",14,14,14,14,10,
30049027,"Medicine containing nitroglycerine, in doses, for transdermal administration",2,2,2,2,4,
30049028,"Medicine containing etretinate miltefosine, etc. in doses",0,0,0,0,0,
30049029,"Other medicine containing monocarboxylic acyclic, etc. in doses",8,8,8,8,10,
30049031,"Medicine containing tranylcypromine sulphate, etc. in doses",14,14,14,14,10,
30049032,"Medicine containing tranylcypromine sulphate, etc. in doses",14,14,14,14,10,
30049033,"Medicine containing clenbuterol or its hydrochloride, in doses",14,14,14,14,10,
30049034,"Medicine containing tamoxifen or its citrate, in doses",14,14,14,14,10,
30049035,"Medicine with levodopa/alfa-metildopa, in doses",14,14,12,14,10,
30049036,"Medicine containing phenylephrine hydrochloride, etc. in doses",14,14,14,14,10,
30049037,"Medicine containing diclofenac sodium, etc. in doses",14,14,14,14,10,
30049038,"Medicine containing melfalan, chlorambucil, etc. in doses",0,0,0,0,0,
30049039,"Other medicine with compounds with amine functions, in doses",8,8,8,8,8,
30049041,"Medicine containing metoclopramide, hydrochloride, etc. in doses",14,14,12,14,10,
30049042,"Medicine containing atenolol, prilocaine, etc. in doses",14,14,14,14,10,
30049043,"Medicine containing lidocaine and its hydrochloride, etc. in doses",14,14,14,14,10,
30049044,"Medicine containing fenproporex, in doses",14,14,14,14,10,
30049045,"Medicine containing paracetamol or bromopride, in doses",14,14,12,14,10,
30049046,"Medicine containing amitraz, cypermethrin, in doses",14,14,14,14,10,
30049047,"Medicine containing chlorhexidine and its salts, in doses",14,14,14,14,10,
30049048,"Medicine containing carmustine, lomustine, etc. in doses",0,0,0,0,0,
30049049,"Other medicine containing carboxyamide-function compounds, etc. in doses",8,8,8,8,10,
30049051,"Medicine containing isossorbide dinitrate, etc. in doses",14,14,12,14,10,
30049052,"Medicine containing thiapride, in doses",8,8,8,8,8,
30049053,"Medicine containing etidronate disodium, in doses",14,14,14,14,10,
30049054,"Medicine containing amiodarone hydrochloride, in doses",14,14,14,14,10,
30049055,"Medicine containing nitrovin, moxidectin, in doses",14,14,14,14,10,
30049057,"Medicine containing carbocisteine, sulfiram, in doses",14,14,14,14,10,
30049058,"Medicine containing etoposide, in doses",0,0,0,0,0,
30049059,"Other medicines containing products from position 29.30 to 29.32, etc. in doses",8,8,8,8,10,
30049061,"Medicine containing terfenadine, talniflumate, etc. in doses",14,14,12,14,10,
30049062,"Medicine containing nifendipine, nitrendipine, etc. in doses",14,14,12,14,10,
30049063,"Medicine containing oxfendazole, albendazole, etc. in doses",14,14,12,14,10,
30049064,"Medicine containing triazolam, alprazolam, etc. in doses",14,14,12,14,10,
30049065,"Medicine containing phenytoin or its sodium salt, etc. in doses",14,14,14,14,10,
30049066,"Medicine containing 2-(2-methyl-3-chloroanilino) nicotinic, in doses",14,14,12,14,10,
30049067,"Medicine containing nicarbazine, norfloxacin, etc. in doses",14,14,12,14,10,
30049068,"Medicine c/cyclosporine a, fluspirilene, etc. in doses",0,0,0,0,0,
30049069,"Other medicine containing heterocyclic compounds with nitrogenous heteroatoms, in doses",8,8,8,8,8,
30049071,"Medicine containing levamisole and its salts, tetramisole, in doses",8,8,8,8,8,
30049072,"Medicine containing sulfadiazine and its sodium salt, in doses",14,14,12,14,10,
30049073,"Medicine containing ketazolam, sulpiride, etc. in doses",14,14,14,14,10,
30049074,"Medicine containing phthalylsulfathiazole, butanide, etc. in doses",14,14,14,14,10,
30049075,"Medicine containing fluphenazine enanthate, etc. in doses",14,14,14,14,10,
30049076,"Medicine containing furosemide, chlorthalidone, etc. in doses",14,14,14,14,10,
30049077,"Medicine containing tizanidine hydrochloride, etc. in doses",14,14,14,14,10,
30049078,"Medicine containing topotecan, uracil, tegafur, etc. in doses",0,14,0,0,10,
30049079,"Medicine containing compounds of heterocyclic, etc. in doses",8,8,8,8,8,
30049091,"Medicine containing pollen extract, in doses",8,8,8,8,8,
30049092,"Medicine containing disophenol, chyrsarobin, etc. in doses",14,14,14,14,10,
30049093,"Medicine containing diclofenac resinate, in doses",14,14,14,14,10,
30049094,"Medicine containing silymarin, in doses",8,8,6,8,8,
30049095,"Medicine containing propofol, busulfan, mitotane, in doses",0,0,0,0,0,
30049096,Iron dextran complex,14,14,14,14,10,
30049099,"Other medicine containing products for therapeutic uses, etc. in doses",8,14,8,8,10,
30051010,Adhesive dressings impregnated or coated of pharmaceutical substances,12,12,12,12,10,
30051020,Surgical dressings allowing direct observation of the wound,12,12,12,12,10,
30051030,Impermeable dressing for mucous membranes,12,12,12,12,10,
30051040,"Dressings with closures, for use with colostomies",2,2,2,2,4,
30051050,"Dressings with closure devices, for wound closure",2,2,2,2,4,
30051090,"Other adhesive dressings, similar articles, with an adhesive layer",12,12,12,12,10,
30059011,Absorbable dressings of polyglycolic acid,2,2,2,2,4,
30059012,Absorbable dressings of glycolic acid-lactic acid copolymers,2,2,2,2,4,
30059019,Other absorbable dressings,12,12,12,12,10,
30059020,Surgical dressings of nonwovens,12,12,12,12,10,
30059090,"Other wadding, similar for medical, surgical use, etc.",12,12,12,12,10,
30061010,"Material for surgical sutures, of polydioxanone",2,2,2,2,4,
30061020,"Materials for surgical sutures, of stainless steel",2,2,2,2,4,
30061090,"Other sterile catgut, etc. for surgical sutures",12,12,12,12,10,
30062000,Reagents for determining blood groups or factors,10,10,10,10,8,
30063011,"Opacifying preparations based on iohexol, for x-ray examinations",2,2,2,2,4,
30063012,"Opacififying preparations of dimeglumine iocarmate, for x-ray examinations",2,2,2,2,4,
30063013,Opacififying preparations of iopamidol for x-ray examinations,2,2,2,2,4,
30063015,"Opacififying preparations of zirconium dioxide, etc. for x-ray examinations",2,2,2,2,4,
30063016,"Opacififying preparations of sodium diatriazide, etc. for x-ray examinations",2,2,2,2,4,
30063017,Opacififying preparations based on ioversol or iopromide for x-ray examinations,2,2,2,2,4,
30063018,"Opacififying preparations of sodium iothalamate, etc. for x-ray examinations",2,2,2,2,4,
30063019,"Other opacififying preparations, for x-ray examinations",12,12,12,12,10,
30063021,"Diagnostic reagent based on somatoliberin, for human use",2,2,2,2,4,
30063029,Other diagnostic reagents for human use,12,0,12,12,10,
30064011,Dental cements for filling,12,12,12,12,10,
30064012,Other dental products for filling,2,2,2,2,4,
30064020,Bone reconstruction cements,2,2,2,2,4,
30065000,First-aid boxes and kits,14,14,14,14,10,
30066000,Chemical contraceptive preparations based on hormone/sperm,12,12,12,12,10,
30067000,"Preparations in gel, used surgical intervention, etc.",14,14,14,14,10,
30069110,"Plastic bags for colostomy, ileostomy, urostomy",6,6,6,6,4,
30069190,Other identified equipment for use in ostomy,18,18,18,18,10,
30069200,Pharmaceuticals waste,14,14,14,14,10,
31010000,"Fertilisers obtained animal/vegetable, etc",4,4,4,4,10,
31021010,Urea containing of nitrogen > 45 % weighing,6,0,0,6,4,
31021090,"Other urea, whether or not in aqueous solution",6,6,0,6,4,
31022100,Ammonium sulphate,4,0,0,4,E,
31022910,Ammonium sulphonitrate,0,0,0,0,0,
31022990,Other double salts/mixtures of sulphate/ammonium nitrate,0,0,0,0,0,
31023000,"Ammonium nitrate, whether or not in aqueous solution",0,0,0,0,0,
31024000,"Mixtures of ammonium nitrate with calcium carbonate, etc.",0,0,0,0,0,
31025011,"Sodium nitrate, natural, containing nitrogen ≤ 16,3 %",0,0,0,0,0,
31025019,"Other sodium nitrate, natural",0,0,0,0,0,
31025090,Other sodium nitrate,0,0,0,0,0,
31026000,Double salts mixtures of calcium nitrate and ammonium,0,0,0,0,0,
31028000,"Mixtures of urea and ammonium nitrate in aqueous solution, etc.",4,4,4,4,4,
31029000,"Other fertilizer chemical/minerals, nitrogenous",0,0,0,0,0,
31031010,"Superphosphates, containing phosphorus pentoxide(P2O5) ≤ 22 %",6,0,0,6,10,
31031020,"Superphosphates, containing phosphorus pentoxide, 22 % < P2O5 ≤ 45 %",6,6,0,6,8,
31031030,"Superphosphates, containing phosphorus pentoxide (P2O5) > 45 %",6,0,0,6,8,
31039011,Hydrogenorthophosphate calcium containing P2O5 ≤ 46 %,0,0,0,0,0,
31039019,Other hydrogenorthophosphate calcium,0,0,0,0,0,
31039090,"Other mineral or chemical fertilisers, phosphatic",0,0,0,0,0,
31042010,"Potassium chloride, containing potassium oxide(K2O) ≤ 60 %",0,0,0,0,0,
31042090,Other potassium chloride,0,0,0,0,0,
31043010,"Potassium sulphate, potassium oxide(K2O) ≤ 52 %",0,0,0,0,0,
31043090,Other potassium sulphate,0,0,0,0,0,
31049010,"Sulphate double of potassium and magnesium, containing K2O > 30 %",6,6,6,6,8,
31049090,"Other mineral or chemical fertilisers, potassic",0,0,0,0,0,
31051000,Fertilisers in tablets/packages weighing ≤ 10 kg,6,6,6,6,4,
31052000,"Fertilisers containing nitrogen, phosphorus and potassium",6,0,0,6,10,
31053010,Diammonium hydrogenorthophosphate arsenic ≥ 6 mg/kg,0,0,0,6,8,
31053090,Other diammonium hydrogenorthophosphate,6,0,0,6,8,
31054000,"Ammonium dihydrogenorthophosphate, including mixtures hydrogen, etc",0,0,0,6,4,
31055100,Fertilisers containing nitrate and phosphate,4,0,4,4,4,
31055900,Other mineral and chemical fertilisers containing nitrate and phosphate,4,0,4,4,10,
31056000,Fertilisers containing phosphorus and potassium,4,4,4,4,4,
31059011,"Nitrate of sodium potassic, containing N ≤ 15 % and K2O ≤ 15 %",0,0,0,0,0,
31059019,Other nitrate of sodium potassic,0,0,0,0,0,
31059090,Other mineral and chemical fertilisers containing nitrogen and potassium,4,4,4,4,10,
32011000,"Tanning extract, of quebracho",10,10,10,10,10,
32012000,"Tanning extracts, of wattle",10,10,10,10,10,
32019011,"Tanning extracts, of gambier",2,2,2,2,4,
32019012,"Tanning extract, of oak or chestnut",10,10,10,10,10,
32019019,Tanning extracts of vegetable origin,10,10,10,10,10,
32019020,Tannins,10,10,10,10,10,
32019090,"Salts, ethers, esters and other derivatives of tannins",10,10,10,10,10,
32021000,Synthetic organic tanning products,10,10,8,10,10,
32029011,"Tanning products, based on chromium salts",10,10,10,10,10,
32029012,"Tanning products, based on titanium salts",2,2,2,2,4,
32029013,"Tanning products, based on zirconium salts",2,2,2,2,4,
32029019,Other inorganic tanning products,10,10,10,10,10,
32029021,"Tanning preparations, based on chromium compounds",10,10,10,10,10,
32029029,Other tanning preparations,10,10,10,10,10,
32029030,Enzymatic preparations for pre-tanning,10,10,10,10,10,
32030011,Hematein (colouring matter),2,2,2,2,4,
32030012,Fisetin (colouring matter),2,2,2,2,4,
32030013,Morin (colouring matter),2,2,2,2,4,
32030019,Other colouring matter of vegetable origin,10,10,10,10,10,
32030021,Cochineal (colouring matter),10,10,10,10,10,
32030029,Other colouring matter of animal origin,10,10,10,10,10,
32030030,Preparation with colouring matter of vegetable or animal origin,10,10,10,10,10,
32041100,Disperse dyes and its preparations,12,12,9,12,10,
32041210,"Acid dyes, whether or not premetallized, and its preparations",14,14,14,0,10,
32041220,Mordant dyes and its preparations,12,12,12,12,10,
32041300,Basic dyes and its preparations,14,14,11,14,10,
32041400,Direct dyes and its preparations,14,14,14,0,10,
32041510,"Indigo blue dye, according to colour index 73000",14,14,14,14,10,
32041520,Dibenzanthrone dye,2,2,2,2,4,
32041530,"12, 12-dimethoxybenzanttrone dye",2,2,2,2,4,
32041590,Other dyes and its preparations,14,14,0,14,10,
32041600,Other reagents dye and its preparations,14,14,0,14,10,
32041700,Pigments and its preparations,14,14,0,0,E,
32041911,Carotenoids,2,2,2,2,4,
32041912,"Preparations containing beta-carotene, etc. to colour food",2,2,2,2,4,
32041913,Other preparations to colour food,12,12,9,12,10,
32041919,Other carotenoid-based preparations,14,14,14,14,10,
32041920,Dyes soluble in solvent (solvent dyes),14,14,14,14,10,
32041930,Azo dyes,14,14,0,14,10,
32041990,Other colouring matter organic synthetic and its preparations,14,14,11,14,10,
32042011,"Derivatives of 4,4-bis-(1,3,5) triazinyl-6-aminostilbene-2,2-disulfonic acid",14,14,14,14,10,
32042019,Other stilbene derived used as fluorescent brightening agents,14,14,14,14,10,
32042090,Other synthetic organic products used as fluorescent brightening agents,14,14,14,14,10,
32049000,"Other synthetic organic colouring matter, etc.",14,14,14,14,10,
32050000,Colour lacquers and its preparations,12,12,9,12,10,
32061111,"Rutile pigments particle size of ≥ 0,6 microns, containing modifications",8,8,6,8,10,
32061119,"Other rutile pigments, containing titanium dioxide ≥ 80 % dried",0,12,0,0,10,
32061120,Other pigments containing titanium dioxide ≥ 80 % dried,12,12,12,12,10,
32061130,"Preparations based on titanium dioxide, weighing ≥ 80 %",12,12,12,12,10,
32061910,Pigment consisting of mica coated with titanium dioxide,2,2,2,2,4,
32061990,Other pigments and preparations with a base of titanium dioxide,12,12,9,0,10,
32062000,Pigments and preparations based on chromium compounds,12,12,0,12,10,
32064100,Ultramarine and its preparations,2,2,2,2,4,
32064210,Lithopone,2,2,2,2,4,
32064290,Other pigments and preparations based on zinc sulphide,12,12,12,12,10,
32064910,Pigments prepared based on cadmium compounds,12,12,12,12,10,
32064920,"Pigments, prepared on hexacyanoferrate",12,12,0,12,10,
32064990,Other colouring matter and preparations,12,12,9,12,10,
32065011,"Calcium halophosphates, etc with radioactive substances",2,2,2,2,4,
32065019,"Other inorganic products used as luminophores, with radioactive substances",12,12,12,12,10,
32065021,"Calcium halophosphates, etc. without radioactive substances",2,2,2,2,4,
32065029,"Other inorganic products used as luminophores, without radioactive substances",2,2,2,2,4,
32071010,"Pigment, opacifier, etc. based on zirconium and its salts",12,12,12,12,10,
32071090,"Other pigments, opacifiers, etc.",12,12,12,0,10,
32072010,Engobes (slips),12,12,12,12,10,
32072091,Vitrifiable compounds and preparations used in the manufacture of printed circuits,2,2,2,2,4,
32072099,Other vitrifiable compounds and similar preparations,12,12,12,0,10,
32073000,Liquid lustres and similar preparations,12,12,12,12,10,
32074010,"Glass frit and other glass, in powder, granules or flakes",12,12,12,12,10,
32074090,Other glass frit and other glass in powder/granules/flakes,12,12,12,12,10,
32081010,"Paint of polyesters, dispersed/dissolved non-aqueous",14,14,14,14,10,
32081020,"Varnishes of polyesters, dispersed/dissolved non-aqueous",14,14,14,14,10,
32081030,"Solutions of polyesters, dispersed/dissolved non-aqueous",14,14,14,14,10,
32082011,"Paint of acrylic polymers, for producing printed circuits",2,2,2,2,4,
32082019,Other paints based on acrylic or vinyl polymers,14,14,14,14,10,
32082020,"Varnishes acrylic/vinyl polymers, dispersed/dissolved/non-aqueous",14,14,14,14,10,
32082030,"Solutions acrylic/vinyl polymers, dispersed/dissolved, non-aqueous",14,14,14,14,10,
32089010,"Paint of other synthetic polymers, etc. dispersed/dissolved non-aqueous",14,14,14,14,10,
32089021,"Varnishes based on cellulose derivatives, dispersed/dissolved non-aqueous",14,14,14,14,10,
32089029,"Varnishes of other synthetic polymers, etc., dispersed/dissolved non-aqueous",14,14,14,14,10,
32089031,Solutions of silicones dispersed/dissolved non-aqueous,14,14,14,14,10,
32089039,"Other polymers synthetic solutions, etc., dispersed/dissolved n/aqueous",14,14,14,14,10,
32091010,"Paint acrylic/vinyl polymers, dispersed/dissolved non-aqueous",14,14,14,14,10,
32091020,"Varnishes of acrylic/vinyl polymers, dispersed/dissolved aqueous",14,14,14,14,10,
32099011,"Paint of polytetrafluoroethylene, dispersed/dissolved/aqueous",14,14,14,14,10,
32099019,"Paint of other synthetic polymers, etc, dispersed/dissolved in an aqueous medium",14,14,14,14,10,
32099020,"Varnishes of other synthetic polymers, etc, dispersed/dissolved in an aqueous medium",14,14,14,14,10,
32100010,Other paints,14,14,14,14,10,
32100020,Other varnishes,14,14,14,14,10,
32100030,Prepared water-based pigments used for leather,14,14,14,14,10,
32110000,Prepared driers,14,14,14,14,10,
32121000,Stamping foils,14,14,14,14,10,
32129010,"Aluminium in powder, etc. pasted with solvent hydrocarbon",14,14,14,14,10,
32129090,"Other pigments, dispersed in non-aqueous, liquid, etc.",14,14,14,14,10,
32131000,"Colours in sets, for artistic painting, educational activities, etc.",14,14,14,14,E,
32139000,"Other colours, for artistic painting, educational activities etc.",14,14,14,14,10,
32141010,"Grafting putty, resin cements, other mastics",14,14,14,14,10,
32141020,Painters' fillings,14,14,14,14,10,
32149000,Non-refractory fillings used in masonry,14,14,14,14,10,
32151100,"Black ink, for printing",14,14,11,14,10,
32151900,"Other ink, for printing",14,14,11,14,15,
32159000,Ink of writing or drawing and other inks,14,14,14,14,10,
33011210,"Essential oil, petit grain",14,14,14,14,10,
33011290,"Other essential oils, orange",14,14,14,14,10,
33011300,"Essential oil, lemon",14,14,14,14,10,
33011910,"Essential oil, lime",14,14,14,14,10,
33011990,"Essential oil, other citric",14,14,14,14,10,
33012400,"Essential oil, peppermint (Mentha piperita)",14,14,14,14,10,
33012510,"Essential oil, Japanese mint (Mentha arvensis)",12,12,12,12,10,
33012520,"Essential oil, spearmint (Mentha viridis L.)",2,2,2,2,4,
33012590,"Essential oil, other mints",2,2,2,2,4,
33012911,"Essential oil, citronella",14,14,14,14,10,
33012912,"Essential oil, cedar",2,2,2,2,4,
33012913,"Essential oil, guaiacum (Bulnesia sarmientoi)",14,14,14,14,10,
33012914,"Essential oil, lemongrass",14,14,14,14,10,
33012915,"Essential oil, rosewood",14,14,14,14,10,
33012916,"Essential oil, palmarosa",14,14,14,14,10,
33012917,"Essential oil, coriander",14,14,14,14,10,
33012918,"Essential oil, cabreuva",14,14,14,14,10,
33012919,"Essential oil, eucalyptus",12,12,12,12,10,
33012921,"Other essential oils, lavender",2,2,2,2,4,
33012922,"Essential oil, vetiver",14,14,14,14,10,
33012990,Other essential oils,2,2,2,2,4,
33013000,Resinoids,2,2,2,2,4,
33019010,"Concentration of essential oils in fats, wax, etc.",14,14,14,14,10,
33019020,Residual terpenic byproducts from the deterpenation of essential oils,14,14,14,14,10,
33019030,Aqueous distillates aromatic/aqueous solution of essential oils,14,14,14,14,10,
33019040,Extracted oleoresins,8,8,8,8,8,
33021000,Mixtures used basic matter for food or drink industries,14,14,11,0,10,
33029011,Vetiverol for perfumery,14,14,14,14,10,
33029019,Other mixtures used as basic matter for perfumery,14,14,0,0,10,
33029090,Other mixtures used as basic matter for industry,14,14,11,0,10,
33030010,Perfumes (extracts),18,18,4,18,E,
33030020,Cologne water,18,18,4,18,E,
33041000,Lip make-up preparations,18,18,15,18,15,
33042010,"Eyeshadow, liner, pencil for brows and mascara",18,18,4,18,10,
33042090,Other product of eye make-up,18,18,18,18,10,
33043000,Manicure or pedicure preparations,18,18,18,18,10,
33049100,"Powders, whether or not compressed, for make-up",18,18,15,18,10,
33049910,"Beauty creams, nutritious creams and tonic lotions",18,18,15,18,E,
33049990,"Other beauty products or make-up preparations, etc.",25,18,18,18,E,
33051000,Shampoos,18,18,15,18,E,
33052000,"Preparations for permanent waving/straightening, of hair",18,18,18,18,10,
33053000,Hair lacquers,18,18,18,18,10,
33059000,Other preparations for hair use,18,18,4,18,10,
33061000,Dentifrices,18,18,18,18,10,
33062000,Dental floss,16,16,16,16,10,
33069000,"Other preparations for oral or dental hygiene, etc.",18,18,18,18,10,
33071000,"Pre-shave, shaving or after-shave preparations",18,18,18,18,10,
33072010,"Personal deodorants and antiperspirants, liquid",18,18,15,18,E,
33072090,Other personal deodorants and antiperspirants,18,18,18,18,10,
33073000,Perfumed bath salts and other bath preparations,18,18,18,18,10,
33074100,Agarbate and other odoriferous preparations operated by combustion,18,18,18,18,E,
33074900,Other preparations for perfuming/deodorizing ambient,18,18,18,18,15,
33079000,"Other products of perfumery or dressing table, prepared, etc.",18,18,18,18,15,
34011110,"Medicinal soaps, in bars, pieces, moulded illustration, etc.",18,18,18,18,E,
34011190,"Other toilet soaps, products/preparations, in bars, pieces, etc.",18,18,18,18,E,
34011900,"Other soaps, products/preparations, in bars, pieces, etc.",18,18,18,18,15,
34012010,"Toilet soap, in other forms",18,18,18,18,E,
34012090,Other soaps,18,18,18,18,E,
34013000,Organic surface-active products/preparations for washing the skin,18,18,18,18,15,
34021110,"Sodium dibutylnaphthalenesulphonate (organic surface-active agents, whether or not for retail sale)",2,2,2,2,4,
34021120,"Sodium n-methyl-n-oleolyltaurate (organic surface-active agents, whether or not for retail sale)",2,2,2,2,4,
34021130,"Sodium alkylsulphonates, secondary (organic surface-active agents, whether or not for retail sale)",2,2,2,2,4,
34021140,Alquilbenzenossulphonated acid mixing,14,14,11,14,E,
34021190,"Other organic surface-active agents, anionic",14,14,11,14,E,
34021210,Oleylamine acetate (organic surface-active agent),2,2,2,2,4,
34021290,"Other organic surface-active agents, cationic",14,14,14,14,10,
34021300,"Organic surface-active agents, non-ionic",14,14,0,0,15,
34021900,Other organic surface-active agents,14,14,14,14,10,
34022000,"Surface-active preparations, for wash and cleaning",18,18,18,18,E,
34029011,Mixtures of surface-active agent containing non-ionic products,14,14,14,14,10,
34029019,Other mixtures of surface-active agents,14,14,14,14,E,
34029021,Hydro-alcoholic solutions or emulsions (1-perfluoroalkyl-2-acetoxy) propyl-betaine,2,2,2,2,4,
34029022,"Solutions, etc. based on nonanoyloxybenzenesulphonate",2,2,2,2,4,
34029023,"Solutions, etc. of perfluoro alkyl trimethylsulphonates",2,2,2,2,4,
34029029,"Other solutions/emulsions of surface-active products, etc.",18,18,14,18,E,
34029031,Preparation of ethoxylated nonylphenol (detergents) for washing,18,18,18,18,10,
34029039,Other preparations for washing (detergents),18,18,18,18,10,
34029090,Other surface-active preparations and preparations for cleaning,18,18,14,18,10,
34031110,Preparations containing petroleum oils or oils obtained from bituminous minerals etc. for treatment of textile materials,14,14,14,14,10,
34031120,Preparations containing petroleum oils or oils obtained from bituminous minerals etc. for treatment of leather/furskins,14,14,11,14,10,
34031190,Preparations containing oils of petroleum etc. for treatment of other materials,14,14,14,14,10,
34031900,Preparations containing oils of petroleum/bituminous minerals,14,14,14,14,10,
34039110,Other preparations for treatment of textile materials,14,14,14,14,10,
34039120,Other preparations for treatment of leather/furskins,14,14,11,14,10,
34039190,Other preparations for treatment of other matters,14,14,14,14,10,
34039900,"Other preparations of lubricating/anti-adherent/anti-rust, etc.",14,14,14,0,10,
34042010,Artificial waxes of polyethylene glycol,14,14,14,14,E,
34042020,Prepared waxes of polyethylene glycol,14,14,14,14,10,
34049011,"Artificial wax of polyethylene, emulsifiable",14,14,14,14,10,
34049012,"Other artificial waxes, of polyethylene",14,14,14,14,10,
34049013,Artificial wax of poly propylene glycol,14,14,14,14,10,
34049014,"Artificial waxes of alkyl ketene dimer, etc. in granules",2,2,2,2,4,
34049019,Other artificial waxes,14,14,14,0,10,
34049021,Prepared wax based on vaseline and lanolin alcohols,2,2,2,2,4,
34049029,Other prepared waxes,14,14,14,14,10,
34051000,"Polishes, creams and similar preparations for footwear or leather",16,16,16,16,E,
34052000,"Polishes, creams preparations for maintenance of wooden furniture, etc.",16,16,16,16,15,
34053000,"Preparations for coachwork, other than metal polishes, etc",16,16,16,16,10,
34054000,Scouring pastes/powders and other scouring preparation,16,16,16,16,10,
34059000,"Other preparations for coachwork in glass, metal, etc.",16,16,16,16,E,
34060000,"Candles, tapers and similar",16,16,16,16,10,
34070010,Modelling pastes,16,16,16,16,10,
34070020,Dental wax,16,16,16,16,10,
34070090,"Other preparation for use in dentistry, based on plaster",16,16,16,16,10,
35011000,Casein,14,14,14,14,8,
35019011,Caseinate of sodium,14,14,14,14,8,
35019019,Other caseinates and other casein derivatives,14,14,14,14,8,
35019020,Casein glues,14,14,14,14,8,
35021100,Dried egg albumins,14,14,14,14,10,
35021900,Other egg albumins,14,14,14,14,10,
35022000,"Lactalbumin, including concentrated ≥ 2 proteins of whey protein",14,14,14,14,10,
35029010,Serum albumin,2,2,2,2,4,
35029090,"Other albumins, albuminates and other derivatives of albumins",14,14,14,14,E,
35030011,"Ossein gelatin, its derivatives, purity of ≥ 99,98 %",2,2,2,2,4,
35030012,"Ossein gelatin, its derivatives, purity of < 99,98 %",14,14,14,14,10,
35030019,Other gelatin and its derivatives,14,14,14,14,10,
35030090,"Isinglass, other glues of animal origin, excluding casein glues",14,14,14,14,10,
35040011,Peptones and peptonates,14,14,14,14,10,
35040019,Other derivatives peptones,14,14,14,14,10,
35040020,"Powdered soya proteins, of a protein content of ≥ 90 %",14,14,14,0,10,
35040030,"Powdered potato proteins, of a protein content of ≥ 80 %",2,2,2,2,4,
35040090,"Other protein substances, their derivatives",14,14,14,14,10,
35051000,Dextrins and other modified starches,14,14,14,0,10,
35052000,"Glues with a basis of starches, of dextrins, etc.",14,14,14,14,10,
35061010,"Products used as glue, adhesives of cyanoacrylates, weighing ≤ 1 kg",16,16,16,16,10,
35061090,"Other products used as glue, adhesives of cyanoacrylates, weighing ≤ 1 kg",16,16,16,16,E,
35069110,Adhesives based on rubber,16,16,16,16,10,
35069120,"Adhesives based dispersed plastics, for dispersing, etc.",16,16,12,16,10,
35069190,Other adhesives based on plastics,16,16,16,16,10,
35069900,Other glue and prepared adhesives,16,16,16,16,10,
35071000,Rennet and concentrates thereof,14,14,14,14,10,
35079011,Alpha-amylase (Aspergillus oryzae),14,14,11,14,10,
35079019,Other amylase and concentrates thereof,14,14,14,14,10,
35079021,Fibronucleases,14,14,14,14,10,
35079022,Bromelain,2,2,2,2,4,
35079023,Streptokinase,14,14,14,14,10,
35079024,Streptodornase,14,14,14,14,10,
35079025,Mixed streptoquinase and streptodornase,14,14,14,14,10,
35079026,Papain,14,14,14,14,10,
35079029,Other proteases and their concentrates,14,14,14,14,10,
35079031,Lysozyme and its hydrochloride,2,2,2,2,4,
35079032,L-asparaginase,2,2,2,2,4,
35079039,Other enzymes and their concentrates,14,14,14,14,10,
35079041,Prepared enzymes based on cellulases,14,14,14,14,10,
35079042,Prepared enzymes based on transglutaminase,2,2,2,2,4,
35079049,Other prepared enzymes,14,14,14,14,10,
36010000,Propellent powders,12,12,12,12,10,
36020000,"Prepared explosives, other than propellent powders",12,12,12,12,10,
36030000,"Safety fuses/detonating fuses, percussion, detonating caps, etc",12,12,12,12,10,
36041000,Fireworks,20,14,14,14,E,
36049010,"Fireworks, signalling flares, rockets and cartridges against hail and similar",4,4,4,4,8,
36049090,Other signalling flares and pyrotechnic articles,14,14,14,14,10,
36050000,"Matches, other than pyrotechnic articles",14,14,14,14,E,
36061000,"Liquid fuel, etc. used for lighter, capacity ≤ 300 cm3",14,14,14,14,E,
36069000,"Ferro-cerium/other pyrophoric alloys, articles of inflammable materials",14,14,14,14,10,
37011010,"Flat plates and films, for x-ray, sensitized on 1 side",14,14,14,14,10,
37011021,"Flat plates and films, for x-ray and dental use, sensitized on 1 side",2,2,2,2,4,
37011029,"Other flat plates and films, for x-ray, sensitized on 1 side",14,14,11,14,10,
37012010,"Flat plates and films, instant print, for colour photography",2,2,2,2,4,
37012020,"Flat plates and films, instant print for monochrome photography",2,2,2,2,4,
37013010,"Other flat plates and films, d > 255 mm for colour photography",2,2,2,2,4,
37013021,"Aluminium flat plates, sensitized with photosensitive polymers, d > 255 mm",14,14,0,0,10,
37013022,"Polyesters flat plates, sensitized with photosensitive polymers, d > 255 mm",2,2,0,2,4,
37013029,"Other flat plates, sensitized with photosensitive polymers, d > 255 mm",14,14,7,14,10,
37013031,"Aluminium flat plates, sensitized by other procedures, d > 255 mm",14,14,14,0,10,
37013039,"Other flat plates, sensitized by other procedures, d > 255 mm",14,14,14,14,10,
37013040,"Flat films, for graphic arts, sensitized unexposed d > 255 mm",14,14,14,14,10,
37013050,"Flat films, polyesters heliographic films, sensitized unexposed d > 255 mm",14,14,14,14,10,
37013090,"Other flat plates and films, sensitized unexposed d > 255 mm",14,14,0,14,10,
37019100,"Other flat plates and films, sensitized unexposed for colour photography",2,2,2,2,4,
37019900,"Other flat plates and films, sensitized unexposed for monochrome photography",14,14,14,14,10,
37021010,"Film for x-ray, sensitized 1 side unexposed in rolls",14,14,14,14,10,
37021020,"Film for x-ray, sensitized 2 side unexposed in rolls",14,14,14,14,10,
37023100,"Other film for colour photography, sensitized unexposed width ≤ 105 mm, rolls",2,2,2,2,4,
37023200,"Films containing silver halide emulsion sensitized unexposed width ≤ 105 mm, rolls",2,2,2,2,4,
37023900,"Other films, non-perforated, sensitized, unexposed, width ≤ 105 mm, rolls",14,14,14,14,10,
37024100,"Films for colour photography, sensitized, unexposed, width > 610 mm, length > 200 m, rolls",2,2,2,2,4,
37024210,"Films for graphic arts, sensitized, unexposed, width > 610 mm, length > 200 m, rolls",14,14,14,14,10,
37024290,"Other films, non-perforated sensitized, unexposed, width > 610 mm, length > 200 m, rolls",2,2,2,2,4,
37024310,"Films for graphic arts, sensitized, unexposed, width > 610 mm, length > 200 m, rolls",14,14,0,14,10,
37024320,"Films polyesters heliographic. sensitized, unexposed, width > 61 cm, length ≤ 200 m, rolls",14,14,14,14,10,
37024390,"Other films, non-perforated sensitized, unexposed, width > 610 mm, length > 200 m, rolls",2,2,2,2,4,
37024410,"Films for colour photography, sensitized, unexposed, 105 < width ≤ 610 mm, in rolls",2,2,2,2,4,
37024421,"Films for graphic arts, monochrome sensitized, unexposed, 105 < width ≤ 610 mm, rolls",14,14,14,0,10,
37024422,"Films of photopolymer, acrylic composition, sensitized, width > 105 mm, < 610 mm, for manufacturing print circuits",2,2,2,2,4,
37024429,"Other films monochrome, sensitized, unexposed, 105 < width ≤ 610 mm, in rolls",14,14,14,14,10,
37025200,"Films for colour photography, sensitized, unexposed, width ≤ 16 mm, length > 14 m, rolls",2,2,2,2,4,
37025300,"Films for colours devices, unexposed, 16 < width ≤ 35 mm, length ≤ 30 m, rolls",2,2,2,2,4,
37025411,"Films for colour photography, sensitized, unexposed, width = 35 mm, length ≤ 30 m, rolls",2,2,2,2,4,
37025412,"Films for colour photography, unexposed, 12, 24 or 36 exposition rolls",10,10,6,10,10,
37025419,"Other films for colour photography, unexposed, width = 35 mm, length ≤ 30 m, rolls",14,14,11,14,10,
37025491,"Films for colour photography, unexposed, 16 < width < 35 mm, length ≤ 30 m, rolls",2,2,2,2,4,
37025499,"Other films for colour photography, unexposed,16 < width < 35 mm, length ≤ 30 m, rolls",14,14,7,14,10,
37025510,"Films for colour photography, sensitized, unexposed, width < 35 mm, length ≤ 30 m, rolls",10,10,10,10,10,
37025590,"Films for colour photography, sensitized, unexposed, 16 < width < 35 mm, length ≤ 30 m, rolls",14,14,11,14,10,
37025600,"Films for colour photography, sensitized, unexposed, width < 35 mm, rolls",2,2,2,2,4,
37029600,"Other sensitized films, not printed, width ≤ 35 mm, length ≤ 30 m",2,2,2,2,4,
37029700,"Other sensitized films, not printed, width ≤ 35 mm, length > 30 m",2,2,2,2,4,
37029800,"Other sensitized films, not printed, width > 35 mm",14,14,14,14,10,
37031010,"Photograph paper, etc. for colour photography, sensitized, unexposed, width > 610 mm rolls",14,14,11,14,10,
37031021,"Paper heliographic monochrome sensitized, unexposed, in rolls, width > 610 mm",14,14,14,14,10,
37031029,"Other papers for monochrome photography, sensitized, unexposed, in rolls, width > 610 mm",14,14,11,14,10,
37032000,"Other papers for colour photography, sensitised, unexposed",2,2,2,2,4,
37039010,"Paper for colour photocomposition, sensitised, unexposed",14,14,14,14,10,
37039090,"Other paper, cards and textiles, sensitized, unexposed",14,14,14,14,10,
37040000,"Photographic plates, films, etc. exposed but not developed",14,14,14,14,E,
37051000,"Photographic plates and films, exposed, for offset reproduction",14,14,14,14,E,
37059010,"Photo masks on glass sheet, positive, etc.",0,0,0,0,0,
37059090,"Other photographic plates and film, exposed/developed",14,14,14,14,10,
37061000,"Cinematographic film, exposed and developed, width ≥ 35 mm",14,14,14,14,E,
37069000,Other cinematographic film exposed and developed,14,14,14,14,E,
37071000,Emulsions for surface sensitization for photographic uses,14,14,14,14,10,
37079010,Fixers for photographic uses,14,14,11,14,10,
37079021,"Developers based on carbon black, etc. for document reproduction",0,14,14,14,10,
37079029,Other developers for photographic uses,14,14,11,14,10,
37079030,Photosensitive diazo compounds for emulsions preparation,2,2,2,2,4,
37079090,"Other chemical preparations for photographic uses, etc.",14,14,11,14,10,
38011000,Artificial graphite,2,2,2,2,4,
38012010,Semi-colloidal graphite in suspension in mineral oil,10,10,10,10,10,
38012090,Other colloidal or semi-colloidal graphite,10,10,10,10,10,
38013010,Carbonaceous pastes for electrodes,2,2,2,2,4,
38013090,Similar carbonaceous pastes for furnace linings,2,2,2,2,4,
38019000,"Other preparations based on graphite/other carbon, in paste, etc.",10,10,10,10,10,
38021000,Activated carbon,12,12,12,12,10,
38029010,Siliceous fossil meals (activated),12,12,9,12,10,
38029020,Bentonite (activated natural mineral),12,12,12,12,10,
38029030,Attapulgite,2,2,2,2,4,
38029040,Other clays and activated lands,12,12,12,12,10,
38029050,Bauxite (activated natural mineral),2,2,2,2,4,
38029090,"Other activated natural mineral products, etc.",12,12,12,12,10,
38030000,"Tall oil, whether or not refined",12,12,12,12,10,
38040011,"Residual lyes from the manufacture of wood pulp, sulphite",10,10,10,10,10,
38040012,"Residual lyes from the manufacture of wood pulp, soda/sulphate",10,10,10,10,10,
38040020,Lignin sulphonates,10,10,10,10,10,
38051000,"Turpentine essences, wood or etc.",14,14,14,14,10,
38059010,Pine oil,14,14,14,14,10,
38059090,"Other terpenic essences of wood fabrication, paper",14,14,14,14,10,
38061000,Rosin and resin acids,12,12,12,12,10,
38062000,"Salts of rosin, of resin acids or of derivatives",14,14,14,14,10,
38063000,Ester gums (run gums),14,14,14,14,10,
38069011,"Rosins, oxidized, hydrogenated, dehydrogenated, etc.",14,14,14,14,10,
38069012,"Methyl abietate/benzyl abietate, methyl hydroabietate",14,14,14,14,10,
38069019,Other rosin derivatives or resin acids,14,14,14,14,10,
38069090,Other rosin essences and rosin oils,14,14,14,14,10,
38070000,"Wood tar, wood tar oils, wood creosote, etc.",14,14,14,14,10,
38085010,"Insecticides, rodenticides, fungicides, herbicides, packed for household use",14,14,7,14,10,
38085021,Insecticides based on methamidophos or monocrotophos,14,14,14,14,10,
38085029,Other insecticides presented in another way,8,8,6,8,8,
38089111,"Insecticides containing bromomethane, etc., for household use",14,14,11,14,10,
38089119,Other insecticides packed for household use,14,14,11,14,15,
38089120,"Insecticides containing bromomethane, etc., presented in another way",14,14,11,14,15,
38089191,Insecticide based on acephate presented in another way,14,14,11,14,10,
38089192,"Insecticide based on cypermethrins/permethrin, presented in other ways",14,14,11,14,15,
38089193,"Insecticide based on dicrotofos, presented in another way",14,14,11,14,10,
38089194,"Insecticide based on disulfoton or endosulfan, presented in another way",14,14,14,14,10,
38089195,"Insecticide based on aluminium phosphide, presented in another way",14,14,14,14,10,
38089196,"Insecticide based on trichlorfon or dichlorvos, presented in another way",14,14,14,14,10,
38089197,"Insecticide based on mineral oil/tiometon, presented in another way",14,14,11,14,10,
38089198,"Insecticide based on sulfluramid, presented in another way",12,12,9,12,15,
38089199,"Other insecticides, presented in another way",0,0,6,8,10,
38089211,"Fungicides containing bromomethane, etc., for household use",14,14,7,14,10,
38089219,Other fungicides packed for household use,14,14,7,14,10,
38089220,"Fungicides containing bromomethane, etc., presented in another way",14,14,7,14,10,
38089291,"Fungicide based on copper hydroxide, etc., presented in another way",14,14,7,14,15,
38089292,"Fungicide based on ziram or sulphur, presented in another way",14,14,14,14,10,
38089293,"Fungicide based on mancozeb or maneb, presented in another way",14,14,7,14,10,
38089294,"Fungicide based on sulfiram, presented in another way",14,14,14,14,10,
38089295,"Fungicide based on chromium, arsenic, copper compounds, presented in another way",14,14,14,14,E,
38089296,"Fungicide based on thiram, presented in another way",14,14,12,14,10,
38089297,"Fungicide based on propiconazole, presented in another way",12,12,9,12,10,
38089299,Other fungicides presented in another way,8,0,6,8,10,
38089311,"Herbicides containing bromomethane, etc., for household use",14,14,11,14,10,
38089319,"Other herbicides, packed for household use",14,14,11,14,10,
38089321,Herbicide containing bromomethane or bromochloromethane,14,14,11,14,10,
38089322,"Herbicide based on 2, 4-dichlorophenoxiacetic, etc.",35,14,11,14,15,
38089323,"Herbicide based on atrazine, alachlor, diuron or ametrine",35,14,11,14,15,
38089324,"Herbicide based on glyphosate/its salts, imazaquin, etc.",14,14,11,14,10,
38089325,"Herbicide based on paraquat dichloride, propanil, etc.",14,14,11,14,10,
38089326,Herbicide based on Trifluralin,14,14,11,14,10,
38089327,Herbicide based on imazethapyr,12,12,9,12,15,
38089329,"Other herbicides, presented in another way",8,0,6,8,10,
38089331,Anti-sprouting containing bromomethane/bromochloromethane,14,14,14,14,10,
38089332,Other anti-sprouting wrapped for sanitary for household use,14,14,14,14,10,
38089333,Other anti-sprouting presented in another way,8,8,8,8,8,
38089341,"Regulators for plant growth, with methyl bromide, packed for household use",14,14,14,14,10,
38089349,"Other regulators for plant growth, packed for household use",14,14,14,14,10,
38089351,"Regulators for plant growth, containing bromomethane, presented in another way",14,14,14,14,10,
38089352,Regulators for plant growth bases on hydrazide,14,14,14,14,10,
38089359,"Other regulators for plant growth, presented in another way",8,8,8,8,10,
38089411,"Disinfectant containing bromide, packed for household use",14,14,14,14,10,
38089419,Other disinfectants packed for household use,14,14,14,14,10,
38089421,"Disinfectants containing bromomethane/bromochloromethane, presented in another way",14,14,14,14,15,
38089422,"Disinfectant containing 2-(tiocianometiltio) benzotiazol, presented in another way",14,14,14,14,10,
38089429,Other disinfectants presented in another way,20,8,8,8,15,
38089911,"Other rodenticides, containing methyl bromide, for household use",14,14,14,14,10,
38089919,"Other rodenticides or similar, packed for household use",14,14,14,14,10,
38089920,"Other rodenticides, containing methyl bromide, presented in another way",14,14,14,14,10,
38089991,"Acaricides based on amitraz, chlorofenvinphos, etc., presented in another way",14,14,14,14,10,
38089992,"Acaricides based on cyhexatin, fenbutatin oxide, presented in another way",14,14,0,14,10,
38089993,Other acaricides presented in another way,8,8,8,8,10,
38089994,"Nematicides based on metham sodium, presented in another way",14,14,14,14,10,
38089995,Other nematicides presented in another way,8,8,8,8,8,
38089996,Rodenticides presented in another way,8,8,8,8,8,
38089999,Other rodenticides presented in another way,8,8,8,8,10,
38091010,Preparation with a basis of amylaceous substances for textile industry,14,14,14,14,10,
38091090,Other preparation with a basis of amylaceous substances,14,14,14,14,10,
38099110,"Finishing agents preparation, used in textile industry/similar industry",14,14,14,14,10,
38099120,Mordant preparation for textile industry/similar industries,14,14,14,14,10,
38099130,Fire-retardant products for textile industry/similar industries,14,14,14,14,10,
38099141,"Water-repellent agent based on paraffin, etc. for textile industry",14,14,14,14,10,
38099149,Other water-repellent based on paraffin for textile industry/similar industries,14,14,14,14,10,
38099190,"Other finishing agents, etc. for textile industry",14,14,11,0,10,
38099211,"Water-repellent agent based on paraffin, etc. for paper industry",14,14,14,14,10,
38099219,Other water-repellent for paper industry/similar industry,14,14,14,14,10,
38099290,"Other finishing agents, etc. for paper industry",14,14,14,14,10,
38099311,"Water-repellent agents based on paraffine, etc. for leather industry",14,14,14,14,10,
38099319,Other water-repellent for leather industry/similar industry,14,14,14,14,10,
38099390,"Other finishing agents, etc. for leather industry",14,14,14,14,10,
38101010,Pickling preparations for metal surfaces,14,14,14,14,10,
38101020,"Soldering, brazing or welding powders and pastes",14,14,14,14,10,
38109000,"Other fluxes/auxiliary preparations/sticks/for soldering, etc.",14,14,14,14,10,
38111100,Anti-knock preparations based on lead compounds,2,2,2,2,4,
38111900,Other anti-knock preparations,2,2,2,2,4,
38112110,"Additives viscosity index improvers containing petroleum oils, etc.",14,14,11,0,10,
38112120,"Additives anti-corrosive/anti-oxidation/anti-wear/containing petroleum oils, etc.",14,14,14,14,10,
38112130,"Dispersants additives not containing ash, petroleum oils, etc.",14,14,14,14,10,
38112140,"Detergents additives containing metal compounds, containing petroleum oil, etc.",14,14,14,14,10,
38112150,"Other preparations containing 1 or more additive with petroleum oil, etc.",14,14,11,0,10,
38112190,"Other additives containing petroleum oil, lubricating oils, etc.",2,2,2,2,4,
38112910,Other additives dispersants not containing ash,14,14,14,14,10,
38112920,Other additives detergents containing metal compounds,14,14,14,14,10,
38112990,Other additives lubricating oils,14,14,11,14,10,
38119010,Other additives ashless dispersants for fuel petroleum oils,14,14,14,14,10,
38119090,"Other additives and preparations, for mineral oils/other liquids",2,2,2,2,4,
38121000,"Prepared called ""rubber accelerators""",14,14,14,14,10,
38122000,Compound plasticisers for rubber or plastic,14,14,14,14,10,
38123011,"Anti-oxidising preparations for rubber, containing N-substituted derivatives of p-phenylenediamine",14,14,14,14,10,
38123012,"Anti-oxidising preparations for rubber, alkylarylphosphites, etc.",14,14,14,14,10,
38123013,"Anti-oxidising preparations for rubber, 2, 2, 4-trimethyl-1, 2-etc.",14,14,14,14,10,
38123019,"Anti-oxidising preparations and other compound stabilisers for rubber or plastics containing polymerized 2,2,4-trimethyl-1,2-dihydroquinoline",2,2,2,2,4,
38123021,"Anti-oxidising for plastic, containing N-substituted derivatives of p-phenylenediamine",14,14,14,14,10,
38123029,Anti-oxidising preparations and other compound stabilisers for rubber or plastics containing N-substituted derivatives of p-phenylenediamine,14,14,14,14,10,
38130010,"Charges with bromochlorodifluoromethane, etc for fire-extinguishers",14,14,14,14,10,
38130020,Charges with hydrobromofluorocarbons (hbfc) for fire-extinguishers,14,14,14,14,10,
38130030,Charges with hydrochlorofluorocarbons (hcfc) for fire-extinguishers,14,14,14,14,10,
38130040,Preparations and charges con bromochloromethane for fire-extinguishers,14,14,14,14,10,
38130090,"Preparations and charges for fire-extinguishers, grenades, etc.",14,14,14,0,10,
38140010,"Other solvents/thinners, containing chlorofluorocarbons (cfc)",14,14,14,14,10,
38140020,"Other solvents/thinners, containing organic hydrochlorofluorocarbons",14,14,14,14,10,
38140030,"Other solvents/thinners, containing carbon tetrachloride",14,14,14,14,10,
38140090,"Other composite organic solvents and thinner, etc.",14,14,14,14,10,
38151100,"Supported catalysts, active substance=nickel or composites",2,2,0,2,4,
38151210,In ceramic or metallic honeycomb for catalytic conversion of vehicle exhaust gases,12,12,12,12,10,
38151220,Catalysts with particles of a size < 500 microns,12,12,12,12,10,
38151290,"Other catalysts, containing precious metal as active substance",2,2,2,2,4,
38151900,Other supported catalysts,2,2,2,2,4,
38159010,Other supported catalysts for cracking petroleum oils,4,4,4,4,10,
38159091,"Other catalytic preparations, isoprenyl aluminium as active substance",2,2,2,2,4,
38159092,"Other catalytic preparations, zinc oxide as active substance",12,12,12,12,10,
38159099,Other catalytic preparations,4,4,4,4,4,
38160011,"Refractory cements/mortars, based on calcined magnesite",14,14,14,14,10,
38160012,"Refractory cements/mortars, based on sillimanite",2,2,2,2,4,
38160019,Refractory cements and mortars,14,14,14,14,10,
38160021,Preparations based on refractory containing ≥ 50 % corundum and graphite,2,2,2,2,4,
38160029,"Other preparations based on refractory chromo-magnesium, zirconium, etc.",14,14,14,14,10,
38160090,Other refractory concretes and similar compositions,14,14,14,14,10,
38170010,Mixed alkylbenzenes,12,12,12,0,E,
38170020,Mixed alkylnaphthalenes,14,14,14,14,10,
38180010,"Chemical elements doped of silicon, for use in electronics",2,2,2,2,4,
38180090,Other chemical elements doped for use in electronics,2,2,2,2,4,
38190000,"Liquids for hydraulic brakes, etc. with petroleum oils ≤ 70 %",14,14,5,14,E,
38200000,Anti-freezing preparations and prepared de-icing fluids,14,14,14,14,10,
38210000,Prepared culture media for the growth and maintenance of microorganisms,14,0,14,14,10,
38220010,"Reagents for determination of blood or urine components, paper support, etc.",2,2,2,2,4,
38220090,Other diagnostic or laboratory reagents,14,0,2,14,10,
38231100,Stearic acid (industrial monocarboxylic fatty acids),6,6,6,6,4,
38231200,Oleic acid (industrial monocarboxylic fatty acids),6,6,6,6,4,
38231300,"Tall oil fatty acids ""tall oil""",2,2,2,2,10,
38231900,Other industrial monocarboxylic fatty acids/acidic oils from refining,2,20,2,2,15,
38237010,Stearyl alcohol (industrial fatty alcohols),2,14,2,2,E,
38237020,Lauryl alcohol (industrial fatty alcohols),2,14,2,2,15,
38237030,Other mixtures of primary aliphatic alcohols,2,2,2,2,4,
38237090,Other industrial fatty alcohols,2,2,2,2,4,
38241000,Prepared binders for foundry moulds or cores,14,14,14,14,10,
38243000,"Non-agglomerated metal carbides mixed together, etc.",14,14,14,14,10,
38244000,"Prepared additives for cements, mortars or concretes",14,14,14,14,10,
38245000,Non-refractory mortars and concretes,14,14,14,14,10,
38246000,"Sorbitol, except the polyalcohol d-glucitol",14,14,14,14,10,
38247110,Mixtures containing trichlorotrifluoroethane,2,2,2,2,4,
38247190,"Other mixtures containing halogenated derivatives of methane, ethane, propane, fluorine, chlorine, etc.",14,14,14,14,10,
38247200,"Other mixtures containing bromochlorodifluoromethane, bromotrifluoromethane and dibromotetrafluoroethane",14,14,14,14,10,
38247300,Other mixtures containing hydrobromofluorocarbons (HBFCs),14,14,14,14,10,
38247410,Mixtures prepared based on chlorodifluoromethane/pentafluoroethane,2,2,2,2,4,
38247420,Mixtures prepared based on chlorodifluoromethane/chlorotetrafluoroethane,2,2,2,2,4,
38247490,Other products prepared based on organic compounds,14,14,14,14,10,
38247500,Mixtures containing carbon tetrachloride,14,14,14,14,10,
38247600,"Mixtures containing 1,1,1-trichloroethane",14,14,14,14,10,
38247700,Mixtures containing bromomethane or bromochloromethane,14,14,14,14,10,
38247810,Mixtures prepared based on tetrafluoroethane/pentafluoroethane,2,2,2,2,4,
38247890,Other products prepared based on organic compounds,14,14,14,14,10,
38247900,"Other mixture containing halogenated derivatives of methane, ethane or propane",14,14,14,14,10,
38248110,Mixture of propylene oxide with ethylene oxide ≤30 %,14,14,14,14,10,
38248190,Other products prepared based on organic compounds,14,14,14,14,10,
38248200,"Mixture containing polybrominated biphenyls (PBB), polychloroterphenyls (PCT) or polychlorinated biphenyls (PCB)",14,14,14,14,10,
38248300,"Mixture containing tris(2,3-dibromopropyl) phosphate",14,14,14,14,10,
38249011,Mycellial salinomycin,14,14,14,14,10,
38249012,Intermediate product containing ≤ 55 % by weight of cyanocobalamine,2,2,2,2,4,
38249013,Intermediate product from the manufacture of ammonium primycin,2,2,2,2,4,
38249014,"Senduramycin sodium, from the manufacture of senduramycin",2,2,2,2,4,
38249015,"Ammoniac maduramycin, in alcoholic solution, from the manufacture of maduramycin",2,2,2,2,4,
38249019,"Other intermediate product from the manufacture of antibiotic, vitamin, etc.",14,14,14,14,10,
38249021,Dimerized fatty acids,2,2,2,2,4,
38249022,Preparations containing dimerized fatty acids,2,2,2,2,4,
38249023,Preparations containing stearoylbenzoylmethane/ palmitoylbenzoylmethane,14,14,14,14,10,
38249024,Preparations containing propylene glycol caprylate/propylene glycol caprate,2,2,2,2,4,
38249025,Preparations containing caprylic and capric acid triglycerides,2,2,2,2,4,
38249029,"Other derivatives of industrial fatty acids, preparations etc.",2,14,0,0,10,
38249031,Preparations containing hexamethylene isocyanates,14,14,14,0,10,
38249032,Preparations containing other isocyanates,14,14,14,14,10,
38249033,Preparations containing fatty amines C8 to C22,2,2,2,2,4,
38249034,"Preparations containing polyethylene amines, etc. for coagulating latex",14,14,14,14,10,
38249035,Other preparations containing polyethylamines,14,14,14,14,10,
38249036,"Mixtures of mono-, di- and triisopropanolamines",2,2,2,2,4,
38249039,"Other preparations for rubber/plastic, for resin hardened, etc.",14,14,14,0,10,
38249041,"Anti-scaling, anti-rust preparations or oxidation inhibitors",14,14,14,14,10,
38249042,Eutectic mixture of diphenol and diphenol oxide,8,8,8,8,10,
38249043,"Preparations containing trimethyl-3, 9-diethyldecane",2,2,2,2,4,
38249049,Other fluids for transfer of heat,14,14,14,14,10,
38249051,Foam inhibitors containing tributyl phosphate in isopropyl alcohol solution,2,2,2,2,4,
38249052,Mixed polyethylene glycols,14,14,14,14,10,
38249053,Liquid polypropylene glycol,14,14,0,14,10,
38249054,Flame-retardants containing mixed isopropyl triphenyl phosphates,2,2,2,2,4,
38249059,"Other preparations containing esters inorganic acid/its derivatives, etc.",14,14,14,14,10,
38249071,Soda-lime and water repellent calcium carbonate,14,14,14,14,10,
38249072,"Preparations with a basis of silica in colloidal suspension, etc.",14,14,14,14,10,
38249073,"Preparations based on tungsten carbide (wolfram) with nickel as a binder; hydrogen bromide in solution, etc.",2,2,2,2,4,
38249074,"Preparations based on hydroxide nickel/cadmium, etc.",2,2,2,2,4,
38249075,"Preparations used in the preparation of culture media, etc.",2,2,2,2,4,
38249076,Getters for vacuum tubes,2,2,2,2,4,
38249077,Fertilizers or leaf feeds containing zinc and manganese,0,0,0,0,0,
38249078,Preparations based on aluminium oxide and zirconium oxide,2,2,2,2,4,
38249079,"Other products/preparations based on chemical elements, etc.",14,14,14,0,10,
38249081,"Preparations based on polyisobutenylsuccinic anhydride, in mineral oil",14,14,14,14,10,
38249082,"Halquinol, esters mixtures of dimethylic acids, etc.",2,2,2,2,4,
38249083,"Phenyl or triphenylmethane thiophosphate triisocyanate, in methylene chloride or ethyl acetate solution, etc.",2,2,2,2,4,
38249085,Sodium methylate in methanol,14,14,14,14,10,
38249086,"Maneb, mancozeb and benzalkonium chloride",14,14,14,14,10,
38249087,"Aqueous dispersion of micro-capsules of polyurethane, etc.",14,14,14,14,10,
38249088,"Mixtures of dihalogenated n, n-dialkyl phosphoroamid, etc.",14,14,14,14,10,
38249089,Other products/preparations based on organic compounds,14,14,0,0,10,
38251000,Municipal waste,14,14,14,14,10,
38252000,Sewage sludge,14,14,14,14,10,
38253000,Clinical waste,14,14,14,14,10,
38254100,Wastes halogenated of organic solvents,14,14,14,14,10,
38254900,Other wastes of organic solvents,14,14,14,14,10,
38255000,"Wastes of deoxidizing solutions for metals, etc.",14,14,14,14,10,
38256100,Wastes from chemical industries containing organic constituents,14,14,14,14,10,
38256900,Other wastes from chemical/allied industries,14,14,14,14,10,
38259000,"Other residual products chemical industries, etc.",14,14,14,14,10,
38260000,"Biodiesel and mixtures thereof, > 70 % oil",14,14,0,14,10,
39011010,"Polyethylene linear, density < 0,94 , in primary forms",14,14,0,0,E,
39011091,"Polyethylene containing fillers, density < 0,94 , in primary forms",14,14,14,0,E,
39011092,"Polyethylene not containing fillers, density < 0,94 , primary forms",14,14,0,0,E,
39012011,"Polyethylene containing fillers, vulcanised density > 1,3 , in primary forms",2,2,2,2,4,
39012019,"Other polyethylene containing fillers density ≥ 0,94 , in primary forms",14,14,0,14,E,
39012021,"Polyethylene not containing fillers, vulcanised density > 1,3 , in primary forms",2,2,2,2,4,
39012029,"Other polyethylene not containing fillers, density ≥ 0,94 , primary forms",14,14,0,0,E,
39013010,"Ethylene-vinyl acetate copolymers, in liquids, pastes",14,14,14,14,E,
39013090,"Ethylene-vinyl acetate copolymers, in other primary forms",14,14,14,0,10,
39019010,"Ethylene copolymers/acrylic acid, in primary forms",14,14,14,14,10,
39019020,Ethylene copolymers/monomers etc. in primary forms,14,14,14,14,10,
39019030,"Polyethylene chlorosulphonate, in primary forms",2,2,2,2,4,
39019040,"Chlorinated polyethylene, in primary forms",2,2,2,2,4,
39019050,"Ethylene polymers-methacrylic acid, with ethylene ≥ 60 %",2,2,2,2,4,
39019090,"Other polymeric ethylene, in primary forms",14,14,14,0,E,
39021010,"Polypropylene containing fillers, in primary forms",14,14,14,0,E,
39021020,"Polypropylene not containing fillers, in primary forms",14,14,0,0,E,
39022000,Polyisobutylene in primary forms,14,14,14,14,E,
39023000,"Propylene copolymers, in primary forms",14,14,14,0,E,
39029000,"Other polymers of propylene/olefins, in primary forms",14,14,14,14,E,
39031110,"Polystyrene expansible, containing fillers, in primary forms",14,14,14,14,10,
39031120,"Polystyrene expansible, not containing fillers, in primary forms",14,14,0,0,10,
39031900,Other polystyrene in primary forms,14,14,14,0,E,
39032000,"Styrene-acrylonitrile copolymers, in primary forms",14,2,14,14,10,
39033010,"Acrylonitrile-butadiene-styrene copolymers, primary forms, containing fillers",14,14,14,14,10,
39033020,"Acrylonitrile-butadiene-styrene copolymers, not containing fillers",14,2,14,0,10,
39039010,Methacrylate-methyl-butadiene-styrene copolymers,14,14,14,14,10,
39039020,Acrylonitrile-styrene-butyl acrylate,2,2,0,2,4,
39039090,"Other polymers of styrene, in primary forms",14,14,0,0,E,
39041010,"Poly (vinyl chloride) obtained in suspension, primary forms",14,14,0,0,E,
39041020,"Poly (vinyl chloride) obtained in emulsion, primary forms",14,14,14,0,10,
39041090,"Other poly (vinyl chloride), in primary forms",14,14,14,14,10,
39042100,"Poly (vinyl chloride), non-plasticized, in primary forms",14,14,14,14,10,
39042200,"Poly (vinyl chloride), plasticized, in primary forms",14,14,14,14,E,
39043000,"Vinyl chloride-vinyl acetate copolymers, in primary forms",14,14,14,14,10,
39044010,"Vinyl chloride-vinyl acetatecolumers, containing dibasic acid, etc.",14,14,14,14,10,
39044090,"Vinyl chloride-vinyl acetate copolymers, primary forms",14,14,14,14,10,
39045010,"Copolymers of vinylidene chloride, not containing emulsifier, etc.",2,2,2,2,4,
39045090,"Other vinylidene chloride polymers, in primary forms",2,2,2,2,4,
39046110,Polytetrafluoroethylene in liquids and pastes,2,2,2,2,4,
39046190,Other polytetrafluoroethylene in primary forms,2,2,2,2,4,
39046910,Vinylidene fluoride-hexafluoropropylene copolymer,2,2,2,2,4,
39046990,"Other fluoro-polymers, in primary forms",2,2,2,2,4,
39049000,"Other polymers of vinyl chloride/halogenated olefins, in primary forms",14,14,14,14,10,
39051200,"Polyvinyl acetate, in aqueous dispersion",14,14,14,14,10,
39051910,"Polyvinyl acetate, containing vinyl alcohol in blocks, etc.",14,14,14,14,10,
39051990,"Other polymers of polyvinyl acetate, in primary forms",14,14,14,14,10,
39052100,"Vinyl acetate copolymers, in aqueous dispersion",14,14,14,14,15,
39052900,"Other vinyl acetate copolymers, in primary forms",14,14,14,14,10,
39053000,"Poly (vinyl alcohol), in primary forms",2,2,2,2,4,
39059130,Poly (vinyl pyrrolidone) copolymers/vinyl acetate,14,14,14,14,10,
39059190,"Other vinyl acetate copolymers, etc. in primary forms",2,2,2,2,4,
39059910,Poly (vinyl formal),2,2,2,2,4,
39059920,Poly (vinyl butyral),2,2,2,2,4,
39059930,Iodinated poly (vinyl pyrrolidone),12,12,0,12,10,
39059990,"Other polymers of vinyl, in primary forms",2,2,2,2,4,
39061000,"Poly (methyl methacrylate), in primary forms",14,14,14,14,10,
39069011,"Poly (acrylic acid)/its salts, in liquid/paste, soluble in water",14,14,14,14,10,
39069012,"Water-soluble poly(acrylamidic acid)sodium salt, etc.",14,14,14,14,10,
39069019,"Other water-soluble acrylic polymers, in liquid/paste",14,14,14,14,E,
39069021,"Organic solvent acrylic polymers and salts, in liquid/paste",14,14,14,14,10,
39069022,"2-diisopropylaminoethyl methacrylate copolymer, in suspension etc.",2,2,2,2,4,
39069029,"Other organic solvent acrylic polymers, in liquid/paste",14,14,14,0,10,
39069031,"Poly (acrylic acid) and its salts, in liquid/paste, other solvents etc.",14,14,14,14,10,
39069032,"Poly (acrylamidic acid) sodium salt, in liquid/paste, other solvents etc.",14,14,14,14,10,
39069039,"Other acrylic polymers, in liquid/paste, other solvents etc.",14,14,14,14,10,
39069041,"Poly (acrylic acid) and salts, in blocks, irregular pieces, etc.",14,14,14,14,10,
39069042,"Poly (acrylamidic acid) sodium salt, in pieces, etc. water soluble",14,14,14,14,10,
39069043,"Carboxypolymethylene, in powder",2,2,2,2,4,
39069044,"Sodium polyacrylate, in irregular blocks, pieces, etc.",2,2,2,2,10,
39069045,Potassium acrylate-acrylamide copolymer,2,2,2,2,4,
39069046,"Methyl acrylate copolymer, acrylate ≥ 50 %",2,2,2,2,4,
39069047,"Ethyl acrylate copolymer, n-butyl acrylate, etc.",2,2,2,2,4,
39069049,"Other acrylic polymers, in irregular blocks, pieces, etc.",14,14,14,0,10,
39071010,"Polyacetals with fillers, in liquid and pastes",14,14,14,14,10,
39071020,"Polyacetals with fillers, in other primary forms",14,14,14,14,10,
39071031,"Polydextrose without fillers, in liquid and pastes",2,2,2,2,4,
39071039,"Polyacetals without fillers, in liquid and pastes",14,14,14,14,10,
39071041,"Polydextrose without fillers, in other primary forms",2,2,2,2,4,
39071042,"Other polyacetals without fillers, powder, passes through approximately 0,85 mm",2,2,2,2,4,
39071049,"Polyacetals without fillers, in other primary forms",2,2,2,2,4,
39071091,"Other polyacetals, in granules, of a particle diameter >2 mm",14,14,14,14,10,
39071099,Other polyacetals,14,14,14,14,10,
39072011,"Polyoxyphenylene with fillers, in primary forms",14,14,14,14,10,
39072012,"Polyoxyphenylene without fillers, in primary forms",2,2,2,2,4,
39072020,"Poly (tetramethylene ether glycol), in primary forms",2,2,2,2,4,
39072031,"Poly (ethylene glycol) 400, in primary forms",14,14,11,14,10,
39072039,"Other polyether polyols, in primary forms",14,14,0,0,E,
39072041,Poly(epichlorohydrin),2,2,2,2,10,
39072042,Ethylene oxide copolymers,2,2,2,2,10,
39072049,Other ethylene oxide copolymers,14,14,14,14,10,
39072090,"Other polyethers, in primary forms",14,14,14,14,10,
39073011,"Epoxide resins with fillers, in liquid and pastes",14,14,14,14,10,
39073019,"Epoxide resins with fillers, in other primary forms",14,14,14,14,E,
39073021,"Tetrabromobisphenol A copolymer, etc. without fillers primary forms",14,14,14,14,E,
39073022,"Epoxide resins without fillers, in liquid and pastes",14,14,14,14,10,
39073029,"Epoxide resins without fillers, in primary forms",14,14,14,14,10,
39074010,Polycarbonates in primary forms 60 g/10 min ≤ fluidity ≤ 80 g/10 m,2,2,2,2,4,
39074090,"Other polycarbonates, in primary forms",0,14,0,14,10,
39075010,"Alkyd resins, in liquid and pastes",14,14,14,14,10,
39075090,"Alkyd resins, in other primary forms",14,14,14,14,10,
39076000,Poly(ethylene terephthalate) in primary forms,14,14,0,0,E,
39077000,Poly (lactic acid) primary forms,14,14,14,14,10,
39079100,"Other polyethers unsaturated, in primary forms",14,14,14,0,10,
39079911,"Poly(butylene terephthalate) containing glass fibre filler, in primary forms",14,14,14,14,10,
39079912,Poly (butylene terephthalate) in liquid and pastes,2,2,2,2,4,
39079919,Poly(butylene terephthalate) in other primary forms,2,2,2,2,4,
39079991,Other polyethers in liquid and pastes,14,14,14,14,10,
39079992,Poly (epsilon caprolactone),2,2,2,2,4,
39079999,Other polyethers in primary forms,14,14,14,0,E,
39081011,Polyamide-11 liquids and pastes,2,2,2,2,4,
39081012,Polyamide-12 liquids and pastes,2,2,2,2,4,
39081013,"Polyamide-6/polyamide-6, 6, with load liquids and pastes",14,14,14,14,10,
39081014,"Polyamide-6/polyamide-6, 6, without load liquids, pastes",14,14,14,14,10,
39081019,"Polyamide-6, 9 or 6, 10 or 6-12, in liquids and pastes",2,2,2,2,4,
39081021,"Polyamide-11 in irregular blocks, pieces, clots, etc.",2,2,2,2,4,
39081022,"Polyamide-12 in irregular blocks, pieces, clots, etc.",2,2,2,2,4,
39081023,"Polyamide-6 or polyamide-6, 6, with filler, in pieces, etc",14,14,14,14,E,
39081024,"Polyamide-6/polyamide-6, 6, without filler, in pieces, etc.",14,14,14,14,E,
39081029,"Polyamide-6, 9 or 6, 10 or 6-12, in irregular blocks, etc.",2,2,2,2,4,
39089010,"Lauryl-lactam copolymer, in primary forms",2,2,2,2,4,
39089020,Other polyamides obtained by condensation of dimerized or trimerized fatty acid etc.,14,14,14,14,10,
39089090,Other polyamides in primary forms,2,2,2,2,4,
39091000,"Urea resins, thiourea resins, in primary forms",14,14,14,14,10,
39092011,"Melamine-formaldehyde, with filler in powder form",14,14,14,14,10,
39092019,"Other melamine resins, with filler, in primary forms",14,14,14,14,10,
39092021,"Melamine-formaldehyde, without filler, in powder form",14,14,14,14,10,
39092029,"Other melamine resins, without filler, in primary forms",14,14,14,14,10,
39093010,"Other amino resins, with filler, in primary forms",14,14,14,14,10,
39093020,"Other amino resins, without filler, in primary forms",14,14,14,14,10,
39094011,"Phenol-formaldehyde, liposoluble, pure or modified",14,14,14,14,10,
39094019,"Other phenolic resins, liposoluble, pure or modified",14,14,14,14,10,
39094091,Other phenol-formaldehyde in primary forms,14,14,14,14,10,
39094099,Other phenol-resins in primary forms,8,14,14,14,10,
39095011,Polyurethane in solutions in organic solvent,14,14,14,14,10,
39095012,Polyurethane in aqueous dispersion,2,2,2,2,4,
39095019,Other polyurethanes in aqueous dispersion,14,14,14,14,E,
39095021,"Hydroxylated polyurethane with adhesive properties, in pieces, etc.",2,2,2,2,4,
39095029,"Other polyurethanes in blocks irregular, pieces, powder, etc.",14,14,14,14,E,
39100011,"Lineal pre-polymers mixtures, etc. (oil silicon)",2,2,2,2,4,
39100012,"Polydimethylsiloxane, etc. in dispersion (oil silicon)",14,14,14,14,10,
39100013,Dimethylsiloxane copolymers with vinyl compounds etc,2,2,2,2,4,
39100019,Other silicones oils in primary forms,14,14,0,14,10,
39100021,"Silicon elastomer, heat vulcanised",2,2,2,2,4,
39100029,Other silicon elastomer,14,14,14,14,10,
39100030,Resin (silicon),14,14,14,14,10,
39100090,Silicones in primary forms,14,14,14,14,10,
39111010,"Petroleum resin, coumarone, etc. with filler, in primary form",14,14,14,14,10,
39111021,"Other petroleum resins without charge, total or partially hydrogenated",2,2,2,2,10,
39111029,Other petroleum resins without charge,14,14,14,14,10,
39119011,"Chemically modified polyterpenes, with filler, in primary form",14,14,14,14,10,
39119012,"Polyetherimides and its copolymers, with load, in primary form",2,2,2,2,4,
39119013,"Polyetherimides and its copolymers, with load, in primary form",2,2,2,2,4,
39119014,Poly(phenylene sulfide),2,2,2,2,10,
39119019,"Other polyetherimides, polysulphones, etc. with filler, in primary form",14,14,14,14,10,
39119021,"Chemically modified polyterpenes, without filler, in primary form",14,14,14,14,10,
39119022,"Poly(phenylene sulphide), with filler, in primary form",2,2,2,2,4,
39119023,"Polyethyleneamines, with filler, in primary form",2,2,2,2,4,
39119024,"Polyetherimides and its copolymers, without load, in primary form",2,2,2,2,4,
39119025,"Polyetherimides and its copolymers, without load, primary forms",2,2,2,2,4,
39119026,Polysulphones,2,2,2,2,10,
39119029,"Other polyterpenes, etc. without filler, in primary form",14,14,14,14,10,
39121110,"Cellulose acetate, non-plasticised, with filler, in primary form",8,8,8,8,8,
39121120,"Cellulose acetate, non-plasticised, without filler, in primary form",2,2,2,2,4,
39121200,"Cellulose acetate, plasticised, in primary form",2,2,2,2,4,
39122010,"Cellulose nitrate, with filler, in primary form",14,14,14,14,10,
39122021,"Cellulose nitrate, with filler, in alcohol with non-volatile content ≥ 65 %",14,14,14,0,10,
39122029,"Other cellulose nitrate, with filler, in primary form",14,14,14,14,10,
39123111,"Carboxymethylcellulose content ≥ 75 %, in primary form",14,14,14,14,10,
39123119,"Other carboxymethylcellulose, in primary form",14,14,14,14,E,
39123121,"Salts of carboxymethylcellulose content ≥ 75 %, in primary form",14,14,14,14,10,
39123129,"Other salts of carboxymethylcellulose, in primary form",14,14,14,14,10,
39123910,"Hydroxylated methyl-, ethyl-propyl cellulose, in primary form",2,2,0,0,4,
39123920,"Other methylcelluloses, in primary form",2,2,2,2,10,
39123930,"Other ethylcelluloses, in primary form",2,2,2,2,10,
39123990,"Other eters of cellulose, in primary form",2,2,0,2,4,
39129010,"Cellulose propionate, in primary form",2,2,2,2,4,
39129020,"Cellulose acetobutanoate, in primary form",2,2,2,2,4,
39129031,"Microcrystalline cellulose, in powder",14,14,0,0,10,
39129039,"Microcrystalline cellulose, in primary form",14,14,14,14,10,
39129040,"Other cellulose, in powder",14,14,14,14,10,
39129090,"Other cellulose and its chemical derivatives, in primary form",14,14,11,14,10,
39131000,"Alginic acid, its salts and esters, in primary form",2,2,2,2,4,
39139011,"Chlorinated/hydrochloride rubber, in pieces, clots, etc.",2,2,2,2,4,
39139012,"Chlorinated rubber, in other forms",2,2,2,2,4,
39139019,"Other natural rubber/its chemical derivatives, in primary form",2,2,2,2,4,
39139020,"Xanthane gum, in primary form",2,2,2,2,4,
39139030,"Dextran, in primary form",2,2,2,2,4,
39139040,"Hardened proteins, in primary form",2,2,2,2,4,
39139050,"Chitosan, its salts/derivatives, in primary form",14,14,14,14,10,
39139060,Chondroitin sulfate and its salts,14,14,14,14,10,
39139090,"Other natural polymers, including modified, in primary form",2,2,2,2,4,
39140011,Ion-exchangers based on sulfonated styrene-divinylbenzene copolymers,2,2,2,2,4,
39140019,Other ion-exchangers based on polystyrene/its copolymers,2,2,2,2,4,
39140090,"Ion-exchangers based on other copolymers, in primary form",2,2,2,2,4,
39151000,"Waste, parings and scrap, of polymers of ethylene",14,14,14,14,10,
39152000,"Waste, parings and scrap, of polymers of styrene",14,14,14,14,10,
39153000,"Waste, parings, etc. of polymers of vinyl chloride",14,14,14,14,10,
39159000,"Waste, parings and scrap of other plastics",14,14,14,14,10,
39161000,"Monofilaments, etc. of polymers of ethylene",16,16,16,16,10,
39162000,"Monofilaments, etc. of polymers of vinyl chloride",16,16,16,16,10,
39169010,"Monofilaments, of other plastics",16,16,16,16,10,
39169090,"Sticks and profiles, of other plastics",16,16,16,16,10,
39171010,Artificial guts of hardened protein,2,2,2,2,4,
39171021,"Artificial guts, of regenerate cellulose diameter ≥ 150 mm",2,2,2,2,0,
39171029,Artificial guts of other cellulosic plastics,16,16,0,0,10,
39172100,"Rigid tubes, of polymers of ethylene",16,16,16,16,10,
39172200,"Rigid tubes, of polymers of propylene",16,16,16,16,10,
39172300,"Rigid tubes, of polymers of vinyl chloride",16,16,16,16,E,
39172900,"Rigid tubes, of other plastics",16,16,16,16,10,
39173100,"Flexible tubes, of plastic, capable of withstanding a minimum pressure ≥ 27,6 MPa",16,16,16,16,10,
39173210,"Tubes of copolymers of ethylene, non-reinforced, without fittings",16,16,16,16,10,
39173221,Semipermeable capillary tube of polypropylene for hemodyalisis,2,2,2,2,4,
39173229,"Other tubes of polypropylene, non-reinforced, without fittings",16,16,16,16,10,
39173230,"Tube of poly(ethylene terephthalate), non-reinforced, without fittings",16,16,16,16,10,
39173240,"Tubes of silicones, non-reinforced, without fittings",16,16,16,16,10,
39173251,Semipermeable capillary tube from regenerated cellulose for haemodialysis,2,2,2,2,4,
39173259,"Other tubes of regenerate cellulose, non-reinforced, without fittings",16,16,16,16,10,
39173290,"Other tubes of plastics, non-reinforced, without fittings",16,16,16,16,E,
39173300,"Tubes of plastic, non-reinforced, without fittings",16,16,16,16,10,
39173900,Other plastic tubes,16,16,16,16,10,
39174010,"Fittings for tubes, of plastics, used in haemodialysis",0,0,0,0,0,
39174090,"Other fittings for tubes, of plastics",16,16,16,16,10,
39181000,"Floor coverings, etc. of polymers of vinyl chloride",16,16,16,16,10,
39189000,"Floor coverings, walls/roofs, of other plastics",16,16,16,16,10,
39191000,"Plates, sheets, etc. self-adhesives, of plastics, rolls, width ≤ 20 cm",16,16,16,16,10,
39199000,"Other plates, sheets, strip, etc. self-adhesive of plastics",16,16,0,16,10,
39201010,"Plates of polymers of ethylene, non-reinforced, etc. roll width ≤ 66 cm",2,2,2,2,4,
39201091,Plates of ethylene polymers non-reinforced etc. used for the manufacture of electric battery separators,2,2,2,2,4,
39201099,"Other plates of ethylene polymers, non-reinforced, etc.",16,16,16,16,E,
39202011,"Plates of ethylene polymers non-reinforced etc. biaxially oriented, metallic/12,5 cm-10 micrometers",2,2,2,2,4,
39202012,"Plates of ethylene polymers non-reinforced etc. biaxially oriented, metallic/50 cm-25 micrometers",2,2,2,2,4,
39202019,"Other plates of ethylene polymers non-reinforced etc. biaxially oriented, metallic",16,16,16,16,E,
39202090,"Other plates of ethylene polymers non-reinforced etc. biaxially oriented, metallic",16,16,16,16,E,
39203000,Plates of styrene polymers non-reinforced etc.,16,16,16,0,10,
39204310,"Plates of poly(vinyl chloride) plasticized ≥ 6 %, transparent, etc.",16,16,0,16,10,
39204390,"Other plates of poly(vinyl chloride), plasticized ≥ 6 %, etc.",16,16,0,16,E,
39204900,"Other plates, sheets, etc. of poly(vinyl chloride)",16,16,16,16,E,
39205100,"Plates, etc. of poly(methyl methacrylate), non-reinforced, etc.",16,16,16,16,E,
39205900,"Other plates, etc. acrylic polymers, non-reinforced, etc.",16,16,16,16,10,
39206100,"Plates of polycarbonates, etc, non-reinforced.",16,16,16,16,10,
39206211,"Plates, etc. of poly(ethylene terephthalate) thickness < 5 micrometers, etc.",2,2,2,2,4,
39206219,"Other plates, etc. of poly(ethylene terephthalate), thickness ≤ 40 micrometers",16,16,16,0,10,
39206291,"Plates, etc. of poly(ethylene terephthalate), width ≤ 12 cm",16,16,16,16,E,
39206299,"Other plates, etc. poly(ethylene terephthalate)",16,16,16,16,10,
39206300,"Plates, etc. of unsaturated polyesters, non-reinforced",16,16,16,16,10,
39206900,"Plates, etc. of other polyesters non-reinforced, etc.",16,16,0,16,10,
39207100,"Plates, etc. of regenerated cellulose, non-reinforced, etc.",16,16,16,16,10,
39207310,"Plates, etc. of cellulose acetates, thickness ≤ 0,75 mm, non-reinforced, etc.",16,16,16,16,10,
39207390,"Other plates, etc. of cellulose acetate, non-reinforced",16,16,16,16,10,
39207910,"Other plates, cellulose sheets, vulcanised, fibre thickness ≤ 1 mm",2,2,2,2,4,
39207990,"Other plates, sheets, ribbons of other cellulose derived",16,16,16,16,10,
39209100,"Plates, etc. poly(vinyl butyral), non-reinforced, etc.",16,16,16,16,10,
39209200,"Plates, etc. of polyamides, non-reinforced, etc.",16,16,16,16,10,
39209300,"Plates, etc. of amino-resins, non-reinforced, etc.",16,16,16,16,10,
39209400,"Plates, etc. of phenolic resins, non-reinforced, etc.",16,16,16,16,10,
39209910,"Plates, etc. of silicones, non-reinforced, etc.",16,16,16,16,10,
39209920,"Plates, etc. of poly(vinyl alcohol), non-reinforced, etc.",16,16,16,16,10,
39209930,"Plates, etc. of vinyl fluoride polymers, non-reinforced, etc.",2,2,2,2,4,
39209940,"Plates, etc. of polyimides, non-reinforced, etc.",2,2,2,2,4,
39209950,"Plates, etc. of poly(chlorotrifluoroethylene), non-reinforced, etc",2,2,2,2,4,
39209990,"Other plates, etc. of other plastic, non-cellular, etc.",16,16,16,16,10,
39211100,"Other plates, etc. of polymers of styrene, cellular",16,16,16,16,10,
39211200,"Other plates, etc. of polymers of vinyl chloride, cellular",16,16,16,16,10,
39211310,"Other plates, etc. of polyester, 24 ≤ pores ≤ 157, 3,5 ≤ pka ≤ 4",2,2,2,2,4,
39211390,"Other plates, etc. of polyurethanes, cellular",16,16,16,16,10,
39211400,"Other plates, etc. of regenerated cellulose, cellular",16,16,16,16,10,
39211900,"Other plates, etc. of other plastics, cellular",16,16,16,0,10,
39219011,"Plates, etc of melamine-formaldehyde resin, stratified",16,16,16,16,10,
39219012,"Other plates, etc. of other plastics with polyethylene support",2,2,2,2,4,
39219019,"Other plates, etc. of other plastics, stratified",16,16,16,16,E,
39219020,"Other plates, etc. of other plastics, reinforced",2,2,2,2,4,
39219090,"Other foils, sheets, film, plates and strips, of plastics",16,16,0,0,10,
39221000,"Baths, shower-baths, sinks and wash-basin, of plastics",18,18,18,18,15,
39222000,"Lavatory seats and covers, of plastic",18,18,18,18,15,
39229000,"Other articles for sanitary and hygienic uses, of plastic",18,18,18,18,15,
39231010,"Plastic cases, used to hold discs for laser reading systems",18,18,18,18,10,
39231090,"Other boxes, cases, crates, similar articles, etc. of plastic",18,18,18,18,E,
39232110,"Sacks, bags, cartridge, of ethylene polymers, capacity ≤ 1 000 cm3",18,18,18,18,E,
39232190,"Other sacks, bags, cartridge, of ethylene polymers",18,18,18,18,E,
39232910,"Sacks, bags, cartridge, of other plastics, capacity ≤ 1 000 cm3",18,18,18,18,E,
39232990,"Other sacks, bags and cartridge, of other plastic",18,18,18,18,E,
39233000,"Carboys, bottles, flasks, similar articles, of plastic",18,18,18,18,15,
39234000,"Spools, cops, bobbins and similar supports, of plastic",18,18,18,18,10,
39235000,"Corks, lids, caps and other devices for closing containers",18,18,18,18,E,
39239000,"Other articles for closing containers, of plastic",18,18,18,18,E,
39241000,"Tableware, kitchenware, other household articles, of plastic",18,18,15,18,10,
39249000,"Other articles of hygiene/toilet articles, of plastic",18,18,18,18,10,
39251000,"Reservoirs, tanks, vats, etc. of plastics, capacity > 300 l",18,18,18,18,10,
39252000,"Doors, windows, their frame, thresholds, etc. of plastic",18,18,18,18,10,
39253000,"Shutters, blinds, similar articles and parts, of plastic",18,18,18,18,10,
39259010,"Other artifacts for equipping buildings, of expanded polystyrene",18,18,18,18,10,
39259090,Other artifacts for equipping buildings,18,18,18,18,10,
39261000,"Office supplies and school supplies, of plastics",18,18,18,18,10,
39262000,"Clothing and clothing accessories (including gloves, mittens and similar items), of plastic",18,18,18,18,10,
39263000,"Fittings for furniture, coachwork or similar, of plastic",18,18,18,18,10,
39264000,"Statuettes and other ornamental articles, of plastic",18,18,18,18,10,
39269010,Washers of plastic,18,18,18,18,10,
39269021,"Transmission belts or belting, of plastic",18,18,18,18,10,
39269022,"Conveyor or elevator belts or belting, of plastic",18,18,18,18,15,
39269030,"Plastic bags for medical use (colostomy, haemodialysis)",0,0,0,0,0,
39269040,"Laboratory and pharmaceutical articles, of plastic",18,18,18,18,10,
39269050,"Other accessories of plastic, used for haemodialysis, obturators",0,0,0,0,0,
39269061,Rings of circular cross section of tetrafluoroethylene and ether,2,2,2,2,4,
39269069,Rings of circular cross section of plastic,18,18,18,18,10,
39269090,Other articles of plastic,18,18,18,18,E,
40011000,"Natural rubber latex, whether or not prevulcanised",0,4,4,0,E,
40012100,Natural rubber in other forms: smoked sheets,4,4,4,4,E,
40012200,"Technically specified natural rubber, other forms",0,4,4,4,E,
40012910,Creped natural rubber,4,4,4,4,E,
40012920,Natural rubber granulated or compressed,4,4,4,4,E,
40012990,Natural rubber in other forms,4,4,4,0,E,
40013000,"Balata, gutta-percha, guayule, chicle, similar natural gums",4,4,4,4,15,
40021110,Rubber of latex of styrene-butadiene,12,12,12,12,15,
40021120,Rubber of latex of carboxylated styrene-butadiene,12,12,12,0,10,
40021911,"Styrene-butadiene rubber, in foils, sheets, strips",12,12,12,12,10,
40021912,"Styrene-butadiene rubber, food grade, primary form",12,12,12,12,10,
40021919,"Styrene-butadiene rubber, in other primary forms",12,12,12,0,10,
40021920,"Carboxylated styrene-butadiene rubber, in foils, etc.",12,12,12,12,10,
40022010,Butadiene rubber oil,2,2,2,2,4,
40022090,"Butadiene rubber, in foil, sheets, strip, etc.",0,12,12,0,10,
40023100,"Isobutene-isoprene (butyl) rubber, in foils, etc.",2,2,2,2,4,
40023900,"Isobutene-isoprene rubber halogenated, in foils, etc",2,2,2,2,4,
40024100,Latex of rubber of chloroprene (chlorobutadiene),2,2,2,2,4,
40024900,"Chloroprene (chlorobutadiene) rubber, in foils, etc.",2,2,0,2,4,
40025100,Latex of rubber of acrylonitrile-butadiene,12,12,12,12,10,
40025900,"Acrylonitrile-butadiene rubber, in foils, sheets, etc.",12,25,12,12,E,
40026000,"Isoprene rubber in foils, sheets, strip, etc.",2,2,2,2,4,
40027000,"Non-conjugated ethylene-propylene-diene rubber, in foils",0,12,12,12,E,
40028000,"Mixtures of natural rubber with synthetic rubber, etc.",12,12,12,12,10,
40029100,Latex of other synthetic or artificial rubber,12,12,12,12,10,
40029910,"Styrene-isoprene-styrene rubber in foils, sheets, etc.",12,12,12,12,10,
40029920,"Ethylene-propylene-nonconjugated diene-propylene (EPDM-propylene) rubber, etc.",2,2,2,2,4,
40029930,Hydrogenated acrylonitrile-butadiene rubber,2,2,2,2,4,
40029990,"Other synthetic and artificial rubber, in foils, etc.",12,12,12,12,10,
40030000,"Regenerated rubber, in primary forms or in sheets, foils or strips",12,12,12,12,10,
40040000,"Waste, scrap and parings, of non-hard rubber, whether or not reduced to powder or granules",12,12,12,12,10,
40051010,"Ethylene-propylene-diene rubber, etc. with silica, granules",2,2,2,2,4,
40051090,"Other unvulcanised rubber with carbon black/silica, in foils, etc.",14,14,14,14,E,
40052000,"Mixtures rubber, unvulcanised, in solution, dispersions",14,14,14,14,10,
40059110,"Preparation based on rubber, for making chewing gums, etc.",14,14,14,14,10,
40059190,"Other mixtures rubber, unvulcanised, in plates, sheets, strip",14,14,14,14,10,
40059910,"Preparation based on rubber, for making chewing gums, etc. primary forms",14,14,14,14,10,
40059990,"Other mixture rubbers, unvulcanised, in primary forms",14,14,14,14,15,
40061000,"Camel-back for retreading, of rubber, unvulcanised",14,14,14,14,15,
40069000,"Other forms and articles of rubber, unvulcanised",14,14,14,14,10,
40070011,"Vulcanised rubber thread, covered with silicon",14,14,14,0,10,
40070019,Other vulcanised rubber thread,14,14,14,14,10,
40070020,Vulcanised rubber cord,14,14,14,14,15,
40081100,"Plates, sheets and strips of cellular rubber",14,14,14,14,10,
40081900,"Rods and profile shapes, of cellular rubber",14,14,14,14,10,
40082100,"Plates, sheets, etc. of rubber, vulcanised, non-cellular, non-hardened",14,14,11,14,10,
40082900,"Rods/profiles of rubber vulcanised, non-cellular, non-hardened",14,14,14,14,10,
40091100,"Tubes of vulcanised rubber, non-hardened, non-reinforced, without accessories",14,14,10,14,10,
40091210,"Tubes of vulcanised rubber, non-hardened, non-reinforced, with accessories, rupture ≥ 17",14,14,10,14,10,
40091290,"Other vulcanised rubber, non-hardened, non-reinforced, with accessories",14,14,10,14,10,
40092110,"Tubes of vulcanised rubber, non-hardened, reinforced with metal, without accessories, rupture ≥ 17",14,14,10,14,15,
40092190,"Other vulcanised rubber, non-hardened, reinforced with metal, without accessories",14,14,10,14,10,
40092210,"Tubes of vulcanised rubber, non-hardened, reinforced with metal, without accessories, rupture ≥ 17",14,14,10,14,15,
40092290,"Other tubes of vulcanised rubber, non-hardened, reinforced with metal, without accessories",14,14,10,14,10,
40093100,"Rubber tube vulcanised, non-hardened, reinforced with textile materials, without accessories",14,14,10,14,10,
40093210,"Rubber tube vulcanised, reinforced with textile materials, with accessories, rupture ≥ 17",14,14,10,14,10,
40093290,"Other rubber tubes vulcanised, reinforced with textile materials, with accessories",14,14,10,14,10,
40094100,"Rubber tubes vulcanised, non-hardened, reinforced with other materials, without accessories",14,14,10,14,10,
40094210,"Rubber tube vulcanised, reinforced with other materials, without accessories, rupture ≥ 17",14,14,10,14,10,
40094290,"Other rubber tubes vulcanised, reinforced with other materials, with accessories",14,14,10,14,10,
40101100,"Conveyor belt of rubber vulcanised, reinforced only with metal",14,14,14,14,10,
40101200,"Conveyor belt of rubber vulcanised, reinforced with textile materials",14,14,14,14,10,
40101900,"Other conveyor belt, of vulcanised rubber",14,14,14,14,10,
40103100,"Transmission belts trapezoidal, ribbed, 60 < circumference ≤ 180 cm",14,14,10,14,10,
40103200,"Transmission belts trapezoidal, non-ribbed, 60 < circumference ≤ 180 cm",14,14,10,14,10,
40103300,"Transmission belt trapezoidal, ribbed, 180 < circumference ≤ 240 cm",14,14,10,14,10,
40103400,"Transmission belt trapezoidal, non-ribbed, 180 < circumference ≤ 240 cm",14,14,10,14,10,
40103500,"Transmission belt, synchronous, 80 < circumference ≤ 150 cm",14,14,10,14,10,
40103600,"Transmission belt, synchronous, 150 < circumference ≤ 198 cm",14,14,10,14,10,
40103900,Other transmission belts,14,14,10,14,10,
40111000,New tires for automobiles of passengers,35,16,5,16,E,
40112010,"New tires for buses or trucks, measuring=11.00-24",16,16,10,16,10,
40112090,Other new tires for buses or trucks,35,16,5,16,E,
40113000,New tires for airplanes,0,0,0,0,0,
40114000,New tires for motorcycles,35,16,16,16,10,
40115000,New tires for bicycles,16,16,16,16,10,
40116100,"New tires, for vehicles, agricultural/forest machines",16,16,16,16,10,
40116200,"New tires, for vehicles, machines for construction/industrial maintenance, ring ≤ 61 cm",35,16,16,16,10,
40116310,"Radial tires, new, for ""dumpers"", ring ≥ 1 448 mm",35,2,2,2,4,
40116320,"Other new tires, for construction vehicles, ring ≥ 1 143 mm",2,2,2,2,4,
40116390,"Other new tires, for construction vehicles ring > 61 cm, spine",16,16,16,16,10,
40116910,"Other new tires, band fish spine, ring ≥ 1 143 mm",2,2,2,2,4,
40116990,"Other new tires, of rubber, band fish spine",16,16,16,16,10,
40119210,"Other new tires, for agricultural/forest vehicles measuring: 4,00 -15, etc",16,16,10,16,10,
40119290,"Other new tires, for forest/agricultural vehicles",16,16,10,16,10,
40119300,"Other new tires, for construction vehicles ring ≤ 61 cm",16,16,10,16,10,
40119410,"Other radial tires, new, ""dumpers"", ring ≥ 1 448 mm",2,2,2,2,4,
40119420,"Other new tires, for construction vehicles ring ≤ 1 143 mm",2,2,2,2,4,
40119490,"Other new tires, for construction vehicles ring ≤ 61 cm",16,16,10,16,10,
40119910,"New tires, for tractors/agriculture, ring ≤ 1 143 mm",2,2,2,2,10,
40119990,Other new rubber tires,16,16,10,16,10,
40121100,"Retreaded tires, for passenger automobiles",16,16,16,16,E,
40121200,"Retreaded tires, of bus and trucks",16,16,16,16,E,
40121300,"Retreaded tires, of aerial vehicles",16,16,16,16,E,
40121900,Other retreaded tires,16,16,16,16,E,
40122000,Used rubber tires,16,16,16,16,E,
40129010,Flaps for rubber tires,16,16,10,16,E,
40129090,"Protecting, bands wheelwork, etc. for tires of rubber",16,16,10,16,E,
40131010,"Inner tubes of rubber, for tires of bus, etc. measuring=11.00-24",16,16,10,16,10,
40131090,"Inner tubes rubber, for tires of automobiles, etc.",16,16,10,16,10,
40132000,"Inner tubes rubber, for tires of bicycles",16,16,16,16,10,
40139000,"Other inner tubes, of rubber",16,16,10,16,10,
40141000,"Contraceptives, of vulcanised rubber, non-hardened",10,10,10,10,E,
40149010,"Ice-bags and hot-water, of vulcanised rubber, non-hardened",16,16,16,16,15,
40149090,"Other hygienic articles, etc. of vulcanised rubber, non-hardened",16,16,16,16,15,
40151100,"Gloves for surgery, of vulcanised rubber, non-hardened",16,16,16,16,15,
40151900,"Other gloves, of vulcanised rubber, non-hardened",16,35,16,16,10,
40159000,"Other apparel and accessories, of vulcanised rubber, non-hardened",16,16,16,16,15,
40161010,"Parts of automobiles, etc. vulcanised rubber cellular, non-hardened",16,16,16,16,10,
40161090,"Other works of vulcanised rubber cellular, non-hardened",16,16,16,16,10,
40169100,"Covering for pavements, etc. of vulcanised rubber, non-hardened",16,16,10,16,10,
40169200,Erasers,16,16,16,16,15,
40169300,"Gaskets, washers, similar, of vulcanised rubber, non-hardened",16,16,10,16,E,
40169400,"Fenders to moor embarkations, of vulcanised rubber, non-hardened",16,16,16,16,15,
40169510,"Inflatable articles of rescue, of vulcanised rubber, non-hardened",16,16,16,16,15,
40169590,"Other inflatable articles, of vulcanised rubber, non-hardened",16,16,16,16,15,
40169910,"Stoppers of EPDM for capacitors, sealing caps with terminal holes",2,2,2,2,10,
40169990,Other articles of vulcanised rubber other than hard rubber,16,16,10,16,E,
40170000,Hard rubber and other articles of hard rubber,16,16,10,16,10,
41012000,"Raw hides and skins, whole, with weight restriction",2,2,2,2,10,
41015010,"Whole leathers/skin of bovine, non-split, width ≤ 16 kg",2,2,2,2,4,
41015020,"Whole leathers/skin, bovine, grain splits, width ≤ 16 kg",2,2,2,2,10,
41015030,"Whole leather/skin, bovine splits (other than grain sp.), width ≤ 16 kg",2,2,2,2,10,
41019010,"Other leathers/skin, bovine, non-split",2,2,2,2,10,
41019020,"Other leathers/skin, of bovine, grain splits",2,2,2,2,10,
41019030,"Other leathers/skin, of bovine, splits (than grain splits)",2,2,2,2,10,
41021000,"Skin in brute, sheep, with wool",2,2,2,2,4,
41022100,"Skin in brute, sheep, ""pickled""",2,2,2,2,10,
41022900,"Other skin in brute, sheep, waxed or without wool",2,2,2,2,10,
41032000,"Skin in brute, of reptiles",2,2,2,2,10,
41033000,"Leathers/skin, of swine, in brute",2,2,2,2,4,
41039000,"Skin in brute, of other animals",2,2,2,2,4,
41041111,"Whole leathers of bovines, non-split ""wet blue"", surface ≤ 2,6 m2",4,4,4,4,4,
41041112,"Whole leather of bovines, splits (than grain split) ≤ 2,6 m2",8,8,8,8,E,
41041113,"Other leathers of bovines, non-split, pre-vegetable tanning",10,10,10,10,E,
41041114,"Other leathers bovines, including buffalos, wet split (than grain split)",8,8,8,8,E,
41041119,"Equine leathers, wet state, split (than grain split)",10,10,10,10,E,
41041121,"Whole leathers of bovine, split ""wet blue"", surface ≤ 2,6 m2",4,4,4,4,15,
41041122,"Whole leathers of bovines, grain splits surface ≤ 2,6 m2",8,8,8,8,E,
41041123,"Other tanned bovine, split, wet, vegetable pre-tanned",10,10,10,10,E,
41041124,"Other leathers of bovines, including buffalos, wet, grain splits",8,8,8,8,8,
41041129,"Other equine leathers, wet, grain splits",10,10,10,10,E,
41041910,"Other whole leathers of bovines, ""wet blue"", surface ≤ 2,6 m2",4,4,4,4,15,
41041920,"Other leathers/skins, whole, bovines, wet state, surface ≤ 2,6 m2",8,8,8,8,E,
41041930,"Other leathers/skins, bovines, wet state, vegetable pre-tanned",10,10,10,10,E,
41041940,"Other leathers/skins, bovines, including buffalos, wet",8,8,8,8,E,
41041990,"Leathers/skins, equine, wet state",10,10,10,10,8,
41044110,"Whole leather of bovines, dry state, grain splits surface ≤ 2,6 m2",8,8,8,8,E,
41044120,"Leather of bovines and buffalos, dry state, grain vegetable-tanned, for soles",10,10,10,10,E,
41044130,"Other leathers/skins of bovines, dry state, grain splits",10,10,10,10,8,
41044190,"Leathers/skins equine, dry state, grain splits",10,10,10,10,E,
41044910,"Other leathers/skins, of bovines, dry state, surface ≤ 2,6 m2",8,8,8,8,E,
41044920,"Other leathers/skins of bovines, dry state",10,10,10,10,8,
41044990,"Other leathers/skins equine, dry state",10,10,10,10,E,
41051010,"Waxed skins of sheep, wet, vegetable pre-tanned",10,10,10,10,E,
41051021,"Waxed skins of sheep tanned chromo ""wet blue""",8,8,8,8,8,
41051029,"Other waxed skins of sheep, pre-tanned",8,8,8,8,E,
41051090,"Other waxed skins of sheep, tanned",10,10,10,10,E,
41053000,"Dehaired skins of sheep, dry state, crust",10,10,10,10,8,
41062110,Leathers/skins of goats vegetable pre-tanned,10,10,10,10,E,
41062121,"Leathers/skins of goats in the wet state ""wet blue""",8,8,8,8,8,
41062129,Other leathers/skins of goats in the wet state pre-tanned,10,10,10,10,E,
41062190,"Other leathers/skins of goats, tanned",10,10,10,10,E,
41062200,"Leathers/skins of goats, in the dry state ""crust""",10,10,10,10,E,
41063110,"Leathers/skins of swine, tanned, wet state ""wet blue""",8,8,8,8,8,
41063190,"Other leathers/skins, of swine, tanned, wet state",10,10,10,10,8,
41063200,"Leathers/skins, of swine, tanned, dry state (crust)",10,10,10,10,8,
41064000,"Leathers/skins, of reptiles, tanned or ""crust""",10,10,10,10,E,
41069100,"Leathers/skins, of other animals, tanned in wet state",10,10,10,10,E,
41069200,"Leathers/skins, of other animals, dry state ""crust""",10,10,10,10,E,
41071110,"Whole leathers of bovines, full grains, prepared surface ≤ 2,6 m2",8,8,8,8,8,
41071120,"Other whole leathers/skins of bovines, full grains, prepared",10,10,10,10,E,
41071190,"Leathers/skins, equine, whole, full grains, prepared",10,10,10,10,E,
41071210,"Whole leathers/skins of bovines, prepared surface ≤ 2,6 m2",8,8,8,8,E,
41071220,"Other whole leathers/skins of bovines, prepared, etc.",10,10,10,10,8,
41071290,"Other whole leathers/skins, equine, prepared",10,10,10,10,8,
41071910,"Whole leathers/skins of bovines, prepared surface ≤ 2,6 m2",8,8,8,8,E,
41071920,"Other whole leathers/skins of bovines, prepared",10,10,10,10,8,
41071990,"Leathers/skins, equine, whole, prepared after tanned",10,10,10,10,E,
41079110,"Whole skins of bovines, prepared, full grains, unsplit",10,10,10,10,E,
41079190,"Leathers/skins, equine, prepared, non-split",10,10,10,10,E,
41079210,"Leathers/skins, bovines, prepared, grain splits",10,10,10,10,8,
41079290,"Leathers/skins, equine, prepared, grain splits",10,10,10,10,15,
41079910,"Other leathers/skins, bovines, prepared",10,10,10,10,E,
41079990,"Other leathers/skins, equine, prepared",10,10,10,10,E,
41120000,"Leather further prepared after tanning, of sheep, etc.",10,10,10,10,8,
41131010,"Goats leathers, chrome-tanned, with finishing",10,10,10,10,E,
41131090,"Other goats leathers, prepared after tanning, etc.",10,10,10,10,E,
41132000,"Swine leathers, prepared after tanning, etc.",10,10,10,10,8,
41133000,"Reptile leathers, prepared after tanning, etc.",10,10,10,10,E,
41139000,"Leathers of other animals, prepared after tanning, etc.",10,10,10,10,E,
41141000,Leathers/skins chamois (including combination chamois),10,10,10,10,10,
41142010,Leathers/skins varnished or covered,10,10,10,10,10,
41142020,Leathers and skins metallized,10,10,10,10,E,
41151000,"Composition leather based on leather, etc.",10,10,10,10,10,
41152000,"Leather trimmings and other waste, etc.",10,10,10,10,E,
42010010,"Saddlery and harness article, of natural or reconstituted leather",20,20,20,20,E,
42010090,"Saddlery and harness, of other materials",20,20,20,20,E,
42021100,"Trunks, suitcases, etc., natural or reconstituted leather",20,20,20,20,E,
42021210,"Trunks, suitcases, etc., of plastics",20,20,8,20,15,
42021220,"Trunks, suitcases, etc., of textile materials",20,20,8,20,E,
42021900,"Trunks, suitcases, etc., of other materials",20,20,8,20,E,
42022100,"Purses, with an outer surface of natural or reconstituted leather",20,20,20,20,E,
42022210,Purses of plastic sheeting,35,35,17,20,E,
42022220,Purses of textile materials,35,35,20,20,E,
42022900,Purses of other materials,20,20,20,20,E,
42023100,"Pockets articles/purses of natural or reconstituted leather, etc.",20,20,20,20,E,
42023200,Pockets articles/purses of plastic sheeting/textile materials,20,20,20,20,E,
42023900,Pockets articles/purses of other materials,20,20,20,20,E,
42029100,Other articles with outer surface of natural or reconstituted leather,20,20,20,20,E,
42029200,Other articles of plastic sheeting/of textile materials,35,35,20,20,E,
42029900,Other articles of other materials,20,20,20,20,E,
42031000,Apparel of natural leather or composition,20,20,20,20,E,
42032100,"Gloves, mittens, etc. for sports, of natural or reconstituted leather",20,20,20,20,E,
42032900,"Other gloves, mittens, etc. of natural or reconstituted leather",20,20,20,20,E,
42033000,"Belts and bandoliers, etc. of natural or reconstituted leather",20,20,20,20,E,
42034000,"Other clothing accessories, of natural or reconstituted leather",20,20,20,20,E,
42050000,Other articles of natural or reconstituted leather,20,20,20,20,E,
42060000,"Articles of gut, bladder or tendons",20,20,20,20,E,
43011000,"Raw furskins, of mink, whole, etc.",10,10,10,10,E,
43013000,"Raw furskins, of astrakhan lamb, etc. whole, etc.",10,10,10,10,E,
43016000,"Raw furskins, of fox, whole, etc.",10,10,10,10,E,
43018000,"Raw furskins, of other animals, whole",10,10,10,10,E,
43019000,"Heads, tails, paws, etc. of animals used in the skins industry",10,10,10,10,E,
43021100,"Tanned/dressed furskins, of mink, whole, unassembled",14,14,14,14,E,
43021910,"Tanned/dressed furskins, of sheep, whole, unassembled",14,14,14,14,10,
43021990,"Tanned/dressed furskins of other animals, whole, unassembled",14,14,14,14,10,
43022000,"Heads, tails, paws, etc. tanned/whole, unassembled",14,14,14,14,E,
43023000,"Tanned/dressed furskins whole/pieces, etc. assembled",14,14,14,14,E,
43031000,"Articles of apparel/clothing accessories, of furskin",20,20,20,20,15,
43039000,Other articles of furskin,20,20,20,20,E,
43040000,Artificial fur and articles thereof,20,20,20,20,E,
44011000,Firewood in any state,2,2,2,2,10,
44012100,"Coniferous wood, in chips or particles",2,2,2,2,10,
44012200,"Non-coniferous wood, in chips or particles",2,2,2,2,4,
44013100,Wood pellets,2,2,2,2,10,
44013900,"Other sawdust and waste, of wood",2,2,2,2,10,
44021000,"Bamboo wood charcoal, even agglomerated",2,2,2,2,10,
44029000,"Other wood charcoal, even agglomerated",2,2,2,2,10,
44031000,"Wood in the rough, treated with paint, creosote, etc.",2,2,2,2,10,
44032000,"Coniferous wood, in rough",2,2,2,2,10,
44034100,"Wood of dark or light red meranti, etc. in rough",2,2,2,2,10,
44034900,"Other tropical wood, in rough",2,2,2,2,10,
44039100,"Wood oak (Quercus spp.), in rough",2,2,2,2,10,
44039200,"Wood beech (Fagus spp.), in rough",2,2,2,2,10,
44039900,"Other wood, in rough",2,2,2,2,10,
44041000,"Hoopwood, stakes, etc. of coniferous",2,2,2,2,10,
44042000,"Hoopwood, stakes, etc. of non-coniferous",2,2,2,2,10,
44050000,Wood wool and wood flour,2,2,2,2,10,
44061000,"Sleepers wood, for railroads, etc. not impregnated",4,4,4,4,15,
44069000,"Other wood sleepers, for railroads or similar",4,4,4,4,15,
44071000,"Coniferous wood, sawn/cut in sheets etc. thickness > 6 mm",6,6,6,6,15,
44072100,"Mahogany wood, lengthwise sawn, cut in sheets, thickness > 6 mm",6,6,6,6,E,
44072200,"Virola, imbuia, balsa, sawn/cut, lengthwise, in sheets, thickness > 6 mm",6,6,6,6,4,
44072500,"Dark red meranti wood, etc. sawn, cut in sheets thickness > 6 mm",6,6,6,6,E,
44072600,"White lauan wood, etc. sawn, cut in sheets thickness >6 mm",6,6,6,6,E,
44072700,"Sapelli wood, sawn, lengthwise, thickness >6 mm",6,6,6,6,15,
44072800,"Iroco wood, sawn, lengthwise, thickness >6 mm",6,6,6,6,E,
44072910,"Cedar wood, sawn/cut in sheets etc. thickness > 6 mm",6,6,6,6,E,
44072920,"Ipe wood, sawn/cut in sheets etc. thickness > 6 mm",6,6,6,0,E,
44072930,"Pau marfim wood, sawn/cut in sheets etc. thickness > 6 mm",6,6,6,6,E,
44072940,"Louro wood, sawn/cut in sheets etc. thickness > 6 mm",6,6,6,6,E,
44072990,"Other tropical wood, sawn/cut in sheets etc. thickness > 6 mm",6,6,6,0,15,
44079100,"Oak wood, sawn/cut in sheets, etc. thickness > 6 mm",6,6,6,6,15,
44079200,"Beech wood, sawn/cut in sheets, etc. thickness > 6 mm",6,6,6,6,15,
44079300,"Maple wood, sawn, lengthwise, thickness > 6 mm",6,6,6,6,E,
44079400,"Cherry wood, lengthwise sawn in sheets, thickness > 6 mm",6,6,6,6,E,
44079500,"Ash wood, lengthwise sawn in sheets, thickness > 6 mm",6,6,6,6,E,
44079910,"Canafistula wood, sawn/cut in sheets, etc. thickness > 6 mm",6,6,6,6,E,
44079920,"Peroba wood, sawn/cut in sheets, etc. thickness > 6 mm",6,6,6,6,E,
44079930,"Guayaibi wood, sawn/cut in sheets, etc. thickness > 6 mm",6,6,6,6,E,
44079940,"Incienso wood, sawn/cut in sheets, etc. thickness > 6 mm",6,6,6,6,E,
44079950,"Urunday wood, sawn/cut in sheets, etc. thickness > 6 mm",6,6,6,6,E,
44079960,"Vivaro wood, sawn/cut in sheets, etc. thickness > 6 mm",6,6,6,6,E,
44079970,"Curupay wood, sawn/cut in sheets, etc. thickness > 6 mm",6,6,6,6,E,
44079990,"Other wood, sawn/cut in sheets, etc., thickness > 6 mm",6,6,6,0,15,
44081010,"Wood sheets, of pine brazil, thickness ≤ 6 mm",10,10,10,10,E,
44081091,"Sheets for veneering, etc. of pine brazil",6,6,6,6,E,
44081099,"Sheets for veneering, etc. of other coniferous wood",6,6,6,6,E,
44083110,"Sheets for veneering, etc. of coniferous wood stratified",10,10,10,10,E,
44083190,"Sheets for veneering, etc. of dark red meranti, etc.",6,6,6,6,E,
44083910,"Wood sheets, of cedar, thickness ≤ 6 mm",10,10,10,10,E,
44083991,"Sheets for veneering compensated, etc., of cedar",6,6,6,6,E,
44083992,"Sheets for veneering compensated, etc., of pau marfim",6,6,6,6,E,
44083999,"Sheets for veneering, etc., of other tropical wood",6,6,6,6,4,
44089010,"Sheets for veneering, etc., of other stratified wood",10,10,10,10,8,
44089090,"Sheets for veneering, etc., of other wood",6,6,6,6,4,
44091000,"Coniferous wood, continuously shaped",10,10,10,10,15,
44092100,"Of shaped bamboo, stick, non-coniferous",10,10,10,10,15,
44092900,"Other shaped wood, etc. non-coniferous",10,10,10,10,15,
44101110,"Wood boards, in rough or simply polished",10,10,10,10,15,
44101121,"Wood particle boards, covered by protection film for pavement",14,14,14,14,15,
44101129,"Other wood particle boards, covered by melamine paper",10,10,10,0,10,
44101190,Other particle boards,10,10,10,10,8,
44101210,"""Oriented strand"" boards (OSB) panels, waferboard, brute, polished",10,10,10,10,15,
44101290,"Other oriented strand boards panels, waferboard",10,10,10,10,15,
44101911,Waferboard panels,10,10,10,10,15,
44101919,Other waferboard panels,10,10,10,10,15,
44101991,"Other wood boards, in rough or simply polished",10,10,10,10,15,
44101992,"Other wood boards, covered by melamine paper",10,10,10,10,15,
44101999,"Other wood boards, surface covered with laminates, sheet of plastic",10,10,10,10,15,
44109000,Board of other woody matters,10,10,10,10,15,
44111210,"Fibreboards of wood, not mechanically worked thickness > 5 mm",10,10,10,10,15,
44111290,Other fibreboards of wood or ligneous materials thickness > 5 mm,10,10,10,10,15,
44111310,"Fibreboards of wood, not mechanically worked thickness > 5 mm, thickness < 9 mm",10,10,10,10,15,
44111391,"Fibreboards of wood 5 mm < thickness < 9 mm, covered by protecting film",14,14,14,14,10,
44111399,"Other fibreboards of wood, 5 mm < thickness < 9 mm",10,10,10,10,10,
44111410,"Fibreboards of wood, not mechanically worked thickness > 9 mm",10,10,10,0,10,
44111490,Fibreboards of wood or ligneous materials thickness > 9 mm,10,10,10,10,10,
44119210,"Fibreboards of wood, not mechanically worked density > 0,8 g /cm3",10,10,10,0,15,
44119290,"Other fibreboards of wood, not mechanically worked density > 0,8 g/cm3",35,10,10,0,10,
44119310,"Fibreboards of wood, not mechanically worked 0,5 < density < 0,8 g/cm3",10,10,10,10,15,
44119390,"Other fibreboards of wood or ligneous materials 0,5 < density < 0,8 g/cm3",10,10,10,10,E,
44119410,"Fibreboards of wood, not mechanically worked density < 0,5 g/cm3",10,10,10,10,15,
44119490,"Other fibreboards of wood or ligneous materials density < 0,5 g/cm3",10,10,10,10,15,
44121000,"Plywood, veneered panels stratified and similar in bamboo",10,10,10,10,E,
44123100,Plywood with ply of tropical wood thickness < 6 mm,10,10,10,0,15,
44123200,Plywood with ply of non-coniferous wood thickness < 6 mm,10,10,10,0,10,
44123900,"Other plywood, veneered panels, thickness ≤ 6 mm",10,10,10,10,10,
44129400,"Other plywood with agglomerated, honeycombed or lamellated core",10,10,10,10,E,
44129900,"Other plywood, browsed or stratified",10,10,10,10,10,
44130000,"Densified wood, in blocks, plates, strips or profile shapes",10,10,10,10,10,
44140000,"Wooden frames, for paintings, photographs, mirrors, etc.",10,10,10,10,15,
44151000,"Cases, boxes, crates, drums, etc. of wood",10,10,10,10,10,
44152000,"Pallets, box pallets, etc. of wood",10,10,10,10,10,
44160010,"Casks, barrels, vats, tubs, etc. of oak wood",2,2,2,2,4,
44160090,"Casks, barrels, vats, tubs, etc. of other wood",10,10,10,10,E,
44170010,Tools made of wood,10,10,10,10,15,
44170020,"Boot or shoe lasts and trees, of wood, for shoes",10,10,10,10,15,
44170090,"Tools, tool bodies, tool handles, broom bodies, etc.",10,10,10,10,15,
44181000,"Windows, French windows, frames, etc. of wood",14,14,14,14,15,
44182000,"Doors and their frames and thresholds, of wood",14,14,14,14,10,
44184000,"Wood shuttering, for concrete",14,14,14,14,10,
44185000,"Shingles and shakes of wood, for roofs",14,14,14,14,15,
44186000,Beams and posts made of wood,14,14,14,14,10,
44187100,Panels for mosaic floors,14,14,14,14,E,
44187200,"Other panels for floors, with multiple layers",14,14,14,14,10,
44187900,Other mounted panels to floors,14,14,14,14,15,
44189000,"Other works of joinery or carpentry, for construction",14,14,14,14,10,
44190000,"Tableware and kitchenware, of wood",14,14,14,14,E,
44201000,"Statuettes and other objects, of wood, for ornaments",14,14,14,14,15,
44209000,"Inlaid wood, incrusted, safes, etc. of wood",14,14,14,14,15,
44211000,"Wood hangers, for clothing",14,14,14,14,15,
44219000,Other articles of wood,35,14,14,14,10,
45011000,"Natural cork, raw or simply prepared",2,2,2,2,10,
45019000,"Wastes of cork, triturated cork, granulated, etc.",2,2,2,2,4,
45020000,"Natural cork, debacked/roughly squared/in rectangles etc",4,4,4,4,15,
45031000,Stoppers of natural corks,0,10,10,0,8,
45039000,Other articles of natural corks,10,10,10,10,E,
45041000,"Agglomerated cork, in cubes, blocks, foils, sheets, etc.",10,10,10,10,10,
45049000,Other articles of agglomerated cork,35,10,10,10,8,
46012100,"Mats, matting and screens, of bamboo",12,12,12,12,E,
46012200,"Mats, matting and screens, of rattan",12,12,12,12,E,
46012900,"Mats, matting and screens, of vegetable materials",12,12,12,12,E,
46019200,"Other materials for twisting, of bamboo",12,12,12,12,E,
46019300,"Other materials for twisting, of rattan",12,12,12,12,E,
46019400,"Other materials for twisting, of vegetable materials",12,12,12,12,E,
46019900,"Plaits/etc. of other materials, strands or woven",12,12,12,12,E,
46021100,"Basketwork, of bamboo",12,12,12,12,E,
46021200,"Basketwork, of rattan",12,12,12,12,E,
46021900,"Other basketwork, of vegetable materials",12,12,12,12,E,
46029000,"Basketwork, of other materials for plait, etc.",12,12,12,12,E,
47010000,Mechanical wood pulp,4,4,4,4,10,
47020000,"Chemical wood pulp, dissolving grades",4,4,4,4,4,
47031100,"Chemical wood pulp of coniferous, soda or sulphate, raw",4,4,4,4,8,
47031900,"Chemical wood pulp of non-coniferous, soda or sulphate, raw",4,4,4,4,E,
47032100,"Chemical wood pulp of coniferous, soda/sulphate, semi/bleached",4,4,4,0,4,
47032900,"Chemical wood pulp of non-coniferous, soda/sulphate, semi/bleached",4,4,4,0,E,
47041100,"Chemical coniferous wood pulp, sulphite, unbleached",4,4,4,4,8,
47041900,"Chemical non-coniferous wood pulp, sulphite, unbleached",4,4,4,4,8,
47042100,"Chemical coniferous wood pulp, sulphite, semi/bleached",4,4,4,4,8,
47042900,"Chemical wood pulp of non-coniferous, sulphite, semi/bleached",4,4,4,4,4,
47050000,Wood semi-chemical pulp,4,4,4,4,8,
47061000,Cotton linters pulp,4,4,4,4,E,
47062000,Fibres pulps derived from recycled paper/paperboard (waste/scrap),4,4,4,4,E,
47063000,Other pulp of fibres obtained from bamboo,4,4,4,4,E,
47069100,Mechanical pulps of other fibrous cellulosic material,4,4,4,4,10,
47069200,Chemical pulps of other fibrous cellulosic material,4,4,4,4,4,
47069300,Semi-chemical pulps of other fibrous cellulosic material,4,4,4,4,8,
47071000,Unbleached kraft paper/paperboard for recycling (wastes),2,2,2,2,E,
47072000,"Other paper/paperboard, made of bleached chemical pulp, for recycling",2,2,2,2,E,
47073000,"Paper/paperboard, made of bleached mechanical pulp, for recycling",2,2,2,2,E,
47079000,"Other paper/paperboard, for recycling, including non-selected waste",2,2,2,2,E,
48010010,"Newsprint, rolls/sheets weight ≤ 57 g/m2, mechanical fibre ≥ 65 %",6,6,6,6,4,
48010090,"Other newsprint, in rolls or sheets",12,12,12,12,10,
48021000,Hand-made paper and paperboard (sheet by sheet),12,12,12,12,E,
48022010,"Paper for manufacturing photosensitive paper rolls, width ≤ 15 cm, width ≤ 360 mm",16,16,16,16,E,
48022090,"Other paper for manufacturing photosensitive paper, etc. in rolls/sheets",12,12,12,12,15,
48024010,"Paper for production of wallpaper, rolls width ≤ 15 cm",16,16,16,16,E,
48024090,"Other paper for production of wallpaper, rolls/sheets",12,12,12,12,E,
48025410,"Manufactured paper of mechanical fibre ≤ 10 %, weight < 40 g/m2, width ≤ 15 cm, sheets, etc",16,16,16,16,E,
48025491,"Manufactured paper of bleached pulp weight < 19 g/m2, carbon paper",2,2,2,2,E,
48025499,"Other manufactured/obtained paper of bleached pulp, mechanic",12,12,12,12,10,
48025510,"Manufactured paper of mechanical fibre ≤ 10 %, 40 g/m2 ≤ weight ≤ 150 g/m2, roll width ≤ 15 cm",16,16,16,16,E,
48025591,"Drawing paper, mechanical fibre ≤10 %, 40 g/m2 ≤ weight ≤ 150 g/m2",12,12,12,12,E,
48025592,"Kraft paper, mechanical fibre ≤ 10 %, 40g/m2 ≤ weight ≤ 150 g/m2",12,12,12,12,15,
48025599,"Other paper/paperboard mechanical fibre ≤ 10 %, 40 ≤ weight ≤ 150 g/m2",12,12,12,12,E,
48025610,"Manufactured paper of mechanical fibre ≤ 10 %, 40 ≤ weight ≤ 150 g/m2, sheets side ≤ 360 mm",16,16,16,16,E,
48025691,"Paper for printing money, mechanical fibre ≤ 10 %, 40 ≤ weight ≤ 150 g/m2",6,6,6,6,E,
48025692,"Drawing paper, fibre ≤ 10 %, 40 ≤ weight ≤ 150 g/m2, width ≤ 435 mm x 297 mm",12,12,12,12,E,
48025693,"Kraft paper, fibre ≤ 10 %, 40 ≤ weight ≤ 150 g/m2, width ≤ 435 mm x 297 mm",12,12,12,12,E,
48025699,"Other fibre paper ≤ 10 %, 40 ≤ weight ≤ 150 g/m2, width ≤ 435 mm x 297 mm",12,12,12,12,15,
48025710,"Other fibre paper ≤ 10 %, 40 ≤ weight ≤ 150 g/m2, belts ≤ 15 cm, etc.",16,16,16,16,E,
48025791,"Paper for printing money, mechanical fibre ≤ 10 %, 40 ≤ weight ≤ 150 g/m2",6,12,6,6,10,
48025792,"Drawing paper, mechanical fibre ≤ 10 %, 40 g/m2 ≤weight ≤ 150 g/m2",12,12,12,12,15,
48025793,"Kraft paper, mechanical fibre ≤ 10 %, 40 g/m2 ≤ weight ≤ 150 g/m2",12,12,12,12,E,
48025799,"Other paper/paperboard mechanical fibre ≤ 10 %, 40 g/m2 ≤ weight ≤ 150g/m2",12,12,0,12,15,
48025810,"Paper mechanical fibre ≤ 10 %, weight > 150 g/m2, belts/roll weight ≤ 150 g/m2, etc",16,16,16,16,E,
48025891,"Drawing paper, mechanical fibre ≤ 10 %, weight > 150 g/m2",12,12,12,12,10,
48025892,"Kraft paper, mechanical fibre ≤ 10 %, weight > 150 g/m2",12,12,12,12,E,
48025899,"Other paper/paperboard mechanical fibre ≤ 10 %, weight > 150 g/m2",12,12,0,12,15,
48026110,"Paper mechanical fibre > 10 %, in rolls width ≤ 15 cm",16,16,16,16,E,
48026191,"Paper mechanical fibre > 65 %, weight ≤ 57 g/m2, in rolls",6,6,6,6,10,
48026192,"Paper mechanical fibre > 10 %, kraft, in rolls",12,12,12,12,E,
48026199,"Other paper/paperboard mechanical fibre process > 10 %, in rolls",12,12,12,12,15,
48026210,"Other paper mechanical fibre process > 10 %, side ≤ 360 mm",16,16,16,16,E,
48026291,"Other paper mechanical fibre process > 65 %, weight ≤ 57 g/m2",6,6,6,6,E,
48026292,"Other paper mechanical fibre > 10 %, kraft, sheets ≤ 435 mm x 297 mm",12,12,12,12,E,
48026299,"Other paper/paperboard, mechanical fibre > 10 %, sheets ≤ 435 mm x 297 mm",12,12,12,12,E,
48026910,"Paper mechanical fibre > 10 %, belts width ≤ 15 cm, sheets side ≤ 360 mm",16,16,16,16,E,
48026991,"Other paper mechanical fibre process ≥ 65 %, weight ≤ 57 g/m2",6,6,6,6,E,
48026992,"Other paper mechanical fibre process > 10 %, kraft",12,12,12,12,E,
48026999,"Other paper/paperboard, mechanical fibre >10 %",12,12,12,12,10,
48030010,Cellulose wadding or webs of cellulose fibres,12,12,12,12,E,
48030090,Paper kind used for household or sanitary purposes etc.,12,12,12,12,10,
48041100,"Paper/paperboard ""kraftliner"", for covering, raw, rolls/sheets",12,12,12,0,15,
48041900,"Other paper/paperboard ""kraftliner"", for covering, raw, rolls/sheets",12,12,12,0,10,
48042100,"Kraft paper for sack of great capacity, raw, rolls/sheets",12,12,12,12,10,
48042900,"Other kraft paper for sack of great capacity, raw, rolls/sheets",12,12,9,12,10,
48043110,"Paper/kraft paperboard, raw, weight ≤ 150 g/m2, dielectric strength ≥ 600 V",2,2,2,2,4,
48043190,"Other paper/kraft paperboard, raw ≤ 150 g/m2, rolls/sheets",12,12,12,12,15,
48043910,"Other paper/kraft paperboard, weight ≤ 150 g/m2, dielectric strength ≥ 600 V",2,2,2,2,4,
48043990,"Other paper/kraft paperboard, weight ≤ 150 g/m2, in rolls/sheets",12,12,9,12,15,
48044100,"Paper/paperboard kraft, raw, 150 < weight < 225 g/m2, rolls/sheets",12,12,12,12,10,
48044200,"Kraft paper, bleached fibre by chemical process > 95 %, 150 < weight ≤ 225 g/m2",12,12,12,12,E,
48044900,"Other paper/kraft paperboard, 150 < weight < 225 g/m2, rolls/sheets",12,12,12,12,10,
48045100,"Paper/kraft paperboard, raw, weight ≥ 225 g/m2, in rolls/sheets",12,12,12,12,10,
48045200,"Paper/kraft paperboard, bleached fibre by chemical process > 95 %, weight ≥ 225 g/m2",12,12,12,12,E,
48045910,"Semi-bleached kraft paper, chemical process fibre weight ≥ 225 g/m2, rolls",2,2,2,2,4,
48045990,"Other paper/kraft paperboard, weight ≥ 225 g/m2, rolls/sheets",12,12,12,12,10,
48051100,"Semi-chemical fluting paper, uncoated, rolls/sheets",12,12,9,12,10,
48051200,"Straw fluting paper, uncoated, in rolls/sheets",12,12,12,12,E,
48051900,"Other fluting paper, uncoated, in rolls/sheets",12,12,12,12,10,
48052400,"Testliner paper, uncoated, in rolls/sheets, weight ≤ 150 g/m2",12,12,12,12,10,
48052500,"Testliner paper, uncoated, in rolls/sheets, weight > 150 g/m2",12,12,12,12,10,
48053000,"Sulphite wrapping paper, non-covered, in rolls/sheets",12,12,12,12,E,
48054010,"Filter paper and paperboard, synthetic fibre",2,2,2,2,E,
48054090,"Other filter paper/paperboard, uncoated, in rolls/sheets",12,12,9,12,15,
48055000,"Felt paper and paperboard and woolly paper and paperboard, etc",12,12,12,12,E,
48059100,"Other paper/paperboard, non-covered, in rolls/sheets weight ≤ 150 g/m2",12,12,12,0,10,
48059210,"Paper with fiberglass, 150 < weight < 225 g/m2",12,12,12,12,E,
48059290,"Other paper uncoated rolls/sheets 150 < weight < 225 g/m2, rolls/sheets",12,12,12,12,15,
48059300,"Other paper/paperboard, uncoated rolls/sheets, weight > 225 g/m2",12,12,12,12,15,
48061000,"Parchment paper and parchment paperboard (sulfurized), rolls/sheets",12,12,12,12,10,
48062000,"Greaseproof papers, in rolls or sheets",12,12,12,12,15,
48063000,"Tracing papers, in rolls or sheets",12,12,12,12,10,
48064000,"Glassine and other glazed papers, etc. in rolls/sheets",12,12,12,12,10,
48070000,"Paper/paperboard made by sticking flat layers, non-coated, etc, in rolls, sheets",12,12,12,12,10,
48081000,"Corrugated paper/paperboard, including perforated, in rolls or sheets",12,12,12,12,10,
48084000,"Kraft paper, creped/crinkled",12,12,12,12,15,
48089000,"Other paper/paperboard wavy/creped, etc. in rolls/sheets",12,12,12,12,15,
48092000,"Self-copy paper, in rolls and sheets",14,14,0,0,15,
48099000,"Other paper for copies or duplication, in rolls and sheets",14,14,14,14,E,
48101310,"Paper/paperboard for writing, etc. fibre ≤ 10 %, rolls width ≤ 15 cm",16,16,16,16,15,
48101381,"Metallic paper/paperboard, fibre ≤ 10 %, rolls/sheets weight > 150 g/m2",14,14,11,14,15,
48101382,"Baryta paper/paperboard, fibre ≤ 10 %, rolls/sheets weight > 150 g/m2",2,2,2,2,E,
48101389,"Other paper for writing, etc. fibre ≤ 10 %, rolls weight > 150 g/m2",14,14,14,14,15,
48101390,"Other paper for writing, etc. fibre ≤ 10 %, in rolls",14,14,14,14,E,
48101410,"Paper for writing, etc. fibre < 10 %, sheets, side ≤ 360 mm",16,16,16,16,15,
48101481,"Metallized paper, fibre ≤ 10 %, weight > 150 g/m2, sheets ≤ 435 mm x 297 mm",14,14,11,14,E,
48101482,"Baryta paper, fibre ≤ 10 %, weight > 150 g/m2, sheet, side ≤ 435 mm x 297 mm",2,2,2,2,E,
48101489,"Other paper for writing etc. fibre ≤ 10 %, weight > 150 g/m2, sheet ≤ 435 mm x 297 mm",14,14,14,14,10,
48101490,"Other paper for writing etc. fibre ≤ 10 %, sheets ≤ 435 mm x 297 mm",14,14,14,14,15,
48101910,"Other paper for writing etc. fibre ≤ 10 %, strip width ≤ 15 cm, sheets < 360 mm",16,16,16,16,15,
48101981,"Other metalized paper, weight > 150 g/m2, fibre ≤ 10 %",14,14,11,14,E,
48101982,"Other baryta paper, weight > 150 g/m2, fibre ≤ 10 %",2,2,2,2,E,
48101989,"Other paper/paperboard for writing etc. weight > 150 g/m2, fibre ≤ 10 %",14,14,0,14,15,
48101990,Other paper/paperboard for writing etc. mechanical fibre ≤ 10 %,14,14,0,14,15,
48102210,"Lightweight coated paper, fibre > 10 %, width ≤ 15 cm, strip/sheets ≤ 360 mm",16,16,16,16,15,
48102290,"Other lightweight coated paper, mechanical process fibre > 10 %",14,14,11,14,10,
48102910,"Paper for writing etc. fibre > 10 %, strip/roll width ≤ 15 cm, sheets ≤ 360 mm",16,16,16,16,15,
48102990,"Other paper/paperboard for writing, etc. mechanical fibre > 10 %, rolls",14,14,0,14,10,
48103110,"Kraft paper, bleached, weight ≤ 150 g/m2, chemical fibre > 95 %, roll width ≤ 15 cm",16,16,16,16,15,
48103190,"Other kraft paper, weight ≤ 150 g/m2, chemical fibre > 95 %, roll width ≤ 15 cm",14,14,14,14,15,
48103210,"Kraft bleached paper weight > 150 g/m2, rolls width ≤ 15 cm",16,16,16,16,E,
48103290,"Other kraft papers, weight > 150 g/m2, chemical fibre > 95 %, rolls width ≤ 15 cm",14,14,14,14,10,
48103910,"Other kraft papers/paperboard rolls width ≤ 15 cm, sheets width ≤ 360 mm",16,16,16,16,E,
48103990,"Other kraft papers/paperboard, except for writing, etc.",14,14,14,14,E,
48109210,"Multi-ply paper, strip/roll width ≤ 15 cm, sheet ≤ 360 mm",16,16,16,16,15,
48109290,"Other multi-ply paper, coated with kaolin, rolls/sheets",14,14,14,0,15,
48109910,"Other paper, coated with kaolin, strip/roll ≤ 15 cm, sheets ≤ 360 mm",16,16,16,16,E,
48109990,"Other paper/paperboard, coated, kaolin, in rolls/sheets",14,14,14,14,15,
48111010,"Paper of cellulose tarred, etc. strip/roll width ≤ 15 cm, sheets",16,16,16,16,E,
48111090,"Other tarred cellulose paper, bitumised, etc. rolls/sheet",12,12,12,12,10,
48114110,"Paper/paperboard self-adhesive strip/roll width ≤ 15 cm, sheets ≤ 360 mm",16,16,0,16,10,
48114190,"Other paper/paperboard self-adhesive, in rolls/sheets",12,12,0,0,10,
48114910,"Other paper/paperboard self-adhesive, strip/roll width ≤ 15 cm",16,16,16,16,E,
48114990,"Other gummed/adhesive paper and paperboard, rolls/sheets",12,12,12,12,15,
48115110,"Paper bleached, coated of plastic, weight > 150 g/m2, strip width ≤ 15 cm",16,16,16,16,15,
48115121,"Paper bleached coated of silicone, weight > 150 g/m2, rolls/sheets",12,12,12,12,15,
48115122,"Paper bleached coated etc. stratified polyethylene aluminium, weight > 150 g/m2",12,12,12,12,E,
48115123,"Paper bleached, coated etc. polyethylene/polypropylene, weight > 150 g/m2",2,2,2,2,4,
48115128,Other papers embossed on the coated or lined face,2,2,2,2,4,
48115129,"Other paper/paperboard bleached coated etc. plastic, weight > 150 g/m2",12,12,12,12,15,
48115130,"Other paper/paperboard bleached impregnated plastic, weight > 150 g/m2",12,12,12,12,15,
48115910,Other paper coated etc. plastic strips/rolls weight ≤ 150 g/m2,16,16,16,16,10,
48115921,"Other paper coated etc. polyethylene/polypropylene, rolls",12,12,12,12,E,
48115922,"Other paper coated etc. of silicone, in rolls/sheets",12,12,12,12,15,
48115923,"Other paper coated etc. polyethylene, stratified aluminium rolls",12,12,12,0,15,
48115929,"Other paper/paperboard covered/coated with other plastics, rolls",12,12,9,12,10,
48115930,Other paper impregnated of plastics in rolls/sheets,2,12,12,12,10,
48116010,"Paper coated, of wax, etc. strips/rolls width ≤ 15 cm, sheets ≤ 360 mm",16,16,16,16,15,
48116090,"Other paper covered, coated impregnated of wax, etc. in rolls/sheets",12,12,12,12,10,
48119010,"Other papers of cellulose, etc. strips/rolls width ≤ 15 cm",16,16,16,16,10,
48119090,"Other paper of cellulose covered impregnated, etc. rolls/sheets",12,12,12,0,10,
48120000,"Filter blocks, slabs and plates, of paper pulp",12,12,12,12,10,
48131000,"Cigarette paper, in the form of booklets or tubes",12,12,12,12,10,
48132000,"Cigarette paper, in rolls of width ≤ 5 cm",12,12,0,0,10,
48139000,Other papers for cigarettes,12,12,0,0,10,
48142000,"Wallpaper, covered of grained, etc. plastic, etc. for decoration",14,14,14,14,10,
48149000,"Other wallpaper, covered of grained, etc. plastic, etc. for decoration",14,14,14,14,10,
48162000,"Self-copy paper, whether or not in boxes",16,16,0,0,15,
48169010,Carbon paper and similar even in boxes,16,16,16,16,E,
48169090,Other paper for copy/duplication and foils offset,14,14,14,14,10,
48171000,Envelopes of paper or paperboard,16,16,16,16,E,
48172000,"Letter cards, plain postcards non-illustrated, correspondence cards",16,16,16,16,E,
48173000,"Boxes, etc. of paper/paperboard, containing assortment for correspondence articles",16,16,16,16,E,
48181000,Toilet paper,16,16,16,16,E,
48182000,"Handkerchiefs and hand towels, of paper",16,16,16,16,E,
48183000,"Tablecloths and serviettes, of paper",16,16,16,16,E,
48185000,"Clothing and their accessories, of paper",16,16,16,16,E,
48189010,Absorbent pads of a kind used for packing food,16,16,16,16,E,
48189090,"Other articles of paper, for sanitary/domestic/hospital use",16,16,16,16,E,
48191000,"Boxes of paper/paperboard, corrugated",16,16,16,16,E,
48192000,"Folding cartons, boxes, of non-corrugated paper/paperboard",16,16,16,16,E,
48193000,"Sacks of paper/paperboard, having a base of a width ≥ 40 cm",16,16,16,16,15,
48194000,"Other sacks, bags, cones, of paper/paperboard",16,16,16,16,E,
48195000,Other packing containing paper/paperboard including record sleeves,16,16,16,16,15,
48196000,"Box files/similar articles for offices, storage, similar establishments",16,16,16,16,E,
48201000,"Registers, account books, notebooks, etc.",16,16,16,16,E,
48202000,Exercise books,16,16,16,16,E,
48203000,"Binders, of paper/paperboard",16,16,16,16,E,
48204000,"Manifold business (""manifold""), even with carbon paper",16,16,16,16,E,
48205000,"Albums for samples or for collections, of paper/paperboard",16,16,16,16,E,
48209000,"Other articles of paper/paperboard, for office/stationery, etc.",16,16,16,16,E,
48211000,"Labels paper or paperboard, printed",16,16,16,16,E,
48219000,Other labels of paper or paperboard,16,16,16,16,E,
48221000,"Bobbins, rolls, etc. of paper/paperboard, for textile yarn",16,16,16,16,E,
48229000,"Bobbins, rolls, etc. of paper/paperboard, for other uses",16,16,16,16,10,
48232010,"Filter paper, etc. 15 g/m2 < weight ≤ 25 g/m2, synthetic fibre",2,2,2,2,4,
48232091,"Filter paper, of cellulose, strip/roll 15 < width ≤ 36 cm",12,12,9,12,10,
48232099,"Filter paper and paperboard, of cellulose",16,16,16,16,10,
48234000,"Diagram paper for recording apparels, in rolls/sheets, etc.",16,16,16,16,E,
48236100,"Trays, dishes, plates, cups, etc. of bamboo",16,16,16,16,E,
48236900,"Other trays, dishes, plates, cups, etc. of paper/kraft",16,16,16,16,10,
48237000,Moulded or pressed articles of paper pulp,16,16,16,16,15,
48239010,Perforated cards for jacquard machines,2,2,2,2,10,
48239020,"Paper/paperboard, of dielectric strength ≥ 600 V, weight ≤ 60 g/m2",2,2,2,2,10,
48239091,"Other paper, etc. of cellulose, rolls 15 < width ≤ 36 cm",12,12,12,12,15,
48239099,"Other paper, paperboard of cellulose and other articles of paper",16,16,16,16,E,
49011000,"Books, brochures, similar printed papers, in single sheets",0,0,0,0,0,
49019100,"Dictionaries and encyclopaedias, serial instalments thereof",0,0,0,0,0,
49019900,"Other printed books, brochures and similar",0,0,0,0,0,
49021000,"Newspapers, journals, printed, periodical ≥ 4 times/week",0,0,0,0,0,
49029000,"Other newspapers and journals, periodicals, printed",0,0,0,0,0,
49030000,"Drawing or colouring books, etc. for children",16,16,16,16,15,
49040000,"Music, printed or in manuscript, whether or not illustrated",0,0,0,0,0,
49051000,"Globes (cartographic work, printed)",4,4,4,4,E,
49059100,"Cartographic work, printed in books or brochures",2,2,2,2,E,
49059900,"Other cartographic work, printed",4,4,4,4,E,
49060000,"Plans and drawings for architectural, etc. drawn by hand",4,4,4,4,10,
49070010,Banknote,0,0,0,0,0,
49070020,Travel checks,0,0,0,0,0,
49070030,"Equity or bond titles and similar titles, validated and signed",0,0,0,0,0,
49070090,"Postage stamps, tax stamps, etc., not obliterated, with legal tender",16,16,16,16,15,
49081000,"Decalcomanias, vitrifiable",16,16,16,16,E,
49089000,Other decalcomanias of any species,16,16,16,16,15,
49090000,Printed or illustrated postcards,16,16,16,16,15,
49100000,"Calendars of any kind, printed, including calendar blocks",16,16,16,16,15,
49111010,Trade advert material/commercial catalogues (technical manuals),0,0,0,0,0,
49111090,"Other trade advertising material/commercial catalogues, etc",16,16,16,16,15,
49119100,"Prints, engravings and pictures",16,16,16,16,15,
49119900,Other printed matter,16,16,16,16,E,
50010000,Silkworm cocoons suitable for reeling,4,4,4,4,0,
50020000,Raw silk (not thrown),4,4,4,4,0,
50030010,"Silk waste, not carded or combed",4,4,4,4,0,
50030090,Other silk wastes,4,4,4,4,0,
50040000,Silk yarn,18,18,14,14,4,
50050000,Yarn spun from silk waste,18,18,14,14,4,
50060000,"Silk yarn/its waste, by messina, for retail sale",18,18,16,16,4,
50071010,"Fabrics of noil silk, printed, dyed, etc.",26,26,18,18,8,
50071090,Other fabrics of noil silk,26,26,18,18,8,
50072010,"Fabrics of silk/waste (containing ≥ 85 %), printed, etc.",26,26,18,18,8,
50072090,Other fabrics of silk/waste of silk (containing ≥ 85 %),26,26,18,18,8,
50079000,Other fabrics of silk or of waste of silk,26,26,18,18,8,
51011110,"Shorn wool, dirty, not carded, etc. 22,05 ≤ fineness ≤ 32,6 microns",8,8,8,8,0,
51011190,"Other shorn wool, dirty, not carded or combed",8,8,8,8,0,
51011900,"Other wool, dirty, not carded or combed",8,8,8,8,0,
51012100,"Shorn wool, degreased, not carbonised, not carded, not combed",8,8,8,8,0,
51012900,"Other wool, degreased, not carbonised, not carded, not combed",8,8,8,8,0,
51013000,"Degreased wool, carbonised, not carded, not combed",8,8,8,8,0,
51021100,"Fine animal hair, of kashmir (cashmere) goats not combed",8,8,8,8,0,
51021900,"Other fine animal hair, not carded or combed",8,8,8,8,0,
51022000,"Coarse animal hair, not carded or combed",8,8,8,8,0,
51031000,Waste of combed of wool or of fine animal hair,6,6,6,6,0,
51032000,Other waste of wool or of fine animal hair,6,6,6,6,0,
51033000,Waste of coarse animal hair,6,6,6,6,0,
51040000,Garneted stock or of fine or coarse animal hair,6,6,6,6,0,
51051000,Carded wool,10,10,10,10,0,
51052100,Combed wool in fragments,10,10,10,10,0,
51052910,Tops of combed wool,10,10,10,10,0,
51052991,"Other combed wool, of thinness < 22,5 micrometers",10,10,10,10,0,
51052999,Other combed wool,10,10,10,10,0,
51053100,"Fine animal hair, of kashmir (cashmere) goat, carded/combed",10,10,10,10,0,
51053900,"Other fine animal hair, carded or combed",10,10,10,10,0,
51054000,"Coarse fine animal hair, carded or combed",10,10,10,10,0,
51061000,Yarn of carded wool (containing ≥ 85 %),18,18,14,14,4,
51062000,Yarn of carded wool (containing < 85 %),18,18,14,14,4,
51071011,"Yarn of combed wool (containing ≥ 85 %), two-ply, measuring ≤ 184,58 decitex per ply",18,18,14,14,4,
51071019,"Other yarn of combed wool (containing ≥ 85 %), twisted",18,18,14,14,4,
51071090,Other yarn of combed wool (containing ≥ 85 %),18,18,14,14,4,
51072000,Yarn of combed wool (containing < 85 %),18,18,14,14,4,
51081000,"Yarn of fine animal hair, carded",18,18,14,14,4,
51082000,"Yarn of fine animal hair, combed",18,18,14,14,4,
51091000,"Yarn of wool/fine animal hair (with ≥ 85 % wool/animal hair), retail sale",18,18,16,16,4,
51099000,"Yarn of wool/fine animal hair (with < 85 % wool/animal hair), retail sale",18,18,16,16,4,
51100000,Yarn of coarse animal hair or of horsehair,18,18,14,14,4,
51111110,"Woven fabrics of carded (containing ≥ 85 %), weighting ≤ 300 g/m2",26,26,18,18,8,
51111120,"Fabrics of fine animal hair (containing ≥ 85 %), weighting ≤ 300 g/m2",26,26,18,18,8,
51111900,"Other fabrics wool/fine animal hair, carded (containing ≥ 85 %)",26,26,18,18,8,
51112000,"Fabric of wool/fine animal hair, carded with synthetic or artificial filament",26,26,18,18,8,
51113010,"Fabric of wool, carded felted with synthetic fibre etc. for manufacturing tennis balls",2,2,2,2,8,
51113090,"Other fabrics of wool/fine animal hair, carded with synthetic or artificial fibre",26,26,18,18,8,
51119000,"Other fabrics of wool or of fine animal hair, carded",26,26,18,18,8,
51121100,"Combed fabric of wool/fine animal hair (containing ≥ 85 %), weighting ≤ 200 g/m2",26,26,18,18,8,
51121910,Other fabrics of combed wool (containing ≥ 85 %),26,26,18,18,8,
51121920,Other fabrics of fine animal hair (containing ≥ 85 %),26,26,18,18,8,
51122010,"Fabric of combed wool, with synthetic or artificial filaments",26,26,18,18,8,
51122020,"Fabric combed fine animal hair, with synthetic or artificial filaments",26,26,18,18,8,
51123010,"Fabric of combed wool, with synthetic or artificial staple fibre",26,26,18,18,8,
51123020,"Fabric of combed fine animal hair, with synthetic or artificial staple fibre",26,26,18,18,8,
51129000,Other fabrics of combed wool or of combed fine animal hair,26,26,18,18,8,
51130011,Woven fabrics of coarse animal hair (content ≥ 85 %),26,26,18,18,8,
51130012,Woven fabrics of coarse animal hair (content ≥ 85 %) with cotton,26,26,18,18,8,
51130013,Woven fabrics of coarse animal hair (content ≥ 85 %) without cotton,26,26,18,18,8,
51130020,Fabrics of horsehair,26,26,18,18,8,
52010010,"Cotton, not carded or combed",6,6,6,6,0,
52010020,"Ginned, not carded or combed",6,0,6,6,0,
52010090,"Other types of cotton, not carded or combed",6,0,6,6,0,
52021000,Yarn waste of cotton,6,6,6,6,0,
52029100,Garneted stock of cotton,6,6,6,6,0,
52029900,Other cotton waste,6,6,6,6,0,
52030000,"Cotton, carded or combed",8,8,8,8,0,
52041111,"Sewing thread, of raw cotton ≥ 85 %, linear density ≤ 5 000 d (decitex), cable = 2",18,18,14,14,4,
52041112,"Sewing thread, of raw cotton ≥ 85 %, linear density ≤ 5 000 d, cable ≥ 3",18,18,14,14,4,
52041120,"Sewing thread, of raw cotton ≥ 85 %, linear density > 5 000 d",18,18,14,14,4,
52041131,"Cotton sewing thread ≥ 85 %, bleached/coloured, linear density ≤ 5 000 d, cable = 2",18,18,14,14,4,
52041132,"Cotton sewing thread ≥ 85 %, bleached/coloured, linear density ≤ 5 000 d, cable ≥ 3",18,18,14,14,4,
52041140,"Cotton sewing thread ≥ 85 %, bleached/coloured, linear density > 5 000 d",18,18,14,14,4,
52041911,"Other sewing thread, of raw cotton, linear density ≤ 5 000 d, cable = 2",18,18,14,14,4,
52041912,"Other sewing thread, of raw cotton, linear density ≤ 5 000 d, cable ≥ 3",18,18,14,14,4,
52041920,"Other sewing thread, of raw cotton, linear density ≤ 5 000 d",18,18,14,14,4,
52041931,"Other sewing thread, of cotton bleached/coloured, linear density ≤ 5 000 d, cable = 2",18,18,14,14,4,
52041932,"Other sewing thread, of cotton bleached/coloured, linear density ≤ 5 000 d, cable ≥ 3",18,18,14,14,4,
52041940,"Other sewing thread, of cotton bleached/coloured, linear density > 5 000 d",18,18,14,14,4,
52042000,"Other sewing thread, of cotton bleached/coloured for retail sale",18,18,16,16,4,
52051100,"Cotton yarn ≥ 85 %, single, non-combed fibre, linear density ≥ 714,29 d",18,18,14,14,4,
52051200,"Cotton yarn ≥ 85 %, single, non-combed fibre, 232,56 ≤ linear density < 714,29 d",18,18,14,14,4,
52051310,"Cotton yarn ≥ 85 %, raw, single, non-combed fibre, 192,3 ≤ linear density < 232,5 d",18,18,14,14,4,
52051390,"Other cotton yarn ≥ 85 %, single, non-combed fibre, 192,3 ≤ linear density <232,5 d",18,18,14,14,4,
52051400,"Cotton yarn ≥ 85 %, single, non-combed fibre, 125 d ≤ linear density < 192,3 d",18,18,14,14,4,
52051500,"Cotton yarn ≥ 85 %, single, non-combed fibre, linear density < 125 d",18,18,14,14,4,
52052100,"Cotton yarn ≥ 85 %, single, combed fibre, linear density ≥ 714,29 d",18,18,14,14,4,
52052200,"Cotton yarn ≥85 %, single, combed fibre, 232,56 d ≤ linear density < 714,29 d",18,18,14,14,4,
52052310,"Cotton yarn ≥ 85 %, raw, single. combed fibre, 192,3 d ≤ linear density < 232,56 d",18,18,14,14,4,
52052390,"Other cotton yarn ≥ 85 %, single combed fibre, 192,3 d ≤ linear density < 232,56 d",18,18,14,14,4,
52052400,"Cotton yarn ≥ 85 %, single, combed fibre, 125 d ≤ linear density < 192,3 d",18,18,14,14,4,
52052600,"Cotton yarn ≥ 85 %, single, combed fibre, 106,38 d ≤ linear density < 125 d",18,18,14,14,4,
52052700,"Cotton yarn ≥ 85 %, single, combed fibre, 83,33 d ≤ linear density < 106,38 d",18,18,14,14,4,
52052800,"Cotton yarn ≥ 85 %, single, combed fibre, linear density < 83,33 d",18,18,14,14,4,
52053100,"Cotton yarn ≥ 85 %, twisted, non-combed fibre, linear density ≥ 714,29 d",18,18,14,14,4,
52053200,"Cotton yarn ≥ 85 %, twisted, non-combed fibre, 232,56 d ≤ linear density < 714,29 d",18,18,14,14,4,
52053300,"Cotton yarn ≥ 85 %, twisted, non-combed fibre, 192,31 d ≤ linear density < 232,56 d",18,18,14,14,4,
52053400,"Cotton yarn ≥ 85 %, twisted, non-combed fibre, 125 d ≤ linear density < 192,31 d",18,18,14,14,4,
52053500,"Cotton yarn ≥ 85 %, twisted, non-combed fibre, linear density < 125 d",18,18,14,14,4,
52054100,"Cotton yarn ≥ 85 %, twisted, non-combed fibre, linear density ≥ 714,29 d",18,18,14,14,4,
52054200,"Cotton yarn ≥ 85 %, twisted, non-combed fibre, 232,56 d ≤ linear density < 714,29 d",18,18,14,14,4,
52054300,"Cotton yarn ≥ 85 %, twisted, combed fibre, 192,31 d ≤ linear density < 232,56 d",18,18,14,14,4,
52054400,"Cotton yarn ≥ 85 %, twisted, combed fibre, 125 d ≤ linear density < 192,31 d",18,18,14,14,4,
52054600,"Cotton yarn ≥ 85 %, twisted, combed fibre, 106,38 d ≤ linear density < 125 d",18,18,14,14,4,
52054700,"Cotton yarn ≥ 85 %, twisted, combed fibre, 83,33 d ≤ linear density < 106,38 d",18,18,14,14,4,
52054800,"Cotton yarn ≥ 85 %, twisted, combed fibre, linear density < 83,33 d",18,18,14,14,4,
52061100,"Cotton yarn < 85 %, single, non-combed fibre, linear density ≥ 714,29 d",18,18,14,14,4,
52061200,"Cotton yarn < 85 %, single, non-combed fibre, 232,56 d ≤ linear density < 714,29 d",18,18,14,14,4,
52061300,"Cotton yarn < 85 %, single, non-combed fibre, 192,31 d ≤ linear density < 232,56 d",18,18,14,14,4,
52061400,"Cotton yarn < 85 %, single, non-combed fibre, 125 d ≤ linear density < 192,31 d",18,18,14,14,4,
52061500,"Cotton yarn < 85 %, single, non-combed fibre, linear density < 125 d",18,18,14,14,4,
52062100,"Cotton yarn < 85 %, single, combed fibre, linear density ≥ 714,29 d",18,18,14,14,4,
52062200,"Cotton yarn < 85 %, single, combed fibre, 232,56 d ≤ linear density < 714,29 d",18,18,14,14,4,
52062300,"Cotton yarn < 85 %, single, combed fibre, 192,31 d ≤ linear density < 232,56 d",18,18,14,14,4,
52062400,"Cotton yarn < 85 %, single, combed fibre, 125 d ≤ linear density < 192,31 d",18,18,14,14,4,
52062500,"Cotton yarn < 85 %, single, combed fibre, linear density < 125 d",18,18,14,14,4,
52063100,"Cotton yarn < 85 %, twisted, non-combed fibre, linear density ≥ 714,29 d",18,18,14,14,4,
52063200,"Cotton yarn < 85 %, twisted, non-combed fibre, 232,56 d ≤ linear density < 714,29 d",18,18,14,14,4,
52063300,"Cotton yarn < 85 %, twisted, non-combed fibre, 192,31 d ≤ linear density < 232,56 d",18,18,14,14,4,
52063400,"Cotton yarn < 85 %, twisted, non-combed fibre, 192,31 d ≤ linear density < 232,56 d",18,18,14,14,4,
52063500,"Cotton yarn < 85 %, twisted, non-combed fibre, linear density < 125 d",18,18,14,14,4,
52064100,"Cotton yarn < 85 %, twisted, combed fibre, linear density ≥ 714,29 d",18,18,14,14,4,
52064200,"Cotton yarn < 85 %, twisted, combed fibre, 232,56 d ≤ linear density < 714,29 d",18,18,14,14,4,
52064300,"Cotton yarn < 85 %, twisted, combed fibre, 192,31 d ≤ linear density < 232,56 d",18,18,14,14,4,
52064400,"Cotton yarn <85 %, twisted, combed fibre, 125 d ≤ linear density < 192,31 d",18,18,14,14,4,
52064500,"Cotton yarn < 85 %, twisted, combed fibre, linear density < 125 d",18,18,14,14,4,
52071000,"Cotton yarn ≥ 85 %, for retail sale",18,18,16,16,4,
52079000,"Other cotton yarns, for retail sale",18,18,16,16,4,
52081100,"Fabric of cotton ≥ 85 %, raw, point taffeta, weight ≤ 100 g/m2",26,26,25,18,8,
52081200,"Fabric of cotton ≥ 85 %, raw, point taffeta, 100 < weight ≤ 200 g/m2",26,26,25,18,8,
52081300,"Fabric of cotton ≥ 85 %, raw, point twill, weight ≤ 200 g/m2",26,26,26,18,8,
52081900,"Other fabrics of cotton ≥ 85 %, raw, weight ≤ 200 g/m2",26,26,18,18,8,
52082100,"Fabric of cotton ≥ 85 %, bleached point taffeta, weight ≤ 100 g/m2",26,26,25,18,8,
52082200,"Fabric of cotton ≥ 85 %, bleached, point taffeta, 100 < weight ≤ 200 g/m2",26,26,18,18,8,
52082300,"Fabric of cotton ≥ 85 %, bleached, point twill, weight ≤ 200 g/m2",26,26,26,18,8,
52082900,"Other fabrics of cotton ≥ 85 %, bleached, weight ≤ 200 g/m2",26,26,26,18,8,
52083100,"Fabric of cotton ≥ 85 %, dyed, point taffeta, weight ≤ 100 g/m2",26,26,26,18,8,
52083200,"Fabric of cotton ≥ 85 %, dyed, point taffeta, 100 < weight ≤ 200 g/m2",26,26,18,18,8,
52083300,"Fabric of cotton ≥ 85 %, dyed, point twill, weight ≤ 200 g/m2",26,26,25,18,8,
52083900,"Other fabrics of cotton ≥ 85 %, dyed, weight ≤ 200 g/m2",26,26,26,18,8,
52084100,"Fabric of cotton ≥ 85 %, coloured, yarn, point taffeta, weight ≤ 100 g/m2",26,26,18,18,8,
52084200,"Fabric of cotton ≥ 85 %, coloured, yarn, point taffeta, 100 < weight ≤ 200 g/m2",26,26,18,18,8,
52084300,"Fabric of cotton ≥ 85 %, coloured, yarn point twill, weight ≤ 200 g/m2",26,26,18,18,8,
52084900,"Other fabrics of cotton ≥ 85 %, coloured, yarn, weight ≤ 200 g/m2",26,26,18,18,8,
52085100,"Fabric of cotton ≥ 85 %, printed, point taffeta, weight ≤ 100 g/m2",26,26,26,18,8,
52085200,"Fabric of cotton ≥ 85 %, printed, point taffeta, 100 < weight ≤ 200 g/m2",26,26,26,18,8,
52085910,"Other printed fabrics, point twill, including diagonal. Texture < 4",26,26,26,18,8,
52085990,Other printed fabrics of cotton,26,26,26,18,8,
52091100,"Fabric of cotton ≥ 85 %, raw, point taffeta, weight ≤ 200 g/m2",26,26,26,18,8,
52091200,"Fabric of cotton ≥ 85 %, raw, point twill, weight ≤ 200 g/m2",26,26,26,18,8,
52091900,"Other fabrics of cotton ≥ 85 %, raw, weight > 200 g/m2",26,26,26,18,8,
52092100,"Fabric of cotton ≥ 85 %, bleached, point taffeta, weight > 200 g/m2",26,26,26,18,8,
52092200,"Fabric of cotton ≥ 85 %, bleached, point twill, weight > 200 g/m2",26,26,26,18,8,
52092900,"Other fabrics of cotton ≥ 85 %, bleached, weight > 200 g/m2",26,26,26,18,8,
52093100,"Fabric of cotton ≥ 85 %, dyed, point taffeta, weight > 200 g/m2",26,26,20,18,8,
52093200,"Fabric of cotton ≥ 85 %, dyed, point twill, weight > 200 g/m2",26,26,18,18,8,
52093900,"Other fabrics of cotton ≥ 85 %, dyed, weight > 200 g/m2",26,26,16,18,8,
52094100,"Fabric of cotton ≥ 85 %, coloured, yarn, point taffeta, weight > 200 g/m2",26,26,18,18,8,
52094210,"Fabric of cotton ≥ 85 %, coloured, yarn, denim, indigo, weight > 200 g/m2",26,26,0,18,8,
52094290,"Other fabric of cotton ≥ 85 %, coloured, yarn, denim, weight > 200 g/m2",26,26,16,18,8,
52094300,"Fabrics of cotton ≥ 85 %, coloured, yarn, point twill, weight > 200 g/m2",26,26,18,18,8,
52094900,"Other fabrics of cotton ≥ 85 %, yarn, coloured, weight > 200 g/m2",26,26,18,18,8,
52095100,"Fabric of cotton ≥ 85 %, printed, point taffeta, weight > 200 g/m2",26,26,26,18,8,
52095200,"Fabric of cotton ≥ 85 %, printed, point twill, weight > 200 g/m2",26,26,26,18,8,
52095900,"Other fabrics of cotton ≥ 85 %, printed, weight > 200 g/m2",26,26,26,18,8,
52101100,"Fabric of cotton < 85 %, raw, synthetic or artificial fibre, point taffeta, weight ≤ 200 g/m2",26,26,18,18,8,
52101910,"Fabrics of cotton, raw, synthetic or artificial fibre, point twill, diagonal. weight < 200 g/m2",26,26,18,18,8,
52101990,"Other fabrics of cotton, raw, synthetic or artificial fibre, weight ≤ 200 g/m2",26,26,18,18,8,
52102100,"Fabric of cotton < 85 %, bleached, synthetic or artificial fibre, point taffeta, weight ≤ 200 g/m2",26,26,18,18,8,
52102910,"Fabrics of cotton, bleached, synthetic or artificial fibre, point twill, diagonal, weight < 200 g/m2",26,26,18,18,8,
52102990,"Other fabrics of cotton, bleached, synthetic or artificial fibre, weight < 200 g/m2",26,26,18,18,8,
52103100,"Fabric of cotton < 85 %, dyed, synthetic or artificial fibre, point taffeta, weight ≤ 200 g/m2",26,26,18,18,8,
52103200,"Fabric of cotton < 85 %, dyed, synthetic or artificial fibre, point twill, weight ≤ 200 g/m2",26,26,18,18,8,
52103900,"Other fabrics of cotton < 85 %, dyed, synthetic or artificial fibre, weight ≤ 200 g/m2",26,26,18,18,8,
52104100,"Fabric of cotton < 85 %, coloured, synthetic or artificial fibre, point taffeta, weight ≤ 200 g/m2",26,26,18,18,8,
52104910,"Fabrics of cotton, made from yarn of different colours, synthetic or artificial fibres, point twill, diagonal, weight < 200 g/m2",26,26,18,18,8,
52104990,"Other fabrics of cotton, made from yarn of different colours, synthetic or artificial fibres, weight < 200 g/m2",26,26,18,18,8,
52105100,"Fabric cotton < 85 %, printed, synthetic or artificial fibre, point taffeta, weight ≤ 200 g/m2",26,26,18,18,8,
52105910,"Fabrics of printed cotton, synthetic or artificial fibres, point twill, diagonal, weight < 200 g/m2",26,26,18,18,8,
52105990,"Other fabrics of printed cotton, synthetic or artificial fibres, weight < 200 g/m2",26,26,18,18,8,
52111100,"Fabric of cotton < 85 %, raw, synthetic or artificial fibre, point taffeta, weight > 200 g/m2",26,26,18,18,8,
52111200,"Fabric of cotton < 85 %, raw, synthetic or artificial fibre, point twill, weight > 200 g/m2",26,26,18,18,8,
52111900,"Other fabrics of cotton < 85 %, raw, synthetic or artificial fibre, weight > 200 g/m2",26,26,18,18,8,
52112010,"Fabrics of cotton, bleached, synthetic or artificial fibres, point taffeta, weight < 200 g/m2",26,26,18,18,8,
52112020,"Fabrics of cotton, bleached, synthetic or artificial fibres, point twill, diagonal, weight < 200 g/m2",26,26,18,18,8,
52112090,"Other fabrics of cotton, bleached, synthetic or artificial fibres, weight < 200 g/m2",26,26,18,18,8,
52113100,"Fabric of cotton < 85 %, dyed, synthetic or artificial fibre, point taffeta, weight > 200 g/m2",26,26,18,18,8,
52113200,"Fabric of cotton < 85 %, dyed, synthetic or artificial fibre, point twill, weight > 200 g/m2",26,26,18,18,8,
52113900,"Other fabrics of cotton < 85 %, dyed, synthetic or artificial fibre, weight > 200 g/m2",26,26,18,18,8,
52114100,"Fabric of cotton < 85 %, coloured, synthetic or artificial fibre, point taffeta, weight > 200 g/m2",26,26,18,18,8,
52114210,"Fabric of cotton < 85 %, indigo blue, synthetic or artificial fibre, weight > 200 g/m2",26,26,16,18,8,
52114290,"Other fabric of cotton < 85 %, denim, synthetic or artificial fibre, weight > 200 g/m2",26,26,18,18,8,
52114300,"Fabric of cotton < 85 %, colours/synthetic or artificial fibre, point twill, weight > 200 g/m2",26,26,18,18,8,
52114900,"Other fabric of cotton < 85 %, colours/synthetic or artificial fibre, weight > 200 g/m2",26,26,18,18,8,
52115100,"Fabric of cotton < 85 %, printed/synthetic or artificial fibre. Point taffeta, weight > 200 g/m2",26,26,18,18,8,
52115200,"Fabric of cotton < 85 %, printed/synthetic or artificial fibre. Point twill, weight > 200 g/m2",26,26,18,18,8,
52115900,"Other fabric of cotton < 85 %, printed/synthetic or artificial fibre, weight > 200 g/m2",26,26,18,18,8,
52121100,"Other fabrics of cotton, raw, weight ≤ 200 g/m2",26,26,18,18,8,
52121200,"Other fabrics of cotton, bleached, weight ≤ 200 g/m2",26,26,18,18,8,
52121300,"Other fabrics of cotton, dyed, weight ≤ 200 g/m2",26,26,18,18,8,
52121400,"Other fabrics of cotton, yarns of different colours, weight ≤ 200 g/m2",26,26,18,18,8,
52121500,"Other fabrics of cotton, printed, weight ≤ 200 g/m2",26,26,18,18,8,
52122100,"Other fabrics of cotton, raw, weight > 200 g/m2",26,26,18,18,8,
52122200,"Other fabrics of cotton, bleached, weight > 200 g/m2",26,26,18,18,8,
52122300,"Other fabrics of cotton, dyed, weight > 200 g/m2",26,26,18,18,8,
52122400,"Other fabrics of cotton, yarns of different colours, weight > 200 g/m2",26,26,18,18,8,
52122500,"Other fabrics of cotton, printed, weight > 200 g/m2",26,26,18,18,8,
53011000,"Linen, raw or retted",6,6,6,6,0,
53012110,"Linen, broken",6,6,6,6,0,
53012120,"Linen, scutched, but not spun",6,6,6,6,0,
53012910,"Linen, combed, but not spun",6,6,6,6,0,
53012990,"Linen in another form, but not spun",6,6,6,6,0,
53013000,"Linen, tow and waste",6,6,6,6,0,
53021000,"Hemp (Cannabis sativa L.), raw or processed but not spun; hemp tow and waste (including yarn waste and garnetted stock)",6,6,6,6,0,
53029000,"Other hemp (Cannabis sativa L.), raw or processed but not spun; hemp tow and waste (including yarn waste and garnetted stock)",6,6,6,6,0,
53031010,Jute,8,8,8,8,0,
53031090,"Other textile bast fibres, raw or retted",8,8,8,8,0,
53039010,"Jute processed in another form, non-spun, tow, waste",8,8,8,8,0,
53039090,"Other textile bast fibres processed in another form, tow, etc",8,8,8,8,0,
53050010,Abaca (Manila hemp) raw,6,6,6,6,0,
53050090,"Other vegetable textile fibres, tow and waste, processed",6,6,6,6,0,
53061000,"Flax yarn, single",18,18,14,14,4,
53062000,"Flax yarn, multiple (folded) or cabled",18,18,14,14,4,
53071010,"Yarn of jute, single",18,18,14,14,4,
53071090,"Yarn of jute or of other textile bast fibres, single",18,18,14,14,4,
53072010,"Yarn of jute, multiple (folded) or cabled",18,18,14,14,4,
53072090,"Yarn of other textile bast fibres, folded, etc.",18,18,14,14,4,
53081000,Coir yarn (yarns of fibres of coconut),18,18,14,14,4,
53082000,Hemp yarn,18,18,14,14,4,
53089000,Yarn of other vegetable textile fibres,18,18,14,14,4,
53091100,"Fabrics of linen (containing ≥ 85 %), raw or bleached",26,26,18,18,8,
53091900,Other fabrics of linen (containing ≥ 85 %),26,26,11,18,8,
53092100,"Fabrics of linen (containing < 85 %), raw or bleached",26,26,18,18,8,
53092900,Other fabrics of linen (containing < 85 %),26,26,18,18,8,
53101010,"Fabrics of burlap of jute, raw",26,26,11,14,8,
53101090,"Fabrics of other textile bast fibres, raw",26,26,16,16,8,
53109000,Other fabrics of jute or of other textile bast fibres,26,26,16,16,8,
53110000,Fabrics of other vegetable textile fibres or of paper yarn,26,26,18,18,8,
54011011,"Sewing thread, of polyester, except for retail sale",18,18,16,16,4,
54011012,"Sewing thread, of polyester, for retail sale",18,18,18,18,4,
54011090,Sewing thread of other synthetic filaments,18,18,16,16,4,
54012011,"Sewing thread, rayon viscose, high tenacity non-packaged for retail sale",18,18,16,16,4,
54012012,"Sewing thread, rayon viscose, high tenacity, for retail sale",18,18,18,18,4,
54012090,"Sewing thread, of other artificial filaments",18,18,16,16,4,
54021100,Yarn high tenacity of aramids,2,2,2,2,0,
54021910,Yarn high tenacity of nylon,18,18,16,16,8,
54021990,"Yarn high tenacity, of other polyamides",18,18,16,16,8,
54022000,"Yarn high tenacity, of polyesters",0,18,16,0,8,
54023111,"Textured yarn, of nylon, dyed, title ≤ 50 tex",18,18,16,16,8,
54023119,"Other textured yarns, of nylon, title ≤ 50 tex",18,18,16,0,8,
54023190,"Textured yarns, of other polyamides, dyed, title ≤ 50 tex",18,18,16,16,8,
54023211,"Multifilament of nylon, with permanent antistatic effect, title > 110 tex",18,18,16,16,8,
54023219,"Other textured yarns, of nylon, title > 50 tex",18,18,16,16,8,
54023290,"Textured yarns, of other polyamides, title ≤ 50 tex",18,18,16,16,8,
54023310,"Polyester yarn, raw",18,18,16,0,8,
54023320,"Polyester yarn, dyed",18,18,16,0,8,
54023390,Other polyester yarns,18,18,16,16,8,
54023400,"Polypropylene multifilament, title > 110 tex",18,18,16,16,4,
54023900,Other textured yarns,18,18,16,16,8,
54024400,"Other elastomeric yarn, single, twist ≤ 50 turns/m",18,18,16,0,8,
54024510,"Yarn of aramid, single, sprain ≤ 50 turns/meter",2,2,2,2,0,
54024520,"Yarn of nylon, single, twisted or untwisted < 50 turns/m",18,18,16,16,8,
54024590,"Yarn of other polyamides, single, twist or untwisted < 50 turns/m",18,18,16,16,8,
54024600,"Yarn of polyester partially oriented, single, twist or untwisted < 50 turns/m",18,18,16,16,8,
54024700,"Yarn of other polyester, single, twist or untwisted < 50 turns/m",18,18,16,16,10,
54024800,"Yarn of other polypropylene, twist or untwisted < 50 turns/m",18,18,16,16,4,
54024910,"Other single polyethylene yarn, untwisted or with a twist, of other synthetic filament ≤ 50 turns/m",2,2,2,2,8,
54024990,"Other synthetic filament yarns, single, twist ≤ 50 turns/m",18,18,16,16,8,
54025110,"Yarn of aramid, single, twist > 50 turns/meter",2,2,2,2,0,
54025190,"Yarn of nylon/other polyamides, single, twist > 50 turns/m",18,18,16,16,8,
54025200,"Yarn of polyesters, single, twist > 50 turns/meter",18,18,16,16,8,
54025900,"Yarn of other synthetic filament, single, twist > 50 turns/m",18,18,16,16,8,
54026110,"Yarn of aramids, multiple (folded) or cabled",2,2,2,2,0,
54026190,"Yarn of nylon/other polyamides, multiple (folded)/cabled",18,18,16,16,8,
54026200,"Yarn of polyesters, multiple (folded) or cabled",18,18,16,16,8,
54026900,Yarn of other synthetic filament multiple (folded)/cabled,18,18,16,16,8,
54031000,High tenacity yarn of viscose rayon,18,18,16,16,0,
54033100,"Yarn of viscose rayon, single, twist ≤ 120 turns/meter",18,18,16,16,0,
54033200,"Yarn of viscose rayon, single, twist > 120 turns/meter",18,18,16,16,0,
54033300,"Yarn of cellulose acetate, single",18,18,16,16,8,
54033900,"Yarn of other artificial filament, single",18,18,16,16,8,
54034100,"Yarn of viscose rayon, multiple (folded) or cabled",18,18,16,16,0,
54034200,"Yarn of cellulose acetate, multiple (folded) or cabled",18,18,16,16,8,
54034900,Yarn of artificial filament multiple (folded)/cabled,18,18,16,16,8,
54041100,"Elastomer monofilaments, width < 5 mm",18,18,16,16,8,
54041200,"Other polypropylene monofilaments, width < 5 mm",18,18,16,16,4,
54041911,"Catgut imitations, resorbable",2,2,2,2,8,
54041919,"Catgut imitations, monofilaments",18,18,16,16,8,
54041990,"Other synthetic monofilaments, width < 5 mm",18,18,16,16,8,
54049000,"Laminate of synthetic textile matters, width ≤ 5 mm",18,18,16,16,8,
54050000,"Artificial monofilament title ≥ 67 d, cross-section ≤ 1 mm, etc",18,18,12,12,8,
54060010,"Synthetic filament yarn, for retail sale",18,18,18,18,8,
54060020,"Artificial filament yarn, for retail sale",18,18,18,18,8,
54071011,"Fabric obtained from high tenacity aramid yarns, without rubber threads",2,2,2,2,8,
54071019,"Fabric obtained from high tenacity nylon, other polyamides or polyesters yarn, etc. with rubber yarn",26,26,18,18,8,
54071021,"Fabric obtained from high tenacity, of aramid, with rubber yarn",2,2,2,2,8,
54071029,"Fabric obtained from high tenacity nylon yarn, etc. with rubber yarn",26,26,18,18,8,
54072000,"Fabric obtained from laminate synthetic, etc.",26,26,18,18,8,
54073000,Fabrics blankets of threads of synthetic filament,26,26,18,18,8,
54074100,"Fabric of nylon filament, other polyamides ≥ 85 %, raw/bleached",26,26,18,18,8,
54074200,"Fabric of nylon filament, other polyamides ≥ 85 %, dyed",26,26,18,18,8,
54074300,"Fabric of nylon filaments, other polyamides ≥ 85 %, different colours",26,26,18,18,8,
54074400,"Fabric of nylon filament other polyamides ≥ 85 %, printed",26,26,18,18,8,
54075100,"Fabric of polyester filament textured ≥ 85 %, raw/bleach",26,26,18,18,8,
54075210,"Fabric of polyester filaments texturized, ≥ 85 %, dyed/without rubber threads",26,26,0,18,8,
54075220,"Fabric of polyester filaments, texturized ≥ 85 %, dyed/with rubber threads",26,26,18,18,8,
54075300,"Fabric of polyester filaments, texturized ≥ 85 %, different colours",26,26,11,18,8,
54075400,"Fabric of polyester filaments, texturized ≥ 85 %, printed",26,26,11,18,8,
54076100,Fabric of polyester filament non-textured ≥ 85 %,26,26,0,18,8,
54076900,Fabric of other of polyester filament ≥ 85 %,26,26,0,18,8,
54077100,"Fabric of synthetic filament ≥ 85 %, raw/bleached",26,26,18,18,8,
54077200,"Fabric of synthetic filament ≥ 85 %, dyed",26,26,18,18,8,
54077300,"Fabric of synthetic filament ≥ 85 %, different colours",26,26,18,18,8,
54077400,"Fabric of synthetic filament ≥ 85 %, printed",26,26,18,18,8,
54078100,"Fabric of synthetic filament > 85 %, with cotton, raw/bleached",26,26,18,18,8,
54078200,"Fabric of synthetic filament < 85 %, with cotton, dyed",26,26,11,18,8,
54078300,"Fabric of synthetic filament < 85 %, different colours",26,26,18,18,8,
54078400,"Fabric of synthetic filament < 85 %, with cotton, printed",26,26,18,18,8,
54079100,"Other fabrics of synthetic filament < 85 %, raw/bleached",26,26,18,18,8,
54079200,"Other fabrics of synthetic filament < 85 %, dyed",26,26,11,18,8,
54079300,"Other fabrics of synthetic filament < 85 %, different colours",26,26,18,18,8,
54079400,"Other fabrics of synthetic filament < 85 %, printed",26,26,18,18,8,
54081000,"Fabric obtained from high tenacity yarn, of viscose rayon",26,26,11,18,8,
54082100,"Fabric of artificial filament ≥ 85 %, raw/bleached",26,26,18,18,8,
54082200,"Fabric of artificial filament ≥ 85 %, dyed",26,26,18,18,8,
54082300,"Fabric of artificial filament ≥ 85 %, yarns different colours",26,26,18,18,8,
54082400,"Fabric of artificial filament ≥ 85 %, printed",26,26,18,18,8,
54083100,"Other fabrics of artificial filament < 85 %, raw/bleached",26,26,18,18,8,
54083200,"Other fabrics of artificial filament < 85 %, dyed",26,26,18,18,8,
54083300,"Other fabrics of artificial filament < 85 %, different colours",26,26,18,18,8,
54083400,"Other fabrics of artificial filament < 85 %, printed",26,26,18,18,8,
55011000,Cables of nylon or other polyamides,16,16,16,16,8,
55012000,Cables of polyesters,16,16,16,16,8,
55013000,Cables of acrylic or modacrylic,16,16,16,0,0,
55014000,Cables of synthetic polypropylene filaments,16,16,16,16,4,
55019000,Cables of other synthetic filament,16,16,16,16,8,
55020010,Cellulose acetate tow,18,18,0,12,10,
55020020,Viscose rayon tow,2,2,2,2,8,
55020090,Tow of other artificial filament,12,12,12,12,10,
55031100,"Synthetic staple fibres of aramid, non-carded, combed or otherwise processed for spinning, etc.",2,2,2,2,0,
55031910,"Bicomponent fibres, of different points of fusion",2,2,2,2,4,
55031990,"Fibres of nylon/other polyamides, non-carded, non-combed, etc",16,16,16,16,4,
55032010,"Bicomponent fibres, of different points of fusion",2,2,2,2,4,
55032090,Other fibres,16,16,16,0,4,
55033000,"Acrylic/modacrylic fibres, non-carded, etc",16,16,16,16,0,
55034000,"Fibres of polypropylene, non-carded, non-combed, etc",16,16,16,16,4,
55039010,"Other synthetic bicomponent staple fibres, non-carded, etc",2,2,2,2,4,
55039020,"Fibres of poly(vinyl alcohol), non-carded, etc.",2,2,2,2,4,
55039090,"Other synthetic bicomponent staple fibres, non-carded, etc",16,16,16,16,4,
55041000,"Fibres of viscose rayon, non-carded, non-combed, etc",12,12,12,0,0,
55049010,"Artificial staple fibres, non-carded, non-combed or otherwise processed for spinning, of lyocell",2,2,2,2,0,
55049090,"Other artificial staple fibres, non-carded, etc",12,12,12,12,4,
55051000,Waste of synthetic fibres,16,16,16,16,4,
55052000,Waste of artificial fibres,12,12,12,12,4,
55061000,"Fibres of nylon/other polyamides, carded, etc. for spinning",16,16,16,16,4,
55062000,"Fibres of polyesters, carded, combed, etc. for spinning",16,16,16,16,4,
55063000,"Acrylic/modacrylic fibres, carded, combed, etc. for spinning",16,16,16,16,0,
55069000,"Other synthetic fibres, carded, combed, etc. for spinning",16,16,16,16,4,
55070000,"Artificial fibres, carded, combed, etc. for spinning",12,12,12,12,4,
55081000,"Sewing thread, of synthetic fibres",18,18,16,16,4,
55082000,"Sewing thread, of artificial fibres",18,18,12,12,4,
55091100,"Yarn of nylon fibres/other polyamides ≥ 85 %, single",18,18,16,16,8,
55091210,"Yarn of aramid fibres ≥ 85 %, twisted/twisted multiple",2,2,2,2,8,
55091290,"Yarn of nylon fibres/other polyamides ≥ 85 %, twisted, etc.",18,18,16,16,8,
55092100,"Yarn of polyesters fibres ≥ 85 %, single",18,18,16,16,8,
55092200,"Yarn of polyesters fibres ≥ 85 %, multiple (folded)/cabled",18,18,16,0,8,
55093100,"Yarn of acrylics/modacrylics fibres ≥ 85 %, single",18,18,16,16,8,
55093200,"Yarn of acrylics/modacrylics fibres ≥ 85 %, folded, etc",18,18,16,0,8,
55094100,"Yarn of other synthetic fibres ≥ 85 %, single",18,18,16,16,8,
55094200,"Yarn of other synthetic fibres ≥ 85 %, twisted/multiple twisted",18,18,16,16,8,
55095100,Yarn of fibres of polyesters with artificial fibres,18,18,16,18,8,
55095200,Yarn of fibres of polyesters with wool/fine animal hair,18,18,16,16,8,
55095300,Yarn of fibres of polyesters with cotton,18,18,16,0,8,
55095900,Other yarn of fibres of polyesters,18,18,16,16,8,
55096100,Yarn of acrylics/modacrylics fibres with wool/fine animal hair,18,18,16,16,8,
55096200,Yarn of acrylics/modacrylics fibres with cotton,18,18,16,16,8,
55096900,Other yarn of acrylics/modacrylics fibres,18,18,16,16,8,
55099100,Yarn of other synthetic fibres with wool/fine animal hair,18,18,16,16,8,
55099200,Yarn of other synthetic fibres with cotton,18,18,16,16,8,
55099900,Other yarns of synthetic fibres,18,18,16,16,8,
55101100,"Yarn of artificial fibres ≥ 85 %, single",18,18,16,16,10,
55101200,"Yarn of artificial fibres ≥ 85 %, multiple (folded)/cabled",18,18,16,16,10,
55102000,Yarn of artificial fibres with wool or fine animal hair,18,18,16,16,10,
55103000,Yarn of artificial fibres with cotton,18,18,16,16,10,
55109000,Other yarns of artificial fibres,18,18,16,16,10,
55111000,"Yarn of synthetic fibres ≥ 85 %, for retail sale",18,18,18,18,8,
55112000,"Yarn of synthetic fibres < 85 %, for retail sale",18,18,18,18,8,
55113000,"Yarns of artificial fibres, for retail sale",18,18,18,18,8,
55121100,"Fabric of polyester fibres ≥ 85 %, raw or bleached",26,26,18,18,8,
55121900,Fabric of other polyester fibres ≥ 85 %,26,26,18,18,8,
55122100,"Fabric of acrylics/modacrylics fibres ≥ 85 %, raw/bleached",26,26,18,18,8,
55122900,Fabric of other acrylics/modacrylics fibres ≥ 85 %,26,26,18,18,8,
55129110,"Fabric of aramid fibres ≥ 85 %, raw or bleached",2,2,2,2,8,
55129190,"Fabric of other synthetic staple fibres ≥ 85 %, raw/bleached",26,26,18,18,8,
55129910,Other fabrics of other aramid fibres ≥ 85 %,2,2,2,2,8,
55129990,Other fabrics of other synthetic staple fibres ≥ 85 %,26,26,18,18,8,
55131100,"Polyester staple fibre fabric < 85 %, plain weave, with cotton, weight ≤ 170 g/m2, unbleached/bleached",26,26,0,18,8,
55131200,"Polyester staple fibre fabric < 85 % with cotton, weight ≤ 170 g/m2, point twill, raw/bleached",26,26,18,18,8,
55131300,"Other polyester staple fibre fabric < 85 % with cotton, weight ≤ 170 g/m2, raw/bleached",26,26,18,18,8,
55131900,"Other synthetic fibre fabrics < 85 % with cotton, weight ≤ 170 g/m2, raw/bleached",26,26,18,18,8,
55132100,"Polyester fabric < 85 % with cotton, weight ≤ 170 g/m2, point taffeta, dyed",26,26,0,18,8,
55132310,"Other woven fabrics of polyester staple fibres < 85 %, in twill weave, including diagonal texture < 4, dyed",26,26,18,18,8,
55132390,Other woven fabrics of polyester staple fibres < 85 % dyed,26,26,18,18,8,
55132900,"Other synthetic fibres fabrics < 85 % with cotton, weight ≤ 170 g/m2, dyed",26,26,11,18,8,
55133100,"Polyester fabric < 85 % with cotton. weight ≤ 170 g/m2, point taffeta, different colours",26,26,18,18,8,
55133911,"Fabrics made from yarn of different colours of polyester staple fibres < 85 %, in twill weave, including diagonal weave, texture < 4, weight ≤ 170 g/m2",26,26,18,18,8,
55133919,"Other fabrics < 85 % polyester staple fibres, weight < 170 g/m2",26,26,11,18,8,
55133990,"Other fabrics < 85 % synthetic staple fibres, mixed with cotton",26,26,18,18,8,
55134100,"Polyester fabric < 85 % with cotton, weight ≤ 170 g/m2, taffeta, printed",26,26,0,0,8,
55134911,"Printed fabrics < 85 % polyester staple fibres, mixed with cotton, twill weave, including diagonal, whose texture < 4",26,26,18,18,8,
55134919,"Other fabrics < 85 % polyester staple fibres, mixed with cotton",26,26,18,18,8,
55134990,"Other fabrics < 85 % synthetic staple fibres, mixed with cotton",26,26,11,18,8,
55141100,"Polyester fabric < 85 % with cotton. weight > 170 g/m2, taffeta, raw/bleached",26,26,18,18,8,
55141200,"Fabric polyester < 85 % with cotton. weight > 170 g/m2, twill weave, raw/bleached",26,26,18,18,8,
55141910,"Other fabrics < 85 % polyester staple fibres, raw/bleached, mixed with cotton",26,26,18,18,8,
55141990,"Other fabrics < 85 % synthetic staple fibres, raw/bleached, mixed with cotton",26,26,18,18,8,
55142100,"Polyester fabric < 85 % with cotton. weight > 170 g/m2, point taffeta, dyed",26,26,18,18,8,
55142200,"Polyester fabric < 85 % with cotton. weight > 170 g/m2, twill weave, dyed",26,26,18,18,8,
55142300,"Other polyester fabrics < 85 % with cotton, weight > 170 g/m2, dyed",26,26,18,18,8,
55142900,"Other synthetic fibres fabrics < 85 % with cotton, weight> 170 g/m2, dyed",26,26,11,18,8,
55143011,"Fabrics < 85 % polyester staple fibres, point taffeta, mixed with cotton",26,26,18,18,8,
55143012,"Fabrics < 85 % synthetic staple fibres, made of yarn of different colours, mixed with cotton, point twill",26,26,18,18,8,
55143019,"Other fabrics < 85 % polyester staple fibres, made of yarn of different colours, mixed with cotton",26,26,18,18,8,
55143090,"Other fabrics < 85 % synthetic staple fibres, made of yarn of different colours, mixed with cotton",26,26,18,18,8,
55144100,"Polyester fabric < 85 % with cotton, weight > 170 g/m2, point taffeta, printed",26,26,18,18,8,
55144200,"Polyester fabric < 85 % with cotton, weight > 170 g/m2, point twill, printed",26,26,18,18,8,
55144300,"Other polyester fabrics < 85 % with cotton, weight > 170 g/m2, printed",26,26,18,18,8,
55144900,"Other synthetic fibres fabrics < 85 % with cotton, weight > 170 g/m2, printed",26,26,18,18,8,
55151100,Fabric of polyester fibres with rayon viscose,26,26,11,18,8,
55151200,Fabric of polyester fibres with synthetic/artificial filament,26,26,18,18,8,
55151300,Fabric of polyester fibres with wool/fine animal hair,26,26,18,18,8,
55151900,Other fabrics of polyester fibres,26,26,11,18,8,
55152100,"Acrylic fibres fabrics, etc. with synthetic/artificial filament",26,26,18,18,8,
55152200,"Acrylic fibres fabrics, etc. with wool/fine animal hair",26,26,18,18,8,
55152900,Other acrylic/modacrylic fibres fabrics,26,26,18,18,8,
55159100,Other synthetic fibres fabrics with synthetic/artificial filament,26,26,18,18,8,
55159910,"Other synthetic staple fibres fabrics, with wool or fine animal hair",26,26,18,18,8,
55159990,Other synthetic staple fibres fabrics,26,26,18,18,8,
55161100,"Artificial fibres fabrics ≥ 85 %, raw, bleached",26,26,18,18,8,
55161200,"Artificial fibres fabrics ≥ 85 %, dyed",26,26,18,18,8,
55161300,"Artificial fibres fabrics ≥ 85 %, of yarns of different colours",26,26,18,18,8,
55161400,"Artificial fibres fabrics ≥ 85 %, printed",26,26,11,18,8,
55162100,"Fabric of artificial fibres < 85 % with synthetic/artificial filament, raw/bleached",26,26,18,18,8,
55162200,"Artificial fibres fabrics < 85 % with synthetic/artificial filament, dyed",26,26,18,18,8,
55162300,"Artificial fibres fabrics < 85 % with synthetic/artificial filament, colours",26,26,18,18,8,
55162400,"Artificial fibres fabrics < 85 % with synthetic/artificial filament, printed",26,26,18,18,8,
55163100,"Artificial fibres fabrics < 85 % with wool/fine animal hair, raw/bleached",26,26,18,18,8,
55163200,"Artificial fibres fabrics < 85 % with wool/fine animal hair, dyed",26,26,18,18,8,
55163300,"Artificial fibres fabrics < 85 % with wool/fine animal hair, different colours",26,26,18,18,8,
55163400,"Artificial fibres fabrics < 85 % with wool/fine animal hair, printed",26,26,18,18,8,
55164100,"Artificial fibres fabrics < 85 % with cotton, raw/bleached",26,26,18,18,8,
55164200,"Artificial fibres fabrics < 85 % with cotton, dyed",26,26,18,18,8,
55164300,"Artificial fibres fabrics < 85 % with cotton, yarn of different colours",26,26,18,18,8,
55164400,"Artificial fibres fabrics < 85 % with cotton, printed",26,26,18,18,8,
55169100,"Other artificial fibres fabrics, raw/bleached",26,26,18,18,8,
55169200,"Other artificial fibres fabrics, dyed",26,26,18,18,8,
55169300,"Other artificial fibres fabrics, of different colours",26,26,18,18,8,
55169400,"Other artificial fibres fabrics, printed",26,26,18,18,8,
56012110,Cotton wadding,18,18,18,18,8,
56012190,Other articles of cotton wadding,18,18,18,18,8,
56012211,Aramid fibres wadding,2,2,2,2,8,
56012219,Other synthetic/artificial fibres wadding,18,18,8,18,8,
56012291,"Filter tips for cigarettes, of synthetic/artificial wadding",18,18,14,18,8,
56012299,Other articles of synthetic/artificial fibres wadding,18,18,18,18,8,
56012900,"Wadding/other wadding articles, of other textile materials",18,18,18,18,8,
56013010,"Textile flock, knots and balls, made of aramid",2,2,2,2,8,
56013090,"Textile flock, knots and balls, of textile materials",18,18,18,18,8,
56021000,Needle felt and artifacts obtained by interlacing sewing (cousus-tricotés),26,26,18,18,10,
56022100,"Other felts of wool/fine animal hair, non-impregnated, non-covered, etc",26,26,18,18,10,
56022900,"Felt of other textile materials non-impregnated, non-covered, etc",26,26,18,18,10,
56029000,Other felt impregnated/covered/coated/laminated,26,26,18,18,10,
56031110,"Non-wovens of aramid filaments, weight ≤ 25 g/m2",2,2,2,2,8,
56031120,"Nonwovens of polyester, whether or not impregnated, coated, covered or laminated, weight ≤ 25 g/m2",26,26,18,18,8,
56031130,"Nonwovens of polypropylene, whether or not impregnated, coated, covered or laminated, weight ≤ 25 g/m2",26,26,18,18,8,
56031140,"Nonwovens of viscose rayon, whether or not impregnated, coated, covered or laminated, weight ≤ 25 g/m2",26,26,18,18,8,
56031190,"Non-wovens of other synthetic/artificial filaments, weight ≤ 25 g/m2",26,26,18,18,8,
56031210,Non-wovens of high density polyethylene filaments 25 < weight ≤ 70 g/m2,26,26,18,18,8,
56031220,Non-wovens of aramid filaments 25 < weight ≤ 70 g/m2,2,2,2,2,8,
56031230,"Nonwovens of polyester, 25 < weight ≤ 70 g/m2",26,26,18,18,8,
56031240,"Nonwovens of polypropylene, 25 < weight ≤ 70 g/m2",26,26,18,18,8,
56031250,"Nonwovens of viscose rayon, 25 < weight ≤ 70 g/m2",26,26,18,18,8,
56031290,Non-wovens of other synthetic/artificial filaments 25 < weight ≤ 70 g/m2,26,26,18,18,8,
56031310,Non-wovens of high density polyethylene filament 70 < weight ≤ 150 g/m2,26,26,18,18,8,
56031320,Non-wovens of aramid filaments 70 < weight ≤ 150 g/m2,2,2,2,2,8,
56031330,"Non-wovens of polyester, 70 < weight ≤ 150 g/m2",26,26,18,18,8,
56031340,"Nonwovens of polypropylene, 70 < weight ≤ 150 g/m2",26,26,18,18,8,
56031350,"Nonwovens of viscose rayon, 70 < weight ≤ 150 g/m2",26,26,18,18,8,
56031390,"Non-wovens of other synthetic/artificial filaments, 70 < weight ≤ 150g/m2",26,26,18,18,8,
56031410,"Non-wovens of aramid filaments, weight > 150 g/m2",2,2,2,2,8,
56031420,"Non-wovens of polyester, weight > 150 g/m2",26,26,0,18,8,
56031430,"Non-wovens of polypropylene, weight > 150 g/m2",26,26,0,18,8,
56031440,"Non-wovens of viscose rayon, weight > 150 g/m2",26,26,0,18,8,
56031490,"Non-wovens of other synthetic/artificial filaments, weight > 150 g/m2",26,26,0,18,8,
56039110,"Non-wovens of polyester, weight ≤ 25 g/m2",26,26,18,18,8,
56039120,"Non-wovens of polypropylene, weight ≤ 25 g/m2",26,26,18,18,8,
56039130,"Non-wovens of viscose rayon, weight ≤ 25 g/m2",26,26,18,18,8,
56039190,"Other non-woven fabrics, weight ≤ 25 g/m2",26,26,18,18,8,
56039210,"Other non-wovens of polyethylene high density, 25 g/m2 < weight ≤ 70 g/m2",26,26,18,18,8,
56039220,"Other non-wovens of polyester, 25 g/m2 < weight ≤ 70 g/m2",26,26,18,18,8,
56039230,"Other non-wovens of polyethylene, 25 g/m2 < weight ≤ 70 g/m2",26,26,18,18,8,
56039240,"Other non-woven of viscose rayon, 25 g/m2 < weight ≤ 70 g/m2",26,26,18,18,8,
56039290,"Other non-wovens, 25 g/m2 < weight ≤ 70 g/m2",26,26,18,18,8,
56039310,"Other non-wovens of high density polyethylene, 70 g/m2 < weight ≤ 150 g/m2",26,26,18,18,8,
56039320,"Other non-wovens of polyester, 70 g/m2 < weight ≤ 150 g/m2",26,26,18,18,8,
56039330,"Other non-wovens of polyethylene, 70 g/m2 < weight ≤ 150 g/m2",26,26,18,18,8,
56039340,"Other non-woven of viscose rayon,70 g/m2 < weight ≤ 150 g/m2",26,26,18,18,8,
56039390,"Other non-wovens, 70 g/m2 < weight ≤ 150 g/m2",26,26,18,18,8,
56039410,"Other non-wovens of polyester, weight > 150 g/m2",26,26,18,18,8,
56039420,"Other non-wovens of polyethylene, weight > 150 g/m2",26,26,18,18,8,
56039430,"Other non-woven of viscose rayon, weight > 150 g/m2",26,26,18,18,8,
56039490,"Other non-wovens, weight > 150 g/m2",26,26,18,18,8,
56041000,"Rubber thread and cord, textile covered",18,18,18,18,4,
56049010,Catgut imitation made of silk threads,2,2,2,2,4,
56049021,"High tenacity yarn of polyesters, nylon, other polyamides, or of viscose rayon, impregnated or coated with rubber",18,18,18,18,4,
56049022,"High tenacity yarn of polyesters, nylon, other polyamides, or of viscose rayon, impregnated or coated with plastic",18,18,18,18,4,
56049090,"Other high tenacity yarn of polyester, nylon or other polyamides, or of viscose rayon, impregnated or coated",18,18,18,18,4,
56050010,"Metallized and metallic yarns, whether or not wound, consisted of textile yarn, etc, combined with metal in the form of wire, strip or powder, or metal coated with precious metals",18,18,18,18,4,
56050020,"Metallized and metallic yarns, whether or not wound, consisted of textile yarn, etc, combined with metal in the form of wire, strip or powder, or metal, coated with other metals",18,18,18,18,4,
56050090,"Other metallic yarn, consisted of textile yarn, etc. coated with other metals",18,18,18,18,4,
56060000,"Wind-coated yarn, strip, etc., wind-coated horsehair yarn, chenille yarn; chaînette yarn",18,18,18,0,4,
56072100,"Twine for binding or baling machines, of sisal or other textile fibres; agave fibres",18,18,18,18,4,
56072900,"Other twine, ropes and cables, of sisal/other ""Agave"" fibres",18,18,18,18,4,
56074100,Polyethylene or polypropylene twine for binding machines or balers,18,18,18,18,4,
56074900,Other polyethylene or polypropylene twine for binding machines or balers,18,18,18,18,4,
56075011,"Nylon fibre cords, ropes and cables",18,18,18,18,4,
56075019,"Twine, ropes and cables, of other polyamide fibres",18,18,18,18,4,
56075090,"Twine, ropes and cables, of other synthetic fibres",18,18,18,18,4,
56079010,"Twine, ropes and cables, of cotton",18,18,18,18,4,
56079020,"Cordages, ropes and cables, of jute number meter 0,75 per single strand",2,2,2,2,4,
56079090,"Twine, ropes and cables, of other textile materials",18,18,18,18,4,
56081100,Fishing nets made of synthetic/artificial textile materials,18,18,18,18,4,
56081900,Other nets made of synthetic/artificial textile materials,18,18,18,18,4,
56089000,"Knotted mesh nets, etc. of other textile materials",18,18,18,18,4,
56090010,"Articles of yarn, strip or similar of cotton",18,18,18,18,4,
56090090,"Articles of yarn, strip, etc. other textile material",18,18,18,18,4,
57011011,"Hand-made wool rug, knotted or rolled stitches",35,35,20,20,10,
57011012,"Machine-made wool rug, knotted or rolled stitch",35,35,20,20,10,
57011020,"Carpets of fine animal hair, knotted or rolled stitch",35,35,20,20,10,
57019000,"Knotted or rolled carpet, etc. other textile materials",35,35,20,20,10,
57021000,"""Kelim"", ""Kilim"", ""schumacks"", ""karamanie"" carpets, etc. hand-woven",35,35,20,20,10,
57022000,"Floor coverings, of coir (coconut fibres)",35,35,20,20,10,
57023100,"Carpet, etc. of wool/fine animal hair, velvety, not made",35,35,20,20,10,
57023200,"Carpet, etc. of synthetic/artificial textile materials, velvety, not made",35,35,20,20,10,
57023900,"Carpet, etc. of other textile materials, velvety, not made",35,35,20,20,10,
57024100,"Carpet, etc. of fine animal hair, velvety, not made",35,35,20,20,10,
57024200,"Carpet, etc. of synthetic/artificial textile materials, velvety, made",35,35,20,20,10,
57024900,"Carpet, etc. of other textile materials, velvety, made",35,35,8,20,10,
57025010,"Carpets for floor covering, non-velvety, not made, of wool/fine animal hair",35,35,20,20,10,
57025020,"Carpets for floor covering, non-velvety, not made, of synthetic/artificial textile material",35,35,20,20,10,
57025090,"Carpets floor covering, non-velvety, not made of other materials",35,35,20,20,10,
57029100,"Carpet, etc. of wool/fine animal hair, non-velvety",35,35,20,20,10,
57029200,"Carpet, etc. of synthetic/artificial textile materials, non-velvety",35,35,20,20,10,
57029900,"Carpet, etc. of other textile materials, non-velvety",35,35,20,20,10,
57031000,"Carpet/floor covering, of wool or fine pile, tufted",35,35,20,20,10,
57032000,"Carpet/floor covering of nylon/other polyamide, tufted",35,35,20,20,10,
57033000,"Carpet/floor covering, of other synthetic/artificial textile materials, tufted",35,35,20,20,10,
57039000,"Carpet/floor covering, of other textile materials",35,35,20,20,10,
57041000,"Felt tiles, for floor covering, surface area ≤ 0,3 m2",35,35,20,20,10,
57049000,"Other carpets/floor coverings, of felt",35,35,20,20,10,
57050000,Other carpets and other textile floor coverings,35,35,2,20,10,
58011000,"Velvets and plush fabrics, made of wool or fine fur",26,26,18,18,8,
58012100,"Velvets and plush fabrics obtained by weft, uncut, of cotton",26,26,18,18,8,
58012200,"Velvets and plush fabrics obtained by weft, cut, ribbed, of cotton",26,26,18,18,8,
58012300,"Other velvets and plush fabrics obtained by weft, cut, ribbed, of cotton",26,26,16,18,8,
58012600,"Chenille fabric, of cotton",26,26,18,18,8,
58012700,"Velvets and plush fabrics obtained by warping, of cotton",26,26,18,18,8,
58013100,"Velvets and plush fabrics obtained by weaving, uncut, synthetic or artificial fibres",26,26,18,18,8,
58013200,"Velvets and plush fabrics obtained by weaving, cut, ribbed, of synthetic or artificial fibres",26,26,18,18,8,
58013300,"Other velvets and plush fabrics obtained by weaving, cut, ribbed, of synthetic or artificial fibres",26,26,18,18,8,
58013600,Chenille fabric of synthetic/artificial fibres,26,26,18,18,8,
58013700,"Velvets and plush fabrics obtained by warping, from synthetic or artificial fibres",26,26,18,18,8,
58019000,"Velvets and plush fabrics, of textile materials",26,26,18,18,8,
58021100,"Towelling fabric, of cotton, raw",26,26,18,18,8,
58021900,"Other towelling fabrics, of cotton",26,26,18,18,8,
58022000,"Towelling fabric, of other textile materials",26,26,18,18,8,
58023000,Tufted fabric,26,26,18,18,8,
58030010,"Fabric, in point of gauze, of cotton",26,26,18,18,8,
58030090,"Fabric, in point of gauze, of other textile materials",26,26,18,18,8,
58041010,"Cotton tulle, net and knotted knit fabrics",26,26,18,18,8,
58041090,"Other cotton tulle, net and knotted knit fabrics",26,26,18,18,8,
58042100,Machine-made lace made of synthetic or artificial fibres,26,26,18,18,8,
58042910,Machine-made cotton lace,26,26,18,18,8,
58042990,Machine-made other textile materials lace,26,26,18,18,8,
58043010,Handmade cotton lace,26,26,18,18,8,
58043090,Handmade other laces,26,26,18,18,8,
58050010,"Cotton tapestries, hand-woven or needle-knotted",26,26,18,18,8,
58050020,"Tapestries made of synthetic or artificial fibres, hand-woven, etc.",26,26,18,18,8,
58050090,"Tapestries made of other textile materials, hand-woven, etc.",26,26,18,18,8,
58061000,"Velvet, plush, chenille or toweling ribbons",26,26,18,18,8,
58062000,Other ribbons containing ≥ 5 % of elastomeric/rubber yarn,26,26,18,18,8,
58063100,Cotton ribbons,26,26,18,18,8,
58063200,Synthetic or artificial fibres ribbons,2,26,18,18,8,
58063900,Other textile materials ribbons,26,26,18,18,8,
58064000,Weftless tapes of parallel and glued yarns or fibres (bolducs),26,26,18,18,8,
58071000,"Labels, badges, etc. of textile materials, woven",26,26,18,18,8,
58079000,"Other labels, badges, etc. of textile materials",26,26,18,18,8,
58081000,"Braids, in the piece",26,26,18,18,8,
58089000,"Lacework articles, ornamental similar, tassels, etc.",26,26,18,18,8,
58090000,"Fabrics of metal thread of textile metallic yarn, etc",26,26,18,18,8,
58101000,"Chemical or aerial embroidery and embroidery with a cut-out background, etc.",26,26,18,18,8,
58109100,"Cotton embroidery, in pieces, in strips etc.",26,26,18,18,8,
58109200,"Synthetic/artificial fibre embroidery, in pieces, in strips, etc.",26,26,18,18,8,
58109900,"Other textile materials embroidery, in pieces, in strips, etc.",26,26,18,18,8,
58110000,"Quilted textile products in pieces, etc.",26,26,18,18,8,
59011000,"Fabric coated with gum/amylaceous materials, for bookbinding, cardboard making or similar purposes",16,16,16,16,8,
59019000,Tracing canvas and transparent drawing canvas; prepared canvas for painting; etc.,16,16,16,16,8,
59021010,"Tyre fabrics with high tenacity nylon or other polyamide threads, impregnated, coated or coated with rubber",16,16,16,16,4,
59021090,"Other tyre fabrics with high tenacity nylon or other polyamide threads, etc.",14,14,14,0,4,
59022000,"Tyre fabrics with high tenacity polyester threads, etc.",10,16,16,16,4,
59029000,"Tyre fabrics with high tenacity viscose rayon threads, etc.",14,14,14,14,4,
59031000,"Fabrics impregnated, coated, covered or laminated with plastics, with poly(vinyl chloride)",26,26,16,16,0,
59032000,"Fabrics impregnated, coated, covered or laminated with plastics, with polyurethane",26,26,16,16,0,
59039000,"Fabrics impregnated, coated, covered or laminated with other plastics",26,26,0,16,0,
59041000,"Linoleum, even cut",16,16,16,16,0,
59049000,"Floor coverings consisting of an induct or covering applied to a textile support, etc.",16,16,16,16,0,
59050000,Textile wall coverings,16,16,16,16,0,
59061000,"Adhesive tape, with rubber, width ≤ 20 cm",16,16,16,16,8,
59069100,"Knitted fabrics, with rubber",16,16,16,16,8,
59069900,Other fabrics with rubber,16,16,16,0,8,
59070000,"Other fabrics impregnated/coated/covered, fabrics, painted canvas theatrical scenery, studio backdrops or similar uses, etc",16,16,16,16,8,
59080000,"Textile wicks, woven, for candles, lamps, etc.",16,16,16,16,8,
59090000,Textile hose-piping and similar textile tubing,16,16,16,16,4,
59100000,"Transmission/conveyor belts/belting, of textile materials, etc.",16,16,16,16,4,
59111000,"Felt and woven, with rubber, leather, etc layer, etc.",16,16,16,16,4,
59112010,"Gauzes etc. to drizzle, synthetic/artificial textile materials, etc.",16,16,16,16,4,
59112090,"Gauzes etc. to drizzle, of other textile materials",16,16,16,16,4,
59113100,"Fabric and felt used in machines for manufacturing paper/others, weight < 650 g/m2",26,26,16,0,10,
59113200,"Fabric and felt used in machines for manufacturing paper/others, weight ≥ 650 g/m2",26,26,16,0,10,
59114000,"Filter/thick fabrics, used in oil presses, etc.",26,26,16,16,4,
59119000,Other textile products/articles for technical use,26,26,16,0,10,
60011010,"Knitted fabrics called ""long pile"" or ""long pile"", made of cotton",26,26,18,18,8,
60011020,"Knitted fabrics called ""long pile"" or ""long pile"", made of synthetic/artificial fibres",26,26,18,18,8,
60011090,"Knitted fabrics called ""long pile"" or ""long pile"", made of other textile materials",26,26,18,18,8,
60012100,"Towelling fabric, fabric of cotton knit",26,26,18,18,8,
60012200,"Towelling fabric, of synthetic/artificial fibre mesh",26,26,18,18,8,
60012900,"Towelling fabric, of other textile materials",26,26,18,18,8,
60019100,"Velvet and plush, of cotton knit fabric",26,26,18,18,8,
60019200,"Velvet and plush, of synthetic/artificial fibre knit",26,26,11,18,8,
60019900,"Velvet and plush, of knitted of other textile materials",26,26,18,18,8,
60024010,"Fabrics of cotton knit, width ≤ 30 cm, elastomeric ≥ 5 %",26,26,18,18,8,
60024020,"Fabrics of synthetic/artificial fibre knitted width ≤ 30 cm, e ≥ 5 %",26,26,18,18,8,
60024090,"Fabrics of other textile materials knitted, width ≤ 30 cm, e ≥5 %",26,26,18,18,8,
60029010,"Other fabrics of cotton knitted, width ≤ 30 cm",26,26,18,18,8,
60029020,"Other fabrics of synthetic/artificial fibres knitted, width ≤ 30 cm",26,26,18,18,8,
60029090,"Other fabrics of other textile materials knitted, width ≤ 30 cm",26,26,18,18,8,
60031000,"Other fabrics of wool/fine animal hair knit, width ≤ 30 cm",26,26,18,18,8,
60032000,"Other fabrics of cotton knitted, width ≤ 30 cm",26,26,18,18,8,
60033000,Other fabrics of synthetic fibres knitted width ≤ 30 cm,26,26,18,18,8,
60034000,Other fabrics of fibres knitted artificial width ≤ 30 cm,26,26,18,18,8,
60039000,Other fabrics of other textile materials width ≤ 30 cm,26,26,18,18,8,
60041011,Raw or bleached cotton knitted fabrics width > 30 cm,26,26,18,18,8,
60041012,Dyed cotton mesh fabrics width > 30 cm,26,26,18,18,8,
60041013,"Cotton knitted fabrics in various colours of yarns, width > 30 cm",26,26,18,18,8,
60041014,"Printed cotton knitted fabrics, width > 30 cm",26,26,18,18,8,
60041031,Raw/bleached synthetic fibre knitted fabrics width > 30 cm,26,26,18,18,8,
60041032,Dyed synthetic fibre knitted fabrics width > 30 cm,26,26,18,18,8,
60041033,Knitted fabrics made of synthetic fibre yarns in various colours width > 30 cm,26,26,18,18,8,
60041034,Printed synthetic fibre knitted fabrics width > 30 cm,26,26,18,18,8,
60041041,Raw/bleached artificial knitted mesh fabrics width > 30 cm,26,26,18,18,8,
60041042,Dyed artificial fibre knitted fabrics width > 30 cm,26,26,18,18,8,
60041043,"Knitted fabrics made of artificial fibre yarns, different colours, width > 30 cm",26,26,18,18,8,
60041044,Printed artificial fibre knitted fabrics width > 30 cm,26,26,18,18,8,
60041091,Knitted fabrics from raw or beached other textile materials width > 30 cm,26,26,18,18,8,
60041092,Knitted fabrics of other dyed textile materials width > 30 cm,26,26,18,18,8,
60041093,"Knitted fabrics from raw or beached other textile materials various colours yarns, width > 30 cm",26,26,18,18,8,
60041094,"Printed knitted fabrics from other textile materials, width > 30 cm",26,26,18,18,8,
60049010,"Other fabrics of knitted cotton, width > 30 cm",26,26,18,18,8,
60049030,Other synthetic fibres knitted fabrics width > 30 cm,26,26,18,18,8,
60049040,Other artificial fibres knitted fabrics width > 30 cm,26,26,18,18,8,
60049090,Other fabrics of knit of other textile materials width > 30 cm,26,26,18,18,8,
60052100,"Warp-knit fabrics (including those made on galloon looms), excluding those of headings 60.01 to 60.04, of cotton, unbleached or bleached",26,26,18,18,8,
60052200,"Warp-knit fabrics (including those made on galloon looms), excluding those of headings 60.01 to 60.04, of cotton, dyed",26,26,18,18,8,
60052300,"Warp-knit fabrics (including those made on galloon looms), excluding those of headings 60.01 to 60.04, of cotton, of yarns of different colours",26,26,18,18,8,
60052400,"Warp-knit fabrics (including those made on galloon looms), excluding those of headings 60.01 to 60.04, of cotton, printed",26,26,18,18,8,
60053100,"Warp-knit fabrics (including those made on galloon looms), excluding those of headings 60.01 to 60.04, of synthetic fibre, raw or bleached",26,26,11,18,10,
60053200,"Warp-knit fabrics (including those made on galloon looms), excluding those of headings 60.01 to 60.04, of synthetic fibre, dyed",26,26,16,18,10,
60053300,"Warp-knit fabrics (including those made on galloon looms), excluding those of headings 60.01 to 60.04, of synthetic fibre, of yarns of different colours",26,26,16,18,10,
60053400,"Warp-knit fabrics (including those made on galloon looms), excluding those of headings 60.01 to 60.04, of synthetic fibre, printed",26,26,16,18,10,
60054100,"Warp-knit fabrics (including those made on galloon looms), excluding those of headings 60.01 to 60.04, of artificial fibre, raw or bleached",26,26,11,18,8,
60054200,"Warp-knit fabrics (including those made on galloon looms), excluding those of headings 60.01 to 60.04, of artificial fibre, dyed",26,26,11,18,8,
60054300,"Warp-knit fabrics (including those made on galloon looms), excluding those of headings 60.01 to 60.04, of artificial fibre, of yarns of different colours",26,26,11,18,8,
60054400,"Warp-knit fabrics (including those made on galloon looms), excluding those of headings 60.01 to 60.04, of artificial fibre, printed",26,26,16,18,8,
60059010,"Warp-knit fabrics (including those made on galloon looms), excluding those of headings 60.01 to 60.04, of wool or fine animal hair",26,26,11,18,8,
60059090,"Other warp-knit fabrics (including those made on galloon looms), excluding those of headings 60.01 to 60.04",26,26,11,18,8,
60061000,Other wool or fine animal hair knitted fabric,26,26,18,18,8,
60062100,"Other knitted fabrics, of cotton, unbleached or bleached",26,26,18,18,8,
60062200,"Other knitted fabrics, of cotton, dyed",26,26,18,18,8,
60062300,"Other knitted fabrics, of cotton, of yarn of different colours",26,26,18,18,8,
60062400,"Other knitted fabrics, of cotton, printed",26,26,18,18,8,
60063100,"Other synthetic fibres knitted fabrics, raw or bleached",26,26,0,18,10,
60063200,"Other synthetic fibres knitted fabrics, dyed",26,26,0,18,10,
60063300,"Other synthetic fibres knitted fabrics, of yarns of different colours",26,26,16,18,10,
60063400,"Other synthetic fibres knitted fabrics, printed",26,26,16,18,10,
60064100,"Other artificial fibres knitted fabrics, raw or bleached",26,26,11,18,8,
60064200,"Other artificial fibres knitted fabrics, dyed",26,26,16,18,8,
60064300,"Other artificial fibres knitted fabrics, of yarns of different colours",26,26,16,18,8,
60064400,"Other artificial fibres knitted fabrics, printed",26,26,11,18,8,
60069000,"Other artificial fibres knitted fabrics, of other textile materials",26,26,0,18,8,
61012000,"Overcoats, etc. of cotton knit, male use",35,35,20,20,8,
61013000,"Overcoats, etc. of synthetic/artificial fibres knit, male use",35,35,20,20,8,
61019010,"Knitted jackets and similar articles, male uses, except heading 6103 (of wool or fine animal hair)",35,35,20,20,8,
61019090,"Knitted jackets and similar articles, masculine uses, except heading 6103 (of other textile materials)",35,35,20,20,8,
61021000,"Overcoats, etc. of wool/fine animal hair knit, female uses",35,35,20,20,8,
61022000,"Overcoats, etc. of cotton knit, female use",35,35,20,20,8,
61023000,"Overcoats, etc. of synthetic/artificial fibres knit, female use",35,35,20,20,8,
61029000,"Overcoats, etc. of other textile material knit, female use",35,35,20,20,8,
61031010,"Knitted suits of wool or fine animal hair, male use",35,35,20,20,8,
61031020,"Knitted suits of synthetic fibres, male use",35,35,20,20,8,
61031090,"Knitted suits of other textile materials, male use",35,35,20,20,8,
61032200,"Knitted cotton sets, male use",35,35,20,20,8,
61032300,"Knitted synthetic/artificial fibres sets, male use",35,35,20,20,8,
61032910,"Knitted wool/fine animal hair sets, male use",35,35,20,20,8,
61032990,"Knitted other textile materials sets, male use",35,35,20,20,8,
61033100,Knitted jacket (coats) of wool or fine animal hair,35,35,20,20,8,
61033200,Knitted jacket (coats) of cotton,35,35,20,20,8,
61033300,Knitted jacket (coats) of synthetic fibres,35,35,20,20,8,
61033900,Knitted jacket (coats) of other textile materials,35,35,20,20,8,
61034100,"Knitted trousers, etc. of wool/fine animal hair, male use",35,35,20,20,8,
61034200,"Knitted trousers, etc. of cotton, male use",35,35,20,20,8,
61034300,"Knitted trousers, etc. of synthetic fibres, male use",35,35,20,20,8,
61034900,"Knitted trousers, etc. of other textile materials, male use",35,35,20,20,8,
61041300,"Knitted suits of synthetic fibres, female use",35,35,20,20,8,
61041910,"Knitted suits of wool or fine animal hair, female use",35,35,20,20,8,
61041920,"Knitted suits of cotton, female use",35,35,20,20,8,
61041990,"Knitted suits of other textile materials, female use",35,35,20,20,8,
61042200,"Knitted cotton sets, female use",35,35,20,20,8,
61042300,"Knitted synthetic fibres sets, female use",35,35,20,20,8,
61042910,"Knitted wool/fine animal hair sets, female use",35,35,20,20,8,
61042990,"Knitted other textile materials, sets, female use",35,35,20,20,8,
61043100,"Knitted blazers of wool/fine animal hair, female use",35,35,20,20,8,
61043200,"Knitted blazers of cotton, female use",35,35,20,20,8,
61043300,"Knitted blazers of synthetic fibres, female use",35,35,20,20,8,
61043900,"Knitted blazers of other textile materials, female use",35,35,20,20,8,
61044100,"Knitted dresses of wool/fine animal hair, female use",35,35,20,20,8,
61044200,"Knitted dresses of cotton, female use",35,35,20,20,8,
61044300,"Knitted dresses of synthetic fibres, female use",35,35,20,20,8,
61044400,"Knitted dresses of artificial fibres, female use",35,35,20,20,8,
61044900,"Knitted dresses of other textile materials, female use",35,35,20,20,8,
61045100,"Knitted skirts, etc, of wool/fine animal hair",35,35,20,20,8,
61045200,"Knitted skirts, etc, of cotton",35,35,20,20,8,
61045300,"Knitted skirts, etc, of synthetic fibres",35,35,20,20,8,
61045900,"Knitted skirts, etc, of other textile materials",35,35,20,20,8,
61046100,"Knitted trousers, etc. of wool/fine animal hair, female use",35,35,20,20,8,
61046200,"Knitted trousers, etc. of cotton, female use",35,35,20,20,8,
61046300,"Knitted trousers, etc. of synthetic fibres, female use",35,35,20,20,8,
61046900,"Knitted trousers, etc. of other textile materials, female use",35,35,20,20,8,
61051000,"Knitted shirts, etc. of cotton, male use",35,35,25,20,8,
61052000,"Knitted shirts, etc. of synthetic/artificial fibres, male use",35,35,25,20,8,
61059000,"Knitted shirts, etc. of other textile materials, male use",35,35,25,20,8,
61061000,"Knitted shirts, etc. of cotton, female use",35,35,20,20,8,
61062000,"Knitted shirts, etc. of synthetic/artificial fibres, female use",35,35,20,20,8,
61069000,"Knitted shirts, etc. of other textile materials, female use",35,35,25,20,8,
61071100,"Underpants, etc of cotto",35,35,20,20,8,
61071200,"Underpants, etc, of synthetic/artificial fibres",35,35,20,20,8,
61071900,"Underpants, etc. of other textile materials",35,35,20,20,8,
61072100,"Pyjamas, etc of cotton, male use",35,35,20,20,8,
61072200,"Pyjamas, etc of synthetic/artificial fibres, male use",35,35,20,20,8,
61072900,"Pyjamas, etc. of other textile materials, male use",35,35,20,20,8,
61079100,"Robes, etc. of cotton, male use",35,35,20,20,8,
61079910,"Dressing gowns, bathrobes, etc., male use, of synthetic or artificial fibres",35,35,20,20,8,
61079990,"Dressing gowns, bathrobes, etc., male use, of other textile materials",35,35,20,20,8,
61081100,"Women's or girls' slips and petticoats, knitted, of synthetic or artificial fibres",35,35,20,20,8,
61081900,"Women's or girls' slips and petticoats, of other textile materials",35,35,20,20,8,
61082100,Women's panties of cotton,35,35,20,20,8,
61082200,Women's panties of synthetic/artificial fibres,35,35,20,20,8,
61082900,Women's panties of other textile materials,35,35,20,20,8,
61083100,"Nightgowns, etc. of cotton, female use",35,35,20,20,8,
61083200,"Nightgowns, etc. of synthetic/artificial fibres, female use",35,35,20,20,8,
61083900,"Nightgowns, etc. of other textile materials, female use",35,35,20,20,8,
61089100,"Robes, etc. of cotton, female use",35,35,20,20,8,
61089200,"Robes, etc. of synthetic/artificial fibres, female use",35,35,20,20,8,
61089900,"Robes, etc. of other textile materials, female use",35,35,20,20,8,
61091000,"T-shirts, etc. of cotton",35,35,25,20,8,
61099000,"T-shirts, etc. of other textile materials",35,35,25,20,8,
61101100,"Sweaters, etc. of wool",35,35,20,20,8,
61101200,"Sweaters, etc. of kashmir (cashmere) goats",35,35,20,20,8,
61101900,"Sweaters, etc. of other textile materials",35,35,20,20,8,
61102000,"Sweaters, pullovers, etc. of cotton",35,35,20,20,8,
61103000,"Sweaters, pullovers, etc. of synthetic/artificial fibres",35,35,20,20,8,
61109000,"Sweaters, pullovers, etc. of other textile materials",35,35,20,20,8,
61112000,Babies' garments/clothes/accessories of cotton,35,35,20,20,8,
61113000,Babies' garments/clothes/accessories of synthetic fibres,35,35,20,20,8,
61119010,Babies' garments/clothes/accessories of wool or fine animal hair,35,35,20,20,8,
61119090,Babies' garments/clothes/accessories of other textile materials,35,35,20,20,8,
61121100,"Sportswear, of cotton",35,35,20,20,8,
61121200,"Sportswear, of synthetic fibres",35,35,20,20,8,
61121900,"Sportswear, of other textile materials",35,35,20,20,8,
61122000,"Ski suits, of other textile materials",35,35,20,20,8,
61123100,"Men's or boys' swimwear, of synthetic fibres",35,35,20,20,8,
61123900,"Men's or boys' swimwear, of other textile materials",35,35,20,20,8,
61124100,"Women's or girls' swimwear, of synthetic fibres",35,35,20,20,8,
61124900,"Women's or girls' swimwear, of other textile materials",35,35,20,20,8,
61130000,"Garments, of knitted fabrics with plastic/rubber",35,35,20,20,8,
61142000,Other garments of knitted cotton,35,35,20,20,8,
61143000,"Other garments, of synthetic/artificial fibres",35,35,20,20,8,
61149010,Garments of wool or fine animal hair,35,35,20,20,8,
61149090,Garments of other textile materials,35,35,20,20,8,
61151011,"Stockings of synthetic fibres, < 67 decitex (measuring per single yarn)",35,35,20,20,8,
61151012,"Stockings of synthetic fibres, > 67 decitex (measuring per single yarn)",35,35,20,20,8,
61151013,Stockings of wool or fine animal hair,35,35,20,20,8,
61151014,Stockings of cotton,35,35,20,20,8,
61151019,Other stockings of other textile materials,35,35,20,20,8,
61151021,"Women's full-length or knee-length stocking, < 67 decitex (measuring per single yarn), of synthetic or artificial fibres",35,35,20,20,8,
61151022,"Women's full-length or knee-length stocking, < 67 decitex (measuring per single yarn), of cotton or similar fibres",35,35,20,20,8,
61151029,"Women's full-length or knee-length stocking, < 67 decitex (measuring per single yarn), of other textile materials",35,35,20,20,8,
61151091,Other similar stockings of wool or fine animal hair,35,35,20,20,8,
61151092,Other stockings of cotton and similar,35,35,20,20,8,
61151093,Other stockings of synthetic fibres,35,35,20,20,8,
61151099,Other stockings of other textile materials,35,35,20,20,8,
61152100,"Stockings of synthetic fibres, < 67 decitex (measuring per single yarn)",35,35,20,20,8,
61152200,"Stockings of synthetic fibres, > 67 decitex (measuring per single yarn)",35,35,20,20,8,
61152910,Stockings of wool or fine animal hair,35,35,20,20,8,
61152920,Stockings of cotton,35,35,20,20,8,
61152990,Other stockings of other textile materials,35,35,20,20,8,
61153010,"Women's full-length or knee-length stockings, < 67 decitex (measuring per single yarn), of synthetic or artificial fibres",35,35,20,20,8,
61153020,"Women's full-length or knee-length stockings, < 67 decitex (measuring per single yarn), of cotton or similar fibres",35,35,20,20,8,
61153090,"Women's full-length or knee-length stockings, < 67 decitex (measuring per single yarn), of other textile materials",35,35,20,20,8,
61159400,Other similar stockings of wool or fine animal hair,35,35,20,20,8,
61159500,Other stockings of cotton and similar,35,35,20,20,8,
61159600,Other stockings of synthetic fibres,35,35,20,20,8,
61159900,Other stockings of other textile materials,35,35,20,20,8,
61161000,"Gloves, etc. impregnated, etc. of plastics/rubber",35,35,20,20,8,
61169100,"Gloves, etc. of wool or fine animal hair",35,35,20,20,8,
61169200,"Gloves, etc. of cotton",35,35,20,20,8,
61169300,"Gloves, etc. of synthetic fibres",35,35,20,20,8,
61169900,"Gloves, etc. of other textile materials",35,35,20,20,8,
61171000,"Shawls, scarves, etc.",35,35,20,20,8,
61178010,"Ties, bow ties and cravats",35,35,20,20,8,
61178090,Other clothing accessories,35,35,20,20,8,
61179000,"Parts of clothing or of their accessories, of mesh",35,35,20,20,8,
62011100,"Overcoats, raincoats, etc. of wool/fine animal hair, male use",35,35,20,20,8,
62011200,"Overcoats, raincoats, etc. of cotton, male use",35,35,20,20,8,
62011300,"Overcoats, raincoats, etc. of synthetic/artificial fibre, male use",35,35,20,20,8,
62011900,"Overcoats, raincoats, etc. of other textile materials, male use",35,35,20,20,8,
62019100,"Other overcoats, raincoats, etc. of wool/fine animal hair, male use",35,35,20,20,8,
62019200,"Other overcoats, raincoats, etc. of cotton, male use",35,35,20,20,8,
62019300,"Other overcoats, etc. of synthetic fibres, male use",35,35,20,20,8,
62019900,"Other overcoats, etc. of other textile materials, male use",35,35,20,20,8,
62021100,"Women's or girls' cloaks, raincoats, capes and similar articles, of wool or fine animal hair",35,35,20,20,8,
62021200,"Women's or girls' cloaks, raincoats, capes and similar articles, of cotton",35,35,20,20,8,
62021300,"Women's or girls' cloaks, raincoats, capes and similar articles, of synthetic/artificial fibres",35,35,20,20,8,
62021900,"Women's or girls' cloaks, raincoats, capes and similar articles, of other textile materials",35,35,20,20,8,
62029100,"Other women's or girls' cloaks, raincoats, capes and similar articles of wool/fine animal hair",35,35,20,20,8,
62029200,"Other women's or girls' cloaks, raincoats, capes and similar articles of cotton",35,35,20,20,8,
62029300,"Other women's or girls' cloaks, raincoats, capes and similar articles of synthetic/artificial fibres",35,35,20,20,8,
62029900,"Other women's or girls' cloaks, raincoats, capes and similar articles of other textile materials",35,35,20,20,8,
62031100,Men's or boys' suits of wool or fine animal hair,35,35,20,20,8,
62031200,Men's or boys' suits of synthetic fibres,35,35,20,20,8,
62031900,Men's or boys' suits of other textile materials,35,35,20,20,8,
62032200,"Cotton sets, male use",35,35,20,20,8,
62032300,"Synthetic fibres sets, male use",35,35,20,20,8,
62032910,"Wool or fine animal hair sets, male use",35,35,20,20,8,
62032990,"Other textile materials sets, male use",35,35,20,20,8,
62033100,"Jackets (coats) of wool or fine animal hair, male use",35,35,20,20,8,
62033200,"Jackets (coats) of cotton, male use",35,35,20,20,8,
62033300,"Jackets (coats) of synthetic fibres, male use",35,35,20,20,8,
62033900,"Jackets (coats) of other textile materials, male use",35,35,20,20,8,
62034100,"Trousers, shorts, etc. of wool/fine animal hair, male use",35,35,20,20,8,
62034200,"Trousers, shorts, etc. of cotton, male use",35,35,25,20,8,
62034300,"Trousers, shorts, etc. of synthetic fibre, male use",35,35,25,20,8,
62034900,"Trousers, shorts, etc. of other textile materials, male use",35,35,20,20,8,
62041100,"Suits, of wool or fine hair, female use",35,35,20,20,8,
62041200,"Suits, of cotton, female use",35,35,20,20,8,
62041300,"Suits, of synthetic fibres, female use",35,35,20,20,8,
62041900,"Suits, of other textile materials, female use",35,35,20,20,8,
62042100,"Sets of wool or fine animal hair, female use",35,35,20,20,8,
62042200,"Sets of cotton, female use",35,35,25,20,8,
62042300,"Sets of synthetic fibres, female use",35,35,20,20,8,
62042900,"Sets of other textile materials, female use",35,35,20,20,8,
62043100,"Blazers of wool or fine animal hair, female use",35,35,20,20,8,
62043200,"Blazers of cotton, female use",35,35,20,20,8,
62043300,"Blazers of synthetic fibres, female use",35,35,20,20,8,
62043900,"Blazers of other textile materials, female use",35,35,20,20,8,
62044100,Dresses of wool or fine animal hair,35,35,20,20,8,
62044200,Dresses of cotton,35,35,25,20,8,
62044300,Dresses of synthetic fibres,35,35,25,20,8,
62044400,Dresses of artificial fibres,35,35,25,20,8,
62044900,Dresses of other textile materials,35,35,20,20,8,
62045100,"Skirts, etc., of wool or fine animal hair",35,35,20,20,8,
62045200,"Skirts, etc., of cotton",35,35,25,20,8,
62045300,"Skirts, etc., of synthetic fibres",35,35,25,20,8,
62045900,"Skirts, etc., of other textile materials",35,35,25,20,8,
62046100,"Trousers, shorts, etc. of wool/fine animal hair, female use",35,35,20,20,8,
62046200,"Trousers, shorts, etc. of cotton, female use",35,35,25,20,8,
62046300,"Trousers, shorts, etc. of synthetic fibre, female use",35,35,25,20,8,
62046900,"Trousers, shorts, etc. of other textile materials, female use",35,35,25,20,8,
62052000,"Shirts of cotton, male use",35,35,25,20,8,
62053000,"Shirts of synthetic/artificial fibres, male use",35,35,25,20,8,
62059010,"Shirts of wool or fine animal hair, male use",35,35,20,20,8,
62059090,"Shirts of other textile materials, male use",35,35,25,20,8,
62061000,"Blouses, shirts, etc. of silk or silk waste, female use",35,35,25,20,8,
62062000,"Blouses, shirts, etc. of wool/fine animal hair, female use",35,35,20,20,8,
62063000,"Blouses, shirts, etc. of cotton, female use",35,35,25,20,8,
62064000,"Blouses, shirts, etc. of synthetic/artificial fibres, female use",35,35,25,20,8,
62069000,"Blouses, shirts, etc. of other textile materials, female use",35,35,25,20,8,
62071100,Cotton underwear,35,35,20,20,8,
62071900,Other textile materials underwear,35,35,20,20,8,
62072100,"Nightshirts and pyjamas, of cotton, male use",35,35,20,20,8,
62072200,"Nightshirts and pyjamas, of synthetic/artificial fibre, male use",35,35,20,20,8,
62072900,"Nightshirts and pyjamas, of other textile materials, male use",35,35,20,20,8,
62079100,"Singlets, etc. of cotton, male use",35,35,20,20,8,
62079910,"Others (singlets, bathrobes, similar articles), of synthetic or artificial fibres, male use",35,35,20,20,8,
62079990,"Others (singlets, bathrobes, similar articles), of other textile materials male use",35,35,20,20,8,
62081100,"Slips and petticoats, of synthetic/artificial fibres, female use",35,35,20,20,8,
62081900,"Slips and petticoats, of other textile materials, female use",35,35,20,20,8,
62082100,"Nightdresses and pyjamas, of cotton, female use",35,35,20,20,8,
62082200,"Nightdresses and pyjamas, of synthetic/artificial fibres, female use",35,35,20,20,8,
62082900,"Nightdresses and pyjamas, of other textile materials, female use",35,35,20,20,8,
62089100,"Corsets, panties, dressing gowns, etc. of cotton",35,35,20,20,8,
62089200,"Corsets, panties, dressing gowns, etc. of synthetic artificial fibres",35,35,20,20,8,
62089900,"Corsets, panties, dressing gowns, etc. of other textile materials",35,35,20,20,8,
62092000,"Babies' garments/clothing/ accessories, of cotton",35,35,25,20,8,
62093000,"Babies' garments/clothing/accessories, of synthetic fibres",35,35,20,20,8,
62099010,Babies' garments/clothing/accessories of wool/fine animal hair,35,35,20,20,8,
62099090,"Babies' garments/clothing/accessories, of other textile materials",35,35,20,20,8,
62101000,Garments made from felt or nonwovens,35,35,20,20,8,
62102000,"Overcoats, raincoats, of textile materials with plastic/rubber",35,35,20,20,8,
62103000,"Cloaks, raincoats, etc. of textile materials with plastic/rubber",35,35,20,20,8,
62104000,"Other garment made with plastic and rubber, male use",35,35,20,20,8,
62105000,"Other garment made with plastic and rubber, female use",35,35,20,20,8,
62111100,"Swim shorts and swim briefs, other than knitted or crocheted",35,35,20,20,8,
62111200,"Swimsuits and bikinis, other than knitted or crocheted",35,35,20,20,8,
62112000,"Ski suits, other than knitted or crocheted",35,35,20,20,8,
62113200,"Other garments of cotton, male use",35,35,20,20,8,
62113300,"Other garments of synthetic/artificial fibres, male use",35,35,20,20,8,
62113910,"Other garments of wool or fine animal hair, male use",35,35,20,20,8,
62113990,"Other garments of other textile materials, male use",35,35,20,20,8,
62114200,"Other garments of cotton, male use",35,35,20,20,8,
62114300,"Other garments of synthetic/artificial fibres, female use",35,35,20,20,8,
62114900,"Other garments of other textile materials, female use",35,35,20,20,8,
62121000,Bras and bustiers,35,35,20,20,8,
62122000,Girdles and panty-girdles,35,35,20,20,8,
62123000,Full torso shapers,35,35,20,20,8,
62129000,"Corsets, suspenders, etc. and their parts",35,35,20,20,8,
62132000,"Handkerchiefs, of cotton",35,35,20,20,8,
62139010,"Handkerchiefs, silk/silk waste",35,35,20,20,8,
62139090,"Handkerchiefs, other fabrics",35,35,20,20,8,
62141000,"Shawls, scarves, etc. of silk/silk waste",35,35,20,20,8,
62142000,"Shawls, scarves, etc. wool/fine animal hair",35,35,20,20,8,
62143000,"Shawls, scarves, etc. of synthetic fibres",35,35,20,20,8,
62144000,"Shawls, scarves, etc. of synthetic fibres",35,35,20,20,8,
62149010,"Shawls, scarves, of cotton",35,35,20,20,8,
62149090,"Shawls, scarves, etc. of other textile materials",35,35,20,20,8,
62151000,"Ties, cravats, etc. of silk/silk waste",35,35,20,20,8,
62152000,"Ties, cravats, etc. of synthetic/artificial fibres",35,35,20,20,8,
62159000,"Ties, cravats, etc. of other textile materials",35,35,20,20,8,
62160000,"Gloves, mittens and mitts",35,35,20,20,8,
62171000,Other clothing accessories,35,35,20,20,8,
62179000,Other parts of clothing or its accessories,35,35,20,20,8,
63011000,"Blankets, etc., electric",35,35,20,20,8,
63012000,"Blankets, etc. of wool/fine animal hair, non-electric",35,35,20,20,8,
63013000,"Blankets, etc. of cotton, non-electric",35,35,20,20,8,
63014000,"Blankets, etc., of synthetic fibres, non-electric",35,35,20,20,8,
63019000,Other blankets etc.,35,35,20,20,8,
63021000,"Bed linen, knitted",35,35,20,20,8,
63022100,"Bed linen, of cotton, printed",35,35,20,20,8,
63022200,"Bed linen, of synthetic/artificial fibres, printed",35,35,20,20,8,
63022900,"Bed linen, of other textile materials, printed",35,35,20,20,8,
63023100,"Other bed linen, of cotton",35,35,20,20,8,
63023200,"Other bed linen, of synthetic/artificial fibres",35,35,20,20,8,
63023900,"Other bed linen, of other textile materials",35,35,20,20,8,
63024000,"Table linen, knitted",35,35,20,20,8,
63025100,"Table linen, of cotton, except knitted",35,35,20,20,8,
63025300,"Table linen, of synthetic/artificial fibres, except knitted",35,35,20,20,8,
63025910,"Table linen, of linen, except knitted",35,35,20,20,8,
63025990,"Other table linen, of other textile materials",35,35,20,20,8,
63026000,"Toilet linen/kitchen linen, of cotton towelling fabrics",35,35,20,20,8,
63029100,"Other toilet linen/kitchen linen, of cotton",35,35,20,20,8,
63029300,"Toilet linen/kitchen linen, of synthetic/artificial",35,35,20,20,8,
63029910,"Other bed linen/kitchen linen/toilet linen/table linen, of linen",35,35,20,20,8,
63029990,"Other bed linen/kitchen linen/toilet linen/table linen, of other textile materials",35,35,20,20,8,
63031200,"Curtains, etc. of synthetic fibres",35,35,20,20,8,
63031910,"Curtains, etc. of cotton and similar materials",35,35,20,20,8,
63031990,"Curtains, etc. of other textile materials",35,35,20,20,8,
63039100,"Curtains, etc. of cotton, except knitted",35,35,20,20,8,
63039200,"Curtains, etc. of synthetic fibres, except knitted",35,35,20,20,8,
63039900,"Curtains, etc. of other textile materials, except knitted",35,35,20,20,8,
63041100,Knitted bed cover,35,35,20,20,8,
63041910,"Cotton bed cover, except knitted",35,35,20,20,8,
63041990,Bed cover of other textile materials,35,35,20,20,8,
63049100,Other knitted articles for interior decoration,35,35,20,20,8,
63049200,"Other cotton articles for interior decoration, except knitted",35,35,20,20,8,
63049300,"Other synthetic fibres articles for interior decoration, except knitted",35,35,20,20,8,
63049900,"Other textile materials articles for interior decoration, except knitted",35,35,20,20,8,
63051000,"Sacks for packing, of jute/other textile bast fibres",35,35,16,16,4,
63052000,"Sacks for packing, of cotton",35,35,16,16,4,
63053200,"Flexible containers for bulk products, made of synthetic or artificial textile materials",35,35,16,16,4,
63053310,"Sacks for packing, of polyethylene/polypropylene",35,35,16,16,4,
63053390,"Other sacks for packing, of polyethylene strip",35,35,16,16,4,
63053900,"Sacks for packing, of other textile synthetic/artificial materials",35,35,16,16,4,
63059000,Other sacks for packing,35,35,16,16,4,
63061200,"Tarpaulins and awnings, of synthetic fibres",35,35,20,20,4,
63061910,"Tarpaulins and awnings, of cotton",35,35,20,20,4,
63061990,"Tarpaulins and awnings, of other textile materials",35,35,20,20,4,
63062200,Tents of synthetic fibres,35,35,20,20,4,
63062910,Cotton tents,35,35,20,20,4,
63062990,Tents of other textile materials,35,35,20,20,4,
63063010,"Sails for boats, etc, of synthetic fibres",35,35,20,20,4,
63063090,"Sails for boats, etc, of other textile materials",35,35,20,20,4,
63064010,Pneumatic mattresses of cotton,35,35,20,20,4,
63064090,"Pneumatic mattresses, of other textile materials",35,35,20,20,4,
63069000,Other items for camping; other tarpaulins and awnings,35,35,20,20,4,
63071000,"Dish-cloths, dusters and similar cleaning cloths",35,35,20,20,4,
63072000,Lifejackets and life-belts,35,35,20,20,4,
63079010,"Other articles, of nonwovens",35,35,20,20,4,
63079020,Fire-proofed sleeves for emergency evacuation of persons,2,2,2,2,4,
63079090,Other textile articles,35,35,20,20,4,
63080000,"Other articles consisting of fabric/yarn, for manufacturing rugs, carpets etc.",35,35,20,20,4,
63090010,"Used clothing, accessories and parts",35,35,20,20,8,
63090090,Other used articles of textile materials,35,35,20,20,8,
63101000,"Rags, cordage, etc. of textile materials, sorted",35,35,20,0,8,
63109000,"Other rags, cordage, etc. of textile materials, waste",35,35,20,20,8,
64011000,Waterproof footwear of rubber/plastic with protective metal toe cap,35,35,20,35,E,
64019200,Waterproof footwear of rubber/plastic covering the ankle,35,35,20,35,E,
64019910,"Other footwear covering the knee, with outer soles of rubber or plastic",35,35,20,35,E,
64019990,"Other waterproof footwear of rubber/plastic, seamless",35,35,20,35,E,
64021200,"Ski-boots and snowboard boots, of rubber/plastic",20,20,20,20,10,
64021900,"Footwear for other sports, of rubber or plastic",35,35,20,35,E,
64022000,"Footwear with upper straps, of rubber/plastic, etc",35,35,20,35,15,
64029110,"Other footwear, covering the ankle, with a protective metal toecap",35,35,20,35,15,
64029190,"Other footwear, covering the ankle, uppers of rubber or plastic",35,35,20,35,E,
64029910,"Other footwear, covering the ankle, with a protective metal toecap",35,35,20,35,15,
64029990,"Other footwear, covering the ankle, uppers of rubber or plastic",35,35,20,25,E,
64031200,"Ski-boots and snowboard boots, of leather",20,20,20,20,10,
64031900,"Footwear for other sports, of leather",35,35,20,35,15,
64032000,"Footwear of leather, with upper straps, etc",35,35,25,35,15,
64034000,"Other footwear of leather, with protective metal toecap",35,35,20,35,15,
64035110,"Footwear with outer soles of wood, no inner sole, with a protective metal toecap",35,35,20,35,15,
64035190,"Other footwear of leather and outer soles of leather, covering the ankle",35,35,25,25,15,
64035910,"Footwear with outer soles of wood, no inner sole, with a protective metal toecap",35,35,20,35,15,
64035990,"Other footwear of leather and outer soles of leather, covering the ankle",35,35,25,25,15,
64039110,"Footwear with outer soles of wood, no inner sole, with a protective metal toecap",35,35,20,35,15,
64039190,"Other footwear of leather and outer soles of leather, covering the ankle",35,35,20,25,15,
64039910,"Footwear with outer soles of wood, no inner sole, with a protective metal toecap",35,35,20,35,15,
64039990,Other footwear of leather with outer soles of rubber or plastic,35,35,20,25,15,
64041100,"Sports footwear, etc. of textile materials soles of rubber/plastic",35,35,17,35,E,
64041900,"Other footwear of textile materials, soles of rubber/plastic",35,35,20,35,E,
64042000,"Footwear of textile materials, with outer soles of leather",35,35,20,35,E,
64051010,"Footwear made of reconstituted leather, rubber/plastic outsole",35,35,25,35,E,
64051020,"Footwear made of reconstituted leather, leather outsole",35,35,25,35,E,
64051090,Other footwear of leather or reconstituted leather,35,35,25,35,E,
64052000,Other footwear of textile materials,35,35,20,35,E,
64059000,Other footwear,35,35,25,35,E,
64061000,Footwear uppers and their components,28,18,18,18,15,
64062000,"Outer soles and heels, of rubber or plastics",18,18,18,18,E,
64069010,"Outer soles and heels, leather or reconstituted leather",18,18,18,18,15,
64069020,Insoles,18,18,18,18,E,
64069090,"Other parts of footwear, etc.",18,18,18,18,15,
65010000,"Hat bodies, not shaped, neither blocked to form crown nor brim; hat blanks, including cones and cylinders, even if cut vertically, of felt, for making hats",18,18,18,18,E,
65020010,"Hat bodies, braided or made by assembling strips of any material, without a shaped crown or brim and without trimmings, made of fine straw (manila, panama, or similar)",18,18,18,18,E,
65020090,"Hat bodies, braided or made by assembling strips of any material, without a shaped crown or brim and without trimmings, made of other materials",18,18,18,18,E,
65040010,"Hats and other headgear, etc., of fine straw",20,20,20,20,E,
65040090,"Hats and other headgear, etc. of other materials",20,20,20,20,E,
65050011,Cotton caps,20,20,20,20,E,
65050012,Caps of synthetic or artificial fibres,20,20,20,20,E,
65050019,Caps of other textile materials,20,20,20,20,E,
65050021,Cotton beanie,20,20,20,20,E,
65050022,Beanie of synthetic or artificial fibres,20,20,20,20,E,
65050029,Beanie of other textile materials,20,20,20,20,E,
65050031,Hats of cotton,20,20,20,20,E,
65050032,Hats of synthetic or artificial fibres,20,20,20,20,E,
65050039,Hats of other textile materials,20,20,20,20,E,
65050090,"Articles for using like hats; hair nets, hoods, etc.",20,20,20,20,15,
65061000,Helmets and similar protective devices,20,20,6,0,10,
65069100,"Other hats, etc. of rubber or plastic",20,20,20,20,E,
65069900,"Other hats, etc. of other materials, except knitted",20,20,20,20,E,
65070000,"Headgear, linings, covers, frames, visors and chinstraps for hats and similar articles",18,18,18,18,15,
66011000,Garden umbrellas and similar items,20,20,20,20,15,
66019110,Umbrellas of stem/telescopic shaft with silk fabric,20,20,20,20,E,
66019190,Other umbrellas of stem/telescopic shaft,20,20,20,20,E,
66019900,Other umbrellas and sun umbrellas,20,20,18,20,E,
66020000,"Walking-sticks, seat-sticks, whips and similar articles",20,20,20,20,0,
66032000,Umbrella frames,18,18,18,18,E,
66039000,"Other parts, trimmings and accessories for umbrella, etc",18,18,18,18,E,
67010000,"Skins/other parts of birds with their feathers, etc.",16,16,16,16,E,
67021000,"Artificial flowers, foliage, fruit, etc., of plastic",16,16,16,16,E,
67029000,"Artificial flowers, foliage, fruit, etc., of other materials",16,16,16,16,E,
67030000,"Human hair, wool and other textile materials prepared for manufacturing wigs, etc.",16,16,16,16,E,
67041100,"Complete wigs, of textile synthetic materials",16,16,16,16,E,
67041900,"False beards, eyebrows, etc. of textile synthetic materials",16,16,16,16,E,
67042000,"Wigs, false beards, eyebrows, etc. of human hair",16,16,16,16,E,
67049000,"Wigs, false beards, eyebrows, etc. of other textile materials",16,16,16,16,E,
68010000,"Paving stones, curbs and slabs, of natural stone (except slate)",6,6,6,6,8,
68021000,"Tiles, etc. of natural stone, side < 7 cm",8,8,8,8,8,
68022100,"Marble, travertine, etc. slice/sawed planed/flat surface",8,8,8,8,8,
68022300,"Granite slice or sawed, planed or flat of surface",6,6,6,6,8,
68022900,"Other stone, cut or sawn, with a flat or smooth surface",6,6,6,6,8,
68029100,"Marble, travertine and alabaster, otherwise worked, etc.",6,6,6,6,4,
68029200,"Other limestones, otherwise worked",6,6,6,6,8,
68029310,"Balls for mill, of granite",6,6,6,6,E,
68029390,"Other granite, otherwise worked, etc.",35,6,6,6,10,
68029910,"Balls for mill, made of other stone, etc.",6,6,6,6,15,
68029990,Other stones,6,6,6,6,8,
68030000,Worked slate and articles of slate/agglomerated slate,6,6,6,6,8,
68041000,Millstones for grinding or shredding,6,6,6,6,15,
68042111,"Natural or synthetic diamond millstone, agglomerated, with resin, diameter < 53,34 cm",6,6,6,6,8,
68042119,"Other millstone of agglomerated, synthetic/natural diamond, diameter < 53,34 cm",6,6,6,6,4,
68042190,"Other millstone of agglomerated, synthetic/natural diamond",6,6,6,6,4,
68042211,"Millstone of other agglomerated, abrasives, with resin, diameter < 53,34 cm",6,6,6,6,10,
68042219,"Other millstone of agglomerated, abrasives, ceramics, diameter < 53,34 cm",6,6,6,6,10,
68042290,"Other millstones of other agglomerated, abrasives, ceramic",6,6,6,6,10,
68042300,Other millstones and similar articles,6,6,6,6,8,
68043000,"Hand sharpening/polishing stones, of natural stones, etc.",6,6,6,6,15,
68051000,"Natural/artificial abrasive in powder/grain, base of textile materials",10,10,10,10,8,
68052000,"Natural/artificial abrasive in powder/grain, base of paperboard, etc.",10,10,10,10,8,
68053010,"Natural/artificial abrasive, base paper/paperboard, containing textile materials",10,10,10,10,8,
68053020,Abrasive discs of vulcanised fibre covered with aluminium oxide etc.,10,10,10,10,10,
68053090,"Other natural/artificial abrasive in powder/grain, base of other materials",10,10,10,0,8,
68061000,"Blast furnace slag wool, other slag wool, rock wool and similar mineral wools, etc. in bulk, etc. sheets/rolls",8,8,8,8,8,
68062000,"Expanded vermiculite and expanded clays, foamed slag, etc.",8,8,8,8,8,
68069010,Aluminous or silico-aluminous mineral products,8,8,8,8,8,
68069090,"Other articles of mineral materials for heat/sound isolation, etc.",8,8,8,8,8,
68071000,"Articles of asphalt or of similar material, in rolls",8,8,8,8,8,
68079000,Other articles of asphalt or of similar material,8,8,8,8,10,
68080000,"Panels etc. of vegetable fibre/straw, agglomerated with cement, etc.",8,8,8,8,E,
68091100,"Panels, etc. non-ornamented, coated or reinforced exclusively with paper or paperboard, of plaster or plaster-based compositions",10,25,10,10,10,
68091900,"Other boards, sheets, panels, etc. non-ornamented, of plaster",8,8,8,8,8,
68099000,Articles of plaster or of compositions based on plaster,8,8,8,8,E,
68101100,"Building blocks and bricks, of cement, concrete, etc.",8,8,8,8,E,
68101900,"Other roofs, tiles, similar of cement, concrete, etc.",8,8,8,8,E,
68109100,"Prefabricated components for building, etc. of cement, concrete, etc.",8,8,8,8,8,
68109900,"Other articles of cement, concrete, artificial stone, etc.",8,8,8,8,10,
68114000,Articles of cellulose fibre-cement or similar containing asbestos,8,8,8,8,E,
68118100,"Corrugated sheets, of cellulose fibre-cement, and similar",8,8,8,8,E,
68118200,"Other sheets and similar, of cellulose fibre-cement",8,8,8,8,E,
68118900,Other articles of cellulose fibre-cement and similar,8,8,8,8,E,
68128000,Articles of crocidolite (asbestos) or in fibres,14,14,14,14,E,
68129100,"Clothing and accessories, footwear, etc. of asbestos/mixtures",14,14,14,14,E,
68129200,"Paper, millboard and felt, of asbestos or mixtures",14,14,14,14,E,
68129300,"Compressed asbestos sheets and elastomers, etc., in rolls included",14,14,14,14,E,
68129910,"Other gaskets and elements of asbestos and similar, etc.",14,14,10,14,10,
68129920,Fabricated asbestos fibres,12,12,12,12,E,
68129930,Mixtures based on asbestos/asbestos and magnesium carbonate,12,12,12,12,E,
68129990,Other articles of fabricated asbestos fibres or mixtures based on asbestos and magnesium carbonate,14,14,14,14,E,
68132000,"Friction lining, with asbestos",14,14,10,14,15,
68138110,"Brake pads, with asbestos",14,14,10,14,10,
68138190,Other friction linings with asbestos,14,14,7,14,10,
68138910,"Friction discs, for clutches, without asbestos",14,14,10,14,10,
68138990,"Other unassembled asbestos gaskets for clutches, etc.",14,14,7,14,10,
68141000,Plates/sheets/strips of agglomerated/reconstituted mica,14,14,14,14,10,
68149000,Other articles of mica,14,14,14,14,10,
68151010,"Carbon fibres, for non-electrical uses",2,2,0,2,4,
68151020,"Fabric of carbon fibres, for non-electrical uses",2,2,2,2,10,
68151090,"Other articles of graphite/other carbon, for non-electrical uses",14,14,14,14,10,
68152000,Articles of peat,14,14,14,14,E,
68159110,"Articles containing magnesite, etc. raw, agglomerated, with chemical binder",14,14,14,14,E,
68159190,"Other articles containing magnesite, dolomite or chromite",14,14,14,14,E,
68159911,"Electrocast stone articles, with alumina ≥ 90 %",2,2,2,2,10,
68159912,"Electrocast stone articles, with silica ≥ 90 %",2,2,2,2,10,
68159913,"Electrocast stone articles, with zirconium oxide ≥ 50 %, etc",2,2,2,2,10,
68159914,"Electrocast stone articles, with alumina+silica+zircornium oxide",2,2,2,2,4,
68159919,"Other articles of stone/mineral substances, electro-melted",14,14,14,14,10,
68159990,Other articles of stone or of other mineral substances,14,14,14,14,10,
69010000,"Bricks, slabs, tiles and other ceramic pieces made from fossil silica flours",10,10,10,10,8,
69021011,"Refractory bricks, weight > 90 % dichrome trioxide",2,2,2,2,4,
69021018,Other refractory bricks of magnesite or chrome oxide,10,35,10,10,10,
69021019,Other pieces of refractory ceramic of magnesite/chrome oxide,10,10,10,10,8,
69021090,Other pieces of ceramic with magnesium/calcium/chrome > 50 %,10,10,10,10,E,
69022010,"Refractory bricks, silico-aluminous",35,10,10,10,E,
69022091,"Other pieces of refractory ceramic, silico-aluminous",10,10,10,10,8,
69022092,"Other pieces of refractory ceramic, siliceous, semi-siliceous or silica",10,10,10,10,15,
69022093,Other pieces of refractory ceramic sillimanite/silicon carbide,10,10,10,10,8,
69022099,Other pieces of refractory ceramic with alumina/silica > 50 %,10,10,10,10,8,
69029010,Refractory bricks and similar refractory ceramic of graphite,10,10,10,10,E,
69029020,"Refractory bricks and ceramic, non-fused, zirconium oxide > 25 %",10,10,10,10,8,
69029030,"Refractory ceramic pieces carbon > 85 % weight and diameter ≤ 5 microns, etc.",2,2,2,2,4,
69029040,"Other refractory bricks, blocks and similar, of silicon carbide",10,10,10,10,E,
69029090,Other refractory bricks and ceramic for construction,10,10,10,10,8,
69031011,"Refractory crucibles, of graphite",10,10,10,10,10,
69031012,"Refractory crucibles, of graphite containing silicon carbide",10,10,10,10,E,
69031019,"Other refractory crucibles, of graphite/other carbon > 50 %",10,10,10,10,E,
69031020,"Refractory retorts, of graphite containing silicon carbide",10,10,10,10,E,
69031030,"Refractory lids, of graphite or other carbon > 50 %",10,10,10,10,10,
69031040,"Refractory tube, of graphite/other carbon or mixtures > 50 %",10,10,10,10,E,
69031090,"Other refractory ceramic goods, of graphite/other carbon > 50 %",10,10,10,10,10,
69032010,"Refractory crucibles, of alumina or alumina containing silica > 50 %",10,10,10,10,10,
69032020,"Refractory lids, of alumina or alumina containing silica > 50 %",10,10,10,10,E,
69032030,"Refractory tube, of alumina or alumina containing silica > 50 %",10,10,10,10,10,
69032090,"Other refractory ceramic goods, of alumina/alumina containing silica > 50 %",10,10,10,10,8,
69039011,"Refractory tube, silicon carbide",10,10,10,10,10,
69039012,"Refractory tube, zirconium compounds",10,10,10,10,10,
69039019,Other refractory ceramic tube,10,10,10,10,10,
69039091,Other refractory ceramic goods of silicon carbide,10,10,10,10,8,
69039092,"Other refractory ceramic goods, zirconium compounds",10,10,10,10,8,
69039099,Other refractory ceramic goods,10,10,10,10,8,
69041000,Ceramic bricks,12,12,12,12,E,
69049000,"Ceramic bricks and similar, for construction",12,12,12,12,10,
69051000,Ceramic tiles,12,12,12,12,E,
69059000,Other ceramic goods for construction,12,12,12,12,E,
69060000,"Ceramic pipes, gutters and plumbing accessories",12,12,12,12,10,
69071000,"Ceramic tiles, etc, unglazed, non-enamelled, side < 7 cm",12,12,12,12,10,
69079000,"Other ceramic tiles, etc., unglazed, non-enamelled",12,12,12,12,10,
69081000,"Ceramic tiles, etc., glazed, enamelled, side < 7 cm",14,14,14,14,10,
69089000,"Other ceramic tiles, etc., glazed, enamelled",14,14,14,14,10,
69091100,"Porcelain wares and articles, for chemical/technical uses",12,12,12,12,10,
69091210,Yarn guides for textile machines hardness ≥ 9 Mohs,12,12,12,12,E,
69091220,"Pin guides, for printing heads of Yarn guides for textile machines, hardness ≥ 9 Mohs",0,0,0,0,0,
69091230,"Rings of silicon carbide for mechanical seals, hardness ≥ 9 Mohs",2,2,2,2,10,
69091290,"Other ceramic articles, except porcelain, hardness ≥ 9 Mohs",12,12,12,12,10,
69091910,"Other yarn guides for textile machine of ceramic, except porcelain",12,12,12,12,10,
69091920,"Other pin guides, for printing heads, of other ceramics",0,0,0,0,0,
69091930,"Ceramic honeycomb, of alumina, silica and magnesium oxide, etc.",2,2,2,2,10,
69091990,"Other ceramic wares and articles, for chemical/technical uses",12,12,12,12,10,
69099000,Basins and other ceramic containers for rural use,12,12,12,12,10,
69101000,"Sinks, wash basins, etc. for toilets, of porcelain",18,18,18,18,15,
69109000,"Ceramic sinks, wash basins, etc. for toilets, except porcelain",18,18,18,18,15,
69111010,"Dinner, coffee or tea set (set or appliance) of porcelain, etc.",20,20,17,20,15,
69111090,"Other articles for tableware/kitchenware, of porcelain",20,20,2,20,15,
69119000,"Other household articles, toilet, etc. of porcelain",20,20,20,20,E,
69120000,"Ceramic tableware/other household articles, etc.",20,20,20,20,10,
69131000,Statues and other ornamental porcelain article,20,20,8,20,15,
69139000,"Statues/other ornamental ceramic article, except porcelain",20,20,20,20,15,
69141000,Other porcelain articles,20,20,20,20,E,
69149000,"Other ceramic articles, except porcelain",20,20,20,20,15,
70010000,"Glass shards, fragments and other waste and residues; glass in blocks or masses",2,2,2,2,4,
70021000,"Glass spheres, unworked",4,4,4,4,8,
70022000,"Glass rods or bars, unworked",4,4,4,4,8,
70023100,"Glass tubes, of fused quartz/other fused silica, unworked",4,4,4,4,4,
70023200,"Glass tubes, linear expansion ≤ 0,000005 /kelvin, unworked",4,4,4,4,8,
70023900,"Tubes of other glass, unworked",4,4,4,4,8,
70031200,"Non-wired sheets/plates of hollow/laminated glass, coloured, etc.",10,10,10,10,8,
70031900,"Other sheets and plates, not reinforced, of pierced/laminated glass",10,10,10,10,8,
70032000,Wired sheets/foils of hollow/laminated glass,10,10,10,10,15,
70033000,Hollow or laminated glass profiles,10,10,10,10,15,
70042000,"Sheets of drawn/blown glass, coloured, etc.",10,10,10,10,8,
70049000,Other drawn glass sheets or blown glass,10,10,10,10,15,
70051000,"Non-wired glass, having an absorbent, reflective or non-reflective layer",10,10,10,10,10,
70052100,"Other unreinforced glass, opacified, plated, etc. in sheets or sheets",10,10,10,10,8,
70052900,"Other sheets/plates of float glass, ground glass, etc., unreinforced",10,10,8,0,8,
70053000,"Sheets/sheets of float and ground/polished glass, reinforced",10,10,10,10,8,
70060000,"Cast glass/drawn, float or surface ground, etc.",12,12,12,12,15,
70071100,"Safety glass, tempered, for automobiles/other vehicles",12,12,10,12,10,
70071900,"Other safety glass, tempered",12,12,12,12,10,
70072100,"Laminated safety glass, for automobiles, etc.",12,12,10,12,10,
70072900,Other laminated safety glass,12,12,12,12,10,
70080000,Multiple-walled insulating units of glass,12,12,12,12,E,
70091000,Rear-view mirrors for vehicles,14,14,10,14,10,
70099100,"Glass mirrors, unframed",14,14,14,14,10,
70099200,"Glass mirrors, framed",14,14,14,14,10,
70101000,Glass ampoules suitable for transport or packaging,10,10,10,10,10,
70102000,"Stoppers, lids and similar devices, of glass",10,10,10,10,8,
70109011,"Glass bottles, etc., capacity > 1 l",10,10,10,10,E,
70109012,"Glass jars, pots, etc., capacity > 1 l",10,10,10,10,8,
70109021,"Glass bottles, etc., 0,33 l < capacity ≤ 1 l",10,10,10,10,E,
70109022,"Glass jars, pots, etc., 0,33 l < capacity < 1 l",10,10,10,10,8,
70109090,"Other glass bottles, flasks, etc.",10,10,10,10,8,
70111010,"Glass bulbs, etc., for discharge lamps or tubes, including flash lamps",10,10,10,10,8,
70111021,"Glass bulbs, diameter ≤ 90 mm, for incandescent lamps",10,10,10,10,8,
70111029,"Glass bulbs, etc. for incandescent lamps",10,10,10,10,8,
70111090,"Other glass bulbs, etc. for electric lighting",10,10,10,10,8,
70112000,"Glass bulbs, etc. for cathode-ray tubes",10,10,10,10,8,
70119000,"Other glass bulbs/tubes, open, including glass parts",10,10,10,10,10,
70131000,"Glassware of glass-ceramics, for table, kitchen, etc.",18,18,18,18,E,
70132200,"Drinking crystal glasses, stemware, excluding ceramic glass",18,18,18,18,E,
70132800,"Other drinking glasses, stemware, of lead crystal, excluding ceramics glass",18,18,18,18,E,
70133300,"Other drinking glasses of lead crystal, excluding ceramics glass",18,18,18,18,E,
70133700,"Other drinking glasses, excluding ceramics glass",18,18,18,18,15,
70134100,"Glassware of lead crystal, of a kind used for table or kitchen purposes, excluding drinking glasses and glass ceramics",18,18,18,18,15,
70134210,"Coffee-pots/teapots, of glass, coefficient of expansion ≤ 5x10-6k",18,18,8,18,E,
70134290,"Other glassware for table or kitchen purposes, coefficient of expansion ≤ 5x10-6k",18,18,8,18,E,
70134900,"Other glassware for table or kitchen purposes, etc.",18,18,15,18,15,
70139110,"Lead crystal articles, for interior decoration",18,18,18,18,E,
70139190,"Other lead crystal articles, for toilet/office",18,18,18,18,E,
70139900,"Other glassware, for toilet/office, etc.",18,18,18,18,E,
70140000,"Signalling glassware, etc.",14,14,14,14,10,
70151010,"Glasses for corrective lenses, photochromic, etc.",2,2,2,2,4,
70151091,"Glasses for corrective lenses, white, etc.",2,2,2,2,4,
70151092,"Glasses for corrective lenses, coloured, etc.",14,14,14,14,E,
70159010,Glasses for watches,14,14,14,14,15,
70159020,Glasses for safety masks or goggles,14,14,14,14,15,
70159030,Glass for other glasses,14,14,14,14,15,
70159090,"Other glasses for watch-like devices, glass spheres, etc.",14,14,14,14,10,
70161000,"Glass cubes, etc., for mosaics and decorative purposes",14,14,14,14,10,
70169000,"Paving blocks, etc. of pressed/moulded glass, for construction, etc.",14,14,14,14,E,
70171000,"Articles of fused quartz/other fused silica, for laboratory, etc.",14,14,14,14,E,
70172000,"Articles of other glass, expansion ≤ 0,000005 k, for laboratory, etc.",14,14,14,14,E,
70179000,"Other laboratory, hygienic, pharmaceutical glassware",14,14,14,14,E,
70181010,Glass beads,18,18,18,18,15,
70181020,"Imitation of natural or cultured pearls, semi/precious stone, of glass",18,18,18,18,15,
70181090,Other glass artifacts similar to imitation gemstones,18,18,18,18,15,
70182000,"Glass microspheres, in diameter ≤ 1 mm",18,18,18,18,E,
70189000,"Other articles for ornamentation, of glass",18,18,18,18,E,
70191100,"Glass fibres yarns, cut, lengths ≤ 50 mm",12,12,12,12,10,
70191210,"Glass wicks, impregnated/coated with polyurethane resin or styrene-butadiene rubber",2,2,2,2,4,
70191290,"Other glass strands, slightly twisted",12,12,12,12,10,
70191900,"Other glass strands, of glass fibres",12,12,12,12,10,
70193100,"Mats of glass fibres, non-wovens",12,12,12,12,10,
70193200,"Fibreglass veils, non-woven",12,12,12,12,10,
70193900,"Blankets, mattresses, etc. of glass fibres, non-wovens",12,12,12,12,10,
70194000,"Woven fabrics of rovings, of glass fibres",12,12,12,12,10,
70195100,"Woven fabrics of glass fibres, of width ≤ 30 cm",12,12,12,12,10,
70195210,"Fabric of glass fibres, for manufacturing plates of electric circuit",2,2,2,2,8,
70195290,"Other fabric of glass fibres, width > 30 cm, plain weave, weight < 250 g/m2, etc.",12,12,12,12,10,
70195900,Other woven fabric of glass fibres,2,12,12,12,10,
70199010,Other fibres with parallel and overlapping threads at 90° angle 3 ≥ density ≤ 7 threads per cm2,2,2,2,2,10,
70199090,"Other glass fibres, etc.",12,12,12,12,10,
70200010,"Glass am poules for thermos flasks, other isothermal containers",10,10,10,10,E,
70200090,Other articles of glass not specified,18,18,18,18,E,
71011000,"Natural pearls, not mounted, etc.",10,10,10,10,E,
71012100,"Pearls, cultured, raw, not mounted, etc.",10,10,10,10,E,
71012200,"Pearls, cultured, worked, not mounted, etc.",10,10,10,10,E,
71021000,"Diamonds, unsorted, unworked, not mounted, etc.",10,10,10,10,E,
71022100,"Industrial diamonds, raw, cleaved, etc.",2,2,2,2,10,
71022900,"Industrial diamonds, not mounted, etc.",2,2,2,2,10,
71023100,"Diamonds, non-industrial, raw, cleaved, etc.",8,8,8,8,E,
71023900,"Other diamonds, non-industrial, not mounted, etc.",10,10,10,10,8,
71031000,"Precious stones/semi, unworked, simply sawn/roughly shaped",8,8,8,8,8,
71039100,"Rubies, sapphires and emeralds, otherwise worked",10,10,10,10,8,
71039900,"Other precious stones/semi, otherwise worked",10,10,10,10,8,
71041000,Piezo-electric quartz,10,10,10,10,E,
71042010,"Synthetic/reconstructed diamonds, unworked/simply sawn/etc.",2,2,2,2,4,
71042090,"Other synthetic/reconstructed stones, unworked/simply sawn/etc.",10,10,10,10,E,
71049000,Other synthetic/reconstructed stones whether or not worked/graded,10,10,10,10,8,
71051000,Diamonds powder,6,6,6,6,4,
71059000,"Precious stone, semi-precious/synthetic stones, in powder",6,6,6,6,E,
71061000,Silver powder,6,6,6,6,8,
71069100,"Silver, in raw forms",6,6,6,6,8,
71069210,"Silver in bars, wire and profiles of solid cross-section",12,12,12,12,10,
71069220,"Silver in plates, sheets and strip",12,12,12,12,10,
71069290,Silver of otherwise forms semi-manufactured,12,12,12,12,10,
71070000,"Common metals clad, etc. of silver, unwrought, semi-manufactured form",12,12,12,12,10,
71081100,Gold powder,0,0,0,0,0,
71081210,"Gold bullion, for non-monetary uses",0,0,0,0,0,
71081290,"Gold other unwrought forms, for non-monetary uses",0,0,0,0,0,
71081310,"Gold, bars, yarn, profiles of solid cross-section gold bullion",12,12,9,12,10,
71081390,"Gold, other semi-manufactured forms of gold bullion, for non-monetary uses",12,12,12,12,E,
71082000,"Gold, unwrought/semi-manufactured forms, for non-monetary uses",0,0,0,0,0,
71090000,"Common metals/silver, clad with gold, raw forms, etc.",12,12,12,12,E,
71101100,"Platinum, unwrought or in powder form",2,2,2,2,4,
71101910,"Platinum, bars, yarns and profiles of solid cross-section",12,12,12,12,10,
71101990,"Platinum, other semi-manufactured forms",12,12,12,12,E,
71102100,"Palladium, unwrought or in powder form",2,2,2,2,4,
71102900,Palladium in semi-manufactured forms,12,12,12,12,10,
71103100,"Rhodium, unwrought or in powder form",2,2,2,2,4,
71103900,Rhodium in semi-manufactured forms,12,12,12,12,E,
71104100,"Iridium, osmium and ruthenium unwrought or in powder form",2,2,2,2,10,
71104900,"Iridium, osmium and ruthenium, in semi-manufactured form",12,12,12,12,E,
71110000,"Common metals/silver/gold, clad with platinum, non-worked, etc.",12,12,12,12,E,
71123010,"Ashes containing gold, but not containing other precious metals",2,2,2,2,10,
71123020,"Ashes containing platinum, but not containing other precious metals",2,2,2,2,10,
71123090,Ashes containing other precious metal and its compounds,6,6,6,6,E,
71129100,Other waste/scrap of gold/metal clad or plated,2,2,2,2,10,
71129200,Other waste/scrap of platinum/metal clad or plated,2,2,2,2,4,
71129900,"Other waste/scrap of other precious metal, etc.",6,6,6,6,E,
71131100,"Articles of jewellery, silver, whether or not plated, clad of other precious metals",18,18,18,18,10,
71131900,"Articles of jewellery, silver, of other precious metals, etc.",18,18,18,18,10,
71132000,"Articles of jewellery, of common metal clad with precious metals",18,18,18,18,15,
71141100,"Articles of goldsmiths', silver, whether or not clad, etc. other precious metals",18,18,18,18,15,
71141900,"Articles of goldsmiths', of other precious metal, etc.",18,18,18,18,E,
71142000,"Articles of goldsmiths', common metal clad of precious metal",18,18,18,18,E,
71151000,"Catalysts in the form of wire cloth/grill, of platinum",18,18,18,18,E,
71159000,Other articles of precious metal/clad/plated precious metals,18,18,18,18,15,
71161000,Articles of natural or cultured pearls,18,18,18,18,E,
71162010,Articles of synthetic diamonds,18,18,18,18,E,
71162020,Ruby needle guides for print heads,0,0,0,0,0,
71162090,"Other articles of precious/semi-precious stones, synthetic/reconstructed",18,18,18,18,15,
71171100,"Cufflinks and other buttons, of common metals, etc.",18,18,18,18,15,
71171900,Other imitation jewellery of common metals,18,18,18,18,15,
71179000,Other imitation jewellery,35,18,18,18,15,
71181010,"Non-legal tender coins, other than gold, intended to be legal tender in the importing country",16,16,16,16,10,
71181090,"Other coins (other than gold), not intended to be legal tender",0,0,0,0,0,
71189000,Other coin,18,18,18,18,E,
72011000,"Unalloyed pig iron containing by weight ≤ 0,5 % phosphorus",4,4,4,4,8,
72012000,"Unalloyed pig iron containing by weight ≥ 0,5 % phosphorus",4,4,4,4,8,
72015000,Raw cast iron alloys; Spiegel iron,4,4,4,4,8,
72021100,Iron-manganese containing by weight > 2 % of carbon,6,6,6,6,4,
72021900,Other Iron-manganese alloys,0,6,6,6,10,
72022100,Iron-silico containing by weight > 55 % of silicon,6,6,6,6,4,
72022900,Other iron-silico alloys,6,6,6,6,10,
72023000,Iron-silico-manganese,6,6,6,0,4,
72024100,Iron-chromium containing by weight > 4 % of carbon,0,6,6,6,4,
72024900,Other iron-chromium alloys,6,6,6,6,8,
72025000,Iron-silico-chromium,6,6,6,6,10,
72026000,Iron-nickel,6,6,6,6,10,
72027000,Iron-molybdenum,0,6,6,6,4,
72028000,Iron-tungsten and iron-silico-tungsten,6,6,6,6,E,
72029100,Iron-titanium and iron-silico-titanium,6,6,6,6,4,
72029200,Iron-vanadium,6,6,6,6,4,
72029300,Iron-niobium,6,6,6,6,10,
72029910,Iron-phosphorus,6,6,6,6,10,
72029990,Other iron-alloys,6,6,6,6,4,
72031000,Ferrous products obtained by direct reduction of iron ore,2,2,2,2,8,
72039000,"Other spongy ferrous products, in lumps, pellets, etc",2,2,2,2,8,
72041000,Waste and scrap of cast iron,0,0,0,0,0,
72042100,Waste and scrap of stainless steel,0,0,0,0,0,
72042900,Waste and scrap of other alloy steel,0,0,0,0,0,
72043000,Waste and scrap of tinned iron or steel,0,0,0,0,0,
72044100,"Turnings, shavings, chips, milling waste, and stampings or cuttings waste of iron or steel, etc.",0,0,0,0,0,
72044900,Other waste and scrap of iron or steel,0,0,0,0,0,
72045000,Remelting scrap ingots of iron or steel,0,0,0,0,0,
72051000,"Granules of pig iron, spiegeleisen, iron or steel",6,6,6,6,4,
72052100,Powders of alloy steel,2,2,2,2,10,
72052910,Non-alloy iron powder containing by weight ≥ 98 %,2,2,2,2,4,
72052920,Non-alloy steel powder,2,2,2,2,8,
72052990,"Other powders of pig iron, spiegeleisen, iron or steel",0,6,6,6,8,
72061000,"Iron or steel, in ingots",6,6,6,6,8,
72069000,Iron and non-alloy steel in ingots or other primary forms,6,6,6,6,8,
72071110,"Semi-finished products of iron or non-alloy steel, containing by weight less than 0,25 % of carbon - ingots",8,8,8,8,10,
72071190,"Other semi-finished products of non-alloy steel, containing less than 0,25 % carbon",8,8,8,8,10,
72071200,"Other semi-finished products of iron or non-alloy steel, containing less than 0,25 %",8,8,8,8,10,
72071900,"Semi-finished products of iron or non-alloy steel, containing < 0,25 %",8,8,8,8,10,
72072000,"Semi-finished products of iron or non-alloy steel, containing ≥ 0,25 % of carbon",8,8,8,8,10,
72081000,"Flat-rolled products of non-alloy iron/steel, width ≥ 60 cm, coils, etc.",12,12,12,12,10,
72082500,"Flat-rolled products of non-alloy iron/steel, width ≥ 60 cm, coils, pickled thickness ≥ 4,75 mm",12,12,12,12,10,
72082610,"Flat-rolled products of non-alloy iron/steel, width ≥ 60 cm, coils, pickled thickness ≥ 3 mm, 355 MPa",10,10,8,10,E,
72082690,"Other flat-rolled products of non-alloy iron/steel, width ≥ 6 dm, coils, pickled 3 mm ≤ thickness < 4 mm",12,12,9,12,10,
72082710,"Flat-rolled products of non-alloy iron/steel, width ≥ 60 cm, coils, pickled thickness < 3 mm, 275 MPa",10,10,10,10,10,
72082790,"Other flat-rolled products of non-alloy iron/steel, width ≥ 6 dm, coils, pickled thickness < 3 mm",12,12,12,12,10,
72083610,"Flat-rolled products of non-alloy iron/steel, width ≥ 60 cm, coils thickness > 10 mm, elasticity of 355 MPa",10,10,10,10,10,
72083690,"Other flat-rolled products of non-alloy iron/steel, width ≥ 60 cm, coils, thickness > 10 mm",12,12,12,12,10,
72083700,"Flat-rolled products of non-alloy iron/steel, width ≥ 60 cm, coils, 4,75 mm < thickness ≤ 10 mm",12,12,12,12,10,
72083810,"Flat-rolled products of non-alloy iron/steel, width ≥ 60 cm, coils 3 mm ≤ thickness < 4,75 mm, 355 MPa",10,10,8,10,10,
72083890,"Other flat-rolled products of non-alloy iron/steel, width ≥ 6 dm, coils, 3 mm ≤ thickness ≤ 4,75 mm",12,12,12,12,10,
72083910,"Flat-rolled products of non-alloy iron/steel, width ≥ 60 cm, coils, thickness < 3 mm, elasticity of 275 MPa",10,10,10,10,10,
72083990,"Other flat-rolled products of non-alloy iron/steel, width ≥ 6 dm, coils, thickness < 3 mm",12,12,12,0,10,
72084000,"Flat-rolled products of non-alloy iron/steel, width ≥ 60 cm, coils, featuring raised patterns",12,12,12,0,10,
72085100,"Flat-rolled products of non-alloy iron/steel, width ≥ 60 cm, non-coils, thickness > 10 mm",12,12,12,0,10,
72085200,"Flat-rolled products of non-alloy iron/steel, width ≥ 60 cm, non-coils, 4,75 mm ≤ thickness ≤ 10 mm",12,12,12,0,10,
72085300,"Flat-rolled products of non-alloy iron/steel, width ≥ 60 cm, non-coils, 3 mm ≤ thickness < 4,75 mm",12,12,12,0,10,
72085400,"Flat-rolled products of non-alloy iron/steel, width ≥ 60 cm, non-coils, thickness < 3 mm",12,12,12,0,10,
72089000,"Flat-rolled products of non-alloy iron/steel, width ≥ 6 dm, etc.",12,12,9,12,10,
72091500,"Flat-rolled products of non-alloy iron or steel, width ≥ 6 dm, coils, thickness ≥ 3 mm",12,12,12,12,10,
72091600,"Flat-rolled products of non-alloy iron or steel, width ≥ 6 dm, in coils, 1 mm < thickness < 3 mm",12,12,12,12,10,
72091700,"Flat-rolled products of non-alloy iron or steel, width ≥ 6 dm, coils, 0,5 mm ≤ thickness ≤ 1 mm",12,12,12,12,10,
72091800,"Flat-rolled products of non-alloy iron or steel, width ≥ 6 dm, coils, thickness < 0,5 mm",12,12,12,12,10,
72092500,"Flat-rolled products of non-alloy iron or steel, width ≥ 6 dm, non-coils, thickness ≥ 3 mm",12,12,12,12,10,
72092600,"Flat-rolled products of non-alloy iron or steel, width ≥ 6 dm, in coils, 1 mm < thickness < 3 mm",12,12,12,12,10,
72092700,"Flat-rolled products of non-alloy iron or steel, width ≥ 6 dm, non-coils, 0,5 mm ≤ thickness ≤ 1 mm",12,12,12,0,10,
72092800,"Flat-rolled products of non-alloy iron or steel, width ≥ 6 dm, non-coils, thickness < 0,5 mm",12,12,12,12,10,
72099000,"Other flat-rolled products of non-alloy iron or steel, width ≥ 6 dm, etc.",12,12,9,12,10,
72101100,"Flat-rolled products of non-alloy iron or steel, width ≥ 6 dm, thickness ≥ 0,5 mm",12,12,12,12,10,
72101200,"Flat-rolled products of non-alloy iron or steel, width ≥ 6 dm, thickness < 0,5 mm",12,12,0,0,10,
72102000,"Flat-rolled products of non-alloy iron or steel, width ≥ 6 dm, etc., including lead-tin alloy",12,12,12,12,10,
72103010,"Flat-rolled products of non-alloy iron or steel, width ≥ 6 dm, electrolytically galvanized thickness < 4,75 mm",12,12,12,12,10,
72103090,"Flat-rolled products of non-alloy iron or steel, width ≥ 6 dm, electrolytically galvanized",12,12,12,12,10,
72104110,"Flat-rolled products of non-alloy iron or steel, width ≥ 6 dm, galvanized by other processes, wavy, thickness < 4,7 mm",12,12,9,12,E,
72104190,"Other flat-rolled products of non-alloy iron or steel, width ≥ 6 dm, galvanized by other processes, corrugated",12,12,12,12,10,
72104910,"Flat-rolled products of non-alloy iron or steel, width ≥ 6 dm, galvanized by other processes, thickness < 4,75 mm",12,12,9,12,E,
72104990,"Other flat-rolled products of non-alloy iron or steel, width ≥ 6 dm, galvanized by other processes",12,12,12,12,10,
72105000,"Flat-rolled products of non-alloy iron or steel, coated with chrome oxides/chrome",12,12,12,12,10,
72106100,"Flat-rolled products of non-alloy iron or steel, width ≥ 6 dm, coated with aluminium-zinc",12,12,12,12,15,
72106911,"Other flat-rolled products of non-alloy iron or steel, coated with aluminium/silicon, width ≥ 120 g/m2",2,2,2,2,4,
72106919,"Other flat-rolled products of non-alloy iron or steel, coated with aluminium silicon",12,12,12,12,10,
72106990,Other flat-rolled products of non-alloy iron or steel,12,12,12,12,10,
72107010,"Flat-rolled products of non-alloy iron or steel, width ≥ 6 dm, painted or varnished",12,12,12,12,10,
72107020,"Flat-rolled products of non-alloy iron or steel, width ≥ 6 dm, coated with plastic",12,12,12,12,10,
72109000,"Other flat-rolled products of non-alloy iron or steel, width ≥ 6 dm, clad/plated/coated",12,12,12,12,10,
72111300,"Flat-rolled products of non-alloy iron or steel, 15 < thickness < 60 cm, thickness ≥ 4 mm, non-coils, etc.",12,12,12,12,10,
72111400,"Other flat-rolled products of non-alloy iron or steel, width < 6 dm, thickness ≥ 4,75 mm",12,12,12,12,10,
72111900,"Other flat-rolled products of non-alloy iron or steel, width < 6 dm, etc.",12,12,12,0,10,
72112300,"Flat-rolled products of non-alloy iron or steel, width < 6 dm, containing < 0,25 % of carbon",12,12,12,12,10,
72112910,"Flat-rolled products of non-alloy iron or steel, width < 6 dm, containing 0,25 % ≤ carbon < 0,6 %",12,12,12,12,10,
72112920,"Flat-rolled products of non-alloy iron or steel, width < 6 dm, containing ≥ 0,6 % of carbon",12,12,12,12,10,
72119010,"Other flat-rolled products of non-alloy iron or steel, width < 6 dm, containing ≥ 0,6 % of carbon",12,12,12,12,10,
72119090,"Other flat-rolled products of non-alloy iron or steel, width < 6 dm, non-plated, etc.",12,12,9,12,10,
72121000,"Flat-rolled products of non-alloy iron or steel, width < 6 dm, tin",12,12,12,12,15,
72122010,"Flat-rolled products of non-alloy iron or steel, width < 6 dm, electrolytically galvanized thickness < 4,75 mm",12,12,12,12,10,
72122090,"Other flat-rolled products of non-alloy iron or steel, width < 6 dm, electrolytically galvanized",12,12,12,12,10,
72123000,"Flat-rolled products of non-alloy iron or steel, width < 6 dm, otherwise galvanized",12,12,12,12,10,
72124010,"Flat-rolled products of non-alloy iron or steel, width < 6 dm, painted or varnished",2,12,12,12,10,
72124021,"Flat-rolled products of non-alloy iron or steel, width < 6 dm, coated with plastics, copper-tin alloys",2,2,2,2,4,
72124029,"Other flat-rolled products of non-alloy iron or steel, width < 6 dm, coated with plastics",2,12,12,12,10,
72125010,"Flat-rolled products of non-alloy iron or steel, width < 6 dm, bronze layer, coated with plastics",2,2,2,2,4,
72125090,"Other flat-rolled products of non-alloy iron or steel, width < 6 dm, otherwise coated",12,12,12,12,E,
72126000,"Flat-rolled products of non-alloy iron or steel, width < 6 dm, clad or plated",12,12,12,12,10,
72131000,"Wire rod of non-alloy iron or steel, with ribs, grooves, indentations or other deformations obtained during the rolling process",12,12,12,12,10,
72132000,Wire rod of free-cutting steel,12,12,12,12,10,
72139110,"Wire rod of non-alloy iron or steel, circular section, diameter < 14 mm, carbon ≥ 0,6 %",12,12,12,12,10,
72139190,"Other wire rod of non-alloy iron or steel, circular section, diameter < 14 mm",12,12,12,12,10,
72139910,"Other wire rod of non-alloy iron or steel, carbon ≥ 0,6 %",12,12,12,12,10,
72139990,Other wire rod of non-alloy iron or steel,12,12,12,12,10,
72141010,"Bars of non-alloy iron/steel, hot forged, carbon ≤ 0,60 %",12,12,12,12,10,
72141090,"Other bars of non-alloy iron/steel, hot forged",12,12,12,12,10,
72142000,"Bars of non-alloy iron/steel, hot-rolled, containing indentations, etc.",12,12,12,12,10,
72143000,"Steel bars for turning, hot-rolled, etc.",12,12,12,12,10,
72149100,"Bars of non-alloy iron/steel, hot-rolled, etc. rectangular cross section",12,12,12,12,10,
72149910,"Bars of non-alloy iron/steel, hot-rolled, etc. circular section",12,12,12,12,10,
72149990,"Other bars of non-alloy iron/steel, hot-rolled, etc.",12,12,12,12,10,
72151000,"Steel bars for turning, obtained/cold-finished",12,12,12,12,10,
72155000,"Other bars of non-alloy iron/steel, obtained/cold-finished",12,12,12,12,10,
72159010,"Other bars of non-alloy iron/steel, carbon ≤ 0,60 %",12,12,12,12,10,
72159090,Other bars of non-alloy iron/steel,12,12,12,12,10,
72161000,"Profiles of non-alloy iron/steel, u, i, h, hot-rolled, etc. height < 8 cm",12,12,12,12,E,
72162100,"Profiles of non-alloy iron/steel, l, hot-rolled, etc. height < 8 cm",12,12,12,12,E,
72162200,"Profiles of non-alloy iron/steel, t, hot-rolled, height < 8 cm",12,12,12,12,E,
72163100,"Profiles of non-alloy iron/steel, u, hot-rolled, etc. height < 8 cm",12,12,12,0,10,
72163200,"Profiles of non-alloy iron/steel, i, hot-rolled, etc. height < 8 cm",12,12,9,0,10,
72163300,"Profiles of non-alloy iron/steel, h, hot-rolled, etc. height < 8 cm",6,12,9,12,10,
72164010,"Profiles of non-alloy iron/steel, l, t, hot-rolled, etc. 8 ≤ height ≤ 20 cm",12,12,12,12,E,
72164090,"Profiles of non-alloy iron/steel, l, t, hot-rolled, etc. height ≥ 8 cm",12,12,12,12,10,
72165000,"Other profiles of non-alloy iron/steel, hot-rolled, etc.",12,12,12,12,10,
72166110,"Profiles of non-alloy iron/steel, obtained/cold-finished, height < 8 cm",12,12,12,12,10,
72166190,"Other profiles of non-alloy iron/steel, obtained/cold-finish, flat-rolled, height ≥ 8 cm",12,12,12,12,10,
72166910,"Other profiles of non-alloy iron/steel, obtained/cold-finished, height ≥ 8 cm",12,12,12,12,10,
72166990,"Other profiles of non-alloy iron/steel, obtained/cold-finished",12,12,12,12,10,
72169100,"Other profiles of non-alloy iron/steel, obtained/cold-finished, flat-rolled",12,12,12,12,10,
72169900,Other profiles of non-alloy iron/steel,12,12,12,12,10,
72171011,"Wire non-alloy iron/steel, non-coated, etc. carbon ≥ 0,6 %, phosphorus and sulphur < 0,035 %, etc",2,2,2,2,4,
72171019,"Other wire non-alloy iron/steel, non-coated, carbon ≥ 0,6 %",12,12,12,12,10,
72171090,"Other wire non-alloy iron/steel, non-coated",12,12,12,12,10,
72172010,"Wire non-alloy iron/steel, galvanized, carbon ≥ 0,6 %",12,12,12,12,10,
72172090,"Other wire non-alloy iron/steel, galvanized",12,12,12,12,10,
72173010,"Wire non-alloy iron/steel, coated with other base metals, carbon ≥ 0,6 %",0,12,12,12,10,
72173090,"Other wire non-alloy iron/steel, coated with other base metals",12,12,12,12,10,
72179000,Other wire non-alloy iron/steel,12,12,12,12,10,
72181000,Stainless steel in ingots or other primary forms,8,8,8,8,8,
72189100,"Semi-manufactured products of stainless steel, cross-section",8,8,8,8,10,
72189900,Other semi-manufactured products of stainless steel,8,8,8,8,10,
72191100,"Flat-rolled stainless steel products, width ≥ 600 mm, rolls, thickness > 10 mm",14,14,14,14,10,
72191200,"Flat-rolled stainless steel products, width ≥ 600 mm, rolls, 4,75 mm ≤ thickness ≤ 10 mm",14,14,14,14,10,
72191300,"Flat-rolled stainless steel products, width ≥ 600 mm, rolls, 3 mm ≤ thickness < 4,75 mm",14,14,14,14,10,
72191400,"Flat-rolled stainless steel products, width ≥ 600 mm, rolls, thickness < 3 mm",14,14,14,14,10,
72192100,"Flat-rolled stainless steel products, width ≥ 600 mm, non-coils, thickness > 10 mm",8,14,14,14,10,
72192200,"Flat-rolled stainless steel products, width ≥ 600 mm, non-coils 4,75 mm ≤ thickness ≤ 10 mm",8,14,14,0,10,
72192300,"Flat-rolled stainless steel products, width ≥ 600 mm, non-coils 3 mm ≤ thickness < 4,75 mm",8,14,14,14,10,
72192400,"Flat-rolled stainless steel products, width ≥ 600 mm, thickness < 3 mm",14,14,14,14,10,
72193100,"Flat-rolled stainless steel products, width ≥ 600 mm, thickness ≥ 4,75 mm",8,14,14,14,10,
72193200,"Flat-rolled stainless steel products, width ≥ 600 mm, 3 mm ≤ thickness < 4,75 mm",4,14,14,0,10,
72193300,"Flat-rolled stainless steel products, width ≥ 600 mm, 1 mm < thickness < 3 mm",0,14,14,0,E,
72193400,"Flat-rolled stainless steel products, width ≥ 600 mm, 0,5 mm ≤ thickness ≤ 1 mm",0,14,14,0,10,
72193500,"Flat-rolled stainless steel products, width ≥ 600 mm, thickness < 0,5 mm",4,14,14,14,10,
72199010,"Other flat-rolled stainless steel products, width ≥ 600 mm, thickness < 4,75 mm, hardness ≥ 42 HRC",2,2,2,2,4,
72199090,"Other flat-rolled stainless steel products, width ≥ 600 mm",14,14,11,14,10,
72201100,"Flat-rolled stainless steel products, width < 600 mm, thickness ≥ 4,75 mm",14,14,14,14,10,
72201210,"Flat-rolled stainless steel products, width < 600 mm, thickness ≤ 1,5 mm",14,14,14,14,10,
72201220,"Flat-rolled stainless steel products, width < 600 mm, 1,5 mm < thickness ≤ 3 mm",14,14,11,14,10,
72201290,"Other flat-rolled stainless steel products, width < 600 mm",14,14,14,14,10,
72202010,"Flat-rolled stainless steel products, cold-rolled, width ≤ 23 mm, thickness ≤ 0,1 mm",2,2,2,2,4,
72202090,"Other flat-rolled stainless steel products, cold-rolled, width < 600 mm",4,14,14,14,10,
72209000,"Other flat-rolled stainless steel products, width < 600 mm",14,14,14,14,10,
72210000,Stainless steel wire rod,14,14,14,14,10,
72221100,"Bars of stainless steel, hot-rolled, etc. circular section",14,14,14,14,10,
72221910,"Bars of stainless steel, hot-rolled, etc. rectangular cross section",14,14,14,14,10,
72221990,"Other bars of stainless steel, hot-rolled, etc.",14,14,14,14,10,
72222000,"Bars of stainless steel, obtained/cold-finished",14,14,11,14,E,
72223000,Other bars of stainless steel,14,14,11,14,10,
72224010,"Stainless steel profiles, height ≥ 80 mm",2,2,2,2,4,
72224090,Other stainless steel profiles,14,14,14,14,10,
72230000,Stainless steel wires,14,14,14,14,10,
72241000,"Other steel alloys, in ingots or other primary forms",8,8,8,8,8,
72249000,"Semi-manufactured products, of other steel alloy",8,8,8,8,10,
72251100,"Flat rolled products of other steel/silicon steel alloys, width ≥ 600 mm, grain-oriented",4,14,14,0,10,
72251900,"Other flat rolled products of other steel/silicon steel alloys, width ≥ 600 mm",4,14,14,14,10,
72253000,"Hot-rolled of other alloy steel, width ≥ 600 mm, in rolls",14,14,14,14,10,
72254010,"Hot-rolled of other alloy steel, width ≥ 600 mm, non-coils thickness ≤ 7 mm",2,2,2,2,4,
72254020,"Flat-rolled of high-speed steel, width ≥ 600 mm",2,2,2,2,4,
72254090,"Other hot-rolled of other alloy steel, width ≥ 600 mm, non-coils",14,14,14,14,10,
72255010,"Other flat-rolled products, cold-rolled, of high-speed steels, width ≥ 600 mm",2,2,2,2,4,
72255090,"Other flat-rolled alloy products, cold-rolled, width ≥ 600 mm",14,14,14,14,10,
72259100,"Rolled products of other steel alloys, width ≥ 600 mm, electrolytically galvanized",14,14,11,14,10,
72259200,"Rolled products of other steel alloys, width ≥ 600 mm, otherwise galvanized",14,14,11,14,10,
72259910,"Other flat-rolled of high-speed steel, width ≥ 600 mm",2,2,2,2,4,
72259990,"Other flat-rolled of steel, width ≥ 600 mm",14,14,11,14,10,
72261100,"Flat rolled products of other steel alloys, width < 600 mm, grain-oriented",14,14,0,0,10,
72261900,"Other flat rolled products of other alloy steel/silicon, width < 600 mm",14,14,11,14,10,
72262010,"Rolled of high-speed steel alloy, width < 600 mm, 1 mm ≤ thickness ≤ 4 mm",2,2,2,2,4,
72262090,"Other rolled high-speed steel alloy, width < 600 mm",14,14,14,14,10,
72269100,"Hot-rolled of other steel alloy, width < 600 mm",14,14,14,14,10,
72269200,"Cold-rolled of other steel alloy, width < 600 mm",14,14,14,14,10,
72269900,"Other rolled of other steel alloy, width < 600 mm",0,14,14,14,10,
72271000,"Wire rod of other steel alloys, of high-speed steels",14,14,14,14,10,
72272000,Wire rod of silico-manganese steel alloy,14,14,14,14,10,
72279000,Other wire rod of other steel alloy,14,14,14,14,10,
72281010,"Bars of high-speed steel alloy, hot-rolled, etc.",14,14,14,14,10,
72281090,Other bars of high-speed steel alloy,14,14,14,14,10,
72282000,Bars of silico-manganese steel alloy,14,14,14,14,10,
72283000,"Bars of other steel alloy, hot-rolled, etc.",8,14,14,0,E,
72284000,"Bars of other steel alloy, forged",14,14,14,14,10,
72285000,"Bars of other steel alloy, obtained/cold-finished",14,14,14,14,10,
72286000,Other bars of other steel alloy,14,14,14,14,10,
72287000,Other steel alloy profiles,14,14,14,14,10,
72288000,"Hollow bars of alloy steel, for drilling",14,14,14,14,10,
72292000,Wire of silico-manganese steel alloy,14,14,14,14,10,
72299000,Wire of other steel alloy,14,14,14,14,10,
73011000,Sheet piling of iron or steel,10,10,10,10,8,
73012000,"Iron or steel profiles, obtained by welding",10,10,10,10,10,
73021010,"Rails of steel, weight 44,5 kg/m or more linear weight",0,0,0,0,0,
73021090,"Other rails of railway, of cast iron/iron/steel",12,12,12,12,10,
73023000,"Needles and other crossing pieces, cast iron, etc.",12,12,12,12,10,
73024000,"Joint splints and support or settlement plates, etc. of cast iron/iron/steel",12,12,12,12,10,
73029000,"Other railway elements, etc. of cast iron/iron/steel",12,12,12,12,15,
73030000,"Tubes, pipes and hollow profiles, of cast iron",12,12,12,12,15,
73041100,"Hollow pipes of stainless steel, used for oil or gas pipelines",16,16,16,16,15,
73041900,"Other hollow pipes iron/steel, used for oil or gas pipelines",16,16,16,16,10,
73042200,"Drill pipes of stainless steel, used for oil or gas drilling",16,16,16,16,15,
73042310,"Drill pipe, seamless, of non-alloy steel",16,16,16,16,10,
73042390,"Other drill pipe, seamless, of iron or steel",16,16,16,16,10,
73042400,"Other pipes of stainless steel, used for oil drilling",16,16,16,16,10,
73042910,"Pipes of non-alloy steel, seamless, for well casing, etc.",16,16,16,16,15,
73042931,"Pipes of alloy steel, seamless, for well casing, etc., diameter ≤ 229 mm",16,16,16,16,15,
73042939,"Other pipes of steel alloy, non-coated, seamless, for well casing, etc.",16,16,16,16,15,
73042990,"Other pipes of cast iron/iron/steel, seamless, for well casing, etc.",16,16,16,16,15,
73043110,"Pipes of iron/steel, non-alloy, seamless, circular cross section, cold-rolled, etc.",16,16,16,16,10,
73043190,"Other pipes of iron/steel, non-alloy, seamless, circular cross section, cold-rolled, etc.",16,16,16,16,10,
73043910,"Pipes of iron/steel, non-alloy, seamless, circular cross section, cold-rolled, diameter ≤ 229 mm",16,16,16,16,10,
73043920,"Pipes of iron/steel, non-alloy, seamless, circular cross section, non-coated, diameter ≤ 229 mm",16,16,16,16,10,
73043990,"Other pipes of iron/steel, non-alloy, seamless, circular cross section",16,16,16,16,10,
73044110,"Capillary tubes outsider diameter ≤ 3 mm inside diameter ≤ 0,2 mm, cold drawn or rolled",2,2,2,2,10,
73044190,"Capillary tubes, cold drawn or rolled",16,16,16,16,10,
73044900,"Other pipes of stainless steel, seamless, circular cross section",16,16,12,16,10,
73045111,"Capillary tubes, outsider diameter ≤ 3 mm, inside diameter ≤ 0,2 mm",2,2,2,2,10,
73045119,"Other tubes, outsider diameter ≤ 229 mm",16,16,16,16,10,
73045190,"Other pipes of other steel alloy, seamless, circular cross section, cold-rolled",16,16,12,16,15,
73045911,"Pipes of other steel alloy, seamless, of circular cross-section, diameter ≤ 229 mm, carbon ≥ 0,98 %",2,2,2,2,4,
73045919,"Other pipes of other steel alloy, seamless, of circular cross-section, diameter ≤ 229 mm",16,16,16,16,10,
73045990,"Other pipes of other steel alloy, seamless, circular cross-section",16,16,16,16,10,
73049011,"Other pipes/hollow profiles, of stainless steel, seamless, diameter ≤ 229 mm",16,16,16,16,10,
73049019,"Other pipes/hollow profiles, of iron/steel, seamless, diameter ≤ 229 mm",16,16,16,16,10,
73049090,"Other pipes/hollow profiles, of iron/steel, seamless",16,16,16,16,10,
73051100,"Pipes of iron/steel, etc. circular cross-section, diameter > 406 mm, for oil or gas pipelines",14,14,14,14,10,
73051200,"Other pipes of iron/steel, etc. circular cross-section, diameter > 406 mm, for oil or gas pipelines",14,14,14,14,10,
73051900,"Other pipes of iron/steel, welded, etc. circular cross-section, diameter > 406 mm, for oil or gas pipelines",14,14,14,14,10,
73052000,"Pipes of iron/steel, welded, circular cross-section, diameter > 406 mm, for extraction of oil or gas",14,14,14,14,10,
73053100,"Other pipes of iron/steel, welded, circular cross-section diameter > 406 mm",14,14,14,14,10,
73053900,"Other pipes iron/steel, welded, circular cross-section, diameter > 406 mm",14,14,14,14,10,
73059000,"Other pipes of iron/steel, riveted, circular cross-section, diameter > 406 mm",14,14,14,14,10,
73061100,"Pipes of iron/steel, used for oil or gas pipelines",14,14,14,14,15,
73061900,Other pipes used for oil or gas pipelines,14,14,14,14,10,
73062100,"Pipes of iron/steel for well casing, used for oil or gas drilling",14,14,14,14,15,
73062900,"Other pipes iron/steel for well, for oil or gas drilling",14,14,14,14,10,
73063000,"Other pipes of iron/steel, non-alloy, welded, circular cross-section",14,14,14,14,10,
73064000,"Other pipes of stainless steel, welded circular cross-section",14,14,14,14,15,
73065000,"Other pipes of other steel alloy, welded, etc. circular cross-section",14,14,14,14,10,
73066100,"Other welded pipes, of square or rectangular cross-section",14,14,14,14,E,
73066900,"Other welded pipes, of non-circular cross-section",14,14,14,14,10,
73069010,"Other pipes/hollow of iron/steel, non-alloy, welded, etc.",14,14,14,14,10,
73069020,"Other pipes/hollow of stainless steel, welded/riveted, etc.",14,14,14,14,10,
73069090,"Other pipes/hollow of stainless steel, welded/riveted, etc.",14,14,14,14,10,
73071100,Moulded fittings for non-malleable cast iron pipes,14,14,14,14,10,
73071910,"Moulded fittings for malleable cast iron pipes, diameter > 50 mm",14,14,14,14,10,
73071920,Moulded fittings for steel pipes,14,14,14,14,10,
73071990,"Other moulded fittings for malleable cast iron pipes, etc.",14,14,14,14,10,
73072100,Flanges for pipes of stainless steel,14,14,14,14,10,
73072200,"Threaded elbows, bends and sleeves, for stainless steel pipes",14,14,14,14,10,
73072300,Butt welding fittings for stainless steel pipes,14,14,14,14,10,
73072900,"Other tube/pipe fittings, of stainless steel",14,14,6,14,10,
73079100,Other flanges for cast iron/iron or steel pipes,14,14,14,14,10,
73079200,"Other threaded elbows, bends, etc. for iron/steel pipes",14,14,6,14,10,
73079300,"Other butt welding fittings, for iron/steel pipes",14,14,14,14,10,
73079900,"Other fittings for cast iron, iron or steel pipes",14,14,6,14,10,
73081000,"Bridges and bridge-sections, of cast iron/iron/steel",14,14,0,0,10,
73082000,"Towers and gantries, of cast iron/iron/steel",14,14,0,0,10,
73083000,"Doors, windows, etc. of cast iron/iron/steel",14,14,14,14,10,
73084000,"Scaffolding, frames equipment, etc. of cast iron/iron/steel",14,14,14,14,10,
73089010,"Foils, bars, etc., of cast iron/iron/steel, for construction",14,14,14,14,15,
73089090,"Other structures and their parts, of cast iron/iron/steel",14,14,14,14,15,
73090010,"Reservoirs, etc. of iron/steel, capacity > 300 l, for grains/other solid materials",14,14,0,0,10,
73090020,"Liquid nitrogen refrigerated isothermal containers, for blood, semen, etc. capacity > 300 l",0,0,0,0,0,
73090090,"Other reservoirs, etc. of iron/steel, capacity > 300 l, no thermal dispersion",14,14,0,0,10,
73101010,"Liquid nitrogen refrigerated isothermal containers, for blood, semen, etc. 50 l ≤ capacity ≤ 300 l",2,2,2,2,4,
73101090,"Other tanks of iron/steel, 50 l ≤ capacity ≤ 300 l, no thermal dispersion",14,14,14,14,10,
73102110,"Cans of cast iron/iron/steel, sealed by welding/crimping, capacity < 50 l, for food storage",35,14,14,14,10,
73102190,"Other cans of cast iron/iron/steel, sealed by welding/crimping, capacity < 50 l",14,14,14,14,10,
73102910,"Other tanks, etc. of iron/steel, capacity < 50 l, for food storage",14,14,14,14,15,
73102920,"Liquid nitrogen refrigerated isothermal containers, for blood, semen, etc. capacity < 50 l",2,2,2,2,10,
73102990,"Other tanks, etc. of iron/steel, capacity < 50 l",14,14,14,14,10,
73110000,Containers of iron/steel for compressed/liquified gas,35,14,14,14,10,
73121010,"Ropes and cables, of steel wire, bronze/brass coated, non-insulated for electrical use",0,14,14,14,10,
73121090,"Other ropes and cables, of iron/steel, insulated, for electrical use",14,14,14,14,10,
73129000,"Non-insulated braids, slings and similar articles, of iron or steel, for electrical purposes",14,14,14,14,15,
73130000,"Barbed wire of iron/steel, etc. used for fencing",14,14,14,14,10,
73141200,"Continuous or endless woven wire mesh for machines, stainless steel",14,14,14,14,10,
73141400,"Other woven wire mesh, of stainless steel",14,14,14,14,10,
73141900,"Other woven wire mesh, of iron or steel",14,14,14,14,10,
73142000,"Grids/nets, of iron/steel wire, welded, etc. surface ≥ 100 m2",14,14,14,14,10,
73143100,"Grids/nets, of iron/steel wire, welded, etc., galvanized",14,14,14,14,10,
73143900,"Other grids/nets, of iron/steel wire, welded, etc.",14,14,14,14,10,
73144100,"Other woven wire mesh, of iron or steel wire, galvanized",14,14,14,14,10,
73144200,"Other woven wire mesh, of iron or steel wire, covered with plastics",14,14,14,14,10,
73144900,"Other woven wire mesh, of iron or steel wire",14,14,14,14,10,
73145000,Expanded sheets and strips of iron or steel,14,14,14,14,10,
73151100,"Roller chain, of cast iron/iron/steel",0,14,14,0,10,
73151210,"Transmission chain, of cast iron, iron or steel",14,14,11,0,10,
73151290,"Other articulate link chains, of iron or steel",14,14,14,14,10,
73151900,"Parts of articulate link chains, of iron or steel",14,14,14,14,10,
73152000,"Non-slip chains, of cast iron, iron or steel",14,14,14,14,10,
73158100,"Link chains with support, of cast iron, iron or steel",14,14,14,14,10,
73158200,"Other welded link chains, of cast iron, iron or steel",14,14,14,14,15,
73158900,"Other chains, of cast iron, iron/steel",14,14,14,14,15,
73159000,"Parts of other chains, of iron/steel",14,14,14,14,10,
73160000,"Anchors, grapnels and their parts, of cast iron/iron/steel",14,14,14,14,10,
73170010,"Tack nails, of cast iron/iron/steel, including heads of other materials",14,14,14,14,15,
73170020,"Curved wire clamps, of cast iron, iron or steel",14,14,14,14,10,
73170030,"Tips or teeth for textile machines, of cast iron/iron/steel",14,14,14,14,E,
73170090,"Nails, thumbtacks, similar articles, of cast iron/iron/steel",14,14,14,14,10,
73181100,"Coach screws, of cast iron/iron/steel",16,16,16,16,15,
73181200,"Other wood screws, of cast iron/iron/steel",16,16,16,16,15,
73181300,"Hooks and rings, of cast iron/iron/steel",16,16,16,16,10,
73181400,"Piercing screws, of cast iron, iron or steel",16,16,16,16,10,
73181500,"Other screws/bolts/nuts, of cast iron/iron/steel",25,16,16,16,10,
73181600,"Nuts, of cast iron, iron or steel",25,16,16,16,10,
73181900,"Other threaded articles, of cast iron, iron or steel",16,16,16,16,10,
73182100,"Pressure or safety washers, of cast iron, etc.",16,16,16,16,10,
73182200,"Other iron washers, of cast iron, iron/steel",16,16,16,16,10,
73182300,"Rivets of cast iron, iron or steel",16,16,16,16,10,
73182400,"Cotters/cotter-pins, etc. of cast iron, iron or steel",16,16,16,16,10,
73182900,"Other non-threaded articles, of cast iron/iron/steel",16,16,16,16,10,
73194000,Safety pins and other pins,16,16,16,16,10,
73199000,"Other needles/similar articles, of iron/steel, for manual use",16,16,16,16,15,
73201000,"Leaf-springs and their leaves, of iron or steel",16,16,10,16,10,
73202010,"Cylindrical coil springs, of iron or steel",16,16,10,16,10,
73202090,"Other coil springs, of iron or steel",16,16,10,16,10,
73209000,Other springs of iron or steel,16,16,15,16,10,
73211100,"Cooking/warmers appliances, of iron, etc. of gaseous fuels, etc.",20,20,20,20,15,
73211200,"Cooking/warmers appliances, of iron, etc. of liquid fuel",20,20,20,20,10,
73211900,"Other appliances for cooking and plate warmers, of solid fuels",20,20,20,20,10,
73218100,"Other heaters, etc. of iron/steel, of gas/other fuels",20,20,20,20,10,
73218200,"Other heaters, etc. of iron/steel, of liquid fuel",20,20,20,20,10,
73218900,Other appliances of solid fuel,20,20,20,20,15,
73219000,"Parts of domestic appliances, etc. of iron/steel, non-electric",18,18,18,18,10,
73221100,"Radiators for central heating, of cast iron, with non-electric parts",18,18,18,18,15,
73221900,"Radiators for central heating, of iron/steel, non-electric parts",18,18,18,18,15,
73229010,Liquid fuel hot air generators used in motor vehicles,2,2,2,2,4,
73229090,"Other generators, etc. of cast iron, iron/steel, non-electric",18,18,18,18,E,
73231000,"Wool, sponge, etc. of iron/steel, for cleaning/polishing",18,18,18,18,15,
73239100,"Other household articles and parts, of cast iron, non-enamelled",18,18,18,18,10,
73239200,"Other household articles and parts, of cast iron, enamelled",18,18,18,18,15,
73239300,"Other household articles and parts, of stainless steel",35,18,15,18,10,
73239400,"Other household articles and parts, of iron/steel, enamelled",18,18,18,18,10,
73239900,"Other household articles and parts, of cast iron/iron/steel",18,18,18,18,10,
73241000,"Sinks and lavatories, of stainless steel",18,18,18,18,10,
73242100,"Bathtubs of cast iron, whether/not enamelled",18,18,18,18,10,
73242900,Other bathtubs of iron or steel,18,18,18,18,15,
73249000,"Other toilet articles and parts, of iron/steel",18,18,18,18,15,
73251000,Other moulded articles of non-malleable cast iron,18,18,18,18,10,
73259100,"Balls and similar articles for mills, of cast iron/iron/steel, moulded",18,18,18,18,15,
73259910,"Other moulded articles, of steel",18,18,18,18,10,
73259990,"Other moulded articles, of cast iron or iron",18,18,18,18,10,
73261100,"Balls and similar articles for mills, of iron/steel, forged/stamped",18,18,18,18,15,
73261900,"Other forged/stamped articles, of iron or steel",18,18,18,18,10,
73262000,Articles of iron or steel wire,18,18,18,18,10,
73269010,Elliptical nickel steel caps used in the manufacture of containers,2,2,2,2,10,
73269090,Other articles of iron or steel,18,18,18,18,10,
74010000,Copper mattes; cement copper (precipitated copper),6,6,6,6,8,
74020000,Unrefined copper and copper anodes for electrical refining,6,6,6,6,8,
74031100,"Refined copper cathodes/its sections, raw",6,6,6,6,4,
74031200,"Wire bars made of refined copper, raw",6,6,6,6,E,
74031300,"Billets of refined copper, raw",6,6,6,6,E,
74031900,"Other products of refined copper, raw",6,6,6,6,8,
74032100,"Copper-zinc base alloys (brass), raw",6,6,6,6,8,
74032200,"Copper-tin base alloys (bronze), raw",6,6,6,6,8,
74032900,"Other copper alloys, raw",6,6,6,6,8,
74040000,Copper waste and scrap,2,2,2,2,4,
74050000,Master alloys of copper,6,6,6,6,8,
74061000,"Copper powders, of non-lamellar structure",6,6,6,6,8,
74062000,"Copper powders and flakes, of non-lamellar structure",6,6,6,6,4,
74071010,Bars of refined copper,12,12,12,0,15,
74071021,Hollow profiles of refined copper,12,12,12,12,15,
74071029,Other profiles of refined copper,12,12,12,12,10,
74072110,Bars of copper-zinc base alloys (brass),12,12,12,12,10,
74072120,Profiles of copper-zinc base alloys (brass),12,12,12,12,10,
74072910,Other copper bars,12,12,9,12,10,
74072921,Other hollow profiles of refined copper,12,12,9,12,15,
74072929,Other profiles of copper,12,12,9,12,10,
74081100,"Refined copper wire, largest cross-sectional dimension > 6 mm",10,10,8,0,8,
74081900,Other refined copper wire,12,12,12,12,10,
74082100,Wire of copper-zinc base alloys (brass),12,12,12,12,10,
74082200,Wire of copper-nickel base alloys or copper-nickel-zinc,12,12,12,12,10,
74082911,Wire of copper-tin base alloys (bronze) phosphorus,12,12,12,12,10,
74082919,Other wires of copper-tin base alloys (bronze),12,12,12,12,10,
74082990,Other wires of copper alloys,12,12,12,12,10,
74091100,"Plates, strips, of refined copper thickness > 0,15 mm, in coils",12,12,12,0,10,
74091900,"Other plates, strips, of refined copper thickness > 0,15 mm",12,12,12,0,10,
74092100,"Plates, strips, of copper-zinc alloys thickness > 0,15 mm, in coils",12,12,12,0,15,
74092900,"Other plates and strips, of copper-zinc alloys, thickness > 0,15 mm",12,12,12,12,10,
74093111,"Plates of bronze alloys, thickness > 0,15 mm, in coils, coated with plastic",2,2,2,2,10,
74093119,"Other plates of bronze alloys, thickness > 0,15 mm, in coils, coated with plastic",12,12,12,12,15,
74093190,"Other plates of bronze alloys, thickness > 0,15 mm, in coils",12,12,12,12,10,
74093900,"Other plates and strips, of copper-tin alloys, thickness > 0,15 mm",12,12,12,12,10,
74094010,"Plates, strips, copper-nickel alloys, etc. thickness > 0,15 mm, coils",12,12,12,12,10,
74094090,"Other plates, strips, of copper-nickel alloys, etc. thickness > 0,15 mm",12,12,12,12,10,
74099000,"Plates and strips, of other copper alloys, thickness > 0,15 mm",12,12,12,12,10,
74101112,"Sheet of copper, thickness ≤ 0,04 mm, electrical resistance ≤ 0,017241 Ohm mm2/m",0,0,0,0,0,
74101113,"Other sheets of copper thickness ≤ 0,04 mm",12,12,2,0,10,
74101119,"Sheet of refined copper, non-supported, thickness ≤ 0,04 mm, purity ≥ 99,85 %",12,12,2,0,15,
74101190,"Other sheets/strips, of refined copper, non-supported, thickness ≤ 0,15 mm",12,12,12,12,10,
74101200,"Sheets/strips, of copper alloy, non-supported, thickness ≤ 0,15 mm",12,12,12,0,10,
74102110,"Sheet of refined copper, with insulating support of epoxy resin and fibreglass, for printed circuits, thickness ≤ 0,15 mm",4,4,2,0,10,
74102120,"Sheet of refined copper, polyester/polyamide support, 0,012 < thickness ≤ 0,15 mm",0,0,0,0,0,
74102130,"Sheets of copper, supported, for printed circuits",4,4,2,0,10,
74102190,"Other sheets/strip, of refined copper, supported, thickness ≤ 0,15 mm",12,12,12,12,10,
74102200,"Sheets/strip, of copper alloy, supported, thickness ≤ 0,15 mm",12,12,12,12,10,
74111010,"Tubes of refined copper, not finned or grooved",14,14,14,0,10,
74111090,Other tubes of refined copper,14,14,14,14,10,
74112110,"Tubes of copper-zinc alloys, not finned or grooved",14,14,14,14,10,
74112190,Other tubes of copper-zinc alloys,14,14,14,14,10,
74112210,"Tubes of copper-nickel alloys, etc. non-finned or grooved",14,14,14,14,10,
74112290,Other tubes of copper-nickel alloys/copper-nickel-zinc,14,14,14,14,10,
74112910,"Tubes of other copper alloys, etc. non-finned or grooved",14,14,14,14,15,
74112990,Tubes of other copper alloys,14,14,14,14,10,
74121000,Accessories for tubes of refined copper,14,14,14,14,10,
74122000,Accessories for tubes of copper alloys,14,14,14,14,10,
74130000,"Stranded wire, cables, plaited bands, etc. non-insulated, for electric use",14,14,14,14,15,
74151000,"Nails, tacks, etc. copper/iron/steel, with heads of copper",14,14,14,14,15,
74152100,Washers of copper,14,14,14,14,10,
74152900,"Other non-threaded articles, of copper",14,14,14,14,10,
74153300,"Screws, bolts and nuts, of cotton",14,14,14,14,10,
74153900,"Other threaded articles, of cotton",14,14,14,14,10,
74181000,"Household articles and their parts, of copper",16,16,16,16,10,
74182000,"Articles of copper, of hygiene/toilet and its parts",16,16,16,16,15,
74191000,"Chains of copper, and its parts",16,16,16,16,15,
74199100,"Other articles of copper, cast, moulded, stamped or forged",16,16,16,16,10,
74199910,Copper wire mesh,14,14,14,14,10,
74199920,"Grids/nets, of copper wire, plates, strips, distended",14,14,14,14,10,
74199930,Copper springs,14,14,14,14,10,
74199990,"Cooking/heating appliances, of copper, non-electric use, domestic use",16,16,12,16,10,
75011000,Nickel mattes,6,6,6,6,E,
75012000,Nickel oxide sinters/intermediate products of nickel metallurgy,6,6,6,6,E,
75021010,"Cathodes of nickel not alloyed, raw",6,6,6,6,4,
75021090,"Other not alloyed nickel, raw",6,6,6,6,4,
75022000,"Nickel alloys, raw",6,6,6,6,8,
75030000,Nickel waste and scrap,2,2,2,2,8,
75040010,"Powders and flakes, of nickel not alloyed",6,6,6,6,8,
75040090,"Other powders and flakes, of nickel",6,6,6,6,10,
75051110,Bars of nickel not alloyed,12,12,12,12,10,
75051121,Hollow profiles of nickel not alloyed,12,12,12,12,E,
75051129,Other profiles of nickel not alloyed,12,12,12,12,E,
75051210,Bars of nickel alloys,12,12,12,12,10,
75051221,Hollow profiles of nickel alloyed,12,12,12,12,E,
75051229,Other profiles of nickel alloyed,12,12,12,12,15,
75052100,Wire of nickel not alloyed,12,12,12,12,10,
75052200,Wire of nickel alloyed,12,12,12,12,10,
75061000,"Plates, strip and sheets, of nickel not alloyed",12,12,12,12,10,
75062000,"Plates, strip and sheets, of nickel alloyed",12,12,12,12,10,
75071100,Tubes of nickel not alloyed,14,14,14,14,E,
75071200,Tubes of nickel alloyed,14,14,14,14,10,
75072000,Accessories for tubes of nickel,14,14,14,14,10,
75081000,"Cloth and grill, of nickel wire",16,16,16,16,10,
75089010,"Hollow cylinder of variable cross-section for centrifugation, used in stoichiometric natural gas reformers",2,2,2,2,10,
75089090,Other articles of nickel,16,16,16,16,10,
76011000,"Aluminium, not alloyed, raw",6,0,6,0,4,
76012000,"Aluminium alloys, raw",6,6,6,0,4,
76020000,Aluminium waste and scrap,0,0,0,0,0,
76031000,"Powders of aluminium, of non-lamellar structure",6,6,6,6,8,
76032000,"Powders and flakes of aluminium, of lamellar structure",6,6,6,6,8,
76041010,"Bars of aluminium, not alloyed",12,12,12,12,10,
76041021,"Hollow profiles of aluminium, not alloyed",12,12,12,12,10,
76041029,"Other profiles of aluminium, not alloyed",12,12,12,12,10,
76042100,"Hollow profiles of aluminium, alloyed",12,12,12,20,15,
76042911,"Bars of aluminium, alloyed, forged, circular cross-section, 40 ≤ diameter ≤ 76 cm",2,2,2,2,4,
76042919,Other bars of aluminium alloyed,12,12,12,12,10,
76042920,Other profiles aluminium alloyed,12,12,12,20,15,
76051110,"Aluminium wire not alloyed, cross-section > 7 mm, electrical resistivity ≤ 0,0283 Ohm mm2",12,12,12,0,10,
76051190,"Other wire of aluminium, not alloyed, cross-section, dimension > 7 mm",12,12,12,12,10,
76051910,"Other wires of aluminium, not alloyed, electrical resistivity ≤ 0,283 Ohm mm2",12,12,12,12,10,
76051990,"Other aluminium wires, not alloyed",12,12,12,12,10,
76052110,"Wires of aluminium, alloyed, cross-section, dimension > 7 mm, electrical resistivity ≤ 0,0328 Ohm mm2",12,12,12,12,10,
76052190,"Other wires of aluminium, alloyed, cross-section, dimension > 7 mm",12,12,12,12,10,
76052910,"Other wires of aluminium, alloyed, electrical resistivity ≤ 0,0328 Ohm mm2",12,12,12,12,10,
76052990,Other wires of aluminium alloys,12,12,12,12,10,
76061110,"Aluminium sheets, non-alloy, thickness > 0,2 mm, etc.",2,2,2,2,4,
76061190,"Other sheets/strips of aluminium, non-alloy, thickness > 0,2 mm, square/rectangular",12,12,12,12,E,
76061210,"Plates of aluminium alloys, 0,2 < thickness ≤ 0,3 mm, width ≥ 1 468 mm, polished",12,12,12,12,10,
76061220,"Other plates of aluminium, non-alloy, thickness > 0,2 mm, etc.",2,2,2,2,4,
76061290,"Other plates and strips of aluminium alloys, thickness > 0,2 mm",4,12,0,0,E,
76069100,"Other plates and strips, of aluminium non-alloy, thickness > 0,2 mm",12,12,12,0,10,
76069200,"Other plates and strips, of aluminium alloy, thickness > 0,2 mm",12,12,12,12,10,
76071110,"Aluminium foils, without support, laminated, thickness ≤ 0,2 mm, tenor silicon",2,2,2,2,4,
76071190,"Other foils/strips, of aluminium, without support, laminated, thickness ≤ 0,2 mm",12,12,12,0,E,
76071910,"Foils/strips of aluminium, without support, etc. thickness ≤ 110 microns",2,2,2,2,4,
76071990,"Other foils/strips of aluminium, without support, thickness ≤ 0,2 mm",12,12,9,12,E,
76072000,"Foils/strips, of aluminium, with support, thickness ≤ 0,2 mm",12,12,12,12,E,
76081000,"Aluminium tubes, not alloyed",14,14,14,14,10,
76082010,"Tubes of aluminium alloys, seamless, cold-drawn, etc.",2,2,2,2,8,
76082090,Other tubes of aluminium alloys,14,14,14,14,10,
76090000,Accessories for tubes of aluminium,14,14,14,14,10,
76101000,"Doors, windows, their frames, thresholds, etc. of aluminium",16,16,16,16,E,
76109000,"Constructions/other parts, plates, bars, etc. of aluminium",16,16,16,16,10,
76110000,"Reservoirs, etc. of aluminium, capacity > 300 l, without mechanical or thermal devices",16,16,16,16,15,
76121000,"Collapsible tubular containers, capacity ≤ 300 l, without mechanical device",16,16,16,16,E,
76129011,"Tubular containers of aluminium, capacity ≤ 700 cm3, for aerosols",16,16,16,0,10,
76129012,"Tubular, aluminium, isothermal containers, cooled with liquid nitrogen, capacity ≤ 300 l",2,2,2,2,4,
76129019,"Other tubular containers, of aluminium, capacity ≤ 300 l",16,16,16,16,10,
76129090,"Other casks, etc. of aluminium capacity ≤ 300 l, without mechanical device",16,16,16,16,15,
76130000,Aluminium containers for compressed or liquefied gas,16,16,16,16,E,
76141010,"Wires/cables, of aluminium, with steel core, non-insulated for electrical uses",12,12,12,12,10,
76141090,"Braids, etc. of aluminium, with steel core, not insulated for electrical uses",12,12,12,12,10,
76149010,"Braids, etc. of aluminium, with steel core, insulated, for non-electrical use",12,12,12,12,10,
76149090,"Other cables, braids, etc. non-electrically insulated",12,12,12,12,10,
76151000,"Household articles and their parts, of aluminium",16,16,16,16,E,
76152000,"Articles of aluminium, sanitary ware and their parts",16,16,16,16,15,"ex Category ""0"" only for: ""Support bar for people with physical disabilities"""
76161000,"Tacks, nails, staples, screw, bolts, etc. of aluminium",14,14,14,14,10,
76169100,"Grids/nets, of aluminium wire",14,14,14,14,10,
76169900,Other articles of aluminium,14,14,14,14,10,
78011011,"Refined, electrolytic lead, in ingots",8,8,8,8,8,
78011019,"Other raw forms of refined lead, electrolytic",8,8,8,8,15,
78011090,Other raw forms of refined lead,8,8,8,8,8,
78019100,"Lead with antimony as second predominant element, raw",6,6,6,6,E,
78019900,Other raw lead,6,6,6,6,E,
78020000,Lead waste and scrap,4,4,4,4,8,
78041100,"Sheets, strip of lead, thickness ≤ 0,2 mm",12,12,12,12,E,
78041900,"Plates, and other sheets and strip, of lead",12,12,12,12,15,
78042000,Leads powders and flakes,6,6,6,6,8,
78060010,"Bars, rods, profiles and wire, of lead",12,12,12,12,15,
78060020,"Tubes and accessories, of lead",14,14,14,14,15,
78060090,Other articles of lead,16,16,16,16,15,
79011111,"Zinc not alloyed, containing zinc ≥ 99,99 %, electrolytic, in ingots",8,8,8,0,15,
79011119,"Other not alloyed zinc, containing zinc ≥ 99,99 %, electrolytic",8,8,8,8,15,
79011191,"Other ingots of zinc not alloyed, containing zinc ≥ 99,99 %",8,8,8,8,15,
79011199,"Other raw forms of zinc not alloyed, containing zinc ≥ 99,99 %",8,8,8,8,15,
79011210,"Zinc not alloyed, containing zinc < 99,99 %, in ingots",8,8,8,8,15,
79011290,"Other zinc not alloyed, containing zinc < 99,99 %",6,6,6,6,15,
79012010,"Zinc alloys, in ingots",8,8,8,8,E,
79012090,Other zinc alloys,8,8,8,8,15,
79020000,Zinc waste and scrap,2,2,2,2,8,
79031000,Zinc dust,6,6,6,6,4,
79039000,Zinc powders and flakes,6,6,6,6,4,
79040000,"Zinc bars, rods, profiles and wire",12,12,12,12,10,
79050000,"Zinc plates, sheets and strips",12,12,12,12,10,
79070010,Zinc tubes and its accessories,14,14,14,14,10,
79070090,Other articles of zinc,16,16,16,16,15,
80011000,"Tin not alloyed, raw",6,6,6,6,E,
80012000,"Tin alloys, raw",6,6,6,6,8,
80020000,Tin waste and scrap,2,2,2,2,8,
80030000,"Tin bars, rods, profiles and wire",12,12,12,12,10,
80070010,"Tin plates, sheets and strips",12,12,12,12,E,
80070020,"Tin waste and scrap, of tin",6,6,6,6,8,
80070030,Tin tubes and its accessories,14,14,14,14,E,
80070090,Other articles of tin,16,16,16,16,10,
81011000,Tungsten powders (wolfram),2,2,2,2,4,
81019400,"Tungsten in raw forms, including bars obtained by sintering",2,2,2,2,4,
81019600,Wires of tungsten,2,2,2,2,8,
81019700,Tungsten waste and scrap,2,2,2,2,8,
81019910,"Tungsten articles, used for production of electric contacts",2,2,2,2,4,
81019990,Other tungsten articles,2,2,2,2,4,
81021000,Molybdenum powders,2,2,2,2,4,
81029400,"Molybdenum in raw forms, including bars obtained by sintering",2,2,2,2,4,
81029500,"Bars/profiles/plates/strips/sheets, etc. of molybdenum",2,2,2,2,4,
81029600,Molybdenum wires,2,2,2,2,4,
81029700,Molybdenum waste and scrap,2,2,2,2,8,
81029900,Other articles of molybdenum,2,2,2,2,10,
81032000,"Tantalum in raw forms, including bars obtained by sintering powder",2,2,2,2,8,
81033000,Tantalum waste and scrap,2,2,2,2,8,
81039000,Other articles tantalum,2,2,2,2,10,
81041100,"Magnesium in raw forms, containing magnesium ≥ 99,80 %",6,6,6,6,4,
81041900,Other magnesium in raw forms,6,6,6,6,4,
81042000,Magnesium waste and scrap,2,2,2,2,4,
81043000,"Magnesium turnings, lathe waste and granules, calibrated; powders",6,6,6,6,8,
81049000,Other magnesium articles,8,8,8,8,8,
81052010,Cobalt in raw forms,4,4,4,4,8,
81052021,Cobalt-chromium-tungsten (wolfram) alloy powders (stellites),2,2,2,2,8,
81052029,Other powders,6,6,6,6,8,
81052090,Cobalt mattes and other intermediate products of metallic cobalt,6,6,6,6,10,
81053000,Cobalt waste and scrap,6,6,6,6,E,
81059010,"Foil, sheets, strip, threads, stems, etc. of cobalt",6,6,6,6,4,
81059090,Other articles of cobalt,6,6,6,6,8,
81060010,Bismuth in raw form,2,2,2,2,4,
81060090,"Bismuth articles, including waste and scrap of bismuth",2,2,2,2,4,
81072010,Cadmium in raw form,6,6,6,6,8,
81072020,Cadmium in powder,6,6,6,6,E,
81073000,Waste and scrap cadmium,6,6,6,6,E,
81079000,Articles of cadmium,6,6,6,6,E,
81082000,Titanium in raw form and in powders,2,2,2,2,4,
81083000,Waste and scrap of titanium,2,2,2,2,8,
81089000,Articles of titanium,2,2,2,2,4,
81092000,Zirconium in raw form and in powders,2,2,2,2,8,
81093000,Waste and scrap of zirconium,2,2,2,2,4,
81099000,Articles of zirconium,2,2,2,2,4,
81101010,Antimony in raw forms,2,2,2,2,4,
81101020,Antimony powders,6,6,6,6,E,
81102000,Antimony waste and scrap,6,6,6,6,E,
81109000,Articles and other products of antimony,6,6,6,6,10,
81110010,Manganese in raw forms,6,6,6,6,8,
81110020,"Plates/strips/sheets/wires, etc. of manganese",6,6,6,6,8,
81110090,"Manganese articles, including waste and scrap",6,6,6,6,8,
81121200,"Beryllium in raw forms, including in powders",6,6,6,6,E,
81121300,Beryllium waste and scrap,6,6,6,6,E,
81121900,Beryllium articles,6,6,6,6,E,
81122110,Chromium in raw forms,2,2,2,2,4,
81122120,Chromium in powders,2,2,2,2,8,
81122200,Chromium waste and scrap,2,2,2,2,4,
81122900,Articles and other products of chromium,2,2,2,2,4,
81125100,"Thallium in raw forms, including in powders",2,2,2,2,8,
81125200,Thallium waste and scrap,2,2,2,2,4,
81125900,Articles and other products of thallium,2,2,2,2,8,
81129200,"Gallium, hafnium, indium, niobium, etc. in raw forms, waste, etc.",2,2,2,2,10,
81129900,"Articles of gallium, hafnium, indium, niobium, etc.",2,2,2,2,4,
81130010,"Plates/strips/sheets/wires, etc. of cermets",6,6,6,6,10,
81130090,"Other cermets articles, including waste and scrap",6,6,6,6,10,
82011000,Shovels made of common metals,18,18,7,18,10,
82013000,"Mattocks, picks, hoes, etc. made of common metals",18,18,7,18,10,
82014000,"Axes, bill hooks and other hewing tools, made of common metals",18,18,18,18,10,
82015000,"Pruning shears, etc., made of common metals",18,18,18,18,10,
82016000,"Hedge shears, etc. made of common metals",18,18,18,18,10,
82019000,"Other hand tools used in agriculture, etc. made of common metals",18,18,18,18,10,
82021000,"Hand saws, made of common metals",18,18,18,18,10,
82022000,"Band saw blades, made of common metals",18,18,18,18,10,
82023100,"Circular saws blade, etc., with working part of steel",18,18,18,18,10,
82023900,"Other circular saws blade, including its parts",18,18,18,18,10,
82024000,"Chain saw blades, made of common metals",18,18,18,18,10,
82029100,Straight saws blades for working on metals,18,18,18,18,10,
82029910,"Straight saws blade, toothless, made of common metals, for sawing stone",18,18,18,18,10,
82029990,"Other saws blade, of common metals",18,18,18,18,10,
82031010,"Files and rasps, made of common metals",18,18,15,18,10,
82031090,"Other hand tools, made of common metals, etc.",18,18,18,18,10,
82032010,Pliers made of common metals,18,18,15,18,10,
82032090,"Pincers, tweezers, similar hand tools, made of common metals",18,18,18,18,15,
82033000,"Metal cutting shears, and similar hand tools, made of common metals",18,18,18,18,10,
82034000,"Pipe-cutters, and similar hand tools, made of common metals",18,18,18,18,10,
82041100,"Hand-operated spanners, non-adjustable, made of common metals",35,18,15,18,10,
82041200,"Hand-operated spanners, adjustable, made of common metals",18,18,15,18,10,
82042000,"Interchangeable socket wrenches, including handles, made of common metals",18,18,18,18,10,
82051000,"Drilling, threading or tapping tools, made of common metals",18,18,18,18,10,
82052000,"Hammers and sledge hammers, manuals, made of common metals",18,18,18,18,10,
82053000,"Planes, chisels, gouges and similar hand tools, made of common metal, for working on wood",18,18,18,18,10,
82054000,"Screwdrivers, manuals, made of common metals",18,18,18,18,15,
82055100,"Other hand tools, made of common metals, for domestic use",18,18,18,18,10,
82055900,"Other hand tools, made of common metals, for not domestic uses",18,18,16,18,10,
82056000,"Blow-lamps and similar, made of common metals",18,18,18,18,15,
82057000,"Vices, clamps and similar, made of common metals",18,18,18,18,10,
82059000,"Sets of lathe, anvils, etc. hand/pedal, made of common metals",18,18,18,18,10,
82060000,"Sets of saws, lime, etc. for manual use, made of common metals",18,18,18,18,10,
82071300,"Drilling or probing tools, made of common metals, working parts of cermets",18,18,18,18,10,
82071900,"Other drilling or probing tools, etc. made of common metals, including parts",18,18,18,18,10,
82072000,Drawing or extrusion dies for metals,18,18,18,18,10,
82073000,"Tools for pressing/stamping/punching, made of common metals",35,25,0,0,15,
82074010,"Tools for internal threading, made of common metals",18,18,18,18,10,
82074020,"Tools for external threading, made of common metals",18,18,18,18,10,
82075011,"Helicoidals drills, diameter ≤ 52 mm, made of common metals, diamond-coated",18,18,18,18,10,
82075019,"Other drills, made of common metals, including diamond-coated",18,18,18,18,10,
82075090,"Other tools for drilling, made of common metals",18,18,18,18,10,
82076000,"Tools for boring or broaching, made of common metals",18,18,18,18,10,
82077010,"Face-milling tools, made of common metals",18,18,18,18,10,
82077020,"Gear cutting hobs, made of common metals",18,18,18,18,10,
82077090,"Other tools for milling, made of common metals",18,18,18,18,10,
82078000,"Tools for turning, made of common metals",18,18,18,18,10,
82079000,"Other interchangeable tools, made of common metals",18,18,18,18,10,
82081000,"Knives/cutting blades, made of common metals, for working on metal",16,16,16,16,10,
82082000,"Knives/cutting blades, made of common metals, for working on wood",16,16,16,16,10,
82083000,"Knives/cutting blades, made of common metals, for kitchen appliances, etc.",16,16,16,16,10,
82084000,"Knives/cutting blades, made of common metals, for agricultural, etc., uses",16,16,16,16,10,
82089000,"Other knives/cutting blades, made of common metals, for machines or mechanical appliances",16,16,16,16,E,
82090011,"Plates/tablets, interchangeable, of cermets, for tools",16,16,16,16,10,
82090019,"Other plates/tablets, of cermets, unmounted, for tools",16,16,16,16,10,
82090090,"Plates, tips, etc. of cermets, unmounted, for tools",16,16,16,16,10,
82100010,"Hand-operated mechanical mills, weight ≤ 10 kg, for foods, etc.",18,18,18,18,10,
82100090,"Other hand-operated mechanical appliances, weight ≤ 10 kg, for foods, etc.",18,18,18,18,10,
82111000,"Knives with cutting blades/serrated and blades, assorted",18,18,18,18,10,
82119100,"Table knives, having fixed blades, made of common metals",18,18,2,18,10,
82119210,"Kitchen knives/butcher's knives, having fixed blades, made of common metals",18,18,18,18,10,
82119220,"Hunting knives, having fixed blades, made of common metals",18,18,18,18,10,
82119290,"Other knives, having fixed blades, made of common metals",18,18,18,18,10,
82119310,"Folding knives and their parts, made of common metals",18,18,18,18,10,
82119320,"Pocket knives with one blades/other parts, made of common metals",18,18,8,18,10,
82119390,"Other knives, except fixed blades, made of common metals",18,18,18,18,10,
82119400,"Blades for knives, made of common metals",18,18,18,18,10,
82119500,Handles made of common metals for knives made of common metals,18,18,18,18,10,
82121010,"Razors, made of common metals",18,18,18,18,E,
82121020,"Razor blades, non-electric",18,18,2,18,10,
82122010,"Safety razor blades, of safety, made of common metals",18,18,18,18,10,
82122020,"Sketches blades, in strips, made of common metals",18,18,18,18,E,
82129000,"Other parts of razors/razor blades, made of common metals",18,18,18,18,10,
82130000,"Scissors and its blades, made of common metals",18,18,15,18,10,
82141000,"Paper knives, letter openers, etc. its blades, made of common metals",18,18,18,18,10,
82142000,"Manicure/pedicure sets and instruments, made of common metals",18,18,18,18,10,
82149010,"Shearing machines and its parts, made of common metals",18,18,18,18,10,
82149090,"Other articles of cutlery and its parts, made of common metals",18,18,18,18,15,
82151000,"Assortment spoon, etc. made of common metals, containing ≥ 1 silver/gold/platinum",18,18,18,18,10,
82152000,"Other assortment spoon, fork, ladle, etc. made of common metals",18,18,18,18,15,
82159100,"Spoon, fork, ladle, etc. made of common metals, silver/gold/platinum",18,18,18,18,10,
82159910,"Spoons, forks, ladles, skimmers, etc. of stainless steel",18,18,18,18,10,
82159990,"Other spoons, forks, ladles, skimmers, etc. made of common metals",18,18,18,18,10,
83011000,Padlocks made of common metals,16,16,16,16,10,
83012000,"Locks made of common metals, for motor vehicles",16,16,10,16,10,
83013000,"Locks made of common metals, for furniture",16,16,12,16,10,
83014000,Other locks made of common metals,16,16,12,16,15,
83015000,"Clasps/frames with clasps, incorporated locks, made of common metals",16,16,16,16,10,
83016000,"Padlocks parts, locks, etc. made of common metals",16,16,16,16,10,
83017000,"Keys made of common metals, presented separately",16,16,16,16,10,
83021000,"Hinges made of common metals, of any type",16,16,12,16,10,
83022000,"Castors with frame, made of common metals",16,16,16,16,10,
83023000,"Other mountings, etc., made of common metals, for motor vehicle",16,16,10,16,10,
83024100,"Other mountings, etc., made of common metals, for constructions",35,16,16,16,10,
83024200,"Other mountings, etc., made of common metals, for furniture",16,16,16,16,15,
83024900,"Other mountings, etc., made of common metals",16,16,16,16,15,
83025000,"Hat-racks, hat-pegs, brackets, etc., made of common metals",35,16,16,16,10,
83026000,Automatic door closers made of common metals,16,16,16,16,15,
83030000,"Reinforced safes, armoured doors, etc., made of common metals",16,16,16,16,15,
83040000,"Classifiers/other office articles, made of common metals",16,16,16,16,15,
83051000,"Hardware for loose-leaf binders, files, etc. made of common metals",16,16,16,16,10,
83052000,"Staples in strips, made of common metals",16,16,16,16,15,
83059000,"Paper clips, other office supplies, made of common metals",16,16,16,16,E,
83061000,"Bells, gongs, etc. made of common metals, non-electric",16,16,16,16,10,
83062100,"Statuettes/other objects for ornamentation, silver/gold/platinum",16,16,16,16,15,
83062900,"Other statuettes/other objects for ornamentation, made of common metals",16,16,16,16,10,
83063000,"Frames for photograph, picture, mirrors, made of common metals",16,16,16,16,10,
83071010,"Flexible steel tubes, etc. for submarine oil and gas exploration",2,2,2,2,10,
83071090,Other flexible iron or steel tubes,16,16,16,16,10,
83079000,Other flexible tubes of other base metals,16,16,16,16,10,
83081000,"Clasps/brackets/eyelets, made of common metals, for clothing, etc.",16,16,16,16,10,
83082000,"Tubular or bifurcated rivets, made of common metals",16,16,16,16,10,
83089010,Buckles made of common metals,16,16,16,16,10,
83089020,"Beads and spangles, made of common metals",16,16,16,16,E,
83089090,"Other clasps, etc. made of common metals, for clothing, footwear, etc.",16,16,16,16,10,
83091000,"Crown corks, made of common metals, for packing",16,16,16,16,10,
83099000,"Stoppers, other covers and accessories for packing, made of common metals",16,16,7,16,E,
83100000,"Sign-plates, name-plates, etc. made of common metals, non-electric",16,16,10,16,10,
83111000,"Coated electrodes, made of common metals, for electric arc-welding",16,16,16,16,15,
83112000,"Cored wire made of common metals, for electric arc-welding",16,16,16,16,15,
83113000,"Coated rod and cored wire, made of common metals, for flame welding",16,16,16,16,15,
83119000,"Other wire, rods, tubes, plates, etc., made of common metals",16,16,16,16,15,
84011000,Nuclear reactors,14,14,0,0,E,
84012000,"Machinery and apparatus for isotopic separation, and its parts",14,14,0,0,E,
84013000,"Fuel elements, non-irradiated, for nuclear reactors",14,14,14,14,10,
84014000,Parts of nuclear reactors,14,14,0,2,15,
84021100,Watertube boilers with a steam production > 45 t/hour,14,14,0,0,15,
84021200,Watertube boilers with a steam production ≤ 45 t/hour,14,14,2,0,15,
84021900,"Other vapour generating boilers, including hybrid boilers",14,14,0,14,15,
84022000,"""Super-heated"" water boilers",14,14,2,0,15,
84029000,"Parts of vapour boilers and ""of super-heated water""",14,14,0,0,15,
84031010,"Central heating boilers, capacity ≤ 200 000 kcal/hour",18,18,18,18,15,
84031090,Other boilers for central heating,14,14,0,0,15,
84039000,Other parts of boilers for central heating,14,14,0,2,15,
84041010,"Auxiliary plant for vapour boilers/""super-heated water""",14,14,2,0,15,
84041020,Auxiliary plant for central heating boilers,14,14,0,0,10,
84042000,Condensers for steam machines,14,14,2,0,10,
84049010,"Parts of auxiliary plant for vapour boilers, etc.",14,14,2,2,10,
84049090,Parts of auxiliary plant for central heating boilers,14,14,0,2,15,
84051000,"Producer gas/water gas generators, of acetylene, etc.",14,14,0,0,15,
84059000,"Parts of producer gas/water gas generators, etc.",14,14,0,2,15,
84061000,"Vapour turbines, for marine propulsion",14,14,0,0,15,
84068100,"Other vapour turbines, of potency > 40 MW",2,14,0,0,10,
84068200,"Other vapour turbines, of potency ≤ 40 MW",2,14,0,0,10,
84069011,"Rotors of turbines reaction, vapour, of multiple stages",0,0,0,0,0,
84069019,Other rotors of vapour turbines,2,14,0,0,15,
84069021,Fixed slats (of stators) of vapour turbines,0,0,0,0,0,
84069029,Other slats of vapour turbines,2,14,0,0,15,
84069090,Other parts of vapour turbines,2,14,0,0,15,
84071000,"Combustion engines, for aviation",0,0,0,0,0,
84072110,"Combustion engines, single cylinder outboard engines for propulsion of vessels, spark-ignition",2,14,0,0,10,
84072190,"Other combustion engines, outboard engines for propulsion of vessels, spark-ignition",2,14,0,0,15,
84072910,"Other combustion engines, single cylinder, for propulsion of vessels",14,14,2,0,E,
84072990,"Other combustion engines, for embarkation",2,14,0,0,10,
84073110,"Internal combustion engine, for vehicles of Chapter 87, cylinder capacity not exceeding 50 cm3, single cylinder",18,18,10,18,E,
84073190,"Other combustion engines for vehicles of Chapter 87, capacity not exceeding 50 cm3",18,18,10,18,15,
84073200,"Combustion engine, for vehicles of Chapter 87, cylinder capacity > 50 cm3 not exceeding 250 cm3",18,18,18,18,E,
84073310,"Combustion engine, for vehicles of Chapter 87, cylinder capacity 250 < cm3 ≤ 1 000 , single cylinder",18,18,10,18,10,
84073390,"Other combustion engines for vehicles of chapter 87, cylinder capacity 250 < cm3 ≤ 1 000",18,18,10,18,10,
84073410,"Combustion engine, for vehicles of Chapter 87, cylinder capacity exceeding 1 000 cm3, single cylinder",18,18,10,18,15,
84073490,"Other combustion engines for vehicles of chapter 87, cylinder capacity exceeding 1 000 cm3",18,18,10,18,15,
84079000,Other combustion engines,2,14,0,0,15,
84081010,"Diesel engines/semi-diesel, for embarkation, ""outboard"" type",14,14,0,0,10,
84081090,"Other diesel engines/semi-diesel, for embarkation",2,14,0,0,10,
84082010,"Diesel engines/semi-diesel, for vehicles of chapter 87, not exceeding 1 500 cm3",18,18,10,18,15,
84082020,"Diesel engines/semi-diesel, for vehicles of chapter 87, cylinder capacity 1 500 < cm3 ≤ 2 500",18,18,10,18,15,
84082030,"Diesel engines/semi-diesel, for vehicles of chapter 87, cylinder capacity 2 500 < cm3 ≤ 3 500",18,18,10,18,15,
84082090,"Other diesel engines/semi-diesel, for vehicles of chapter 87",18,18,10,18,15,
84089010,"Other diesel engines, stationary, power ≥ 337,5 kW, rpm > 1 000",0,0,0,0,0,
84089090,Other diesel engines/semi-diesel,14,14,2,0,15,
84091000,Parts for aircraft engines,0,0,0,0,0,
84099111,Connecting rods for combustion engines,16,16,10,16,10,
84099112,"Cylinder blocks, cylinder heads, etc. for combustion engines",16,16,10,16,10,
84099113,Carburetors for combustion engines,2,2,2,2,10,
84099114,"Valves of admission or of escape, for combustion engines",16,16,10,16,10,
84099115,"Intake or exhaust manifolds, for combustion engines",16,16,10,16,10,
84099116,"Rings of segment, for combustion engines",16,16,10,16,15,
84099117,"Valve guides, for combustion engines",16,16,10,16,10,
84099118,Other carburetors for motors of piston,16,16,10,16,10,
84099120,"Pistons, for combustion engines",16,16,10,16,15,
84099130,"Cylinder liners, for combustion engines",16,16,10,16,10,
84099140,"Electronic injection, for combustion engines",16,16,2,2,10,
84099190,Other parts for combustion engines,16,16,10,16,10,
84099912,"Cylinder blocks, cylinder heads, etc. for diesel engines/semi diesel",16,16,10,16,10,
84099914,"Valves of admission or of escape, for diesel engines/semi diesel",16,16,10,16,10,
84099915,"Intake or exhaust manifolds, for diesel and semi-diesel engines",16,16,10,16,10,
84099917,"Valve guides, for diesel or semi-diesel engines",16,16,10,16,10,
84099921,"Other pistons, diameter ≥ 200 mm, for diesel or semi-diesel engines",2,2,2,2,10,
84099929,"Other pistons, for diesel or semi-diesel engines",16,16,10,16,10,
84099930,"Cylinder liners, for diesel/semi-diesel engines",16,16,10,16,10,
84099941,"Connecting rods, weight ≥ 30 kg, for diesel/semi-diesel engines",2,2,2,2,8,
84099949,Other connecting rods for diesel/semi-diesel engines,16,16,10,16,10,
84099951,"Cylinder heads, with diameter ≥ 200 mm for diesel/semi-diesel engines",2,2,2,2,10,
84099959,Other cylinder heads for diesel/semi-diesel engines,16,16,10,16,10,
84099961,"Fuel injectors/nozzle, diameter ≥ 20 mm for diesel/semi-diesel engines",2,2,2,2,10,
84099969,Other fuel nozzles for diesel or semi-diesel engines,16,16,10,16,10,
84099971,"Rings of segment, diameter ≥ 200 mm for diesel engines or semidiesel",2,2,2,2,10,
84099979,"Other piston rings, for diesel/semi-diesel engines",16,16,10,16,10,
84099991,Cylinder welded shirts by head with a diameter ≥ 200 mm,2,2,2,2,10,
84099999,Other parts for diesel and semi diesel engines,16,16,10,16,10,
84101100,"Hydraulic turbines and water wheels, power ≤ 1 000 kW",14,14,0,0,15,
84101200,"Hydraulic turbines and water wheels, 1 000 kW < power ≤ 10 000 kW",14,14,0,0,15,
84101300,"Hydraulic turbines and water wheels, power > 10 000 kW",14,14,0,0,15,
84109000,"Parts of hydraulic turbines/water wheels, including regulators",14,14,0,0,10,
84111100,Turbo-jets of a thrust ≤ 25 kN,0,0,0,0,0,
84111200,Turbo-jets of a thrust > 25 kN,0,0,0,0,0,
84112100,Turbo-propellers of power ≤ 1 100 kW,0,0,0,0,0,
84112200,Turbo-propellers of power > 1 100 kW,0,0,0,0,0,
84118100,"Other gas turbines, of power ≤ 5 000 kW",0,0,0,0,0,
84118200,"Other gas turbines, of power > 5 000 kW",0,0,0,0,0,
84119100,Parts of turbo-jets or of turbo-propellers,0,0,0,0,0,
84119900,Parts of other gas turbines,0,0,0,0,0,
84121000,"Reaction engines, except turbo-jets",0,0,0,0,0,
84122110,Hydraulic cylinders,14,14,2,2,10,
84122190,"Other hydraulic power engine motors, with linear acting cylinders",14,14,0,2,15,
84122900,Other hydraulic power motors,14,14,0,2,10,
84123110,Hydraulic cylinders,14,14,0,2,10,
84123190,"Other pneumatic power motors, with linear acting cylinders",14,14,0,2,15,
84123900,Other pneumatic power motors,14,14,2,2,E,
84128000,Other engines and motors,14,14,2,2,15,
84129010,Parts of reaction propellers,14,14,2,0,10,
84129020,"Parts of vapour machines, with linear acting cylinders",14,14,0,2,10,
84129080,"Parts of hydraulic/pneumatic motors, with rectilinear movement",14,14,0,2,10,
84129090,Parts of other engines and motors,14,14,0,2,15,
84131100,"Pumps for dispensing fuel/lubricants in filling-stations, etc.",14,14,0,0,10,
84131900,Pumps for liquids with a measuring device etc.,14,14,0,2,E,
84132000,Hand pumps for liquids,18,18,18,18,15,
84133010,"Pumps for gasoline/alcohol, for combustion engine",18,18,10,18,15,
84133020,Fuel injectors for diesel/semidiesel engine,18,18,10,18,15,
84133030,"Pumps for lubricant oil, for combustion engine diesel/semi-diesel",18,18,10,18,10,
84133090,"Other pumps for fuels, etc. for combustion engine diesel/semi-diesel",18,18,10,18,10,
84134000,Concrete pumps,2,14,0,0,15,
84135010,"Reciprocating displacement pumps, 5 hp < potency ≤ 600 hp",14,14,0,2,15,
84135090,Other reciprocating positive displacement pumps,14,14,0,2,10,
84136011,"Rotary positive displacement pumps, flow ≤ 300 l/min of gear pumps",14,14,2,2,10,
84136019,"Other rotary positive displacement pumps, flow ≤ 300 l/min",14,14,0,2,10,
84136090,Other rotary positive displacement pumps,14,14,0,2,10,
84137010,Submersible electric pumps,14,14,0,2,15,
84137080,"Other centrifugal pumps, flow ≤ 300 l/min",14,14,0,2,15,
84137090,Other centrifugal pumps,35,14,0,2,E,
84138100,Other pumps for liquids,14,14,0,2,15,
84138200,Liquid elevators,14,14,0,2,15,
84139110,Rods of pumping for oil extraction,14,14,0,2,10,
84139190,Other parts of pumps for liquids,14,14,0,2,15,
84139200,Parts of elevators of liquids,14,14,0,2,10,
84141000,Vacuum pumps,14,14,0,2,10,
84142000,Hand or foot-operated air pumps,18,18,18,18,E,
84143011,"Hermetic moto-compressor, capacity < 4 700 calories/hour",0,18,18,18,15,
84143019,Other hermetic moto-compressors refrigerating equipment,0,0,0,0,0,
84143091,"Compressor for refrigerating equipment, capacity ≤ 16 000 calories/hour",18,18,18,18,10,
84143099,Other compressors for refrigerating equipment,14,14,0,0,15,
84144010,"Air compressors, of alternative displacement",14,14,0,0,10,
84144020,"Air compressor, of screw, mounted wheeled chassis for towing",14,14,0,0,E,
84144090,"Other air compressors, mounted on a wheeled chassis for towing",14,14,0,0,10,
84145110,"Table fan, with electric motor, power ≤ 125 W",20,20,17,20,10,
84145120,"Celling fan, with electric motor, power ≤ 125 W",20,20,17,20,10,
84145190,"Other fans with electric motor, power ≤ 125 W",35,20,17,20,15,
84145910,Micro-fans with housing area < 90 cm2,0,0,0,0,0,
84145990,Other fans,35,14,0,2,15,
84146000,Hoods having a maximum horizontal side ≤ 120 cm,20,20,20,20,10,
84148011,"Other air compressors, stationary, of piston",14,14,0,0,15,
84148012,"Other air compressors, of screw",14,14,0,0,15,
84148013,"Other air compressors, of parallel lobes (""roots"")",14,14,0,0,15,
84148019,Other air compressors,14,14,0,0,10,
84148021,"Other superchargers, weight ≤ 50 kg, for motor explosion/diesel",14,14,0,2,10,
84148022,"Other superchargers, weight > 50 kg, for motor explosion/diesel",14,14,2,2,15,
84148029,Other air tube compressors,14,14,0,2,10,
84148031,"Other compressors of gas, of piston",14,14,0,0,15,
84148032,"Other compressors of gas, of screw",14,14,2,0,15,
84148033,"Other compressors of gas, centrifugal, flow max < 22 000 m3/h",2,14,2,14,10,
84148038,"Other compressors of gas, centrifugal",0,0,0,0,0,
84148039,Other compressors of gas,14,14,0,2,10,
84148090,Other air pumps/extractor hoods for extraction/recycling,14,14,0,0,E,
84149010,Parts of air or vacuum pumps,14,14,0,2,10,
84149020,Parts of fans or extractor hoods,14,14,11,14,15,
84149031,"Piston, of air compressors/other gas",14,14,2,2,15,
84149032,"Piston rings, for air compressors/other gas",14,14,0,2,15,
84149033,"Cylinder blocks/cylinder heads/sumps, for compressors",14,14,2,2,15,
84149034,Valves of air compressors/other gas,14,14,0,2,10,
84149039,Other parts of air compressors/other gas,2,14,0,2,10,
84151011,"Air-conditioning machines (""split system"" type), capacity ≤ 30 000 cal/h, for window/walls",18,18,14,18,15,
84151019,"Other air-conditioning machines, capacity ≤ 30 000 cal/h, for window/walls",20,20,16,20,15,
84151090,"Other air-conditioning machines, for window, etc.",14,14,2,0,15,
84152010,"Air-conditioning machines, capacity ≤ 30 000 cal/h, for motor vehicles",18,18,10,18,10,
84152090,"Other air-conditioning machines, for motor vehicles",14,14,0,2,10,
84158110,"Other air-conditioning machines, refrigerator device and thermal cycle inversion valve (reversing heat pumps) ≤ 30 000 c/h",18,18,18,18,15,
84158190,"Other air-conditioning machines, refrigerator device and thermal cycle inversion valve (reversing heat pumps)",2,14,0,0,15,
84158210,"Other air-conditioning machines, refrigerator device, capacity ≤ 30 000 c/h",18,18,18,18,15,
84158290,"Other air-conditioning machines, refrigerator device",14,14,0,0,15,
84158300,"Other air-conditioning machines, without refrigerator device",14,14,0,0,15,
84159010,Internal evaporating air conditioning unit,18,18,18,18,15,
84159020,"External air conditioning unit, split system, capacity ≤ 30 frig/h",18,18,18,18,15,
84159090,Other air conditioning units,14,14,0,2,10,
84161000,"Furnace burners, of liquid fuel",14,14,2,2,15,
84162010,"Furnace burners, of gas",14,14,2,2,15,
84162090,"Other furnace burners, including combination burners",14,14,2,2,15,
84163000,"Mechanical stokers, including their mechanical grates, etc.",14,14,2,2,15,
84169000,"Parts of burners, mechanical stokers, etc.",14,14,0,2,15,
84171010,"Industrial furnaces, for melting metals, non-electric",14,14,2,0,E,
84171020,"Industrial furnaces, for heat-treatment of metals, non-electric",14,14,2,0,15,
84171090,"Other furnaces, for roasting, etc. made of ores/metals, non-electric",14,14,0,0,15,
84172000,"Industrial furnaces, for bakery, pastry shop, etc., non-electric",35,14,2,0,15,
84178010,"Industrial furnaces, for ceramic, non-electric",14,14,2,0,15,
84178020,"Industrial furnaces, for glass-melting, non-electric",0,0,0,0,0,
84178090,"Other industrial or laboratory furnaces, non-electric",14,14,0,0,15,
84179000,"Parts of industrial or laboratory furnaces, non-electric",14,14,0,2,15,
84181000,"Refrigerators combined with freezers, with separated external doors",20,20,20,20,10,
84182100,"Refrigerators for domestic use, of compression type",20,20,20,20,10,
84182900,Other refrigerators for domestic use,20,20,20,20,10,
84183000,"Freezers of the chest type, capacity ≤ 800 l",20,20,20,20,E,
84184000,"Freezers of the upright type, capacity ≤ 900 l",20,20,20,20,E,
84185010,Other freezers,14,14,2,0,10,
84185090,"Other refrigerating cabinets, display counter, etc.",35,14,0,10,15,
84186100,"Heat pumps, excluding air-conditioning machines of heading 8415",14,14,0,14,10,
84186910,"Ice cream making machines, non-domestic use",14,14,0,0,E,
84186920,Milk coolers,14,14,0,0,E,
84186931,Water or juice supply fountains,18,18,18,18,10,
84186932,Aerated beverage supply fountains,18,18,18,18,10,
84186940,"Equipment for cooling/air-condition, capacity ≤ 30 000 c/h",4,18,18,18,10,
84186991,"Water coolers, with lithium bromide absorber",0,0,0,0,0,
84186999,"Other materials/machinery/devices for freezing, and heat pumps",14,14,0,0,10,
84189100,Furniture designed to receive refrigerated/freezer equipment,16,16,16,16,10,
84189900,"Other parts of refrigerators, freezers, etc.",14,14,0,14,10,
84191100,Instantaneous gas water heaters,20,20,20,20,10,
84191910,Solar powered water heaters,20,20,20,20,E,
84191990,"Other instantaneous water heaters, non-electric, etc.",20,20,20,20,E,
84192000,"Medical, surgical or laboratory sterilisers",14,14,0,0,10,
84193100,Dryers for agricultural products,14,14,0,0,15,
84193200,"Dryers for wood, paper pulp, paper or paperboard",2,14,0,0,10,
84193900,Other dryers,35,14,0,0,E,
84194010,Machinery for distilling water,14,14,0,0,15,
84194020,"Machinery for distilling or rectifying alcohols, etc.",14,14,2,0,15,
84194090,Other distilling or rectifying plant,35,14,0,0,15,
84195010,"Heat exchange units, plate type",14,14,2,0,E,
84195021,"Heat exchange units, tubular, metallic",14,14,2,0,15,
84195022,"Heat exchange units, tubular, of graphite",2,14,2,0,10,
84195029,"Other heat exchange units, tubular",14,14,0,0,10,
84195090,Other heat exchange units,14,14,2,2,10,
84196000,Machinery for liquefying air or other gases,14,14,2,0,10,
84198110,Autoclaves for making hot drinks or for heating food,14,14,0,0,15,
84198190,"Other machinery for making hot drinks, etc.",35,14,0,0,E,
84198911,"Food sterilizers, ultra-high temperature, vapour injection, capacity ≥ 6 500 l/h",0,0,0,0,0,
84198919,Other sterilizers,14,14,0,0,15,
84198920,Ovens,14,14,0,0,15,
84198930,Roasting plant,14,14,0,0,15,
84198940,Evaporators,14,14,0,0,10,
84198991,"Refrigerated container, with refrigerant circulator device",14,14,0,0,15,
84198999,Other machinery/device for treatment of materials through operation involving temperature change,2,14,0,0,10,
84199010,"Parts of instantaneous water heaters, non-electric, etc.",16,16,16,16,15,
84199020,Parts of distilling or of rectifying columns,14,14,2,2,10,
84199031,"Corrugated plate, of stainless steel/aluminium, with heat-exchange surface > 0,4 m2",0,0,0,0,0,
84199039,Other plates of heat exchange units,14,14,0,2,10,
84199040,"Other parts of machinery for making hot drinks, etc.",14,14,0,2,10,
84199090,Other parts of machinery/device for treatment of materials through operation involving temperature change,14,14,0,2,10,
84201010,"Calenders/rolling machines, for paper or paperboard",14,14,0,0,15,
84201090,Other calenders or rolling machines,2,14,0,0,15,
84209100,Cylinders for calenders or rolling machines,14,14,0,2,15,
84209900,Other parts of calenders or rolling machines,14,14,0,2,10,
84211110,"Centrifuges for cream separation, capacity of milk production > 30 000 l/hour",0,0,0,0,0,
84211190,Other centrifuges for cream separation,14,14,0,0,15,
84211210,"Clothes-dryers, centrifuge, capacity of drying clothes ≤ 6kg",20,20,20,20,15,
84211290,"Other clothes-dryers, centrifuges",14,14,0,0,15,
84211910,"Laboratory centrifuges, for analysis/scientific research",14,14,0,0,15,
84211990,Other centrifuges,14,14,0,0,15,
84212100,Devices for filtering or purifying water,14,14,0,0,15,
84212200,"Machinery for filtering or purifying beverages, excluding water",14,14,0,0,E,
84212300,Devices for filtering mineral oils in spark-ignition or compression-ignition engines,16,16,5,16,E,
84212911,Dialysers capillary type,0,0,0,0,0,
84212919,Other dialysers,0,0,0,0,0,
84212920,Reverse osmosis modules,14,14,0,0,10,
84212930,Filter presses for liquid,14,14,2,0,15,
84212990,Other devices for filtering or purifying liquid,14,14,0,2,10,
84213100,"Intake air filters, for internal combustion engines/diesel",16,16,5,16,10,
84213910,Electrostatic filters for gases,14,14,0,0,10,
84213920,Catalytic conversion scrubbers for vehicle exhaust gases,18,18,18,18,10,
84213930,"Oxygen concentrators for purifying air, capacity ≤ 6 l/min",0,0,0,0,0,
84213990,Other devices for filtering or purifying gases,35,14,0,0,15,
84219110,"Parts of clothes-dryers, centrifuges, clothes capacity ≤ 6 kg",16,16,16,16,15,
84219191,"Rotative drums with plates/disks, weight > 300 kg",0,0,0,0,0,
84219199,Other parts of centrifuges,14,14,0,2,10,
84219910,Parts of devices for filtering or purifying gases,14,14,0,2,15,
84219920,"Equipment parts for blood, etc. for hemodialysis",0,0,0,0,0,
84219991,Membrane cartridges for reverse osmosis machinery,0,0,0,0,0,
84219999,"Other device parts for filtering or purifying liquid, etc.",14,14,2,2,10,
84221100,"Dishwashing machines, domestic use",20,20,20,20,15,
84221900,Other dishwashing machines,14,14,0,0,15,
84222000,Devices for cleaning/drying bottles/other containers,14,14,0,0,15,
84223010,"Devices for filling/closing/sealing, etc. bottles",14,14,0,0,15,
84223021,Devices for filling boxes/bags with powder/granules,14,14,0,0,15,
84223022,"Devices for filling/closing/packing packagings of paper/paperboard, etc.",0,0,0,0,0,
84223023,"Devices for filling, closing tubes, capacity ≥ 100 unit/min",0,0,0,0,0,
84223029,"Devices for filling/closing/sealing cans, etc.",14,14,0,0,15,
84223030,Devices for carbonating beverages,14,14,0,0,10,
84224010,"Horizontal devices for packing of long nutritious masses, etc., pillow pack",0,0,0,0,0,
84224020,"Automatic devices for packing tube/metal bar, etc.",0,0,0,0,0,
84224030,"Devices for packing paper/paperboard, capacity ≥ 5 000 /h",0,0,0,0,0,
84224090,Other devices for packing or wrapping goods,14,14,0,0,15,
84229010,"Parts of dishwashing machines, domestic type",16,16,16,16,15,
84229090,"Devices parts for cleaning/drying/filling/closing, etc.",14,14,0,2,15,
84231000,"Personal weight machines, including baby scales, domestic use scales",20,20,20,20,E,
84232000,Scales for continuous weighing of goods on conveyors,14,14,0,0,E,
84233011,Functional units consisting of scales peripheral devices,14,14,0,0,15,
84233019,Other hopper scales,2,14,0,0,15,
84233090,Constant weighting scales and bagging scales,14,14,2,0,15,
84238110,"Weighing device, capacity ≤ 30 kg, with label printer/recording",14,14,0,0,15,
84238190,"Other weighing devices, capacity ≤ 30 kg",14,14,0,0,15,
84238200,"Weighing devices, 30 kg < capacity ≤ 5 000 kg",14,14,0,0,E,
84238900,Other weighing devices,14,14,0,0,15,
84239010,Weights for scales,16,16,16,16,15,
84239021,"Parts of personal weighing device, including baby scales/domestic use",16,16,16,16,E,
84239029,"Parts of weighing devices, including scale",14,14,0,2,10,
84241000,"Fire extinguishers, whether or not charged",16,16,5,16,10,
84242000,Spray guns and similar appliances,14,14,0,0,15,
84243010,"Devices for pipe unclogging or cleaning, water jet",14,14,0,0,15,
84243020,"Sandblasting devices, for clothes",0,0,0,0,0,
84243030,"Waterjet drilling machines, pression ≥ 10 MPa",0,0,0,0,0,
84243090,"Other steam or sandblasting machines, etc.",14,14,0,0,15,
84248111,"Manual devices for spraying fungicide, etc.",16,16,16,16,15,
84248119,"Other mechanical devices to spray fungicides/insecticide, etc.",14,14,0,0,15,
84248121,"Sprinklers and irrigations systems, for aspersion",14,14,0,0,15,
84248129,Other appliances sprinklers and system irrigations,14,14,0,0,15,
84248190,Other devices for agricultural or horticultural,14,14,0,0,15,
84248910,"Spraying device, with pressure button, etc. for spraying liquids/powders/foams",16,16,16,16,15,
84248920,Automatic devices for spraying lubricants on pneumatics with drying system by hot air,0,0,0,0,0,
84248990,"Other mechanical devices, for projecting, etc. liquid/powders",2,14,0,0,10,
84249010,Parts of manual fire extinguishers/spraying devices,14,14,14,14,15,
84249090,"Parts of other mechanical devices for projecting etc. liquids/powders, etc.",14,14,2,2,10,
84251100,"Pulley tackle and hoists, powered by electric motor",35,14,0,0,15,
84251910,"Pulley tackle and hoists, manual",16,16,5,16,15,
84251990,Other pulley tackle and hoists,14,14,0,0,10,
84253110,"Pit-head/capstans, powered by electric motor, capacity ≤ 100 t",14,14,0,0,15,
84253190,"Other pit-head/capstans, powered by electric motor",14,14,0,0,10,
84253910,"Other pit-head and capstans, capacity ≤ 100 t",14,14,0,0,10,
84253990,Other pit-head and capstans,14,14,0,0,15,
84254100,"Built-in jacking systems, garage/etc. use",14,14,0,0,15,
84254200,"Jacks and hoists, hydraulic",18,18,5,18,15,
84254910,"Jacks and hoists, manual",16,16,5,16,15,
84254990,Other jacks and hoists,14,14,0,0,15,
84261100,"Bridges and beams, rolling, of fixed supports",14,14,0,0,15,
84261200,Mobile lifting frames on tyres and straddle carriers,14,14,0,0,15,
84261900,Other porches and bridge-cranes,14,14,0,0,15,
84262000,Tower cranes,2,14,0,0,15,
84263000,Portal or pedestal jib cranes,14,14,2,0,15,
84264110,"Machinery self-propelled, pneumatic, capacity ≥ 60 t",0,0,0,0,0,
84264190,"Other self-propelled machinery, pneumatic",2,14,0,0,10,
84264910,"Self-propelled machinery track-laying, lifting capacity ≥ 70 t",0,0,0,0,0,
84264990,Other self-propelled machinery,14,14,0,0,10,
84269100,Machinery of designed for mounting on road vehicles,14,14,0,2,10,
84269900,Ships' derricks and other cranes,14,14,0,0,10,
84271011,"Self-propelled fork-lift trucks, powered by electric motor capacity > 6,5 t",14,14,0,0,15,
84271019,"Other self-propelled fork-lift trucks, powered by electric motor",2,14,0,0,10,
84271090,"Other self-propelled cargo handling vehicles, powered by electric motor",14,14,0,0,15,
84272010,"Other self-propelled fork-lift trucks, capacity > 6,5 t",14,14,0,0,15,
84272090,Other self-propelled vehicles for moving cargo,14,14,0,0,10,
84279000,Other fork-lift trucks fitted with lifting/handling equipment,14,14,0,0,15,
84281000,Lifts and skip hoists,14,14,0,0,15,
84282010,"Mobile tubular conveyors (transfer machines), driven by a motor with a power greater than 120 hp, pneumatic",14,14,2,0,10,
84282090,Other pneumatic elevators and conveyors,14,14,2,0,10,
84283100,"Elevators/conveyors devices, for goods, for underground use",14,14,2,0,15,
84283200,"Elevators/conveyors devices, for goods, bucket type",14,14,2,0,10,
84283300,"Elevators/conveyors devices, for goods, belt type",2,14,0,0,15,
84283910,"Elevators/conveyors devices, for goods, chain type",14,14,0,0,10,
84283920,"Elevators/conveyors devices, for goods, motorized roller type",14,14,2,0,E,
84283930,"Elevators/conveyors devices of lateral tweezers, for newspaper transport",0,0,0,0,0,
84283990,"Other elevators/conveyors devices, for goods",14,14,0,0,15,
84284000,Escalators and moving walkways,2,14,0,0,15,
84286000,Cable cars (including chairlifts and ski lifts); traction mechanisms for funiculars,14,14,2,0,10,
84289010,"Machinery for disembarkation of lifeboats, etc.",14,14,2,0,10,
84289020,"Automatic conveyor-elevators, with horizontal movement etc.",0,0,0,0,0,
84289030,"Machines for piling periodicals, arranged in alternating directions, capacity ≥80 000 copies/hour",0,0,0,0,0,
84289090,"Other machines and equipment for load lifting, loading or unloading, etc.",2,14,0,0,10,"ex Category ""0"" only for: ""Lift chairs for the transport of people with physical disabilities or people with reduced mobility, which enable a person's movements up and down stairs, with a nominal capacity of up to 125 kg, speed of 6 meters per minute, maximum linear travel of 7,1 meters, inclinations between 28° and 53°, equipped with seats, with articulated arm supports and footrests, safety belt, gear motor with electronic control board, independent sealed batteries, sets of aluminium rails with metal supports and zipper."""
84291110,"Bulldozers and angledozers, of a flywheel power ≥ 520 hp",0,0,0,0,0,
84291190,Other bulldozers and angledozers,14,10,0,2,10,
84291910,"Other bulldozers, of a flywheel power ≥ 315 hp",0,0,0,0,0,
84291990,Other bulldozers and angledozers,14,10,0,2,10,
84292010,"Articulated motor graders, with flywheel power ≥ 275 hp",0,35,0,0,10,
84292090,Other graders and levellers,14,35,0,2,10,
84293000,"Scrapers, self-propelled",14,10,2,2,10,
84294000,"Tamping machines/road rollers, self-propelled",14,14,0,2,15,
84295111,"Loaders-carriers, for use in underground mines",0,0,0,0,0,
84295119,Other front-loading loaders-conveyors,14,14,0,2,10,
84295121,"Motor infrastructures, suitable for receiving equipment of item 8430.69.1, with flywheel power ≥ 609 hp",0,0,0,0,0,
84295129,"Other motor infrastructures, etc.",14,14,2,2,10,
84295191,"Loaders/shovel loaders, of a flywheel power ≥ 399 hp",0,0,0,0,0,
84295192,"Loaders/shovel loaders, of a flywheel power ≤ 59 hp",0,0,0,0,0,
84295199,"Other loaders/shovel loaders, front loading",14,14,0,2,10,
84295211,"Diggers capacity load ≥ 19 m3, flywheel power ≥ 650 hp",0,0,0,0,0,
84295212,"Diggers capacity load ≥ 19 m3, flywheel power ≤ 54 hp",0,0,0,0,0,
84295219,Other diggers with capacity load ≥ 19 m3,14,14,0,2,10,
84295220,"Motor infrastructures, suitable for receiving equipment of subheadings 8430.49, 8430.61 or 8430.69, fitted or not with a rail-mounted device",0,0,0,0,0,
84295290,"Other excavating machines, etc., superstructure capable of 360° rotation",14,14,0,2,10,
84295900,"Other bulldozers, excavators, loaders, etc.",14,35,0,2,10,
84301000,Piledrivers and pile-extractors,14,14,2,0,10,
84302000,Snowploughs and snow-blowers,0,0,0,0,0,
84303110,"Coal or rock cutters, self-propelled",0,0,0,0,0,
84303190,Self-propelled tunnel and gallery drilling machines,14,10,2,2,10,
84303910,Other coal or rock cutters,0,0,0,0,0,
84303990,Other drilling machines for tunnels and galleries,2,10,2,0,15,
84304110,"Percussion type cutters, self-propelled",14,14,0,2,15,
84304120,"Rotary drilling machinery, self-propelled",14,14,0,2,E,
84304130,"Rotary boring machinery, self-propelled",0,0,0,0,0,
84304190,"Other rotary boring or sinking machinery, self-propelled",14,14,0,2,10,
84304910,Other drilling of percussion,10,10,0,0,8,
84304920,Other rotary boring machines,35,0,0,0,10,
84304990,Other drilling/boring machines,10,10,0,0,10,
84305000,"Other self-propelled earth-moving machinery and equipment, etc.",14,10,0,2,10,
84306100,"Tamping or compacting machinery, etc. except self-propelled",14,14,0,0,10,
84306911,"Front equipment for dig-loaders, etc. capacity>4 m3",0,0,0,0,0,
84306919,"Other front equipment, etc. except self-propelled",14,14,0,2,10,
84306990,"Other levelling machinery, etc. except self-propelled",35,14,2,0,10,
84311010,"Parts of pulley tackles, hoists, winches, etc.",16,16,16,16,10,
84311090,"Parts of other pulley, blocks, hoists, winches, etc.",14,14,0,2,15,
84312011,Parts of self-propelled fork-lift trucks,14,14,0,2,10,
84312019,Parts of other fork-lift trucks,14,14,0,2,15,
84312090,"Parts of other vehicles for moving loads, with lifting device",14,14,0,2,10,
84313110,Parts of lifts,14,14,2,2,10,
84313190,Parts of skip hoists/escalators,14,14,0,2,10,
84313900,"Parts of machinery of elevation of load, etc.",14,14,0,2,10,
84314100,"Buckets, shovels, grabs, etc. for levelling machinery",14,14,0,2,10,
84314200,Bulldozer or angledozer blades,14,14,2,2,10,
84314310,Parts for rotary boring machinery,0,0,0,0,0,
84314390,Parts of others boring machinery/perforation,14,14,0,2,10,
84314910,"Parts of cranes, other machinery of load/discharge",14,14,0,2,10,
84314921,"Booths for levelling machinery/appliance, etc.",10,10,2,0,10,
84314922,Tracks for machines or apparatus of heading 84.29 or 84.30,14,14,0,0,10,
84314923,Fuel tanks and other reservoirs,0,14,0,0,10,
84314929,"Other parts of levelling machinery, etc.",0,0,0,0,0,
84321000,Ploughs,14,14,2,0,10,
84322100,"Disc harrows, used agricultural, etc. for soil preparation",14,14,2,0,10,
84322900,"Other harrows, scarifiers, cultivators, weeders, hoes, etc.",14,14,2,0,E,
84323010,Seeders-fertilizers,14,14,2,0,E,
84323090,"Other seeders, planters and transplanters",35,14,0,0,15,
84324000,Manure spreaders/fertilizer distributors,14,14,2,0,15,
84328000,"Other machinery, etc. for soil preparation",14,14,0,0,10,
84329000,"Parts of machinery, etc. for soil preparation",14,14,2,2,15,
84331100,"Lawn mowers, motorized device cuts in a horizontal plan",35,18,18,18,15,
84331900,Other lawn mowers,18,18,18,18,E,
84332010,"Harvesters, including cutter bars for mounting on tractors, row-conditioning device of finger rotor and comb etc.",14,14,0,0,10,
84332090,"Other mowers, including cutter bars for tractor mounting",35,14,0,0,10,
84333000,Other haymaking machinery,14,14,0,0,15,
84334000,"Straw or fodder balers, including pick-up balers",14,14,0,0,E,
84335100,Combine harvester-threshers,14,14,0,0,10,
84335200,Other threshing machinery,14,14,2,2,10,
84335300,Root or tuber harvesting machine,14,14,2,2,15,
84335911,"Harvesting machine for cotton, capacity 2 rows, flywheel power not exceeding 80 hp",14,14,2,2,10,
84335919,Other harvesting machinery for cotton,0,0,0,0,0,
84335990,Other machinery for threshing,0,14,2,2,15,
84336010,Selectors of fruits,14,14,2,0,10,
84336021,"Machines for cleaning, sorting or grading eggs, capacity ≥ 36 000 /hour",0,0,0,0,0,
84336029,"Other machines for cleaning, sorting or grading eggs",14,14,0,0,15,
84336090,Machines for cleaning/sorting/grading eggs and agricultural products,14,14,0,0,E,
84339010,Parts of lawn mowers,16,16,16,16,10,
84339090,"Parts of lawn mowers for harvesting/threshing, etc.",14,14,0,2,10,
84341000,Milking machines,14,14,0,0,E,
84342010,Machinery for processing milk,14,14,0,0,E,
84342090,Other dairy machineries,14,14,2,0,15,
84349000,Parts of milking machines and dairy machinery,14,14,0,2,10,
84351000,"Machinery for the production of wine, cider, fruit juice, etc.",14,14,2,0,15,
84359000,"Parts of machines for the production of wine, cider, etc.",14,14,2,0,10,
84361000,Machines and equipment for preparing food for animals/animal feed,14,14,0,0,10,
84362100,Poultry incubators and brooders,14,14,0,0,10,
84362900,Other machinery for aviculture,14,14,0,0,8,
84368000,"Other machinery for agricultural, horticultural, etc.",14,14,0,0,15,
84369100,Parts of machinery for aviculture,14,14,0,2,10,
84369900,"Parts of machinery for agricultural, horticultural, etc.",14,14,2,2,10,
84371000,"Machines for cleaning, sorting, etc. of grains, vegetables, dry products",14,14,0,0,10,
84378010,Machinery for trituration or grinding of grains,2,14,0,0,10,
84378090,"Other machinery for grinding industry, treatment of cereals, etc.",14,14,0,0,E,
84379000,"Parts of machines for cleaning, sorting, etc. of grains",14,14,0,2,10,
84381000,"Bakery machines and machines for manufacturing of pastry industry, etc.",2,14,0,0,10,
84382011,"Machinery for production of chocolates, capacity ≥ 150 kg/hour",0,0,0,0,0,
84382019,Other machinery and equipment for the confectionery industry,14,14,2,0,10,
84382090,Machinery for the manufacture of cocoa or chocolate,14,14,0,0,15,
84383000,Machinery for sugar manufacture,14,14,2,0,10,
84384000,Brewery machinery,14,14,0,0,15,
84385000,Machinery for the preparation of meat,14,14,0,0,15,
84386000,Machinery for the preparation of fruits/vegetables,14,14,0,0,10,
84388010,Machinery for extracting essential oils from citrus fruits,14,14,0,0,10,
84388020,"Automatic machine for beheading, tailing and gutting fish, capacity > 350 units per minute",0,0,0,0,0,
84388090,"Other machinery and apparatus for food industry preparation/manufacture, etc.",14,14,0,0,E,
84389000,Parts of machinery for food industry,14,14,0,2,10,
84391010,"Machines for treatment raw materials, for cellulosic pulp",14,14,2,0,10,
84391020,Classifying and purifying of cellulose pulp,14,14,2,0,15,
84391030,Refiners for production of cellulose pulp,14,14,2,0,10,
84391090,Other machinery for production of cellulosic pulp,14,14,0,0,10,
84392000,Machinery for production of paper/paperboard,14,14,0,0,10,
84393010,Reeler-tensioners for finishing paper or paperboard,14,14,2,0,10,
84393020,Impregnating machines for paper or paperboard,14,14,0,0,10,
84393030,Machinery for making corrugating paper or paperboard,14,14,2,0,10,
84393090,Other finishing machines and apparatus for paper or paperboard,14,14,2,0,10,
84399100,Parts of machinery for production of cellulosic pulp,14,14,0,0,10,
84399910,"Rollers, corrugators or press rollers, for corrugating machines, useful width ≥ 2 500 mm",0,0,0,0,0,
84399990,Other parts of machinery for production/finishing paper/paperboard,14,14,0,0,10,
84401011,"Machines and devices for sewing notebooks, with automatic feeding",0,0,0,0,0,
84401019,Other machines and devices for sewing notebooks,2,14,0,0,10,
84401020,"Machines for producing paperboard covers, gluing device, production capacity > 60 units/minute",0,0,0,0,0,
84401090,Other book-binding machinery,14,14,0,0,10,
84409000,Parts of book-binding machinery,2,14,0,0,10,
84411010,"Cutter-reelers for paper, paperboard, etc. speed > 2 000 m/min",0,0,0,0,0,
84411090,"Other cuttings for paper pulp, paper or paperboard",2,14,0,0,10,
84412000,"Machines for making paper bags or envelopes, of any size",14,14,0,0,10,
84413010,Folding and gluing machines for manufacturing paper boxes,14,14,0,0,10,
84413090,"Machines for making cartons, tubes, drums, of paper, etc.",14,14,0,0,10,
84414000,Machines for moulding articles in paper pulp/paper/paperboard,2,14,0,0,10,
84418000,Other machinery for making paper pulp/paper/paperboard,2,10,0,0,10,
84419000,"Parts of machinery for making paper pulp, paper, etc.",14,14,0,0,10,
84423010,Machinery for composing by photographic process,2,10,0,0,10,
84423020,"Machines, apparatus and equipment for composing typographic characters by other processes, whether or not fitted with a casting device",0,0,0,0,0,
84423090,"Other machines, equipment and material not previously mentioned",14,14,0,0,10,
84424010,Parts of machines for composing by photographic process,2,10,0,0,10,
84424020,"Parts of machines, apparatus and equipment for composing typographic characters by other processes, etc.",0,0,0,0,0,
84424090,Parts of other machines/apparatus for preparing/manufacturing clichés,14,14,0,2,10,
84425000,Typographic characters and other elements of impression,14,14,0,2,10,
84431110,"Offset printing machinery and apparatus, fed by reels, multi-colour printing etc., width ≥ 900 mm, printing units in tower configuration, and automatic reel etc.",0,0,0,0,0,
84431190,"Other offset printing machinery, reel fed",2,14,0,0,10,
84431200,"Offset printing machinery, sheet fed, for office use ≤ 22 x 36 cm",2,14,0,0,10,
84431310,"Offset printing machinery, multicolour with plastic material, etc.",0,0,0,0,0,
84431321,"Offset printing machinery, reels fed, printing speed ≥ 12 000 sheets/hour",0,0,0,0,0,
84431329,"Other offset print. machinery/appliances, format ≤ 37,5 x 51 cm",2,14,0,0,10,
84431390,Other offset print. machinery/appliances,2,14,0,0,10,
84431400,"Printing machinery and apparatus, letterpress, reel-fed, except flexographic machines and apparatus",0,0,0,0,0,
84431500,"Printing machinery and apparatus, letterpress, not reel-fed, except flexographic machines and apparatus",14,14,0,0,10,
84431600,Flexographic printing machinery/appliances,14,14,0,0,10,
84431710,Rotary machines for heliogravure,14,14,0,0,10,
84431790,Other gravure printing machinery/appliances,14,14,0,0,15,
84431910,"Machines and apparatus for printing using blocks, cylinders and other printing elements, for screen printing",14,14,0,0,10,
84431990,Other offset printing machinery,14,14,0,0,10,
84433111,Inkjet printer width ≤ 420 mm,35,12,0,2,10,
84433112,Solid wax thermal transfer printer (such as solid ink and dye sublimation),0,0,0,0,0,
84433113,"Laser printer, LED or LCD monochrome, width ≤ 280 mm",35,12,0,2,10,
84433114,"Laser printer, LED or LCD monochrome, width > 280 mm and ≤ 420 mm",0,0,0,0,0,
84433115,"Laser printer, LED or LCD polychromatic",0,0,0,0,0,
84433116,Other printers with width of printing > 420 mm,0,0,0,0,0,
84433119,Other printers with capacity of printing ≤ 45 ppm,12,12,0,2,10,
84433191,Other printers with printing by thermal system,12,12,0,2,10,
84433199,Other multifunction printers,0,0,0,0,0,
84433221,Line impact printers,0,0,0,0,0,
84433222,Impact printer with braille characters,0,0,0,0,0,
84433223,"Impact printers, dot matrix printers",16,16,0,2,10,
84433229,Other impact printers,16,16,0,2,10,
84433231,Inkjet printer with printing width ≤ 420 mm,16,16,0,2,10,
84433232,Thermal transfer printer (solid wax),0,0,0,0,0,
84433233,"Laser printer, LED or LCD monochrome, width ≤ 280 mm",12,12,0,2,10,
84433234,"Laser printer, LED or LCD monochrome, width > 280 mm and ≤ 420 mm",0,0,0,0,0,
84433235,"Laser printer, LED or LCD monochrome, printing speed ≤ 20 ppm",0,12,0,0,10,
84433236,"Laser printer, LED or LCD monochrome, printing speed > 20 ppm",0,0,0,0,0,
84433237,"Thermal printer, used in printing images for medical diagnosis in sheets coated with a heat-sensitive - layer",0,0,0,0,0,
84433238,"Others, with printing width > 420 mm",0,0,0,0,0,
84433239,Other printers with printing speed < 30 ppm,16,16,0,2,10,
84433240,Other printers by sheet fed,0,0,0,0,0,
84433251,Pen plotter,12,12,2,2,10,
84433252,Other printers with printing width > 580 mm,0,0,0,0,0,
84433259,Other plotters,16,16,2,2,10,
84433291,"Postal bar code printers, 3 in 5, fluorescent ink, speed ≤ 4,5 m/s and 1,4 mm pitch",0,0,0,0,0,
84433299,Other input and output units for data processing machines,16,16,2,2,10,
84433910,Inkjet printing machinery,2,14,0,0,10,
84433921,"Electrostatic copying machines for reproducing image etc. by intermediate support (indirect process), monochromatic, for copies of a surface area ≤ 1 m2, speed < 100 copies per minute",2,14,0,0,10,
84433928,Other indirect process electrostatic copying machines,0,0,0,0,0,
84433929,Other direct reproduction electrostatic photocopying appliance,14,14,0,0,10,
84433930,Photocopy appliance by optical system,14,14,0,0,10,
84433990,Other inkjet printing machinery,2,14,0,0,10,
84439110,"Parts of offset printing machinery, sheets fed ≤ 22 x 36 cm",14,14,0,2,10,
84439191,"Auxiliar printing machine, folders",2,14,0,0,10,
84439192,Auxiliar printing machine (automatic numerators),2,14,0,0,10,
84439199,Other auxiliary machinery for printing,14,14,0,0,15,
84439911,"Other printing mechanisms, even without built-in print head",12,12,2,2,10,
84439912,Print heads,0,0,0,0,0,
84439919,Other impact printing mechanisms,8,8,2,2,10,
84439921,"Other printing mechanism, even without print head included",8,8,2,2,10,
84439922,Other print head for inkjet mechanism,0,0,0,0,0,
84439923,Other ink cartridges,0,0,0,0,0,
84439929,Other parts/accessories for printers/plotters,8,8,0,2,10,
84439931,"Other printing mechanism, even without photosensitive cylinder incorporated",0,0,0,0,0,
84439932,Other cylinder covered by semiconductor photoelectric material,0,0,0,0,0,
84439933,Other developer cartridges (toner),0,0,0,0,0,
84439939,Other parts and accessories for electrostatic photocopiers,8,8,2,2,10,
84439941,"Other printing mechanism, even without print head",8,8,0,2,10,
84439942,Other print heads,0,0,0,0,0,
84439949,"Other laser, LED, LCD printing mechanism, parts and accessories",8,8,2,2,10,
84439950,"Other printing mechanism, its parts and accessories",8,8,0,2,10,
84439960,Other printing circuits with assembled electronic/electric components,12,12,0,2,10,
84439970,"Other trays and drawers, their parts and accessories",8,8,0,2,10,
84439980,"Mechanisms for feeding or sorting paper or documents, their parts and accessories",8,8,0,2,10,
84439990,Other parts and accessories for printing,8,8,2,2,10,
84440010,Machines for extruding synthetic or artificial textile material artifice,2,14,2,0,10,
84440020,Machines for cutting or breaking synthetic or artificial textile fibres,0,0,0,0,0,
84440090,Other machines for stretching or texturing synthetic or artificial textile materials,0,0,0,0,0,
84451110,Carding for wool,0,0,0,0,0,
84451120,Carding for other vegetable textile fibres; paper yarn and paper yarn fabrics (chapter 53),0,0,0,0,0,
84451190,Carding for preparing of other textile materials,2,14,2,0,10,
84451200,Textile combining machines,0,0,0,0,0,
84451300,Drawing or roving machines of textile materials,0,0,0,0,0,
84451910,Machines for preparing silk,0,0,0,0,0,
84451921,"Machines for recovering ropes, threads, etc., transforming them into fibres suitable for carding",2,14,2,0,10,
84451922,Machines for separating cotton fibres from the seeds,2,14,0,0,10,
84451923,"Machines for degreasing, washing, bleaching or dyeing textile fibres in bulk or raw form",14,14,0,0,10,
84451924,Wool fibre working machines,0,0,0,0,0,
84451925,Machines for openers for other vegetable textile fibres (chapter 53),0,0,0,0,0,
84451926,Wool carbonising machines,0,0,0,0,0,
84451927,Wool stretching machines,0,0,0,0,0,
84451929,Other machines for preparing other textile materials,2,14,0,0,10,
84452000,Textile spinning machine,0,0,0,0,0,
84453010,Twisting machines of textile material,0,0,0,0,0,
84453090,Other textile doubling or twisting machines,14,14,0,0,E,
84454011,Automatic weft winding machines (spooling machines) for textile materials,0,0,0,0,0,
84454012,Automatic winding machines for elastane yarns,0,0,0,0,0,
84454018,"Other textile winding machines, with automatic knotter",0,0,0,0,0,
84454019,"Other textile winding machines, automatic",14,14,0,0,10,
84454021,"Non-automatic textile winding machines, speed ≥ 4 000 m/min",0,0,0,0,0,
84454029,"Other winding machines for textile material, non-automatic",2,14,0,0,10,
84454031,"Machines for making hanks, with control/automatic tying",0,0,0,0,0,
84454039,Other machines for making hanks,2,14,2,0,10,
84454040,Automatic ball winding machines of textile material,0,0,0,0,0,
84454090,Other textile winding or reeling machines,2,14,2,0,10,
84459010,Textile warping machines,2,14,2,0,10,
84459020,Drawing-in and reeling machine for textile material,0,0,0,0,0,
84459030,Warp tying-in or twisting machines of textile material,2,14,2,0,10,
84459040,Automatic heddle-positioning machine for textile material,0,0,0,0,0,
84459090,Other machines for production/preparation of textile yarns,14,14,0,0,10,
84461010,"Looms for fabric of width ≤ 30 cm, jacquard mechanism",0,0,0,0,0,
84461090,Other looms for fabric of width ≤ 30 cm,2,14,0,0,10,
84462100,"Shuttle looms for fabric of width > 30 cm, motor-driven",2,14,2,0,10,
84462900,Other shuttle looms for fabric of width > 30 cm,2,14,0,0,10,
84463010,"Air jet loom for fabrics of width > 30 cm, without shuttle",0,0,0,0,0,
84463020,"Water jet looms for fabrics of width > 30 cm, without shuttle",0,0,0,0,0,
84463030,"Projectile looms for fabrics of width > 30 cm, without shuttle",0,0,0,0,0,
84463040,"Looms for fabrics of width > 30 cm, without shuttle, with rapiers",0,0,0,0,0,
84463090,"Other looms for fabric, width > 30 cm, without shuttle",2,14,2,0,10,
84471100,"Circular knitting machines, with a cylinder diameter ≤ 165 mm",0,0,0,0,0,
84471200,Circular knitting machines with cylinder diameter > 165 mm,2,14,0,0,10,
84472010,Manual flat knitting machines for mesh,20,20,20,20,15,
84472021,"Flat knitting, motorised, for production of warp mesh",0,0,0,0,0,
84472029,"Other flat knitting, motorised, for mesh",2,14,0,0,10,
84472030,Stitch-bonding machines,2,14,0,0,10,
84479010,Machine for making knotted netting/tulle/bobinot tulle,0,0,0,0,0,
84479020,Automatic embroidery machines,0,0,0,0,0,
84479090,"Other machines for making gimped, yarn, tulle, etc. for tufting",2,14,0,0,10,
84481110,Dobbies for weaving looms,2,14,0,0,10,
84481120,Jacquards mechanisms for looms,0,0,0,0,0,
84481190,"Card reducers, punches and copiers, etc.",2,14,0,0,10,
84481900,Other machinery and auxiliary equipment for working etc. textile material,2,14,0,0,10,
84482010,Machines for extruding nipples of synthetic/artificial textile material,0,0,0,0,0,
84482020,Other parts/accessories of machines for extruding nipples of textile material,14,14,0,0,10,
84482030,Other parts/accessories of machines for cutting or breaking textile fibre,0,0,0,0,0,
84482090,"Other parts/accessories of machines for stretching, etc. textile fibre",0,0,0,0,0,
84483100,Parts and accessories of machines for the production of carding linings,2,14,0,0,10,
84483211,Parts and accessories of machines for the production of (flat) letter hats,2,14,2,0,10,
84483219,"Other parts and accessories of machines for textile processing machines, except carding garments",2,14,0,0,10,
84483220,Parts and accessories for textile combing machines,0,0,0,0,0,
84483230,Drawing or roving machines of textile material,2,14,0,0,10,
84483240,Parts and accessories of machines for preparing silk,0,0,0,0,0,
84483250,Parts and accessories of wool carbonising machines,0,0,0,0,0,
84483290,Other parts and accessories of machines for textile material production,2,14,0,0,10,
84483310,Spindle sliders for textile preparation machines,2,14,0,0,10,
84483390,"Spindles, their vanes and rings, for textile preparation machines",2,14,0,0,10,
84483911,Parts and accessories for intermittent spinning machines (self-spinning machines) for preparing textile materials,2,14,0,0,10,
84483912,Parts and accessories of tow-to-yarn machines for preparing textile materials,0,0,0,0,0,
84483917,Parts and accessories of other spinning machines for textile materials,2,14,0,0,10,
84483919,Parts and accessories of machines for doubling/twisting textile materials,2,14,0,0,10,
84483921,Parts and accessories of weft winding machines,0,0,0,0,0,
84483922,Parts/accessories of automatic winding machines for elastane yarns,0,0,0,0,0,
84483923,Parts and accessories of other automatic winding machines,2,14,0,0,10,
84483929,Parts and accessories of other reeling/winding machines,2,14,0,0,10,
84483991,Parts and accessories of warpers,2,14,0,0,10,
84483992,Parts and accessories of heddle and reed drawing-in machines,0,0,0,0,0,
84483999,Parts and accessories of other machine for working textile material,2,14,0,0,10,
84484200,"Reeds, heddles and heddle frames for weaving looms",2,14,0,0,10,
84484910,Parts and accessories of auxiliary machinery for looms,2,14,0,0,10,
84484920,"Parts and accessories of looms for weaving fabrics of a width > 30 cm, shuttleless, water-jet or projectile type",0,0,0,0,0,
84484990,Other parts and accessory of looms for weaving fabric,2,14,0,0,10,
84485100,"Sinkers, needles, etc. used in forming stitches",0,0,0,0,0,
84485910,Parts and accessories of circular knitting machines,2,14,0,0,10,
84485921,Parts and accessories of hand-operated flat knitting machines,16,16,16,16,10,
84485922,Parts and accessories of flat warp knitting machines used for the production of knitted fabrics,0,0,0,0,0,
84485929,Other parts and accessories of other flat knitting,2,14,0,0,10,
84485930,"Parts and accessories of machines for the manufacture of nets, tulles, mesh fabrics, etc.",0,0,0,0,0,
84485940,"Parts and accessories of machines for the manufacture of guipure, lace, and similar products",14,14,2,0,10,
84485990,"Other parts/accessories of other knitting, stitch-bonding machines",2,14,0,0,10,
84490010,Machinery for the manufacture/finishing of felt,14,14,2,0,10,
84490020,Machinery for the manufacture of nonwovens,0,0,0,0,0,
84490080,Other machinery for the manufacture/finishing of felt hat,14,14,2,0,10,
84490091,Other machinery for the manufacture of nonwovens,0,0,0,0,0,
84490099,"Parts and accessories of machinery for manufacture/finishing of felt, etc.",2,14,0,0,10,
84501100,"Washing machines, capacity ≤ 10 kg, fully automatic machines",20,20,8,20,15,
84501200,"Washing machines, capacity ≤ 10 kg, with built-in centrifugal dryer",20,20,20,20,E,
84501900,"Other washing machines, capacity ≤ 10 kg of dry clothes",20,20,20,20,10,
84502010,Continuous laundry washing tunnels capacity>10kg dry clothes,0,0,0,0,0,
84502090,"Other washing machines, capacity > 10 kg of dry clothes",35,14,0,0,15,
84509010,"Parts of washing machines, capacity > 10 kg of dry clothes",14,14,0,0,10,
84509090,"Parts of washing machines, capacity ≤ 10 kg of dry clothes",16,16,16,16,10,
84511000,Dry-cleaning machines,14,14,2,0,10,
84512100,"Clothes drying machines, capacity ≤ 10 kg of dry clothes",20,20,20,20,15,
84512910,"Other machines for drying clothes (microwaves type), production ≥ 120 kg/h",0,0,0,0,0,
84512990,Other machines for drying clothes,2,14,0,0,15,
84513010,"Ironing machines and presses for clothes, automatics",0,0,0,0,0,
84513091,"Ironing presses for clothes, weighing ≤ 14 kg",20,20,20,20,10,
84513099,"Other ironing machines and presses, including fusing presses",14,14,0,0,15,
84514010,Machines for washing yarns/fabric/articles of textile materials,14,14,0,0,15,
84514021,"Machines for dyeing fabrics in rolls, by static pressure, etc.",2,14,0,0,15,
84514029,Other machines for dyeing or bleaching fabric yarns,14,14,0,0,15,
84514090,Machines for dyeing or bleaching other textile materials,14,14,0,0,10,
84515010,Inspection machines for fabrics,0,0,0,0,0,
84515020,"Automatic machines, for stacking or cutting fabrics",0,0,0,0,0,
84515090,"Other machines for reeling, unreeling, folding, pinking fabrics",14,14,2,0,10,
84518000,Other machinery for working textile materials,2,14,0,0,10,
84519010,"Parts of drying machines, capacity ≤ 10 kg of dry clothes",16,16,16,16,10,
84519090,Parts of other machinery for working textile materials,14,14,0,2,10,
84521000,"Sewing machines, domestic use",20,20,20,20,15,
84522110,"Sewing machines for leather or skins, automatic",0,0,0,0,0,
84522120,"Sewing machines, automatic",0,0,0,0,0,
84522190,"Sewing machines for other materials, automatic",0,0,0,0,0,
84522910,"Sewing machines for leather or skins, non-automatic",2,10,0,0,10,
84522921,"Overlock sewing machines, non-automatic",0,0,0,0,0,
84522922,"Buttonhole sewing machines, non-automatic",0,0,0,0,0,
84522923,"Zig-zag machines, for inserting elastic, non-automatic",0,0,0,0,0,
84522924,"Straight stitch sewing machines, non-automatic",2,10,0,0,8,
84522925,"Overedge sewing machines (coverstitch machines), non-automatic",2,10,0,0,8,
84522929,"Other sewing machines for textiles, non-automatic",0,0,0,0,0,
84522990,"Other sewing machines, non-automatic",2,10,0,0,10,
84523000,Sewing machine needles,2,14,0,0,10,
84529020,"Furniture, bases and covers for sewing machines and its parts",18,18,18,18,10,
84529081,"Thread guides, shuttle hooks, and bobbin holders for sewing machines",16,16,16,16,10,
84529089,Other parts of sewing machines for domestic use,16,16,16,16,10,
84529091,"Thread-guides, shuttles hooks, etc. for other sewing machines",2,14,0,0,10,
84529092,Parts for overlock sewing machines,0,0,0,0,0,
84529093,Rotary shuttles for sewing machines,0,0,0,0,0,
84529094,Bodies cast by moulding,14,14,0,0,15,
84529099,Parts of other sewing machines,0,0,0,0,0,
84531010,"Machines for splitting leather with a usable width of ≤ 3 m, endless blades, featuring programmable electronic control",14,14,0,0,10,
84531090,"Other machines for the preparation, tanning, and working of leather and skins",14,14,0,0,10,
84532000,Machinery for making or repairing footwear,2,14,2,0,10,
84538000,Machines for making/repairing footwear/other articles of leathers/skins,14,14,0,0,10,
84539000,"Parts of machines for production/tanning, etc. of leathers/skins",14,14,0,2,10,
84541000,"Converters for metallurgy, steelmaking, or foundry",14,14,0,0,10,
84542010,Ingot moulds,2,14,0,0,10,
84542090,Crucibles or foundry ladles,14,14,0,0,E,
84543010,Pressure die-casting machines,2,14,2,0,15,
84543020,Centrifugal casting machines,0,0,0,0,0,
84543090,"Other casting machines used in metallurgy/metal foundries, etc.",14,14,2,0,15,
84549010,Parts of centrifugal casting machines,0,0,0,0,0,
84549090,"Parts of converters, etc., for metallurgy, steelmaking, or foundry",14,14,2,2,10,
84551000,"Tube mills, of metal",14,14,0,0,10,
84552110,"Hot rolling mills and combined hot and cold rolling mills, with smooth rollers, of metals",2,14,0,0,10,
84552190,"Other hot rolling mills and combined hot and cold rolling mills, with smooth rollers, of metals",14,14,0,0,15,
84552210,"Cold-rolling mills for metal, with smooth rolls",14,14,2,0,15,
84552290,Other cold-rolling mills for metal,14,14,0,0,10,
84553010,"Rolls for rolling mills, melted, of steel/nodular iron",14,14,2,0,10,
84553020,"Rolls for rolling mills, etc. carbon ≥ 0,80 %, etc.",0,0,0,0,0,
84553090,Other rolls for rolling mills of metal,2,14,2,0,10,
84559000,Other parts of metal mills,14,14,0,2,10,
84561011,"Laser or other light or photon beam machine tools, numerically controlled, for cutting metal sheets with a thickness > 8 mm",0,0,0,0,0,
84561019,"Other laser or other light or photon beam machine tools, numerically controlled, for cutting metal sheets with a thickness > 8 mm",14,14,2,0,10,
84561090,"Other machine-tools operated by laser, etc.",14,14,0,0,15,
84562010,"Ultrasonic machine-tools, numeric controlled",0,0,0,0,0,
84562090,Other machine-tools operated by ultrasonic processes,0,0,0,0,0,
84563011,"Electroerosion machine tools for texturing cylindrical surfaces, numeric controlled",0,0,0,0,0,
84563019,"Other machine tools operated by electrodischarge, numerically controlled",2,14,2,0,10,
84563090,Other machine-tools operated by electrodischarge,14,14,2,0,10,
84569000,Other machine tools working to remove any material,14,14,0,0,15,
84571000,"Machining centres, for working metals",14,20,2,0,15,
84572010,"Unit construction machine, for working metals, numerically controlled",14,14,2,0,10,
84572090,"Other unit construction machines, for working metals",14,14,2,0,10,
84573010,"Multi-station transfer machines, for working metals, numerically controlled",14,14,2,0,10,
84573090,"Other multi-station transfer machines, for working metals",14,14,0,0,10,
84581110,"Horizontal lathes for working metals, with numerical control and turret type",14,14,2,0,10,
84581191,"Horizontal lathes for working metals, 6 or more work spindle holder",0,0,0,0,0,
84581199,"Other horizontal lathes, for working metals, with numeric control",14,14,0,0,15,
84581910,"Horizontal lathes, for working metals, with numerical control and turret type",14,14,0,0,10,
84581990,"Other horizontal lathes for working metals, without numerical control",14,14,2,0,10,
84589100,"Other horizontal lathes for working metals, with numerical control",14,14,0,0,10,
84589900,"Other lathes for working metals, without numerical control",14,14,0,0,15,
84591000,"Machine tools for drilling, boring, milling, tapping internally or externally metals, units with sliding head",14,14,2,0,10,
84592110,"Machine tools for drilling, etc. metals, radial, numerically controlled",14,14,0,0,10,
84592191,"Machine tools for drilling, etc. metals, with more than one single- or multi-spindle head",14,14,2,0,10,
84592199,"Other machine tools for drilling, etc. metals, with numerical control",14,14,0,0,10,
84592900,"Other machine-tools for drilling, etc. metals",14,14,0,0,10,
84593100,"Other boring-milling machines for working metals, with numerical control",14,14,2,0,10,
84593900,"Other boring-milling machines for working metals, without numerical control",14,14,0,0,10,
84594000,Other boring machines for working metals,14,14,0,0,10,
84595100,"Milling machines, for working metals, with console, with numerical control",14,14,0,0,10,
84595900,"Milling machines, for working metals, with console, without numerical control",14,14,0,0,10,
84596100,"Milling machines, for working metals, without console, without numerical control",14,14,0,0,10,
84596900,"Milling machines for working metals, without console, without numerical control",14,14,0,0,15,
84597000,"Other threading or tapping machines, for working metals",2,14,0,0,10,
84601100,"Machines for grinding flat surfaces etc., with numerical control",14,14,0,0,15,
84601900,"Other machines for grinding flat surfaces, etc.",14,14,0,0,15,
84602100,"Other machines for grinding flat surfaces ≥ 0,01 mm, with numerical control",14,14,2,0,10,
84602900,"Other machine tools for griding/cermets, precision ≥ 0,01 mm",14,14,2,0,15,
84603100,"Machine tools for sharpening/cermets, with numerical control",2,14,2,0,15,
84603900,Other machines-tools for sharpening/cermets,14,14,0,0,15,
84604011,"Honning machines for cylinders of metals, diameter ≤ 312 mm, with numerical control",14,14,2,0,10,
84604019,"Honning machines for metals/cermets, with numerical control",14,14,2,0,10,
84604091,"Other honning machines for cylinders of metals/cermets, diameter ≤ 312 mm",14,14,0,0,10,
84604099,Other honning machines for cylinders of metals/cermets,14,14,0,0,10,
84609011,"Other machine tools for polishing metals/cermets, with five or more heads and a rotary workpiece holder, with numerical control",0,0,0,0,0,
84609012,"Grinding machine tools, heads ≥ 2, rotary workpiece holder",0,0,0,0,0,
84609019,"Other machine tools for sharpening etc. metals/cermets, with numerical control",14,14,2,0,10,
84609090,"Other machine tools for sharpening, etc. metals/cermets",2,14,0,0,10,
84612010,Machine-tools for gears,2,14,0,0,10,
84612090,Machine-tools for shaping gear,14,14,0,0,10,
84613010,"Gear broaching machines, with numerical control",2,14,2,0,10,
84613090,Other gear broaching machines,14,14,2,0,10,
84614010,"Machines for cutting or finishing gears, with numerical control",0,0,0,0,0,
84614091,Gear tooth rounding machines,2,14,2,0,10,
84614099,Other machines for cutting or finishing gears,2,14,0,0,10,
84615010,"Machine tools for cutting or sectioning metals, with endless saw blades",14,14,2,0,15,
84615020,"Machine tools for cutting or sectioning metals, circular saws blades",14,14,0,0,10,
84615090,Other machine tools for cutting or sectioning metals,14,14,0,0,10,
84619010,"Other machine tools that operate by metal or cermet removal, not specified or included in other positions, with numerical control",14,14,0,0,10,
84619090,"Other machine tools that operate by metal or cermet removal, etc.",14,14,0,0,10,
84621011,"Machine tools for stamping metals, with numerical control",14,14,0,0,E,
84621019,"Machines (including presses) for forging hammers, power hammers, and trip hammers, with numerical control",14,14,2,0,E,
84621090,"Other machines (including presses) for forging hammers, power hammers, and trip hammers, with numerical control",14,14,0,0,10,
84622100,"Machines (including presses) for rolling, bending, coiling, straightening, or flattening metals, with numerical control",35,14,2,0,15,
84622900,"Other machines (including presses) for rolling, bending, coiling, straightening, or flattening metals",35,14,0,0,15,
84623100,"Machines-tools for shearing metals, with numerical control",14,14,2,0,15,
84623910,"Machines-tools for shearing metals, guillotine type",14,14,2,0,15,
84623990,Other machines-tools for shearing metals,14,14,2,0,15,
84624100,"Machine-tools for punching/notching metals, with numerical control",14,14,2,0,10,
84624900,"Other machine-tools for punching/notching metals, with numerical control",14,14,0,0,15,
84629111,"Hydraulic presses for moulding metal powders by sintering, capacity ≤ 35 000 kN",14,14,2,0,10,
84629119,"Other hydraulic presses for metals, etc., capacity ≤ 35 000 kN",14,14,0,0,15,
84629191,Other hydraulic presses for moulding metal powders by sintering,14,14,2,0,E,
84629199,Other hydraulic presses for metals/metallic carbides,14,14,2,0,E,
84629910,Other presses for moulding metal powders by sintering,14,14,2,0,10,
84629920,Other presses for extrusion of metals/metallic carbides,14,14,2,0,10,
84629990,Other presses for working metals/metallic carbides,14,14,0,0,15,
84631010,Benches for tubes of metals/cermets,14,14,2,0,15,
84631090,"Benches for tubes, profiles, wires of metals/cermets",14,14,2,0,10,
84632010,"Machines for internal or external threading by rolling, with numerical control",14,14,2,0,10,
84632091,"Other machine tools of flat combs, capacity ≥ 160 threads/min",0,0,0,0,0,
84632099,"Other machines for thread by rolling, for metals mills, etc.",14,14,0,0,10,
84633000,Machines for working wire and threads of metal,14,14,0,0,10,
84639010,"Other machine tools for working metals or cermets, operating without material removal, with numerical control",2,14,0,0,10,
84639090,"Other machine tools for working metals, without material removal",14,14,2,0,15,
84641000,"Machine tools for sawing stones, ceramics, concrete, etc.",14,14,0,0,15,
84642010,Machines-tools for grinding or polishing glass,14,14,0,0,15,
84642021,"Machine tools for polishing floor, wall tiles, slabs of ceramic",0,0,0,0,0,
84642029,Other machines-tools for grinding or polishing ceramic,14,14,0,0,10,
84642090,"Machines-tools for grinding or polishing stone, etc.",14,14,0,0,10,
84649011,"Other machine tools for grinding, milling, and drilling glass, with numerical control",0,0,0,0,0,
84649019,Other machines tools for cold-working of glass,2,14,0,0,10,
84649090,"Other machines-tools for working tools, ceramics, etc.",14,14,0,0,15,
84651000,"Machine tools for working wood, etc. for different operations without tools",2,14,0,0,10,
84659110,"Machine-tools for sawing wood, cork, etc. bandsaws",14,14,2,0,10,
84659120,"Machine-tools for sawing wood, cork, etc. circular saws",14,14,0,0,15,
84659190,"Other machine-tools for sawing wood, cork, bone, etc.",14,14,0,0,15,
84659211,"Milling machines for wood, cork, bone, hardened rubber, hard plastics, or similar hard materials, with numerical control",2,14,0,0,10,
84659219,"Machine tools for planing, etc. wood, etc. with numerical control",2,14,0,0,10,
84659290,"Other machine-tools for planing, etc. wood, cork, etc.",2,14,0,0,10,
84659310,"Sanding machines for wood, cork, bone, hard rubber, etc.",2,14,0,0,10,
84659390,"Other machine-tools for grinding/polishing wood, cork, etc.",14,14,0,0,10,
84659400,"Machine-tools for bending/assembling wood, cork, bone, etc.",14,14,0,0,10,
84659511,"Machine-tools for drilling wood, cork, etc. with numerical control",14,14,0,0,10,
84659512,"Machine-tools for morticing wood, cork, etc. with numerical control",14,14,2,0,E,
84659591,"Other machine-tools for drilling wood, cork, bone, etc.",2,14,0,0,10,
84659592,"Other machine-tools for morticing wood, cork, bone, etc.",14,14,2,0,E,
84659600,"Machine-tools for splitting/slicing/paring wood, etc.",2,14,2,0,10,
84659900,"Other machine-tools for working wood, cork, bone, etc.",2,14,0,0,10,
84661000,Tool holders and automatic opening dies,14,14,0,2,15,
84662010,Workpieces holders for lathes,14,14,0,2,15,
84662090,Workpieces holders for other machines and tools,14,14,0,2,15,
84663000,Dividing heads/special attachments for machines-tools,14,14,0,2,10,
84669100,"Parts and accessories of machine tools for working stone, concrete, etc.",14,14,0,2,10,
84669200,"Parts and accessories of machine tools for working wood, bone, etc.",14,14,0,2,10,
84669311,Parts and accessories of machine tools operated by ultrasound,0,0,0,0,0,
84669319,"Parts and accessories of machine tools operated by laser, etc.",14,14,0,0,10,
84669320,"Parts and accessories of machining centres, etc., for working metal",14,14,0,2,10,
84669330,Parts and accessories of lathes for metals,14,14,0,2,10,
84669340,"Parts and accessories of machine tools for drilling, milling, etc. metals",14,14,0,2,10,
84669350,"Parts and accessories of machine tools for sharpening, etc. metals",14,14,0,2,10,
84669360,"Parts and accessories of machine tools for planing, etc. gear",14,14,0,2,10,
84669410,"Parts and accessories of machine tools for forging, etc. metals",14,14,0,2,10,
84669420,"Parts and accessories of machine tools for rolling, etc. metals",14,14,0,2,10,
84669430,Parts and accessories of machine tools for extrusion of metals,14,14,2,2,10,
84669490,"Parts and accessories of other machine tools for working metals, etc.",14,14,0,2,10,
84671110,"Rotary pneumatic drills, for manual use",2,14,0,0,10,
84671190,"Other rotary pneumatic tools, for manual use",2,14,0,0,10,
84671900,"Other pneumatic tools, for manual use",2,14,0,0,10,
84672100,Drills with built-in electric motor,20,20,8,20,10,
84672200,Saws with built-in electric motor,20,20,20,20,10,
84672910,Shears with built-in electric motor,20,20,20,20,10,
84672991,"Cutters for textiles, with built-in electric motor",20,20,20,20,10,
84672992,Screwdrivers and tapping machines with built-in electric motor,35,20,20,20,10,
84672993,Hammers with built-in electric motor,2,14,2,0,10,
84672999,Other tools with built-in electric motor,20,20,20,20,10,
84678100,"Chain saws, for manual use",2,10,0,0,10,
84678900,"Other tools for manual use, hydraulic electric motor/non-electric",14,14,0,0,10,
84679100,"Parts of chain saws, for manual use",2,14,0,0,10,
84679200,"Parts of pneumatic tools, for manual use",14,14,0,2,10,
84679900,"Parts of tools for manual use, hydraulic electric motor/non-electric",14,14,0,2,15,
84681000,"Blowtorches, manual use",16,16,16,16,10,
84682000,Other gas-powered machines and appliances for surface hardening,14,14,2,0,10,
84688010,Machine-tools for friction welding,0,0,0,0,0,
84688090,Machine-tools for welding,14,14,0,0,15,
84689010,"Parts of blowtorches, manual use",16,16,16,16,15,
84689020,Pats of machine-tools for friction welding,0,0,0,0,0,
84689090,"Parts of other machinery for welding, gas-machines and devices",14,14,0,2,10,
84690010,Word-processing machines,14,14,0,0,10,
84690021,"Electronic typewriters, with printing speed ≤ 40 characters/second",20,20,17,20,10,
84690029,Other automatic typewriters,20,20,20,20,10,
84690031,"Stenotypes, non-electric weight ≤ 12 kg",0,0,0,0,0,
84690039,"Other typewriters, non-electric",20,20,20,20,10,
84701000,"Electronic calculators etc., operating without external source of electric power, etc.",20,20,2,20,10,
84702100,"Electronic calculating machines, with built-in printer device",20,20,2,20,10,
84702900,Other electronic calculating machines,20,20,2,20,10,
84703000,Other calculating machines,20,20,8,20,10,
84705011,"Cash registers, capable of electronic communication with computer, etc.",16,16,2,2,10,
84705019,Other electronic cash registers,16,16,2,2,15,
84705090,Other cash registers,14,14,0,0,10,
84709010,Postage-franking machines,0,0,0,0,0,
84709090,"Other franking machines, tickets-issuing machines and similar",14,14,0,0,10,
84713011,"Portable data processing machines, battery/electric powered, weight < 350 g, screen area ≤ 140 cm2",2,0,0,2,4,
84713012,"Portable data processing machines, battery/electric powered, weight < 3,5 kg, screen area < 560 cm2",35,16,0,2,15,
84713019,"Other portable data processing machines, battery/electric powered, portable, weight ≤ 10 kg",35,16,0,2,15,
84713090,"Other portable data processing machines, battery/electric powered, portable weight ≤ 10 kg, etc.",16,16,2,2,E,
84714110,"Digital data-processing machines, weight < 750 g, etc., data entry/command, screen area < 280 cm2",35,12,0,2,10,
84714190,"Other digital data processing machines, with a CPU, whether or not combined with input and output units",35,16,0,2,15,
84714900,Other automatic data processing machines in the form of systems,35,16,2,2,15,
84715010,"Small-capacity digital processing unit, microprocessor, etc., fob ≤ USD 12 500",16,16,0,2,15,
84715020,"Medium-capacity digital processing unit, etc. USD 12 500 < fob ≤ USD 46 000",12,12,2,2,15,
84715030,"Big-capacity digital processing unit, etc., USD 46 000 < fob ≤ USD 100 000",8,8,2,2,10,
84715040,"Very big-capacity digital processing unit, etc., fob > USD 100 000",4,4,2,2,4,
84715090,"Other digital processing, etc.",16,16,2,2,10,
84716052,Keyboards for automatic data processing machines,12,12,0,2,10,"ex Category ""0"" only for: ""Keyboard specially adapted for disabled people"""
84716053,Indicators for automatic data processing machines,12,12,0,2,10,"ex Category ""0"" only for: ""Indicator or pointer device - computer mouse - specially adapted for disabled person"""
84716054,"Digitizing tables, for automatic data processing machines",12,12,2,2,10,
84716059,"Other input units, for automatic data processing machines",12,12,2,2,10,
84716061,Terminal devices with an alphanumeric keyboard and monochrome video display,16,16,2,2,10,
84716062,Terminal devices with an alphanumeric keyboard and polychrome video display,16,16,0,2,10,
84716080,Self-service banking terminals,16,16,2,2,E,
84716090,Other input/output units for data-processing machines,16,16,2,2,10,"ex Category ""0"" only for: ""Braille products"""
84717011,"Magnetic disk units, for floppy disks",2,0,0,2,4,
84717012,"Magnetic disks units, for hard drives",8,8,0,2,10,
84717019,Other units of magnetic disks,8,8,0,2,10,
84717021,"Optical disk units, for data reading",2,0,0,2,4,
84717029,Other units of optical disks,2,0,0,2,4,
84717032,"Magnetic tape units, for cartridges",2,0,0,2,4,
84717033,"Magnetic tape units, for cassette",2,0,0,2,4,
84717039,Other magnetic tape units,12,12,2,2,10,
84717090,Other storage units,12,12,2,2,10,
84718000,Other automatic units of data-processing machines,16,16,0,2,15,
84719011,Readers or recorders of magnetic cards,12,12,0,2,10,
84719012,Bar-code readers,12,12,0,2,10,
84719013,Magnetizable character readers,12,12,0,2,10,
84719014,Scanners,2,0,0,2,4,
84719019,Other data processing readers or recorders,12,12,2,2,15,
84719090,"Other automatic data-processing machines, their units",16,16,2,2,15,
84721000,"Hectograph or stencil duplicating machines, for office use",2,14,0,0,10,
84723010,Automatic machines for obliterating postage stamps,2,0,2,2,4,
84723020,"Automatic machines for sorting correspondence by format, classifying and distributing it etc.",2,0,2,2,4,
84723030,"Automatic machines for selecting and distributing parcels, using optical reading of the postal code",2,0,2,2,4,
84723090,"Other machines for sorting, folding, enveloping or strapping correspondence, etc.",0,0,0,0,0,
84729010,"Automatic cash dispensers, including those performing other operations",16,16,2,2,10,
84729021,"Machines of the type used in bank tellers, with an authentication device, electronic, etc.",16,16,2,2,10,
84729029,"Other banking machines, with devices for authenticating",16,16,2,2,15,
84729030,Machines for sorting and counting coins or paper money,14,14,0,0,10,
84729040,"Pencil sharpeners, punchers, staplers and unstaplers",18,18,18,18,10,
84729051,"Automatic document sorters, etc., classification capacity > 400 documents per minute",2,0,2,2,4,
84729059,"Other automatic document sorters, incorporating readers or writers of item 8471.90.1",12,12,2,2,10,
84729091,Machines for printing addresses or for stamping address plates,0,0,0,0,0,
84729099,"Other office, banking, etc. machines and equipment",2,14,0,0,10,
84731010,Parts and accessories of word processing machines,14,14,0,0,10,
84731090,"Other parts and accessories of machines of heading 84.69, except word processing machines",16,16,16,16,10,
84732100,Parts and accessories of electronic calculating machines,16,16,16,16,10,
84732910,"Printed circuits, assembled, for cash register",12,12,2,2,10,
84732920,Parts and accessories of other calculating/accounting machines,16,16,16,16,10,
84732990,"Parts and accessories for franking machines, ticket issuing machines, etc.",8,8,2,2,10,
84733011,"Cabinet with power supply, for automatic data-processing machines",12,12,0,2,10,
84733019,"Other cabinets, for automatic data-processing machines",10,10,0,2,10,
84733031,"Hard disk drive head disk assembly (HDA), assembled",4,0,0,2,4,
84733032,Magnetic head positioning arms for disk/tape drives,0,0,0,0,0,
84733033,Magnetic heads for disks of tape units,0,0,0,0,0,
84733034,Winding mechanisms for magnetic tape conveyors,0,0,0,0,0,
84733039,Other magnetic disk/tape drive parts and accessories,4,0,0,2,4,
84733041,"Motherboards, assembled, for data processing machines",12,12,0,2,E,
84733042,Memory boards (modules) with a surface area ≤ 50 cm2,12,12,0,2,10,
84733043,"Microprocessor boards, even with heat dissipation device",0,0,0,0,0,
84733049,Other printed circuits for automatic data processing machines,12,12,0,2,10,
84733092,"Screen for portable microcomputers portable, polychromatic",0,0,0,0,0,
84733099,Other parts and accessories for automatic data processing machines,8,8,0,2,10,
84734010,Printed circuits with assembled electrical or electronic components for office machines/apparatus,12,12,0,2,E,
84734070,Other parts and accessories of banknote dispensing machines etc.,14,14,2,2,10,
84734090,"Other parts and accessories for office machines and equipment, etc.",8,8,2,2,10,
84735010,"Printed circuits with assembled electrical or electronic components, which can be used interchangeably etc.",12,12,2,2,E,
84735040,"Magnetic heads, which can be used interchangeably etc.",0,0,0,0,0,
84735050,"Memory modules with a surface area ≤ 50 cm2, which can be used interchangeably etc.",12,12,2,2,E,
84735090,Other parts and accessories which can be used interchangeably etc.,16,16,2,2,10,
84741000,"Machines and apparatus for selecting, sifting, separating or washing solid mineral substances",14,14,2,0,10,
84742010,"Machinery for grinding, etc. solid mineral substances, ball mills",14,14,0,0,10,
84742090,"Other machinery for grinding, etc. solid mineral substances",14,14,0,0,10,
84743100,Cement mixers and apparatus for kneading cement,14,14,2,0,10,
84743200,Machines for mixing mineral substances with bitumen,14,14,2,0,15,
84743900,Other machinery for mixing/kneading solid mineral substances,14,14,0,0,15,
84748010,Machinery for production of moulds of sand for foundry,2,14,2,0,10,
84748090,"Machinery for agglomerating/moulding solid mineral fuels, etc.",14,14,0,0,10,
84749000,"Parts of machinery for screening, etc. mineral substances",14,14,0,2,10,
84751000,"Machines for assembling electric lamps, tubes, valves, etc.",0,0,0,0,0,
84752100,Machines for making optical fibres and its sketches,14,14,2,0,10,
84752910,"Machines for making glass containers, except flasks",2,14,0,0,10,
84752990,Other machines for manufacturing or hot working glass or glassware,14,14,0,0,15,
84759000,Parts of machines for manufacturing or hot working glass or glass products,14,14,0,0,10,
84762100,"Automatic drinks vending machines, with built-in heating or cooling device",2,14,0,0,15,
84762900,Other automatic drinks vending machines,14,14,0,0,10,
84768100,Automatic food vending machines with built-in heating or cooling device,2,14,0,0,10,
84768910,Other automatic postal stamps vending machines,0,0,0,0,0,
84768990,Other automatic vending machines of other products,2,14,0,0,10,
84769000,Parts of automatic vending machines,2,14,0,0,10,
84771011,"Horizontal, numerically controlled, single-color injection moulding machines for thermoplastic materials, injection capacity ≤ 5 000 g, clamping force≤ 12 000 kN",2,14,0,0,10,
84771019,Other horizontal numerically controlled injection moulding machines for rubber or plastics,2,14,0,0,10,
84771021,"Other moulding machines, monocolour, for thermoplastic materials, with an injection capacity ≤ 5 000 g, clamping force ≤ 12 000 kN",2,14,0,0,10,
84771029,Other horizontal injection moulding machines for rubber or plastics,2,14,0,0,10,
84771091,Other numerically controlled rubber/plastic injection moulding machines,2,14,0,0,10,
84771099,Other rubber/plastic injection moulding machines,14,14,0,0,10,
84772010,"Extruders for thermoplastics materials, screw diameter ≤ 300 mm",2,14,0,0,10,
84772090,Other extruders for rubber or plastic,2,14,0,0,10,
84773010,"Blow-moulding machines for manufacturing thermoplastic containers ≤ 5 l, production rate ≤ 1 000 units/h, etc.",14,14,0,0,10,
84773090,Other blow-moulding machines for rubber/plastic,14,14,0,0,10,
84774010,Expanded polystyrene (EPS) or expanded polypropylene (EPP) vacuum moulding machines,0,0,0,0,0,
84774090,Other vacuum-moulding machines or thermoforming machines,2,14,0,0,10,
84775100,Machines for moulding or retreading tyres or for moulding or shaping inner tubes,2,14,0,0,10,
84775911,Presses for moulding rubber/plastic capacity ≤ 30 000 kN,14,14,0,0,10,
84775919,Other presses for moulding rubber/plastic,14,14,2,0,15,
84775990,Other machinery for moulding rubber/plastic,2,14,0,0,10,
84778010,"Machine for joining rubber sheets together or with rubberized fabrics, for the manufacture of tires",0,0,0,0,0,
84778090,Other machinery and apparatus for working rubber/plastic or for manufacturing products thereof,2,14,0,2,10,
84779000,Parts of machines for working rubber/plastic or for manufacturing products thereof,14,14,0,2,10,
84781010,Automatic machines for separating stems from leaves of tobacco,14,14,2,0,10,
84781090,Other machinery for preparing/making up tobacco,14,14,0,0,10,
84789000,Parts of machinery for preparing/making up tobacco,14,14,0,0,10,
84791010,"Self-propelled machines for laying, etc. bituminous road cover",14,14,0,2,10,
84791090,"Other machinery for public works, building, etc.",14,14,0,0,10,
84792000,"Machinery for extraction, etc. oil/fat vegetable/animal",14,14,0,0,15,
84793000,"Presses for making panel of particles, wood fibres, etc.",14,14,0,0,15,
84794000,Rope or cable-making machines,2,14,0,0,10,
84795000,Industrial robots,14,14,0,0,10,
84796000,Apparatus of evaporation for cooling of the air,14,14,0,0,10,
84797100,"Boarding bridges for passengers, airport use",14,14,0,0,10,
84797900,Other boarding bridges,14,14,0,0,10,
84798110,Differentiators of input and output tensile stresses of the sheet metal in electroplating installations,0,0,0,0,0,
84798190,Other machines and mechanical appliances for treating metal,2,14,0,0,10,
84798210,Other mixers,2,14,0,0,10,
84798290,"Other machinery for kneading, crushing, grinding, separating etc.",14,14,0,0,E,
84798911,Other presses,14,14,0,0,E,
84798912,Other machines for measuring/dispensing solids/liquids,14,14,0,0,15,
84798921,Basketware and wickerwork machinery,0,0,0,0,0,
84798922,Brush-making machinery,0,0,0,0,0,
84798931,"Electric windshield wipers, for aircrafts",18,18,18,18,15,
84798932,Hydraulic accumulators for aircrafts,18,18,18,18,10,
84798940,"Metal silos for cereals, fixed, including batteries, etc.",14,14,0,0,10,
84798991,Ultrasonic cleaning equipment,14,14,0,0,15,
84798992,Machines of rudder for embarkations,14,14,0,0,10,
84798999,Other machines and mechanical appliances with their own function,2,14,0,0,10,
84799010,"Parts of windshield wipers, etc. for aircrafts",16,16,16,16,15,
84799090,Other parts of machines and mechanical appliances with their own function,14,14,0,2,10,
84801000,Moulding boxes for metal foundry,14,14,2,0,E,
84802000,Mould bases,14,14,0,0,15,
84803000,Moulding patterns,14,14,2,0,10,
84804100,"Molds for metals, etc. by injection/compression",35,30,0,0,15,
84804910,Moulds for metal/metal carbides,14,14,2,0,10,
84804990,Other moulds for metal/metal carbides,14,14,0,0,15,
84805000,Moulds for glass,14,14,2,0,10,
84806000,Moulds for mineral materials,14,14,0,0,10,
84807100,"Molds for rubber/plastic, by injection, etc.",35,30,0,0,E,
84807900,Other moulds for rubber/plastic,2,14,0,0,10,
84811000,Pressure-reducing valves,14,14,2,14,15,
84812011,"Rotative valves, of boxes of hydraulic direction, with pinion",14,14,14,14,10,
84812019,"Other valves for oil-hydraulic or pneumatic transmissions, rotary, for hydraulic steering gears",0,0,0,0,0,
84812090,Other valves for oleohydraulic or pneumatic transmissions,14,14,0,14,10,
84813000,Check valves,14,14,0,14,10,
84814000,Safety or relief valves,14,14,0,14,10,
84818011,"Evacuation valves, used in bathroom and kitchen",18,18,18,18,10,
84818019,"Other appliances, used in bathroom and kitchen",18,18,18,18,10,
84818021,Thermostatic or pressure sensitive expansion valves,14,14,0,2,10,
84818029,Other devices used in cooling,14,14,0,14,15,
84818031,"Other valves, used in gas equipment, working pressure ≤ 50 mbar, incorporating thermoelectric safety device, for household appliances",18,18,18,18,10,
84818039,Other valves used in gas equipment,14,14,0,2,10,
84818091,Aerosol valves,18,18,18,18,10,
84818092,Solenoid valves,14,14,0,14,10,
84818093,Sluice valves,14,14,2,14,15,
84818094,Globe valves,14,14,2,14,10,
84818095,Spherical valves,14,14,2,14,10,
84818096,Male valves,14,14,2,14,10,
84818097,Butterfly valves,14,14,0,14,E,
84818099,"Taps and other appliances for pipes, etc.",14,14,0,14,10,
84819010,Parts of aerosol valves or devices of item 8481.80.1,16,16,16,16,10,
84819090,"Parts of taps, other appliances for canalisations, etc.",14,14,0,14,10,
84821010,"Ball bearings, radial load",16,16,5,16,10,
84821090,Other ball bearings,16,16,13,16,10,
84822010,"Tapered roller bearings, including assemblies consisting of cones and tapered rollers, for radial load",16,16,16,16,10,
84822090,Other tapered roller bearings,16,16,16,16,10,
84823000,Spherical roller bearings,16,16,5,16,10,
84824000,Needle roller bearings,16,16,5,16,10,
84825010,"Cylindrical roller bearings, radial",16,16,5,16,10,
84825090,Other cylindrical roller bearings,16,16,5,16,10,
84828000,"Other roller bearings, including combined ball/roller bearings",16,16,5,16,10,
84829111,Balls of gaged steel for ballpoint pens,14,14,14,14,15,
84829119,Other balls of gaged steel for roller bearings,4,14,5,14,10,
84829120,Cylindrical rollers for roller bearings,14,14,5,14,10,
84829130,Conical rollers for roller bearings,14,14,5,14,10,
84829190,"Other balls, needles and rollers, for rollers bearings",14,14,5,14,10,
84829910,"Other seals, covers and holder-spheres of steel",2,2,2,2,4,
84829990,Other bearing parts,4,14,5,14,10,
84831011,"Forged crankshafts, weight ≥ 900 kg and length ≥ 2 000 mm",2,2,2,2,10,
84831019,Other crankshafts,16,16,5,16,10,
84831020,Cam shafts for controlling valves,16,16,5,16,10,
84831030,Flexible shafts of transmission,16,16,5,16,E,
84831040,Cranks,16,16,5,16,10,
84831050,"Transmission shafts fitted with toothed couplings, overload protection notches, length ≥ 1 500 mm and a shaft diameter ≥ 400 mm",0,0,0,0,0,
84831090,Other transmission shafts,16,16,5,16,10,
84832000,"Bearing housings, incorporating ball or roller bearings",16,16,16,16,15,
84833010,"Bearing housings, without roller bearings, assembled, with anti-friction metal bearings",16,16,16,16,15,
84833021,Plain shaft bearings with internal diameter ≥ 200 mm,2,2,2,2,10,
84833029,Other plain shaft bearings,16,16,5,16,10,
84833090,"Bearing housings, not incorporating ball or roller bearings",16,16,5,16,10,
84834010,"Reducers, multipliers, gearboxes and variable speed drives, including torque converters",14,20,0,14,15,
84834090,"Friction gears and wheels, ball/roller shafts",14,14,0,14,15,
84835010,"Pulleys, other than tension regulating bearings",16,16,5,16,10,
84835090,Flywheels and other pulleys,16,16,5,16,15,
84836011,Friction clutches,14,14,0,2,10,
84836019,Other clutches,14,14,0,2,15,
84836090,"Coupling devices, including articulation joints",14,14,0,2,10,
84839000,Gear wheels and other elementary transmission components presented separately,14,14,0,2,10,
84841000,Metal-plastic joints,16,16,5,16,10,
84842000,"Sealing joints, mechanical",14,14,0,2,10,
84849000,"Sets or assortments of gaskets of different compositions, in pouches, envelopes or similar packaging",16,16,5,16,15,
84861000,"Machines and apparatus for the manufacture of ""boules"" or wafers",2,14,2,2,10,
84862000,Machines and apparatus for the manufacture of semiconductor devices or electronic integrated circuits,14,14,2,2,10,
84863000,Machinery for manufacturing flat panel display devices,14,14,2,2,10,
84864000,Machinery and apparatus specified in note 9 c) to this Chapter,14,14,2,2,10,
84869000,"Parts, accessories, machinery for production of ""boules"" or wafers",14,14,2,2,10,
84871000,Helixes for embarkations and their shovels,14,14,0,2,10,
84879000,"Parts of others machinery without electrical connection, etc.",14,14,0,2,10,
85011011,"Motors with power ≤ 37,5 W, direct current, with a pitch ≤ 1,8 °",0,0,0,0,0,
85011019,"Other direct current electric motors, power ≤ 37,5 W",18,18,5,18,10,
85011021,"Electric motor of alternating current, power ≤ 37,5 W, synchronous",18,18,5,18,15,
85011029,"Other electric motor of alternating current, power ≤ 37,5 W",18,18,5,18,15,
85011030,"Universal electric motor, power ≤ 37,5 W",18,18,18,18,10,
85012000,"Universal motors with power > 37,5 W, electric",18,18,18,18,10,
85013110,"Direct current electric motor, 37,5 W < power ≤ 750 W",18,18,5,0,10,
85013120,"Direct current electric generator, power ≤ 750 W",18,18,18,18,10,
85013210,"Direct current electric motor, 750 W < power ≤ 75 kW",18,18,18,18,15,
85013220,"Direct current electric generator, 750 W < power ≤ 75 kW",18,18,18,18,E,
85013310,"Direct current electric motor, 75 kW < power ≤ 375 kW",14,14,0,0,10,
85013320,"Direct current electric generator, 75 kW < power ≤ 375 kW",14,14,0,0,10,
85013411,"Direct current electric motor, 375 kW < power ≤ 3 000 kW",14,14,0,0,10,
85013419,"Other direct current electric motors, power > 375 kW",0,0,0,0,0,
85013420,"Direct current electric generators, power > 375 kW",14,14,0,0,10,
85014011,"Other single-phase alternating current motors, power ≤ 15 kW, synchronous",18,18,8,18,10,
85014019,"Other single-phase alternating current motors, 37,5 W < power ≤ 15 kW",4,18,18,0,15,
85014021,"Other single-phase alternating current motors, power > 15 kW, synchronous",14,14,2,2,10,
85014029,"Other single-phase alternating current motors, power > 15 kW",14,14,0,2,10,
85015110,"Other alternating current motors, polyphase, 37,5 < power ≤ 750 W, three-phase, with squirrel-cage rotor",14,14,2,2,15,
85015120,"Other alternating current motors, polyphase, 37,5 < power ≤ 750 W, three-phase, with slip ring rotor",14,14,0,2,10,
85015190,"Other multiphase alternating current electric motors, 37,5 < power ≤ 750 W",14,14,2,2,10,
85015210,"Three-phase alternating current electric motor, 750 W < power ≤ 75 kW, with a squirrel-cage rotor",2,14,2,0,10,
85015220,"Three-phase alternating current electric motor, 750 W < power ≤ 75 kW, with a ring rotor",14,14,0,0,15,
85015290,"Other alternating current electric motor, polyphase, 750 W < power ≤ 75 kW",2,14,0,0,10,
85015310,"Alternating current electric motors, polyphase, 75 kW < power ≤ 7 500 kW",14,14,0,0,10,
85015320,"Alternating current electric motors, polyphase, 7 500 kW < power ≤ 30 000 kW",14,14,2,2,10,
85015330,"Alternating current electric motors, polyphase, 30 000 kW < power ≤ 50 000 kW",0,14,2,0,10,
85015390,"Other alternating current electric motors, polyphase, power > 50 000 kW",0,0,0,0,0,
85016100,"Alternating current generators, power ≤ 75 kVA",14,14,0,0,E,
85016200,"Alternating current generators, 75 kVA < power ≤ 375 kVA",14,14,0,0,15,
85016300,"Alternating current generators, 375 kVA < power ≤ 750 kVA",14,14,0,0,15,
85016400,"Alternating current generators, power > 750 kVA",14,14,0,0,10,
85021110,"Electric generating sets for diesel engine, power ≤ 75 kVA, alternated current",14,14,0,0,15,
85021190,"Other electric generating sets for diesel engine, power ≤ 75 kVA",14,14,0,0,10,
85021210,"Electric generating sets for diesel engine 75 kVA < power ≤ 375 kVA, alternated current",14,14,0,0,15,
85021290,"Other electric generating sets for diesel engine, 75 kVA < power < 375 kVA",14,14,0,0,10,
85021311,"Electric generating sets for diesel engine, 375 kVA < power ≤ 430 kVA, alternated current",14,14,0,0,E,
85021319,"Other electric generating sets for diesel engine, power > 375 kVA, alternated current",14,14,0,0,15,
85021390,"Other electric generating sets for diesel engine, power > 375 kVA",14,14,0,0,E,
85022011,"Alternating current, spark-ignition piston engine generating sets (combustion engine), power ≤ 210 kVA",14,14,0,2,10,
85022019,"Other alternating current, spark-ignition internal combustion piston engine generating sets",0,0,0,0,0,
85022090,Other generator sets for internal combustion engines,14,14,0,0,E,
85023100,Other wind power generators,0,14,0,0,10,
85023900,Other electric generating sets,0,14,0,0,10,
85024010,"Electric rotary converters, of frequency",14,14,0,0,10,
85024090,Other electric rotary converters,14,14,0,0,10,
85030010,Parts of motors/generators of power ≤ 75 kVA,14,14,10,14,10,
85030090,"Parts of other motors/generators/power generator sets, etc.",14,14,2,2,E,
85041000,Reactors for lamps/discharge tubes,18,18,18,18,10,
85042100,"Transformers of liquid dielectric, power ≤ 650 kVA",14,14,2,14,15,
85042200,"Transformers of liquid dielectric, 650 kVA < power ≤ 10 000 kVA",14,14,2,14,E,
85042300,"Transformers of liquid dielectric, power > 10 000 kVA",14,14,2,0,10,
85043111,"Current transformers, electrical, power ≤ 1 kVA, for frequency ≤ 60 Hz, of current",18,18,18,18,15,
85043119,"Other electrical transformers power ≤ 1 kVA, for frequency ≤ 60 Hz",18,18,18,18,10,
85043191,"Horizontal output electrical transformer (fly back), output voltage > 18 kV and horizontal scanning frequency ≥ 32 kHz, with power ≤ 1 kVA",0,0,0,0,0,
85043192,"Electrical transformers of phi, detection, ratio, linearity or focusing, of a power ≤ 1 kVA",18,18,18,18,15,
85043199,Other electrical transformers with power ≤ 1 kVA,18,18,8,18,15,
85043211,"Electrical transformers 1 kVA < power ≤ 3 kVA, for frequency ≤ 60 Hz",18,18,18,18,15,
85043219,Other electrical transformers 1 kVA < power ≤ 3 kVA,18,18,18,18,15,
85043221,"Electrical transformers 3 kVA < power ≤ 16 kVA, for frequency ≤ 60 Hz",18,18,18,18,15,
85043229,Other electrical transformers 3 kVA < power ≤ 16 kVA,18,18,18,18,15,
85043300,Electrical transformers 16 kVA < power ≤ 500 kVA,14,14,0,0,15,
85043400,Electrical transformers power > 500 kVA,14,14,0,0,E,
85044010,Accumulator chargers (electric converters),18,18,2,18,10,
85044021,"Rectifiers, other than battery chargers, crystal (semiconductor)",18,18,18,18,10,
85044022,Electrolytic rectifiers (electric converters),18,18,18,18,10,
85044029,"Other rectifiers, except battery chargers",18,18,18,18,10,
85044030,Electric converters of continuous current,14,14,0,2,15,
85044040,Uninterrupted power supply equipment (UPS or no break),14,20,0,2,10,
85044050,"Electronic frequency converters, for varying speed of electric motors",14,14,0,2,10,
85044060,Electronic power supply apparatus for emergency lighting,18,18,18,18,15,
85044090,Other static electric converters,14,14,0,2,10,
85045000,Other reactance and self-induction coils,18,18,7,18,10,
85049010,Ferromagnetic powder cores,16,16,16,16,10,
85049020,Parts of reactors for lamps/discharge tubes,16,16,16,16,10,
85049030,"Parts of transformers of liquid dielectric (subheadings 8504.21, 8504.22, 8504.23, 8504.33 or 8504.34) for power > 16 kVA",14,14,2,2,10,
85049040,"Parts of static converters, except battery chargers and rectifiers",14,14,0,2,10,
85049090,"Other parts of other transformers, converters, etc.",16,16,16,16,E,
85051100,"Permanent magnets of metal, etc.",16,16,5,16,10,
85051910,"Permanent magnets of ferrite (ceramic), etc.",16,16,5,16,10,
85051990,Other permanent magnets etc.,16,16,5,16,10,
85052010,"Electromagnetic brakes, foucault current, for motor vehicles (of headings 87.01 to 87.05)",0,0,0,0,0,
85052090,"Electro-magnetic couplings, clutches, etc.",14,14,0,2,10,
85059010,Electro-magnets,16,16,16,16,10,
85059080,"Magnetic clamping plates, chucks and devices, etc.",14,14,0,2,10,
85059090,"Parts of electro-magnetic couplings, clutches, etc.",14,14,2,2,10,
85061010,"Batteries, of manganese dioxide, alkaline",16,16,2,16,15,
85061020,"Other batteries, of manganese dioxide",16,16,2,16,10,
85061030,Manganese dioxide battery cells,16,16,2,16,10,
85063010,"Piles/electric batteries of mercuric oxide, volume ≤ 300 cm3",0,0,0,0,0,
85063090,Other piles/electric batteries of mercuric oxide,16,16,16,16,10,
85064010,"Piles/electric batteries of silver oxide, volume ≤ 300 cm3",0,0,0,0,0,
85064090,"Other silver-oxide batteries, etc.",16,16,16,16,10,
85065010,"Batteries/battery packs of lithium, external volume ≤ 300 cm3",0,0,0,0,0,
85065090,"Other batteries and battery packs, electric, lithium",16,16,16,16,10,
85066010,"Batteries and cell batteries, electric, zinc-air, with an external volume ≤ 300 cm3",0,0,0,0,0,
85066090,"Other batteries/cell batteries, electric zinc-air",16,16,16,16,15,
85068010,"Other cells and battery packs, with an external volume ≤ 300 cm3",0,0,0,0,0,
85068090,Other batteries/electric batteries,16,16,16,16,15,
85069000,"Parts of batteries/cell batteries, electric",14,14,14,14,10,
85071010,"Electric accumulators of lead, capacity ≤ 20 Ah and power ≤ 12 V",18,18,10,18,10,
85071090,"Other electric accumulators, of lead",18,18,10,18,15,
85072010,"Other electric accumulators, of lead, weighing ≤ 1 000 kg",18,18,18,18,15,
85072090,"Other electric accumulators, of lead",18,18,18,18,15,
85073011,"Electric accumulator of nickel-cadmium, weighing ≤ 2 500 kg, capacity ≤ 15 Ah",18,18,18,18,10,
85073019,"Other electric accumulators, of nickel-cadmium, weighing ≤ 2 500 kg",18,18,18,18,15,
85073090,Other electric accumulators of nickel-cadmium,18,18,18,18,10,
85074000,Electric accumulators of nickel-iron,18,18,2,18,10,
85075000,Electric accumulator of nickel-hydride metallic,18,18,2,18,10,
85076000,Lithium-ion electric accumulators,18,18,2,18,15,
85078000,Other electric accumulators,18,18,2,18,10,
85079010,Separators for electric accumulators,16,16,16,16,10,
85079020,"Plastic containers, their lids and caps, for electric accumulators",16,16,16,16,10,
85079090,Other parts of electric accumulators,16,16,16,0,15,
85081100,"Electromechanical vacuum cleaners, for domestic use",20,20,20,20,10,
85081900,"Other vacuum cleaners with built-in electric motor, power > 1 500 W, reservoir volume > 200 l",20,20,20,20,10,
85086000,"Other electric vacuum cleaners with electric motor, domestic use",14,14,0,0,E,
85087000,Vacuum cleaner parts,14,14,0,0,10,
85094010,"Blender of foods, with electric motor, domestic use",20,20,20,20,10,
85094020,"Mixers of foods, with electric motor, domestic use",20,20,20,20,10,
85094030,"Mincers, with electric motor, domestic use",20,20,20,20,E,
85094040,"Centrifugal juice extractor, with built-in electric motor, for domestic use",20,20,20,20,10,
85094050,"Multiple functions appliances, for processing food, with electric motor, for domestic use",20,20,8,20,10,
85094090,"Other mixers, etc. for food, with electric motor, domestic",20,20,20,20,10,
85098010,"Floor polishers, with electromechanic motor, for domestic use",20,20,20,20,10,
85098090,"Other electromechanic appliances. with electric motor, for domestic use",20,20,20,20,10,"ex Category ""0"" only for: ""Electric toothbrush"""
85099000,"Parts of electromechanic apparatus with electric motor, for domestic use",16,16,16,16,10,
85101000,"Shavers, with electric motor",20,20,8,20,10,
85102000,"Hair clippers, with electric motor",35,0,0,0,10,
85103000,"Hair-removing appliances, with electric motor",20,20,8,20,15,
85109011,"Laminates of shavers, with electric motor",16,16,16,16,15,
85109019,"Other parts of shavers, with electric motor",16,16,16,16,15,
85109020,Combs and blades for shearing machines,14,14,2,0,10,
85109090,"Parts of hair-removing appliances, with electric motor",0,0,0,0,0,
85111000,Sparking plugs for spark or compression ignition engine,18,18,5,18,10,
85112010,Ignition magnetos for spark or compression ignition engine,18,18,5,18,10,
85112090,Magneto-dynamos/magnetic flywheels for spark or compression ignition engine,18,18,5,18,10,
85113010,Distributors for spark or compression ignition engine,18,18,5,18,10,
85113020,Ignition coils for spark or compression ignition engine,18,18,5,18,10,
85114000,"Starter motors, whether or not functioning as generators, for spark-ignition or compression-ignition engines",18,18,5,18,10,
85115010,Dynamos and alternators for spark or compression ignition engines,18,18,5,18,10,
85115090,Other generators for spark or compression ignition engines,18,18,5,18,10,
85118010,Glow plugs for spark or compression ignition engines,18,18,5,18,10,
85118020,Voltage regulators (circuit breakers) for spark or compression ignition engines,18,18,5,18,10,
85118030,Digital electronic ignition for combustion/diesel engine,16,16,2,2,10,
85118090,"Other electronic ignition devices and apparatus, etc., for internal combustion engines",18,18,5,18,10,
85119000,"Parts of electronic ignition devices and apparatus, etc., for internal combustion engines",16,16,5,16,10,
85121000,"Lighting/visual signalling equipment, used on bicycles",18,18,18,18,E,
85122011,"Headlights for automobiles, etc.",18,18,10,18,E,
85122019,"Other electric lighting equipment for automobiles, etc.",18,18,18,18,10,
85122021,"Fixed lights for automobiles, etc.",18,18,10,18,10,
85122022,"Direction indication lights for automobiles, etc.",18,18,10,18,10,
85122023,"Boxes of combined lights for automobiles, etc.",18,18,10,18,10,
85122029,"Other electric visual signalling equipment for automobiles, etc.",18,18,18,18,10,
85123000,"Acoustic signalling devices, for automobiles",18,18,10,18,10,
85124010,Windscreen wipers for automobiles,18,18,10,18,10,
85124020,"Defrosters and demisters, used for automobiles",18,18,10,18,10,
85129000,"Parts of electrical lighting or signalling apparatus, used on cycles or motor cars",16,16,10,16,10,
85131010,Flashlights,18,18,8,18,10,
85131090,"Other portable electric lamps, designed to operate by means of their own power source (e.g. batteries, accumulators, magnets)",18,18,8,18,10,
85139000,"Parts of portable electric flashlights, designed to operate by means of their own power source (e.g. batteries, accumulators, magnets)",16,16,16,16,15,
85141010,"Resistance (indirectly heated) furnaces, industrial",14,14,0,0,15,
85141090,Resistance (indirectly heated) laboratory furnaces,14,14,2,2,15,
85142011,Industrial induction ovens,14,14,0,0,10,
85142019,Laboratory induction ovens,14,14,0,0,10,
85142020,"Furnaces that operate by dielectric losses, industrial or laboratory",14,14,0,0,10,
85143011,"Resistance ovens, industrial (direct heating)",14,14,2,0,E,
85143019,"Resistance ovens, of laboratory (direct heating)",14,14,2,0,10,
85143021,"Ovens of electric arc, industrial",14,14,2,0,15,
85143029,Laboratory arc furnaces,14,14,2,0,10,
85143090,Other industrial or laboratory electric furnaces/ovens,14,14,0,0,10,
85144000,Other apparatus for heat treatment of materials by induction or by dielectric losses,14,14,0,0,15,
85149000,"Parts of industrial/laboratory/electric furnaces/ovens, etc.",14,14,0,0,10,
85151100,Iron and pistols for brazing or welding,14,14,0,0,10,
85151900,Other machines and apparatus for brazing or welding,14,14,0,0,15,
85152100,"Resistance machines and apparatus for welding metals, automatic",14,14,0,0,10,
85152900,Other resistance welding machines and apparatus for metals,2,14,0,0,10,
85153110,"Robots for arc welding in an inert atmosphere (mig - metal inert gas) or active atmosphere (mag - metal active gas), with numerical control",0,0,0,0,0,
85153190,"Other fully or partially automatic arc or plasma welding machines and apparatus for welding metals, except robots for welding etc.",14,14,0,0,10,
85153900,Other machines and apparatus for welding metals by arc or plasma jet,14,14,0,0,10,
85158010,"Machines and apparatus for welding, by laser",0,0,0,0,0,
85158090,Other electric welding machines and apparatus by other processes (except laser),14,14,0,0,15,
85159000,Parts of electrical welding machines and apparatus,14,14,0,2,10,
85161000,"Electric water heaters, including immersion heaters",20,20,20,20,E,
85162100,"Electric storage radiators for space heating, underfloor heating or similar purposes",20,20,20,20,10,
85162900,"Other electric apparatus, for space-heating",35,20,20,20,10,
85163100,"Hair dryers, electrothermal, for domestic purposes",20,20,8,20,10,
85163200,"Other hair-dressing appliances, electrothermal, domestic use",35,20,8,20,10,
85163300,"Hand drying devices, electrothermal, domestic use",20,20,20,20,10,
85164000,"Electric irons, for domestic use",20,20,2,20,10,
85165000,"Microwave ovens, for domestic use",20,20,17,20,10,
85166000,"Other electrothermal ovens, cookers, etc. for domestic use",35,20,20,20,E,
85167100,"Electrothermal machines for making coffee or tea, for domestic use",35,20,20,20,15,
85167200,"Electrothermal toasters, domestic use",20,20,20,20,10,
85167910,"Electrothermal pots, domestic use",20,20,20,20,10,
85167920,"Electrothermal frying pans, domestic use",20,20,20,20,10,
85167990,"Other electrothermal appliances, domestic use",35,20,20,20,10,
85168010,"Heating resistors for appliances of this heading (electrothermal, domestic use)",16,16,16,16,10,
85168090,"Other electric heating resistors, domestic use",16,16,16,16,15,
85169000,"Parts of heaters and electric heating appliances, domestic use",16,16,16,16,10,
85171100,Corded telephones with wireless handset-microphone unit,20,20,2,20,15,
85171211,Portable appliance of radio-telecommunications ex: walkie-talkie/handle-talkie,35,12,2,2,10,
85171212,"Fixed terminals without own source of energy, mono-channels",12,12,2,2,10,
85171213,Analogical movable terminals used in automobile vehicles,12,12,2,2,10,
85171219,"Other appliances of radio-telecommunications/radiotelegraph, analogic",12,12,2,2,10,
85171221,Portable trunking system devices,12,12,2,2,10,
85171222,Fixed trunking system devices without their own power source,2,0,2,2,4,
85171223,"Trunking system devices, of the type used in motor vehicles",12,12,2,2,10,
85171229,Other trunk system transmitter/receiver devices,12,12,2,2,E,
85171231,Portable terminals of cellular telephony,16,16,2,2,15,
85171232,Fixed terminals of cellular telephony without own source of energy,2,0,2,2,4,
85171233,Mobile terminals of the type used in vehicles/automobiles,12,12,2,2,10,
85171239,"Other cellular network telephones, excluding satellite ones, etc.",12,12,2,2,10,
85171241,"Digital apparatus/equipment operating in band C, Ku, L or S",0,0,0,0,0,
85171249,Other satellite telecommunications transmitting/receiving devices,16,16,2,2,E,
85171290,Other transmitting devices with built-in receiver,16,16,2,2,10,
85171810,Interphones,20,20,20,20,10,
85171820,Public telephones,14,14,2,2,10,
85171891,"Other phone apparatus/equipment, not combined with other devices",35,20,8,20,10,
85171899,"Other telephone devices, including videophones",35,20,8,20,10,
85176111,"Base stations, for two-way radio messaging systems, with a transmission rate ≤ 112 kbits/s",2,0,2,0,4,
85176119,"Other base stations, two-way radio messaging system",16,16,2,2,E,
85176120,Apparatus/equipment of trunk system for central station,2,0,2,2,4,
85176130,Apparatus/equipment of cellular telephony for base station,2,12,2,2,10,
85176141,"Base stations, satellite telecommunications, main fixed terrestrial, without antenna-reflector kit",2,0,2,2,4,
85176142,"Base stations, satellite telecommunications, VSAT (very small aperture terminal), without antenna-reflector kit",2,0,2,2,4,
85176143,"Digital satellite telecommunications base stations operating in C, Ku, L or S bands",0,0,0,0,0,
85176149,"Other base stations, of satellite telecommunications",16,16,2,2,10,
85176191,"Other devices for emitting, transmitting or receiving voice, images or other digital data, frequency ≥ 15 GHz and ≤ 23 GHz, transmission rate ≤ 8 Mbits/s",16,16,2,2,10,
85176192,"Other devices for emitting, transmitting or receiving voice, images or other digital data, frequency > 23 GHz",2,12,2,2,10,
85176199,Other transmitting devices with built-in receiver,16,16,2,2,10,
85176211,Frequency division multiplexers,12,12,2,2,10,
85176212,Synchronous digital time division multiplexers with transmission speeds ≥ 155 Mbits/s,14,14,2,2,10,
85176213,Other multiplexers operating by time sharing,14,14,2,2,10,
85176214,Subscriber line concentrators (central or remote terminal terminals),16,16,2,2,E,
85176219,Other centralizing apparatus/equipment,16,16,2,2,10,
85176221,"Public automatic exchanges, for electronic switching, including traffic ones",16,16,2,2,15,
85176222,"Private automatic exchanges, with a capacity ≤ 25 extensions",16,16,2,2,15,
85176223,"Private automatic exchanges, with a capacity > 25 extensions and ≤ 200 extensions",16,16,2,2,E,
85176224,"Private automatic exchanges, with a capacity > 200 extensions",16,16,2,2,E,
85176229,"Other automatic telephone line commutation centres, except videotext",16,16,2,2,15,
85176231,"Automatic packet commutation exchanges with trunk speeds > 72 kbits/s, switching speeds > 3 600 packets per second, without deterministic multiplexing",2,12,2,2,10,
85176232,Other automatic centres for commutation per bundle,16,16,2,2,15,
85176233,Automatic centrals of trunk system (trunking),2,0,2,2,4,
85176239,Other commutation apparatus for telephony and telegraphy,16,16,0,2,15,
85176241,"Digital routers, in wired or wireless networks, with wireless connection capability",16,16,2,2,10,
85176248,"Other digital routers, in wired or wireless networks, serial interface speed ≥ 4 Mbits/s, suitable for interconnection of local networks with different protocols",2,12,2,2,8,
85176249,Other digital routers,12,12,0,2,10,
85176251,Terminals or repeaters on metal lines,8,12,2,2,10,
85176252,"Terminals over fibre optic lines, with transmission speeds greater than 2,5 Gbits/s",2,12,2,2,8,
85176253,"Text terminals operating with Baudot transmission code, etc., alphanumeric keyboard and display, including built-in telephone",0,0,0,0,0,
85176254,"Network connection distributors (""hubs"")",2,12,0,2,4,
85176255,Modulators/demodulators (modems),16,16,0,2,10,
85176259,Other terminal equipment or repeaters,14,25,0,2,10,
85176261,Transmitting devices with built-in trunking system receiver,12,12,2,2,E,
85176262,Transmitting devices with built-in cellular technology receiver,12,12,2,2,10,
85176264,"Digital satellite transmitters with built-in receiver, operating in the C, Ku, L or S bands",0,0,0,0,0,
85176265,Other satellite transmitting/receiving devices,16,16,2,2,E,
85176271,"Portable terminals for two-way radio messaging systems, transmission rate ≤ 112 kbits/s",2,0,2,2,4,
85176272,"Transmitting devices, frequency < 15 GHz and transmission rate ≤ 34 Mbits/s, except for bidirectional radio messaging systems with transmission rate ≤ 112 kbits/s",16,16,2,2,10,
85176277,"Other digital transmitters with built-in receiver, frequency < 15 GHz",16,16,0,2,15,
85176278,"Other digital transmitters with built-in receivers, frequency ≥ 15 GHz but ≤ 23 GHz, transmission rate ≤ 8 Mbit/s",16,16,0,2,10,
85176279,Other digital transmitters with built-in receiver,2,12,0,2,10,
85176291,Radiotelephony/radiotelegraphy transmitting devices,12,12,2,2,15,
85176292,Personal radio message receivers with alphanumeric message display,2,0,2,2,4,
85176293,Other personal radio message receivers,12,12,2,2,10,
85176294,Protocol translators (converters) for network interconnection (gateways),16,16,0,2,15,
85176295,"Fixed, analog terminals, without their own power source, single channels",12,12,2,2,10,
85176296,"Other analog radiotelephony, radiotelegraphy devices",12,12,2,2,10,
85176299,Other radiotelephony/radiotelegraphy/radiophony receivers,20,20,20,20,10,
85176900,Other electrical apparatus for wire telephony/telegraphy,14,14,2,14,10,
85177010,"Printed circuits with electrical or electronic components, assembled",12,12,2,0,10,
85177021,"Antennas suitable for portable mobile phones, except telescopic ones",2,0,2,2,4,
85177029,Other antennas except for use in cellphones,16,16,16,16,15,
85177091,"Cabinets, racks and frames for transmitter/receiver devices",8,8,2,0,8,
85177092,Registers and selectors for automatic control panels,8,0,2,2,8,
85177099,Other parts for telephony/telegraphy apparatus,8,8,2,0,10,
85181010,Piezoelectrics suitable for telephone devices,2,0,2,0,4,
85181090,Other microphones and their supports,20,20,2,20,10,
85182100,"Single loudspeakers, mounted in their enclosures",20,20,2,20,10,
85182200,"Multiple loudspeakers, mounted in the same enclosure",20,20,2,20,10,
85182910,Piezoelectrics suitable for telephone devices,2,0,2,0,4,
85182990,"Other piezoelectrics, except suitable for telephone devices",20,20,2,20,10,
85183000,"Earphones, including with microphones",20,20,2,20,10,
85184000,Audio-frequency electric amplifiers,20,20,2,20,10,
85185000,Electric sound amplifier sets,20,20,2,20,10,
85189010,Parts of loudspeakers,16,16,16,16,10,
85189090,"Parts of microphones, earphones, amplifiers, etc.",16,16,16,16,10,
85192000,Coin or token-operated record-players,20,20,20,20,10,
85193000,Turntables without amplification devices,20,20,20,20,10,
85195000,Telephone answering machines,20,20,8,20,10,
85198110,Sound reproduction devices with laser optical reading system (compact disc players),20,20,6,20,10,
85198120,Sound recorders for aircraft cabin,0,0,0,0,0,
85198190,Other magnetic media recorders without sound reproduction device,20,20,4,20,10,
85198900,Other sound recording and reproducing apparatus,20,20,20,20,10,
85211010,"Magnetic tape recorder-player, without tuner",0,0,0,0,0,
85211081,"Video cassette recording/reproducing apparatus for tape width of 12,65 mm (1/2"")",20,20,8,20,10,
85211089,"Other video cassette recording/reproducing apparatus for tapes of width < 19,05 mm (3/4"")",20,20,20,20,10,
85211090,"Other video cassette recording/reproducing apparatus for tapes of width ≥ 19,05 mm (3/4"")",0,0,0,0,0,
85219010,"Recorder-reproducer and editor of images and sound, on discs, by magnetic, optical or optomagnetic means",0,0,0,0,0,
85219090,Other video recording or reproducing apparatus,20,20,2,20,10,
85221000,"Phonocaptors, for recording/playback devices",18,18,18,18,10,
85229010,Gemstone-tipped needles for reproduction devices,16,16,16,16,10,
85229020,Enclosures for recording/playback devices,16,16,16,16,10,
85229030,Chassis or supports for recording/playback devices,16,16,16,16,10,
85229040,Magnetic sound players for playback devices,16,16,16,16,10,
85229050,"Turntable mechanisms, whether or not with changer, for recording/playback apparatus",16,16,16,16,10,
85229090,Other parts and accessories for recording/reproducing apparatus,0,16,16,16,10,
85232110,"Cards incorporating a magnetic stripe, not recorded",16,16,16,16,E,
85232120,"Cards incorporating a magnetic stripe, recorded",16,16,16,16,E,
85232911,Magnetic discs n/recording for units of hard disks,0,0,0,0,0,
85232919,Other magnetic discs unrecorded,16,16,16,16,15,
85232921,"Magnetic tapes, unrecorded, width < 4 mm, in cassettes",16,16,16,16,10,
85232922,"Magnetic tapes, unrecorded, width > 4 mm but ≤ 6,5 mm",16,16,2,16,10,
85232923,"Magnetic tapes, unrecorded, width > 6,5 mm but ≤ 50,8 mm (2""), in rolls or spools",16,16,16,16,10,
85232924,"Magnetic tapes, unrecorded, width > 6,5 mm, in cassettes for video recording",0,16,2,16,10,
85232929,"Other magnetic tapes, unrecorded",16,16,16,16,10,
85232931,"Magnetic tapes, recorded, for reproduction of phenomena other than sound or image",16,16,16,16,15,
85232932,"Magnetic tapes, recorded, width ≤ 4 mm, in cartridges or cassettes, except those of subitem 8523.29.31",16,16,16,16,15,
85232933,"Magnetic tapes, width > 6,5 mm, recorded",16,16,16,16,15,
85232939,"Magnetic tapes, width > 4 mm, < 6,5 mm, recorded",16,16,16,16,15,
85232990,"Other discs, tapes, sound recording media, unrecorded",16,16,7,16,10,
85234110,"Discs for reading system by laser, recorded only once",26,16,16,16,10,
85234190,Other discs for reading system by laser,16,16,16,16,10,
85234910,Discs by laser reading for reproducing sound only,16,16,7,16,15,
85234920,Discs for uses other than reproducing sound and image,16,16,14,16,10,
85234990,Other optical media,35,16,16,16,10,
85235110,Memory cards,2,16,0,2,8,
85235190,Other non-volatile data-storage devices,16,16,2,16,10,
85235200,Smart cards,6,6,2,2,10,
85235910,Contactless cards and tags,12,12,2,2,15,
85235990,"Other semiconductor supports, except non-volatile semiconductor-based data storage devices and memory cards etc.",16,16,16,16,15,
85238000,Other prepared media for sound recording/similar,16,16,16,16,10,
85255011,Apparatus for broadcasting on AM,0,0,0,0,0,
85255012,Apparatus for broadcasting on FM,0,0,0,0,0,
85255019,Other transmission apparatus/equipment for radiobroadcasting,12,12,0,2,10,
85255021,"Television set, with a frequency > 7 GHz",0,12,0,0,10,
85255022,"Television set, UHF band, frequency ≥ 2,0 GHz and ≤ 2,7 GHz, with an output power ≥ 10 W and ≤ 100 W",0,0,0,0,0,
85255023,"Television set, in UHF band, with output power greater than 10 kW",0,12,0,0,10,
85255024,"Television set, in VHF band, with output power ≥ 20 kW",0,12,0,0,10,
85255029,Other television transmitter apparatus,12,12,2,2,15,
85256010,"Transmitting devices (transmitters) incorporating a receiving device, of radiobroadcasting",12,12,2,2,E,
85256020,"Transmitting devices (transmitters), incorporating a receiving device, of television, frequency > 7 GHz",0,0,0,0,0,
85256090,"Other transmitting devices (transmitters) incorporating a receiving device, except radio broadcasting and television, of a frequency exceeding 7 GHz",12,12,2,2,10,
85258011,Television cameras with three or more image capture devices,0,0,0,0,0,
85258012,"Television cameras, three or more image capturers, with a CCD-type semiconductor image sensor, > 490 x 580 active image elements (pixels), sensitive to light intensities < 0,20 lux",0,0,0,0,0,
85258013,"Other television cameras, infrared spectrum etc. of wavelengths ≥ 2 micrometers (microns) and ≤ 14 micrometers (microns)",0,0,0,0,0,
85258019,Other television cameras,20,20,2,20,10,"ex Category ""0"" only for: ""Electronic magnifier used by people with visual impairment"""
85258021,"Digital still cameras and video cameras, with three or more image capturers",0,0,0,0,0,
85258022,"Other digital cameras and video cameras, infrared etc., wavelengths ≥ 2 micrometers (microns) and ≤ 14 micrometers (microns)",0,0,0,0,0,
85258029,Other still image video cameras,20,20,2,20,10,
85261000,Radar apparatus,0,0,0,0,0,
85269100,Radio navigational apparatus,0,0,0,0,0,
85269200,Radio remote control apparatus,18,18,18,18,10,
85271200,Pocket-size radio cassette-players,20,20,20,20,10,
85271310,"Other receivers apparatus radiobroadcasting. combined cassette players, pile/electric",20,20,8,20,10,
85271320,Other receivers apparatus of radio combined with cassette players/recording pile/electric,20,20,8,20,10,
85271330,Receivers apparatus of radio combined cassette players/cassette recording pile/electric,20,20,8,20,10,
85271390,"Other receivers apparatus radiobroadcasting combined with sound apparatus, pile/electric",20,20,4,20,10,
85271910,"Radio receivers, combined with clock; battery or electricity operated",20,20,8,20,10,
85271990,"Other radio broadcasting receivers, battery operated/electric, etc.",20,20,6,20,10,
85272110,"Receivers apparatus radio cassette players, for motor vehicles",20,20,8,20,10,
85272190,"Other radio broadcasting receivers with sound equipment, for motor vehicles",20,20,4,20,10,
85272900,"Other radio broadcast receivers operating only from an external power source, used in motor vehicles, except those combined with sound recording or reproducing apparatus",20,20,8,20,10,
85279110,Other radiobroadcasting receivers apparatus/equipment combined with cassette players and recording,20,20,8,20,10,
85279120,Other radiobroadcasting receivers apparatus/equipment combined with disco/cassette players and recording,20,20,8,20,10,
85279190,Other receivers apparatus combined with apparatus sound reproduction/recording,20,20,8,20,10,
85279200,"Other receivers not combined with sound recording/reproducing apparatus, but combined with clock",20,20,8,20,10,
85279910,Tuning amplifiers (receivers),20,20,6,20,10,
85279990,Other radio broadcasting receivers with radiotelephone-radiotelegraph,20,20,8,20,10,
85284110,"Output unit for video, with monochromatic CRT (cathode ray tube)",16,16,0,2,10,
85284120,"Output unit for video, with polychromatic CRT (cathode ray tube)",16,16,0,2,E,
85284910,Monitors with monochromatic CRT (cathode ray tube),20,20,8,20,10,
85284921,Polychromatic video monitors with underscanning and horizontal and vertical sync delay (h/v delay or pulse cross) devices,16,16,2,16,E,
85284929,Monitors with polychromatic CRT (cathode ray tube),20,20,8,20,E,
85285110,"Other monitors, used solely or principally in an automatic data-processing system of heading 84.71, monochromatic",12,12,2,2,10,
85285120,"Other monitors, used solely or principally in an automatic data-processing system of heading 84.71, polychromatic",12,12,0,2,10,
85285910,Other monochromatic monitors,20,20,8,20,10,
85285920,Other polychromatic monitors,20,20,2,20,10,
85286100,"Polychromatic projectors, used solely or principally in an automatic data-processing system of heading 84.71",16,16,2,2,10,
85286910,"Projectors, with digital micromirror device (DMD) technology",0,0,0,0,0,
85286990,Other projectors,20,20,8,20,10,
85287111,"Integrated receiver-decoder (IRD) for digitized encoded video signals, without modulated radio frequency (RF), etc., suitable for rack mounting, video output with BNC connector",0,0,0,0,0,
85287119,Other integrated receiver-decoder (IRD) of digitalised encoded video signals,20,20,8,20,10,
85287190,"Other television receivers, whether or not combined, in other colours",20,20,8,20,10,
85287200,Other television receiver apparatus/equipment of colour,20,20,2,20,10,
85287300,Other monochrome/black & white/TV receiver apparatus/equipment,20,20,8,20,10,
85291011,"Antennas with parabolic reflectors, except for cellular phone",16,16,16,16,15,
85291019,"Other antennas, except for cellular phones",16,16,16,16,15,
85291090,"Other antennas and antenna reflectors, and their parts",16,16,16,16,15,
85299011,Cabinets and framework for transmitting/receiving devices,8,8,2,2,10,
85299012,Cabinets and framework for transmitting/receiving devices,12,12,2,2,E,
85299019,Other parts for transmitting/receiving devices,8,8,2,2,10,
85299020,"Other parts for radio, television, etc. receivers",12,12,0,2,10,
85299030,Other parts for radar apparatus,0,0,0,0,0,
85299040,Other parts for radio navigational apparatus,0,0,0,0,0,
85299090,Other parts for radio remote control devices/TV/video cameras,16,16,8,0,15,
85301010,Digital electronic apparatus for railways traffic control,14,14,2,2,10,
85301090,Other electrical signalling apparatus etc. for railways,14,14,2,0,10,
85308010,Digital electric apparatus for control of self-driven traffic,14,14,2,2,10,
85308090,"Other electrical signalling apparatus etc. for land routes, etc.",14,14,0,0,E,
85309000,"Parts of electrical signalling apparatus etc. for railways, etc.",14,14,2,2,10,
85311010,Fire-alarms and overheating alarms,18,18,18,18,10,
85311090,"Other electric alarms, for protecting against robbery",18,18,8,18,10,
85312000,Indicator panels with liquid crystal devices (LCD)/light emitting diodes (LED),12,12,2,2,10,
85318000,Other electric sound or visual signalling apparatus,18,18,8,18,15,
85319000,Parts of electric sound or visual signalling apparatus,16,16,16,16,10,
85321000,"Fixed capacitors, for electric line 50/60 Hz, power ≥ 0,5 kvar",16,16,10,16,10,
85322111,"Electrical fixed capacitors, of tantalus, surface mounting device voltage ≤ 125 V",0,0,0,0,0,
85322119,"Other electrical fixed capacitors, of tantalum, suitable for surface mounting (SMD - surface mounted device)",16,16,2,2,10,
85322190,"Other electrical fixed capacitors, of tantalus",16,16,10,16,10,
85322200,"Electrolytic fixed capacitors, of aluminium",16,16,5,16,10,
85322310,"Fixed capacitors with ceramic dielectric single layer, surface mounting",16,16,2,2,10,
85322390,Other fixed capacitors with ceramic dielectric single layer,16,16,5,16,10,
85322410,Other fixed capacitors with ceramic dielectric surface mounting device,16,16,2,2,10,
85322490,Other fixed capacitors with ceramic dielectric,16,16,5,16,10,
85322510,Fixed capacitors with dielectric paper/plastic for surface mounting device,16,16,2,2,10,
85322590,Other fixed capacitors with paper/plastic dielectric,16,16,5,16,10,
85322910,"Other electrical capacitors, fixed, for surface mounting device",16,16,2,2,10,
85322990,"Other electrical capacitors, fixed",16,16,5,16,10,
85323010,"Electrical capacitors, variable/adjustable for surface mounting device",16,0,2,2,10,
85323090,"Other electrical capacitors, variable/adjustable",16,16,5,16,10,
85329000,"Parts of electrical capacitors, fixed/variable/adjustable",14,14,5,14,10,
85331000,"Fixed carbon, agglomerated or layered electrical resistors",16,16,5,16,10,
85332110,"Electrical resistors, fixed, for power ≤ 20 W, of thread",16,16,5,16,10,
85332120,"Electrical resistors, fixed, for power ≤ 20 W, for surface mounting device",16,0,2,2,10,
85332190,"Other electrical resistors, fixed, for power ≤ 20 W",16,16,5,16,10,
85332900,"Other electrical resistors, fixed",16,16,5,16,10,
85333110,Potentiometers for power ≤ 20 W,16,16,16,16,10,
85333190,Other wirewound variable resistors(electrical)/power ≤ 20 W,16,16,16,16,10,
85333910,Other potentiometers,16,16,16,16,10,
85333990,Other wire wound variable resistors (electrical),16,16,16,16,10,
85334011,Thermistors,16,16,16,16,10,
85334012,Varistors,16,16,16,16,15,
85334019,"Other electrical resistors, variable, non-linear semiconductors",16,16,16,16,10,
85334091,"Potentiometers of coal, used in system of fuel injection",2,2,2,2,8,
85334092,Other potentiometers of coal,16,16,16,16,10,
85334099,"Other electrical resistors, variable",16,16,16,16,15,
85339000,Parts of electrical resistors,14,14,5,14,10,
85340011,"Printed circuits, single-sided, rigid, with phenolic resin insulation and cellulose paper",10,12,2,2,10,
85340012,"Printed circuits, single-sided, rigid, with epoxy resin insulation and cellulose paper",10,12,2,2,10,
85340013,"Printed circuits, single-sided, rigid, with epoxy resin insulation and fibreglass fabric",10,12,2,2,10,
85340019,"Other integrated circuits single-sided, hard",10,12,2,2,10,
85340020,"Integrated circuit single-sided, flexible",10,10,2,2,10,
85340031,"Printed circuits, double-sided, rigid, with phenolic resin insulation and cellulose paper",10,12,2,2,10,
85340032,"Printed circuits, double-sided, rigid, with epoxy resin insulation and cellulose paper",10,12,2,2,10,
85340033,"Printed circuits, double-sided, rigid, with epoxy resin insulation and fibreglass fabric",10,12,2,2,10,
85340039,"Other integrated circuits of double-sided, rigid",10,12,2,2,10,
85340040,"Integrated circuit double face, flexible",10,10,2,2,10,
85340051,"Multilayer printed circuits, with epoxy resin insulation and fibreglass fabric",10,12,2,2,10,
85340059,Other multilayer integrated circuit,10,12,2,2,10,
85351000,Fuses/circuit breakers voltages > 1 000 V,16,16,16,16,10,
85352100,"Circuit breakers, for voltage below 72 500 V",16,16,16,16,10,
85352900,Other circuit breakers for voltage ≥ 72 500 V,16,16,16,16,10,
85353013,"Vacuum interrupters, without automatic activation device, nominal current ≤ 1 600 A",2,2,2,2,10,
85353017,Other swifts with no automatic activation device ≤ 1 600 A,16,16,16,16,10,
85353018,"Other switches, with automatic activation device, except those with contacts immersed in a liquid medium",16,16,16,16,15,
85353019,"Other disconnectors/switches, voltage > 1 000 V, for a nominal current ≤ 1 600 A",16,16,16,16,10,
85353023,Vacuum swifts without automatic activation device (vacuum interrupters),2,2,2,2,10,
85353027,Other swifts with no automatic activation device,16,16,16,16,E,
85353028,"Other switches, with automatic activation device, except those with contacts immersed in liquid medium, nominal current > 1 600 A",16,16,16,16,10,
85353029,"Other isolated switches/make-and-break switch, voltage > 1 000 V, current > 1 600 A",16,16,16,16,10,
85354010,"Lightning arresters for protecting electricity transmission lines, voltage > 1 000 V",16,16,16,16,15,
85354090,Voltage limiters/surge suppressors for voltages > 1 000 V,16,16,16,16,10,
85359000,"Other apparatus for interrupting, etc., of electrical circuits, voltage > 1 000 V",8,16,16,16,10,
85361000,"Fuses and cut circuits of fuses, for tension ≤ 1 000 V",16,16,16,16,10,
85362000,Automatic circuit breakers for tension ≤ 1 000 V,18,18,18,18,E,
85363000,"Other devices for protecting electrical circuits, for voltage ≤ 1 000 V, except fuses and fuse cutouts and circuit breakers",16,16,16,16,10,
85364100,Relays for tension ≤ 60 V,16,16,5,16,10,
85364900,"Other relays, 60 V < tension ≤ 1 000 V",16,16,5,16,10,
85365010,"Up-down converter switching unit for satellite telecommunications system, voltage ≤ 1 000 V",2,0,2,2,10,
85365020,"High power amplifier (HPA) switching unit for satellite telecommunications system, voltage ≤ 1 000 V",2,0,2,2,8,
85365030,"Digital encoder switches, suitable for mounting on printed circuits",0,0,0,0,0,
85365090,"Other switches, etc., of electrical circuits, voltage ≤ 1 000 V",16,16,2,16,10,
85366100,"Lamp-holders, voltage ≤ 1 000 V",16,16,16,16,10,
85366910,"Polarized plug and shielded plug, voltage ≤ 1 000 V",16,16,16,16,E,
85366990,"Other power sockets, voltage ≤ 1 000 V",16,16,16,16,E,
85367000,"Connectors for optical fibres, fibre optic bundles or cables",16,16,16,16,10,
85369010,"Connectors for flat cables consisting of individually insulated parallel conductors, for a voltage ≤ 1 000 V",16,16,16,16,10,
85369020,"Sliding contact sockets on overhead conductors, for a voltage ≤ 1 000 V",16,16,16,16,15,
85369030,"Sockets for electronic microstructures, for a voltage ≤ 1 000 V",16,16,16,16,10,
85369040,"Connectors for printed circuit boards, for a voltage ≥ 1 000 V",10,10,2,2,10,
85369050,"Connection terminals for capacitors, whether or not mounted on an insulation support, for a voltage ≥ 1 000 V",2,2,2,2,8,
85369090,"Other apparatus for switching, etc., of electrical circuits, for a voltage not exceeding 1 000 V",0,16,2,16,10,
85371011,"Computerized numerical control (CNC), processor and bus ≥ 32 bits, graphic resources and macro execution etc. resolution ≤ 1, etc., with polychromatic monitor, voltage < 1 000 V",2,0,2,2,10,
85371019,"Other boards, panels, etc. computerised numerical control (CNC), for a voltage ≤ 1 000 V",14,14,2,2,10,
85371020,"Programmable controllers, for a voltage ≤ 1 000 V",14,14,2,2,10,
85371030,"Electricity demand controllers, for a voltage ≤ 1 000 V",14,14,2,2,10,
85371090,"Other boards, etc. with electrical circuit breaker devices, voltage ≤ 1 000 V",0,18,18,18,E,
85372010,Gas-insulated substations etc. for a voltage > 52 000 V,0,0,0,0,0,
85372090,"Other panels, boards, etc., with electrical circuit breaker apparatus, for a voltage > 1 000 V",18,18,18,18,15,
85381000,"Boards, panels, consoles, cabinets and other supports, of heading 85.37, without their fittings",16,16,16,16,10,
85389010,"Printed circuits with electrical or electronic components, assembled",12,12,2,12,10,
85389020,Other parts for electrical circuit breaking/protection devices,2,2,2,2,4,
85389090,Other parts for electrical circuit breaker devices,16,16,16,16,E,
85391010,"Headlamps and projectors, in sealed units, voltage ≤ 15 V",18,18,10,18,10,
85391090,"Other articles called ""headlamps and projectors, in sealed units"", except those for a voltage ≤ 15 V",18,18,10,18,10,
85392110,"Other tungsten halogen incandescent lamps/tubes, voltage ≤ 15 V, except halogens/tungsten",35,18,10,18,E,
85392190,Other tungsten halogen incandescent lamps/tubes,18,18,10,18,10,
85392200,"Other lamps/incandescent tubes power ≤ 200 W, voltage > 100 V",18,18,18,18,15,
85392910,"Other lamps/incandescent tubes, voltage ≤ 15 V",18,18,10,18,10,
85392990,Other lamps/incandescent tubes,18,18,10,18,10,
85393100,"Fluorescent, hot cathode discharge lamps/tubes",35,18,2,18,10,
85393200,Mercury/sodium vapour lamps; metal halide lamps,35,18,18,18,E,
85393900,"Discharge lamps and tubes, other than ultraviolet lamps",18,18,8,18,10,
85394110,Arc lamps with power ≥ 1 000 W,2,2,2,2,10,
85394190,Other arc lamps,18,18,18,18,15,
85394900,"Other ultraviolet or infrared lamps/tubes, except arc lamps, etc.",18,18,18,18,15,
85399010,"Electrodes for electric lamps/tubes, incandescent lamps, etc.",14,14,14,14,10,
85399020,"Bases for electric lamps/tubes, incandescent lamps, etc.",14,14,14,14,10,
85399090,Other parts for electric incandescent lamps/tubes,14,14,14,14,10,
85401100,"Cathode-ray tubes for receivers of colour television, etc.",18,18,18,18,10,
85401200,"Cathode-ray tubes for receivers black/white television, etc.",18,18,18,18,15,
85402011,"Tubes for cameras of black/white or other monochrome televisions, etc.",18,18,18,18,10,
85402019,"Other tubes for cameras of televisions, except black/white or monochrome",0,0,0,0,0,
85402020,"Converters tubes/image intensifiers, of rays x",0,0,0,0,0,
85402090,"Other converters tubes/image intensifiers, etc.",0,0,0,0,0,
85404000,"Graphic data display tubes, in monochrome/in colour (polychrome), with a phosphoric screen with a space between the dots of < 0,4 mm",0,0,0,0,0,
85406010,"Colour graphic data display tubes with a screen spacing between points ≥ 0,4 mm",8,8,8,8,8,
85406090,Other cathode ray tubes,18,18,18,18,10,
85407100,"Tubes for microwaves, magnetrons",18,18,18,18,10,
85407900,Other tubes for microwaves,18,18,18,18,15,
85408100,Receiver or amplifier tubes,18,18,18,18,15,
85408910,Power valves for transmitters,0,0,0,0,0,
85408990,"Other lamps, tubes, valves, electronics, etc.",18,18,18,18,15,
85409110,Deflection coils (yokes) for cathoderay tubes,16,16,16,16,10,
85409120,Ferritomagnetic powder cores for deflection coils (yokes),2,2,2,2,4,
85409130,Electronic cannons for cathode-ray tubes,16,16,16,16,10,
85409140,"Glass panel, shadow mask and internal shielding, assembled, for trichromatic tubes",16,16,16,16,10,
85409190,Other parts for cathode ray tubes,2,2,2,2,4,
85409900,"Parts for lamps, other tubes and valves, electronics etc.",16,16,16,16,15,
85411011,"Unmounted diodes, Zener",0,0,0,0,0,
85411012,"Unmounted diodes, current intensity ≤ 3 A",0,0,0,0,0,
85411019,"Other diodes, unmounted",6,6,2,2,10,
85411021,Mounted Zener diodes for surface mount device (SMD),0,0,0,0,0,
85411022,"Mounted diodes mounted, for surface mount device of current intensity ≤ 3 A",6,0,2,2,4,
85411029,Other mounted diodes for surface mount device (SMD),6,0,2,2,4,
85411091,Other Zener diodes,0,0,0,0,0,
85411092,Other diodes of current intensity ≤ 3 A,6,0,2,2,4,
85411099,"Other diodes, except photodiodes/light-emitting diodes",6,6,2,2,10,
85412110,"Transistors with dissipation capacity < 1 W, unmounted",0,0,0,0,0,
85412120,"Transistors, other than phototransistors, dissipation capacity < 1 W, assembled, suitable for surface mounting (SMD)",6,0,2,2,4,
85412191,"Transistors with dissipation capacity < 1 W, with heterojunction",0,0,0,0,0,
85412199,"Other transistors with dissipation capacity < 1 W, other than phototransistors",6,0,2,2,4,
85412910,"Other transistors, unassembled, except phototransistors",0,0,0,0,0,
85412920,"Other transistors, assembled, except phototransistors",0,0,0,0,0,
85413011,"Thyristors,""diacs"", ""triacs"", unassembled, intensity ≤ 3 A",0,0,0,0,0,
85413019,"Other thyristors, ""diacs"", ""triacs"", except current intensity ≤ 3 A, unassembled",6,6,2,2,10,
85413021,"Other thyristors, ""diacs"", ""triacs"", with a current intensity ≤ 3 A, mounted",6,6,2,2,4,
85413029,"Other thyristors, ""diacs"", ""triacs"", except with a current intensity ≤ 3 A, mounted",6,6,2,2,10,
85414011,"Unassembled light-emitting diodes (LED), except laser",0,0,0,0,0,
85414012,"Laser diodes, unassembled",0,0,0,0,0,
85414013,"Photodiodes, unassembled",0,0,0,0,0,
85414014,"Phototransistors, unassembled",0,0,0,0,0,
85414015,"Photo-thyristors, unassembled",0,0,0,0,0,
85414016,"Solar cells, unassembled",10,10,2,2,8,
85414019,"Other photosensitive semiconductor devices, unassembled",6,0,2,2,4,
85414021,Assembled light emitting diodes (LED) for surface mounting,0,0,0,0,0,
85414022,"Other light-emitting diodes (LED), unassembled, except laser",6,0,2,2,10,
85414023,Laser diodes with wavelength 1 300 mm or 1 500 mm,0,0,0,0,0,
85414024,Other laser diodes,10,0,2,2,8,
85414025,Assembled photodiodes/phototransistors/photo thyristors,0,0,0,0,0,
85414026,Assembled photoresistors mounted,6,0,2,2,4,
85414027,"Optic couplers, for surface mounted device (SMD)",0,0,0,0,0,
85414029,Other assembled photosensitive semiconductor device,6,0,2,2,4,
85414031,Photodiodes in modules or panels,12,0,2,2,10,
85414032,Solar cells in modules or panels,12,12,2,2,15,
85414039,Other photovoltaic cells in modules or panels,12,12,2,2,10,
85415010,Other unassembled semiconductor devices,6,0,2,2,4,
85415020,Other assembled semiconductor devices,6,0,2,2,4,
85416010,"Mounted piezoelectric crystals, made of quartz, 1 ≤ frequency ≤ 100 MHz",6,6,2,2,4,
85416090,Other assembled piezoelectric crystals,6,6,2,2,4,
85419010,"Connector supports presented in strips (lead frames), diodes, etc. semiconductors",0,0,0,0,0,
85419020,Encapsulation coatings (capsules),0,0,0,0,0,
85419090,"Other parts of diodes, transistors, etc. semiconductors",0,0,0,0,0,
85423110,"Processors and controllers, whether or not combined with memories, converters, logic circuits etc., unassembled",0,0,0,0,0,
85423120,"Processors and controllers, whether or not combined with memories, converters, logic circuits, etc., assembled, suitable for surface mounting (SMD - Surface Mounted Device)",0,0,0,0,0,
85423190,Other integrated circuits,0,0,0,0,0,
85423210,"Digital monolithic integrated circuits, unassembled (unassembled memories)",0,0,0,0,0,
85423221,"Memories, assembled, suitable for SMD - Surface Mounted Device, of the static RAM (SRAM) types, access time ≤ 25 ns, EPROM, EEPROM, PROM, ROM and flash",0,0,0,0,0,
85423229,Other assembled digital memories,8,8,2,2,10,
85423291,"Other memories of the static RAM (SRAM) types, access time ≤ 25 ns, EPROM, EEPROM, PROM, ROM and flash",0,0,0,0,0,
85423299,"Other ram memories, except static RAM (SRAM) types, access time ≤ 25 ns, EPROM, EEPROM, PROM, ROM and flash",8,8,0,2,10,
85423311,"Hybrid integrated circuit, thickness < 1 micron, frequency > 800 MHz",0,0,0,0,0,
85423319,"Other hybrid integrated circuit, thickness ≤ 1 micron",12,12,2,2,10,
85423320,"Other monolithic integrated circuits, unassembled",0,0,0,0,0,
85423390,Other assembled circuits,6,0,2,2,4,
85423911,"Hybrid integrated circuit, thickness < 1 micron, operating frequency ≥ 800 MHz",0,0,0,0,0,
85423919,"Other hybrid. integrated circuits, except thickness < 1 micron, operating frequency ≥ 800 MHz",12,12,2,2,15,
85423920,"Other monolithic integrated circuits, unassembled",0,0,0,0,0,
85423931,"Monolithic integrated circuits, ""chipset"", assembled, suitable for surface mounting (SMD - surface mounted device)",0,0,0,0,0,
85423939,Other monolithic integrated circuits,6,0,2,2,8,
85423991,"Other monolithic integrated circuits ""chipset""",0,0,0,0,0,
85423999,Other digital monolithic integrated circuits,6,0,0,2,4,
85429010,Connector supports in strips (lead frames),0,0,2,0,4,
85429020,"Encapsulation coatings (capsules), for electric integrated circuits, etc.",0,0,2,0,4,
85429090,Other parts for integrated circuit and electronic micro assembly,0,0,2,0,4,
85431000,Particle accelerators,0,0,0,0,0,
85432000,Electric signal generators,2,14,0,0,10,
85433000,"Machines and apparatus for electroplating, electrolysis or electrophoresis",2,14,0,0,10,
85437011,"Radio-frequency amplifiers, for transmission of high-power microwave signals (HPA) etc. power > 2,7 kW",2,0,2,2,4,
85437012,"Radio-frequency amplifier for microwave with low noise temperature < 55 K, for satellite telecommunications",2,0,2,2,4,
85437013,Radio-frequency amplifier for sign distribution for television,12,12,2,2,10,
85437014,Other radio-frequency amplifier for microwave sign reception,12,12,2,2,10,
85437015,Other radio-frequency amplifier for microwave sign transmission,12,12,2,2,10,
85437019,Other radio-frequency amplifiers,12,12,2,2,15,
85437020,Apparatus to electrocute insects,18,18,18,18,10,
85437031,"Special effects generators with 2- or 3-dimensional manipulation, even combined with switching device, of more than 10 audio or video inputs",0,0,0,0,0,
85437032,Digital character generators,0,0,0,0,0,
85437033,Stored frame synchronizers or time base correctors,0,0,0,0,0,
85437034,Controllers of edition for video,0,0,0,0,0,
85437035,Real time digital mixers with 8 or more inputs,0,0,0,0,0,
85437036,Routing switches for more than 20 inputs and more than 16 outputs,0,0,0,0,0,
85437039,Other auxiliary machines and apparatus for video,12,12,2,2,10,
85437040,Television standard transcoders or converter,0,0,0,0,0,
85437050,"Aerial simulators for transmitters, power ≥ 25 kW",0,0,0,0,0,
85437091,"Text terminals operating with Baudot transmission code, equipped with alphanumeric keyboard and display, for exclusively acoustic coupling to telephone",0,0,0,0,0,
85437092,Electric fence energisers,12,12,2,2,10,
85437099,"Other text terminals operating with Baudot transmission code, etc., for exclusively acoustic coupling to telephone, except electric fence energizers",12,18,2,2,15,
85439010,Parts of video radio-frequency amplifier machines and apparatus etc.,12,12,12,12,15,
85439090,"Parts of other electric machines and apparatus, with their own function",14,14,0,2,15,
85441100,"Insulated copper wire for winding, for electric use",14,14,7,14,10,
85441910,"Insulated aluminium wire for winding, for electric use",14,14,14,14,10,
85441990,"Other insulated wires for winding, for electric use",14,14,14,14,E,
85442000,Co-axial cables and other co-axial electric conductors,16,16,16,16,10,
85443000,Ignition wiring sets and other wiring sets used in vehicles,16,16,22,16,10,
85444200,"Other electrical conductors for tension ≤ 100 V, with connecting parts",16,16,5,16,10,
85444900,Other electrical conductors for tension ≤ 80 V,35,16,16,16,10,
85446000,Other electrical conductors for tension > 1 000 V,8,16,16,16,15,
85447010,"Optical fibre cables externally coated, dielectric material",14,14,2,2,10,
85447020,"Optical fibre cables externally coated, steel, for underwater installation",2,0,2,2,4,
85447030,Optical fibre cables externally coated with aluminium,14,14,2,2,10,
85447090,Other optical fibre cables,14,14,2,2,10,
85451100,Carbon electrodes of a kind used for furnaces,4,10,10,10,10,
85451910,"Graphite electrodes, containing carbon ≥ 99,9 % for electric use",2,2,2,2,10,
85451920,"Graphite blocks, of the type used as cathodes in electrolytic tanks",2,2,2,2,10,
85451990,"Other carbon electrodes, for electric use",12,12,12,12,10,
85452000,"Carbon brushes, for electric use",12,12,10,12,10,
85459010,Electrics battery carbons,2,2,2,2,10,
85459020,"Heating resistors, not coated or fitted with terminals",12,12,12,12,10,
85459030,"Connection bases for electrodes (""nipples"")",12,12,12,12,10,
85459090,Other carbon and articles of graphite/carbon for electric use,12,12,12,12,10,
85461000,Glass insulators for electric use,16,16,16,16,10,
85462000,Ceramics insulators for electric use,16,16,16,16,10,
85469000,Insulators of other matters for electric use,16,16,16,16,10,
85471000,"Insulating fittings of ceramics for machines, apparatus and electrical installations",16,16,16,16,10,
85472010,"Sealing caps for capacitors, with holes for terminals",2,2,2,2,4,
85472090,"Other insulated fittings of plastics for machines, apparatus and electrical installations",16,16,16,16,10,
85479000,"Other insulating parts/tubes for machines, apparatus and electrical installations",16,16,16,16,10,
85481010,Waste and scrap of lead-acid batteries; unusable lead-acid batteries,4,4,4,4,4,
85481090,"Waste/residue of batteries, electric batteries, etc.",18,18,18,18,10,
85489010,Thermocouples used in thermoelectric gas devices,16,16,16,16,15,
85489090,Parts of other electrical machinery and apparatus,14,14,14,14,10,
86011000,Rail locomotives powered by an external source of electricity,14,14,0,0,10,
86012000,"Rail locomotives, of electric accumulators",14,14,2,0,E,
86021000,Diesel-electric locomotives,2,14,0,0,10,
86029000,"Other locomotives and locomotive tractors, and tenders",14,14,0,0,10,
86031000,"""Littorina's"", whether or not for urban traffic, except those of heading 86.04, with an external source of electricity",2,14,0,0,10,
86039000,"""Littorina's"", whether or not for urban traffic, etc., with an external source of electricity",2,14,0,0,10,
86040010,"Self-propelled vehicles for inspection and maintenance of railway tracks or similar, equipped with ballast beaters and railway track aligners",0,0,0,0,0,
86040090,"Other vehicles for inspection/maintenance of railway, etc.",14,14,2,0,10,
86050010,Passenger wagons for railway/similar,14,14,2,0,10,
86050090,"Luggage vans, post office coaches, etc. for railway",14,14,0,0,E,
86061000,Tank wagons/similar for transport of goods by railway,14,14,2,0,E,
86063000,Automatic self-discharging wagons for transport of goods by railway,14,14,0,0,E,
86069100,Covered and closed wagons for transport of goods by railway,14,14,2,0,E,
86069200,"Open/non-removable sides wagons, height > 60 cm for railway",14,14,2,0,E,
86069900,Other wagons for transporting goods by railway,14,14,2,0,10,
86071110,Bogies of traction vehicles for railway,2,14,2,0,10,
86071120,Bissel-bogies of traction vehicles for railway/similar,14,14,2,2,E,
86071200,Other bogies and bissel-bogies of traction vehicles for railway,2,14,2,0,E,
86071911,"Bearings with incorporated roller bearings, outside diameter > 190 mm, for use in railway wagon wheel axles",0,0,0,0,0,
86071919,Other bearing boxes of vehicles for railway,14,14,2,2,10,
86071990,"Axis, wheels and parts thereof of vehicles for railway",14,35,0,2,10,
86072100,Brakes and parts thereof of vehicles for railway,14,14,0,0,10,
86072900,"Other brakes and parts thereof, of vehicles for railway",14,14,0,0,10,
86073000,"Hooks, buffers, etc. of vehicles for railway",14,14,0,0,10,
86079100,Other parts of locomotives,14,14,2,0,10,
86079900,Other parts of vehicles for railway,14,14,0,0,10,
86080011,"Signalling mechanical apparatus for railway, etc.",14,14,0,2,10,
86080012,"Signalling electro-mechanical apparatus for railway, etc.",14,14,0,2,10,
86080090,Fixed material of railway/similar and its parts,14,14,0,2,10,
86090000,"Containers including the transport of fluids, etc.",14,14,0,0,10,
87011000,Pedestrian-controlled tractors,14,14,0,2,10,
87012000,Road tractors for semi-trailer,35,35,5,6,E,
87013000,Track-laying tractors,14,14,2,2,10,
87019010,Log-skidding tractors,0,0,0,0,0,
87019090,Other tractors,14,14,0,2,15V,
87021000,"Motor vehicles for transport ≥ 10 persons, with diesel engine",35,35,10,6,E,
87029010,Trolleybuses for the transport ≥ 10 person,20,35,0,6,E,
87029090,Other motor vehicles for the transport ≥ 10 person,35,35,10,23,E,
87031000,"Motor vehicles designed for travelling on snow, golf cars, etc.",20,35,15,23,15,
87032100,"Motor cars and other motor vehicles with combustion engine, engine displacement ≤ 1 000 cm3",35,35,10,23,15V,
87032210,"Motor cars and other motor vehicles with combustion engine, of a cylinder capacity 1 000 < cm3 ≤ 1 500 , up to 6 passengers",35,35,10,23,15V,
87032290,"Motor cars and other motor vehicles with combustion engine, of a cylinder capacity 1 000 < cm3 ≤ 1 500 , more than 6 passengers",35,35,10,23,15,
87032310,"Motor cars and other motor vehicles with combustion engine, of a cylinder capacity 1 500 < cm3 ≤ 3 000 , up to 6 passengers",35,35,15,23,15V,
87032390,"Motor cars and other motor vehicles with combustion engine, of a cylinder capacity 1 500 < cm3 ≤ 3 000 , more than 6 passengers",35,35,15,23,15,
87032410,"Motor cars and other motor vehicles with combustion engine, of a cylinder capacity > 3 000 cm3, up to 6 passengers",35,35,20,23,15V,
87032490,"Motor cars and other motor vehicles with combustion engine of a cylinder capacity > 3 000 cm3, more than 6 passengers",35,35,20,23,15V,
87033110,"Motor cars and other motor vehicles with diesel engine, of a cylinder capacity ≤ 1 500 cm3, up to 6 passengers",35,35,10,23,15,
87033190,"Motor cars and other motor vehicles with diesel engine of a cylinder capacity ≤ 1 500 cm3, more than 6 passengers",35,35,10,23,15,
87033210,"Motor cars and other motor vehicles with diesel engine, of a cylinder capacity 1 500 < cm3 ≤ 2 500 , up to 6 passengers",35,35,15,23,15,
87033290,"Motor cars and other motor vehicles with diesel engine, of a cylinder capacity 1 500 < cm3 ≤ 2 500 , more than 6 passengers",35,35,15,23,15,
87033310,"Motor cars and other motor vehicles with diesel engine, of a cylinder capacity > 2 500 cm3, up to 6 passengers",35,35,20,23,15V,
87033390,"Motor cars and other motor vehicles with diesel engine, of a cylinder capacity > 2 500 cm3, more than 6 passengers",35,35,20,23,15V,
87039000,"Other passengers vehicles, including of mixed use, etc.",35,35,20,23,See comments,"Tariff treatment defined in paragraphs 6(g), (i), (j), (k) of Section A of Annex 2-A"
87041010,"Dumpers for the transport of goods ≥ 85 t, for off-highway use",0,0,0,0,0,
87041090,"Other dumpers for the transport of goods, for off-highway use",14,14,0,2,15,
87042110,"Chassis with diesel/semi-diesel engine/cabin, of load ≤ 5 t",35,35,10,23,E,
87042120,Motor vehicles with diesel/semi-diesel engine/tipper body load ≤ 5 t,35,35,15,23,15,
87042130,"Other motor vehicles refrigerated etc. with diesel/semi-diesel engine etc., load ≤ 5 t",35,35,15,7,15,
87042190,"Other motor vehicles with diesel/semi-diesel engine, load ≤ 5 t",35,35,20,23,15V,
87042210,"Chassis with diesel/semi-diesel engine and cabin, load 5 t < weight ≤ 20 t",35,35,10,23,E,
87042220,"Motor vehicles with diesel/semi-diesel engine/tipper body, 5 t < load ≤ 20 t",35,35,15,23,E,
87042230,"Motor vehicles refrigerated etc. with diesel/semi-diesel engine, 5 t < load ≤ 20 t",35,35,15,7,15,
87042290,"Other motor vehicles with diesel/semi-diesel engine, 5 t < load ≤ 20 t",35,35,15,23,E,
87042310,"Chassis with diesel/semi-diesel engine and cabin, load > 20 t",35,35,15,7,E,
87042320,"Motor vehicles, diesel/semi-diesel engine/tipping load > 20 t",35,35,15,7,E,
87042330,"Motor vehicle, diesel engine, refrigerated etc. load > 20 t",35,35,15,7,15,
87042390,"Other diesel/semi-diesel engine motor vehicles, load > 20 t",35,35,15,7,15,
87043110,"Chassis fitted with combustion engine and cabin, load ≤ 5 t",35,35,20,23,15,
87043120,"Motor vehicles with combustion engine/tipper, load ≤ 5 t",35,35,20,23,15,
87043130,"Motor vehicle, refrigerated or isothermal etc. with combustion engine, load ≤ 5 t",35,35,20,8,15,
87043190,"Other motor vehicles with combustion engine, load ≤ 5 t",35,35,20,23,15V,
87043210,"Chassis fitted with combustion engine and cabin, load > 5 t",35,35,20,23,E,
87043220,"Motor vehicles with combustion engine/tipping, load > 5 t",35,35,20,23,E,
87043230,"Motor vehicles refrigerated etc. with spark ignition piston engine, load > 5 t",35,35,20,7,E,
87043290,"Other motor vehicles with combustion engine, load > 5 t",35,35,20,23,E,
87049000,Other motor vehicles for the transport of goods,35,35,20,23,E,
87051010,"Crane lorries maximum capacity of elevation ≥ 60 t, telescopic stem",0,35,0,0,10,
87051090,Other crane lorries,35,35,5,6,15,
87052000,Mobile drilling derricks,35,35,5,6,15,
87053000,Fire-fighting-vehicles,35,35,5,6,15,
87054000,Concrete-mixer lorries,35,35,5,6,15,
87059010,Lorries for profiling petroleum wells,2,2,2,2,8,
87059090,Other motor vehicles for special use,35,35,5,6,15,
87060010,Chassis with engines for motor vehicles transport persons ≥ 10,35,35,5,6,E,
87060020,Chassis with engines for dumpers and tractors except road,14,14,2,0,15,
87060090,Other chassis with engines for automobiles of passenger/goods,35,35,5,6,E,
87071000,"Bodies, for automobiles of passengers, including cabin",35,35,18,18,15,
87079010,"Bodies, including for dumpers/tractors except motor vehicles, including cabin",14,14,2,0,10,
87079090,Bodies for motor vehicles transport capacity ≥ 10 persons or for cargo,35,35,28,6,15,
87081000,Bumpers and parts thereof for motor vehicles,18,18,10,18,10,
87082100,Seatbelts for motor vehicles,18,18,10,18,10,
87082911,Mudguards for dumpers and tractors except road vehicles,14,14,0,2,10,
87082912,Radiator cowlings for dumpers/tractors except road vehicles,14,14,0,2,10,
87082913,Doors for dumpers and tractors except road vehicles,14,14,0,2,10,
87082914,Dashboards for dumpers/tractors except road vehicles,14,14,0,2,10,
87082919,Other parts/accessories of bodies for dumpers and tractors,14,14,0,2,15,
87082991,Mudguards for motor vehicles,18,18,10,18,15,
87082992,Radiator cowlings for motor vehicles,18,18,10,18,15,
87082993,Doors for motor vehicles,18,18,10,18,10,
87082994,Dashboards for motor vehicles,18,18,10,18,10,
87082995,Air bag inflator for car safety device,2,2,2,2,10,
87082999,Other parts/accessories of bodies for motor vehicles,18,18,10,18,10,
87083011,"Brake linings, assembled, for dumpers and tractors",14,14,0,2,10,
87083019,"Brake linings, assembled, for motor vehicles",18,18,10,18,10,
87083090,"Other brakes and its parts, for tractors/motor vehicles",18,18,10,18,15,
87084011,Power-assisted for torques ≥ 750 nm of tractors/dumpers,0,0,0,0,0,
87084019,Other gear boxes for tractors or dumpers,14,14,0,2,15,
87084080,Other gearboxes,18,18,10,18,15,
87084090,Parts of gearboxes,18,18,10,18,15,
87085011,"Drive-axles with differential for dumpers, load ≥ 14 t",0,0,0,0,0,
87085012,"Axles and parts except transmission, for tractors/dumpers",14,14,0,2,10,
87085019,Drive-axles with differential for dumpers/tractors,14,14,2,2,10,
87085080,Drive-axles with differential for motor vehicles,18,18,10,18,15,
87085091,"Axles and parts, except transmission, for tractors/dumpers",14,14,0,2,10,
87085099,"Other axels and their parts, for motor vehicles",18,18,10,18,15,
87087010,"Wheels of propellers axels, their parts, for dumpers/tractors",14,14,0,2,10,
87087090,"Other wheels, their parts and accessories for motor vehicles",18,18,10,18,15,
87088000,Suspension shock-absorbers for tractors and motor vehicles,18,18,10,18,15,
87089100,Radiators for tractors and motor vehicles,18,18,10,18,10,
87089200,Silencers and exhaust pipes for tractors and motor vehicles,18,18,10,18,10,
87089300,Clutches and parts thereof for tractors and motor vehicles,18,18,10,18,15,
87089411,Steering wheel for dumpers/tractors except road vehicles,14,14,0,2,10,
87089412,Steering columns for dumpers/tractors except road vehicles,14,14,2,2,10,
87089413,Steering boxes for dumpers/tractors except road vehicles,14,14,2,2,10,
87089481,Steering wheels for motor vehicles,18,18,10,18,10,
87089482,Steering columns for motor vehicles,18,18,10,18,10,
87089483,Steering boxes for motor vehicles,18,18,10,18,10,
87089490,Other parts and accessories for tractors and motor vehicles,18,18,10,18,10,
87089510,"Safety airbags with inflation system (""airbags"")",18,18,10,18,10,
87089521,"Inflatable bags for ""airbags""",2,2,2,2,10,
87089522,"Inflation system for car safety device (""airbag"")",2,2,2,2,10,
87089529,Other parts and accessories of bodies for motor vehicles,18,18,10,18,10,
87089910,"Device for controlling, accelerating, braking, etc. for motor vehicles",0,0,0,0,0,
87089990,Other parts and accessories for tractors and motor vehicles,18,18,10,18,15,
87091100,"Other motor vehicles without lifting equipment, for use in factories, warehouses, etc., for transport of goods over short distances; tractors used in railway stations; electric equipment",2,14,0,0,10,
87091900,"Other motor vehicles without lifting equipment, for use in factories, warehouses, etc., for transport of goods over short distances; tractors used in railway stations; non-electric",14,14,0,0,10,
87099000,"Parts of motor vehicles without lifting device, used in factories",14,14,0,2,15,
87100000,Vehicles and armoured combat cars and its parts,0,0,0,0,0,
87111000,Motorcycles etc. with alternative piston engine cylinder capacity ≤ 50 cm3,20,20,12,20,E,
87112010,"Motorcycles with alternative piston engines, with a displacement of 125 cm3 or less",20,20,18,20,15,
87112020,"Motorcycles with alternative piston engines, with a displacement greater than 125 cm3",20,20,20,20,15,
87112090,"Other cycles with alternative piston engine, 50 cm3 < displacement ≤ 250 cm3",20,20,20,20,15,
87113000,"Motorcycles, etc., with alternative piston engine, 250 cm3 < displacement ≤ 500 cm3",35,20,20,20,15,
87114000,"Motorcycles, etc., with alternative piston engine, 500 cm3 < displacement ≤ 800 cm3",35,20,20,20,E,
87115000,"Motorcycles, etc., with alternative piston engine, displacement > 800 cm3",35,20,20,20,E,
87119000,"Other motorcycles/cycles with auxiliary engine, side cars",20,20,20,20,10,
87120010,Bikes without engine,20,35,18,20,15,
87120090,"Other cycles without engine, including tricycles",20,20,20,20,E,
87131000,"Wheelchairs, etc., without propulsion mechanism",12,12,12,12,10,
87139000,Other wheelchairs and other vehicles for disabled persons,2,2,2,2,0,
87141000,Parts and accessories of motorcycles (including mopeds),16,16,16,16,E,
87142000,Parts and accessories of wheelchairs for disabled persons and other vehicles,10,10,10,10,8,
87149100,"Frames, forks and parts thereof for bicycles and other cycles",0,16,16,16,E,
87149200,Wheel rims and spokes for bicycles and other cycles,16,16,16,16,E,
87149310,"Hubs, except of brakes (coaster brake) for bicycles and other cycles",16,16,16,16,10,
87149320,Free-wheel sprocket-wheels for bicycles and other cycles,0,16,16,16,10,
87149410,Coaster braking hubs for bicycles and other cycles,16,16,16,16,15,
87149490,Other brakes and parts thereof for bicycles and other cycles,0,16,16,16,15,
87149500,Saddles of bicycles and other cycles,16,16,16,16,15,
87149600,"Pedals, crank-gear and parts thereof, for bicycles, etc.",16,16,16,16,E,
87149910,Speed changers for bicycles and other cycles,0,16,16,16,15,
87149990,Other parts and accessories for bicycles and other cycles,0,16,8,16,15,
87150000,"Strollers and similar vehicles for transporting children, and parts thereof",20,20,20,20,10,
87161000,Trailers/semi-trailers for housing or camping,20,20,20,20,E,
87162000,"Self-loading trailers/semi-trailers, etc. for agricultural purposes",35,14,2,14,E,
87163100,Tanker trailers for the transport of goods,35,35,18,18,15,
87163900,Other tanker trailers semi-trailers for the transport of goods,35,35,18,18,E,
87164000,Other trailers and semi-trailers,35,35,18,18,E,
87168000,Other non-self-propelled vehicles,35,35,18,18,15,
87169010,Chassis for trailers and semi-trailers,16,16,16,16,E,
87169090,Other parts of trailers/semi-trailers/vehicles non-self-propelled,16,16,16,16,15,
88010000,Gliders and hang gliders,20,20,20,20,E,
88021100,"Helicopters of weight ≤ 2 000 kg, empty",0,0,0,0,0,
88021210,"Helicopters 2 000 kg < weight ≤ 3 500 kg, empty",0,0,0,0,0,
88021290,"Other helicopters of weight > 3 500 kg, empty",0,0,0,0,0,
88022010,"Propeller-driven aeroplanes, etc. weight ≤ 2 000 kg, empty",0,0,0,0,0,
88022021,"Airplanes, turboprop, etc. single-engine ≤ 2 000 kg, empty",0,0,0,0,0,
88022022,"Airplanes and other aircrafts, turboprop, multi-engine ≤ 2 000 kg, empty",0,0,0,0,0,
88022090,"Other airplanes and aircrafts weight ≤ 2 000 kg, empty",0,0,0,0,0,
88023010,"Aeroplanes and other propeller-driven aircrafts 2 000 kg < weight ≤ 15 000 kg, empty",0,0,0,0,0,
88023021,"Airplanes and other aircrafts, turboprop etc. multi-engine, 2 t < weight ≤ 7 t, empty",0,0,0,0,0,
88023029,"Other airplanes, turboprop, etc. 2 t < weight ≤ 7 t, empty",0,0,0,0,0,
88023031,"Airplanes and other aircrafts, turbojet-powered, 2 000 kg < weight ≤ 7 000 kg, empty",0,0,0,0,0,
88023039,"Other airplanes and other aircrafts, turbojet-powered, 7 000 kg < weight ≤ 15 000 kg, empty",0,0,0,0,0,
88023090,"Other airplanes/aircrafts, 2 000 kg < weight ≤ 15 000 kg, empty",0,0,0,0,0,
88024010,"Airplanes and other turboprop aircraft weighing more than 15 000 kg, empty",0,0,0,0,0,
88024090,"Other airplanes/aircrafts, weighing > 15 000 kg, empty",0,0,0,0,0,
88026000,"Spacecraft (including satellites) and their launch vehicles, and suborbital vehicles",0,0,0,0,0,
88031000,"Propellers, rotors and parts thereof for aircraft, etc.",0,0,0,0,0,
88032000,"Under-carriages and parts thereof for aircraft, etc.",0,0,0,0,0,
88033000,Other parts of aeroplanes or helicopters,0,0,0,0,0,
88039000,Other parts for aircraft/space vehicles,0,0,0,0,0,
88040000,"Parachutes/rotochutes, its parts and accessories",14,14,14,14,10,
88051000,Aircraft launching devices and parts thereof; aircraft carrier landing devices and parts thereof; etc.,0,0,0,0,0,
88052100,Air combat simulators and parts thereof,0,0,0,0,0,
88052900,"Other ground flight training apparatus, etc.",0,0,0,0,0,
89011000,"Cruise ships, excursion boats, ferry-boats, etc.",14,14,0,0,10,
89012000,Tankers ships,14,14,0,0,10,
89013000,"Refrigerated vessels, excluding tankers",14,14,2,0,10,
89019000,Other vessels for the transport of goods or persons/goods,14,14,10,0,E,
89020010,"Fishing vessels, factory ships, etc. length ≥ 35 m",14,14,2,0,E,
89020090,"Other fishing vessels, factory ships, etc.",14,14,2,0,10,
89031000,Inflatable boats,20,20,20,20,15,
89039100,"Sailboats, with or without auxiliary motor",20,20,20,20,10,
89039200,"Motor-boats, other than outboard motor-boats",20,20,20,20,10,
89039900,"Other recreational/sports boats/craft, including canoes",35,20,20,20,10,
89040000,Tugboats and boats designed to push other vessels,14,14,0,0,E,
89051000,Dredgers,14,14,0,0,10,
89052000,"Floating/submersible drilling or exploration platforms, etc.",14,14,2,0,E,
89059000,"Light-vessels/floating cranes/docks/floating docks, etc.",14,14,0,0,10,
89061000,Warships,14,14,2,0,10,
89069000,"Other vessels, including lifeboats",14,14,2,0,10,
89071000,Inflatable rafts,14,14,0,0,10,
89079000,Other floating structures,14,14,0,0,10,
89080000,Vessels and other floating structures for to be dismantled,2,2,2,2,15,
90011011,"Optical fibres, core diameter < 11 micrometres (microns)",12,12,2,2,10,
90011019,Other optical fibres,12,12,2,2,15,
90011020,Optical fibre bundles and cables,14,14,2,2,10,
90012000,"Polarizing materials, in sheets or plates",18,18,18,18,15,
90013000,Contact lenses,18,18,2,18,15,
90014000,Correction lenses of glasses,18,18,18,18,15,
90015000,Correction lenses of other materials,18,18,15,18,E,
90019010,"Other lenses, not mounted",18,18,18,18,15,
90019090,"Prisms, mirrors and other optical elements, not mounted",18,18,18,18,15,
90021110,"Mounted objective lenses, for photographic cameras or for projectors etc.",16,16,2,16,15,
90021120,"Mounted objective lenses, zoom ≥ 20, for television cameras",0,0,0,0,0,
90021190,"Other mounted objective lenses, for cameras, photographic equipment",16,16,16,16,15,
90021900,Other mounted objective lenses,16,16,16,16,15,
90022010,Mounted polarizing filters,16,16,16,16,15,
90022090,Mounted optical filters,16,16,8,16,15,
90029000,"Other lenses, prisms, mirrors and optical elements, assembled",16,16,16,16,15,
90031100,"Plastic frames, for glasses",18,18,16,18,10,
90031910,"Frames of metal base, for glasses, including veneer, etc.",18,18,15,18,10,
90031990,"Frames of other materials, for glasses",18,18,18,18,10,
90039010,Hinges for frames of glasses,16,16,16,16,10,
90039090,Other parts for frames of glasses and similar articles,16,16,16,16,10,
90041000,Sunglasses,35,20,2,20,15,
90049010,Corrective glasses,18,18,2,18,15,
90049020,Safety glasses,18,18,18,18,15,
90049090,Other eyewear for protection or other purposes and similar articles,18,18,2,18,15,
90051000,Binoculars,18,18,18,18,15,
90058000,"Telescopes and other astronomical instruments, their frames",2,14,0,0,10,
90059010,Parts and accessories of binoculars,16,16,16,16,E,
90059090,Parts and accessories for telescopes and other astronomy instruments,14,14,0,0,10,
90061010,Laser phototypesetters for preparing plates,0,0,0,0,0,
90061090,"Other cameras used for preparing printing plates or cylinders, except laser phototypesetters etc.",2,14,0,0,10,
90063000,"Cameras specially designed for underwater or aerial photography, for medical examination etc.",14,14,0,0,10,
90064000,Instant print photographic cameras,2,2,2,2,10,
90065100,"Other cameras, with reflex viewfinder, for roll film width ≤ 35 mm",18,18,18,18,E,
90065200,"Other photographic cameras for rolls of films, width < 35 mm",18,18,18,18,E,
90065310,"Fixed focus photographic cameras, for rolls films, width = 35 mm",18,18,8,18,E,
90065320,"Adjustable focus photographic cameras, for rolls of films, width = 35 mm",18,18,2,18,E,
90065910,Other fixed focus photographic cameras,18,18,8,18,15,
90065921,"Other photographic cameras, adjustable focus, for obtaining negatives of 45 mm x 60 mm or larger dimensions",10,10,6,10,E,
90065929,"Other photographic cameras, adjustable focus, except cameras for obtaining negatives of 45 mm x 60 mm or larger dimensions",18,18,8,18,15,
90066100,"Discharge tube devices for producing flashing light (""electronic flashes"")",18,18,2,18,15,
90066900,Other photography devices and apparatus,18,18,18,18,E,
90069110,Cases for photographic devices,16,16,16,16,E,
90069190,Other parts and accessories for photographic devices,16,16,16,16,10,
90069900,Other parts and accessories for photographic equipment and devices,16,16,2,16,10,
90071000,Cameras,14,14,0,0,10,
90072020,"Projectors for movies, width ≥ 35 mm, but ≤ 70 mm",0,0,0,0,0,
90072090,Other cinematographic projectors,14,14,0,0,10,
90079100,Parts and accessories for cinematographic cameras,14,14,0,0,10,
90079200,Parts of accessories for cinematographic projectors,14,14,0,0,10,
90085000,Projectors and apparatus for enlarging or reducing images,18,18,18,18,10,
90089000,"Parts and accessories for image projectors, etc.",16,16,16,16,10,
90101010,Automatic and programmable tanks and cuvettes for photographic film development,0,0,0,0,0,
90101020,"Automatic enlarger-copiers for photographic paper, capacity > 1 000 copies/hour",0,0,0,0,0,
90101090,"Other apparatus and materials for automatic development of photographic films, etc.",14,14,0,0,10,
90105010,"Photo processors for electronic image processing, even with digital output",0,0,0,0,0,
90105020,Automatic photopolymer plate development devices with metal support,0,0,0,0,0,
90105090,"Other apparatus/equipment and materials for photographic and cinematographic laboratories, including etc.",18,18,18,18,15,
90106000,Screens for photographic/cinematographic projection,18,18,18,18,15,
90109010,"Parts and accessories for automatic photographic film developing equipment, etc.",14,14,0,0,10,
90109090,"Parts and accessories for other equipment used in photographic laboratories, etc.",16,16,16,16,15,
90111000,Stereoscopic optical microscopes,14,14,0,0,10,
90112010,Microscopes for photomicrography,0,0,0,0,0,
90112020,Microscopes for cinephotomicrography,0,0,0,0,0,
90112030,Microscopes for micro projection,0,0,0,0,0,
90118010,Binocular microscopes with mobile specimen stage,0,0,0,0,0,
90118090,Other optical microscopes,2,14,0,0,10,
90119010,"Parts of accessories for microscopes for photomicrography, etc.",0,0,0,0,0,
90119090,Parts and accessories for optical microscopes,14,14,0,0,10,
90121010,Electronic microscopes,0,0,0,0,0,
90121090,Other microscopes and diffraction,14,14,0,0,10,
90129010,Parts and accessories for electronic microscopes,0,0,0,0,0,
90129090,Parts and accessories for other microscopes and diffraction,14,14,0,0,10,
90131010,Telescopic sights for weapons,18,18,18,18,15,
90131090,"Periscopes, telescopes for machines, optical devices and instruments",14,14,0,0,10,
90132000,"Lasers, other than laser diodes",2,14,0,0,10,
90138010,Liquid crystal devices (LCD),0,0,0,0,0,
90138090,"Other devices, optical appliances and instruments",18,18,18,18,10,
90139000,"Parts and accessories of telescopic sights, periscopes, etc.",2,14,0,0,10,
90141000,Direction finding compasses,2,14,0,0,10,
90142010,Height measure for aeronautical or space navigation,0,0,0,0,0,
90142020,Automatic pilots for aeronautical or space navigation,0,0,0,0,0,
90142030,Inclinometers for aeronautical or space navigation,0,0,0,0,0,
90142090,Other instruments and appliances for aeronautical/space navigation,0,0,0,0,0,
90148010,Echo sounding or ultrasonic sounding for navigation,2,14,0,0,10,
90148090,Other instruments and appliances for navigation,14,14,0,0,10,
90149000,Parts and accessories for instruments and appliances for navigation,2,14,0,0,10,
90151000,Rangefinders,2,14,0,0,10,
90152010,"Theodolites and tacheometers, with prism, etc. precision = 1 sec",14,14,0,0,10,
90152090,Other theodolites and tacheometers,2,14,0,0,10,
90153000,Levels,2,14,0,0,10,
90154000,Photogrammetry instruments and devices,0,0,0,0,0,
90158010,Hydrometric reels,14,14,0,0,10,
90158090,"Other instruments and appliances used in geodesy, topography, etc.",14,14,0,0,10,
90159010,Parts and accessories for instruments or apparatus of subheading 9015.40 (photogrammetric),0,0,0,0,0,
90159090,"Parts and accessories for geodesy instruments and apparatus, etc.",2,14,0,0,10,
90160010,"Scales sensitive of weight ≤ 0,2 mg",2,14,0,0,10,
90160090,"Scales sensitive to 0,2 mg < weight ≤ 50 mg, with/without weights",2,14,0,0,E,
90171010,"Drafting tables and machines, automatic",0,0,0,0,0,
90171090,"Other drafting tables and machines, except automatic",18,18,18,18,15,
90172000,"Other drawing, tracing or calculating instruments",18,18,18,18,10,
90173010,Micrometers (manual distance measuring instrument),10,10,10,10,10,
90173020,Calipers (manual distance measuring instrument),18,18,18,18,10,
90173090,"Other manual distance measuring instrument, except micrometers and calipers",18,18,18,18,10,
90178010,Meters (manual distance measuring instruments),18,18,18,18,E,
90178090,"Other manual distance measuring instruments, except meters",18,18,18,18,10,
90179010,Parts and accessories of automatic drafting tables and machines,0,0,0,0,0,
90179090,"Parts and accessories of other drawing, measuring instruments, etc.",16,16,16,16,10,
90181100,Electrocardiographs,14,14,0,2,10,
90181210,Echographs with doppler spectrum analysis,0,0,0,0,0,
90181290,Other apparatus of electrodiagnosis by ultrasonic scanning,14,14,0,2,E,
90181300,Magnetic resonance imaging apparatus,0,0,0,0,0,
90181410,Positron emission tomography scanner,0,0,0,0,0,
90181420,Gamma chambers,0,0,0,0,0,
90181490,Other scintigraphic apparatus,14,14,0,0,10,
90181910,Endoscopy,0,0,0,0,0,
90181920,Audiometers,14,14,0,0,10,
90181980,Other electro-diagnostic apparatus,14,14,0,0,E,
90181990,Parts of electro-diagnostic apparatus,14,14,0,2,10,
90182010,"Surgery apparatus, laser type",0,0,0,0,0,
90182020,"Other apparatus for oral treatment, laser type",0,0,0,0,0,
90182090,Other ultraviolet or infrared ray apparatus,2,14,0,0,10,
90183111,"Plastic syringes, with or without needles, capacity ≤ 2 cm3",16,16,16,16,15,
90183119,"Other plastic syringes, with or without needles",16,16,16,16,15,
90183190,"Syringes of other material, with or without needles",16,16,16,16,15,
90183211,"Tubular metal needles, gums",16,16,16,16,15,
90183212,"Tubular needles, of steel chrome-niquel/three-sided bisel",2,2,2,2,4,
90183219,Other tubular metal needles,16,16,16,16,E,
90183220,Needles for sutures,2,2,2,2,4,
90183910,Other needles,16,16,16,16,15,
90183921,"Probes, catheters and stems, of rubber",16,0,16,16,E,
90183922,Arterial embolectomy catheters of poly(vinyl chloride),2,2,2,2,4,
90183923,Thermodilution catheters of poly(vinyl chloride),2,2,2,2,4,
90183924,Peripheral intravenous catheters of polyurethane,16,16,2,16,10,
90183929,"Other probes, catheters and stems",16,16,16,16,15,
90183930,Lancets for vaccination and cauterising,16,16,16,16,10,
90183991,"Article for arteriovenous fistula, consisting of needle, butterfly type fixation base, plastic tube with connector and obturator",16,16,16,16,10,
90183999,"Other instruments similar to syringes, needles, catheters, etc.",16,16,16,16,15,
90184100,"Dental drill devices, combined or not etc. with including other dental equipment",14,14,2,0,10,
90184911,"Dental drill engines, of tungsten carbide",16,16,16,16,10,
90184912,"Dental drill engines, of vanadium steel",16,16,16,16,E,
90184919,"Dental drill engines, of other material",16,16,16,16,15,
90184920,Files for dentistry,16,16,16,16,15,
90184940,"Devices that operate by kinetic projection of particles, for treatment",0,0,0,0,0,
90184991,"Apparatus for designing and constructing ceramic parts for dental restorations, computerised",0,0,0,0,0,
90184999,Other instruments and appliances for dentistry,16,16,16,16,15,
90185010,Binocular microscopes for ophthalmic surgery,0,0,0,0,0,
90185090,Other ophthalmic instruments and appliances,2,14,0,0,10,
90189010,"Instruments and appliances for blood transfusions, etc.",14,14,0,0,10,
90189021,Electric bistouries,16,16,16,16,15,
90189029,Other bistouries,16,16,16,16,15,
90189031,Lithotripters using shock waves,0,0,0,0,0,
90189039,Lithotomies and other lithotripters,14,14,0,0,10,
90189040,Artificial kidney,2,8,0,0,E,
90189050,Diathermy apparatus,14,14,0,0,10,
90189091,Artificial incubators for babies,14,14,0,0,E,
90189092,Apparatus for measuring arterial pressure,16,16,2,16,15,
90189093,"Microwave intra-urethral therapy equipment, for treatment of prostatic conditions etc., computerised",0,0,0,0,0,
90189094,Endoscope,0,0,0,0,0,
90189095,"Clips and staples, their applicators and extractors for apparatus (medical use)",0,0,0,0,0,
90189096,Automatic external defibrillators,0,0,0,0,0,
90189099,"Other instruments and appliances used in medicine, surgery, etc.",16,16,16,16,E,
90191000,Mechanotherapy devices; massage devices; psychotechnical devices,14,14,0,0,10,
90192010,Oxygen therapy apparatus,14,14,0,0,10,
90192020,Aerosol therapy apparatus,2,14,2,0,10,
90192030,Artificial respiration apparatus,14,14,0,0,15,
90192040,"Appliances known as ""iron lungs""",14,14,0,0,10,
90192090,Other ozone therapy and other respiratory therapy devices,14,14,0,0,E,
90200010,Gas masks,16,16,16,16,10,
90200090,Other respiration apparatus,16,16,16,16,15,
90211010,Articles and orthopaedic appliances,14,14,14,14,15,
90211020,Articles and fracture appliances,14,4,14,14,10,
90211091,Parts/accessories for orthopaedic joint articles/devices,0,0,0,0,0,
90211099,Other parts/accessories orthopaedic/fracture devices,14,14,14,14,10,
90212110,Acrylic artificial teeth,16,16,16,16,15,
90212190,"Other artificial teeth, except of acrylic",16,16,16,16,15,
90212900,Other dental prosthetics articles and appliances,16,16,16,16,15,
90213110,"Femoral joint, prostheses",14,4,14,14,10,
90213120,Myoelectric joint prostheses,0,0,0,0,0,
90213190,Other artificial parts of the body,14,4,14,14,10,
90213911,Mechanical heart valves,0,0,0,0,0,
90213919,Other heart valves,14,14,14,14,10,
90213920,Intra-ocular lenses,0,0,0,0,0,
90213930,Coated artificial vascular arteries,0,0,0,0,0,
90213940,Non-implantable artificial breasts,0,0,0,0,0,
90213980,Other prosthetic articles and appliances,14,14,14,14,10,
90213991,Parts of modular prostheses that replace upper or lower limbs,0,0,0,0,0,
90213999,Other parts/accessories for prosthetic articles and appliances,14,14,14,14,10,
90214000,"Hearing aids, except their parts and accessories",0,0,0,0,0,
90215000,"Pacemakers for stimulating heart muscles, except their parts/accessories",14,0,14,14,E,
90219011,Automatic cardiac defibrillators,0,0,0,0,0,
90219019,Other apparatus organic implantable device for compensating defect/disability,0,0,0,0,0,
90219081,"Stainless steel stents, for dilating arteries",0,0,0,0,0,
90219082,"Interarticular occludes, mesh of nickel and titanium wires, polyester fabric etc., even presented with their respective catheter",0,0,0,0,0,
90219089,Other apparatus for compensating deficiencies/illnesses,14,14,14,14,10,
90219091,Parts/accessories of pacemakers for stimulating heart muscles,0,0,0,0,0,
90219092,Parts and accessories of hearing aids apparatus,0,0,0,0,0,
90219099,Parts and accessories of articles/apparatus for compensating deficiency,14,14,14,14,10,
90221200,Computerised tomography devices,0,0,0,0,0,
90221311,"Apparatus of x-rays, for panoramic photographs of the jaw",0,0,0,0,0,
90221319,"Other apparatus of x-rays, for dental diagnostic",14,14,2,0,10,
90221390,"Other apparatus of x-rays, for dentistry",0,0,0,0,0,
90221411,"Apparatus of x-rays, for diagnostic, for mammography",14,14,0,0,10,
90221412,"Apparatus of x-rays, for diagnostic, angiography",0,0,0,0,0,
90221413,"Computerised diagnostic apparatus, for bone densitometry",0,0,0,0,0,
90221419,"Other apparatus of x-rays, for medical diagnosis, surgery, etc.",14,14,0,0,E,
90221490,"Other x-ray equipment for medical, surgical, veterinary purposes",0,0,0,0,0,
90221910,X-ray spectrometers or spectrographs,0,0,0,0,0,
90221991,"Apparatus of x-rays for baggage inspection, with a tunnel height ≤ 0,4 m, width ≤ 0,6 m, length ≤ 1,2 m",14,14,0,0,10,
90221999,"Other apparatus of x-ray equipment, for radiography or radiotherapy",0,0,0,0,0,
90222110,"Radiocobalt apparatus (cobalt bombs), for medical uses, etc.",14,14,0,0,E,
90222120,"Gamma therapy apparatus for medical, surgical purposes, etc.",0,0,0,0,0,
90222190,"Other alpha/beta/gamma radiation devices for medical, surgical, dental or veterinary purposes",0,0,0,0,0,
90222910,"Other radiocobalt apparatus, etc., for detecting the filling level or missing caps in beverage cans by means of gamma rays",0,0,0,0,0,
90222990,"Other alpha, beta or gamma radiation apparatus",2,14,0,0,10,
90223000,X-ray tubes,0,0,0,0,0,
90229011,"Voltage generators, for x-rays apparatus/other radiations",14,14,0,0,E,
90229012,"X-ray screens, for x-rays apparatus/other radiations",2,14,0,0,10,
90229019,Other x-rays generators apparatus,14,14,0,0,10,
90229080,Other x-rays generators devices,14,14,0,0,10,
90229090,"Parts and accessories for x-ray/other radiation equipment, apparatus etc.",14,14,0,2,10,
90230000,"Instruments, apparatus and models for demonstration purposes etc., not suitable for other uses",16,16,16,16,10,
90241010,Machines and appliances for testing tensile strength/metals compression,2,14,2,0,10,
90241020,Machines and appliances for testing the hardness of metals,14,14,0,0,10,
90241090,Machines and appliances for testing other metals,14,14,0,0,15,
90248011,"Machines and appliances for testing yarn, automatic",0,0,0,0,0,
90248019,Other machines and appliances for testing textile,2,14,0,0,10,
90248021,Machines for testing tires,0,0,0,0,0,
90248029,"Other machines and appliances for testing paper, paperboard, linoleum, etc.",14,14,0,0,10,
90248090,"Other machines and appliances for testing hardness, etc. of materials",14,14,0,0,10,
90249000,"Parts and accessories for machines and apparatus for hard testing, etc.",2,14,0,0,10,
90251110,"Clinical thermometers, of liquid, of direct reading",18,18,18,18,E,
90251190,"Other thermometers and pyrometers of liquid, of direct reading",18,18,18,18,15,
90251910,Optical pyrometers,0,0,0,0,0,
90251990,Other thermometers and pyrometers,18,18,18,0,15,
90258000,"Hydrometers, areometers and other floating instruments",18,18,18,18,15,
90259010,Parts and accessories of thermometers,16,16,16,16,10,
90259090,Parts and accessories of hydrometers and other instruments,16,16,16,16,10,
90261011,Electronic electromagnetic induction flowmeter-transmitter,14,14,2,2,10,
90261019,Other instruments and appliances for measuring/controlling flow,18,18,18,18,10,
90261021,Instruments and appliances for measuring/controlling the level of metals,2,2,2,2,4,
90261029,Other instruments and appliances for measuring/controlling level,18,18,10,18,15,
90262010,Manometers,18,18,5,18,15,
90262090,Other instruments and appliances for measuring/controlling pressure,18,18,5,18,E,
90268000,"Other instruments and appliances for measuring/controlling liquids, etc.",18,18,18,18,10,
90269010,Parts and accessories of instruments for measuring/controlling level,16,16,16,16,10,
90269020,Parts and accessories for manometers,16,16,16,16,10,
90269090,Parts and accessories for other instruments and appliances for measuring/checking,16,16,16,16,15,
90271000,Gas or smoke analysis apparatus,2,14,0,0,10,
90272011,Chromatographs of gaseous phase,0,0,0,0,0,
90272012,Chromatographs of liquid phase,0,0,0,0,0,
90272019,Other chromatographs,0,0,0,0,0,
90272021,Automated DNA sequencers using capillary electrophoresis,0,0,0,0,0,
90272029,Other electrophoresis instruments,2,14,0,0,10,
90273011,Spectrometers of optical emission (atomic emission),0,0,0,0,0,
90273019,Other spectrometers,2,14,0,0,10,
90273020,Spectrophotometers,2,14,0,0,10,
90275010,Colorimeters,2,14,0,0,15,
90275020,Photometers,2,14,0,0,10,
90275030,Refractometers,2,14,0,0,10,
90275040,Saccharimeters,14,14,0,0,10,
90275050,Flow cytometers,0,0,0,0,0,
90275090,Other instruments and apparatus using optical radiations,14,14,0,0,10,
90278011,Calorimeters,0,0,0,0,0,
90278012,Viscosimeters,2,14,0,0,15,
90278013,Densitometers,14,14,0,0,10,
90278014,Ph-meters apparatus,14,14,0,0,10,
90278020,Mass spectrometers,2,14,0,0,10,
90278030,Polarographs,0,0,0,0,0,
90278091,Light meter,0,0,0,0,0,
90278099,"Other instruments and appliances for analysis/testing/measuring, etc.",2,14,0,0,10,
90279010,Microtomes,0,0,0,0,0,
90279091,Parts and accessories for spectrometers of optical emission,0,0,0,0,0,
90279093,Parts and accessories of polarographs,0,0,0,0,0,
90279099,"Parts and accessories for other instruments and appliances for analysis, etc.",14,14,0,2,10,
90281011,"Compressed natural gas meters, electronic, for gas stations",14,14,0,0,10,
90281019,"Other compressed natural gas meters, electronic",14,14,0,0,10,
90281090,Other gas meters,18,18,18,18,15,
90282010,"Liquid meters, weight ≤ 50 kg",18,18,18,18,10,
90282020,"Liquid meters, weight > 50 kg",18,18,18,18,15,
90283011,"Monophase meters, for alternating electric current, digital",14,14,2,14,10,
90283019,"Other monophase meters, for alternating electric current",18,18,18,18,E,
90283021,"Electricity two-phase meters, digital",14,14,2,14,10,
90283029,Other electricity two-phase meters,18,18,18,18,10,
90283031,"Electricity triphasic meters, digital",14,14,2,14,E,
90283039,Other electricity triphasic meters,18,18,18,18,E,
90283090,Other electricity meters,18,18,18,18,10,
90289010,Parts and accessories for electricity meters,16,16,16,16,10,
90289090,Parts and accessories for gas/liquid meters,16,16,16,16,10,
90291010,Revolution counters or production counters/hour meters,14,14,0,2,10,
90291090,"Taximeters, distance meters, etc.",18,18,18,18,15,
90292010,Speed indicators and tachometers,18,18,10,18,10,
90292020,Stroboscopes,18,18,18,18,10,
90299010,Parts and accessories for speed indicators/tachometers,16,16,16,16,10,
90299090,Parts and accessories for other counters/stroboscopes,16,16,10,16,10,
90301010,Instruments and apparatus for measuring radioactivity,2,14,0,0,10,
90301090,Other instruments and apparatus for measuring ionising radiations,2,14,0,0,10,
90302010,"Cathode-ray oscilloscopes, digital",2,0,2,2,4,
90302021,"Analogical cathode-ray oscilloscopes, frequency ≥ 60 MHz",2,0,2,2,4,
90302022,Vector scope (analogical cathode-ray oscilloscopes),2,0,2,2,4,
90302029,Other analogical cathode-ray oscilloscopes,12,12,2,2,10,
90302030,Cathode-ray oscillographs,0,0,0,0,0,
90303100,Multimeters without recording device,2,14,0,0,10,
90303200,Multimeters with recording device,2,14,0,0,10,
90303311,Digital voltmeters,12,12,2,2,10,
90303319,Any other voltmeters,12,12,2,2,10,
90303321,Ammeters without recording device for motor vehicles,18,18,5,18,10,
90303329,Other ammeters without recording device,14,14,0,2,10,
90303390,Other instruments and appliances without a recording device,14,14,0,2,E,
90303910,"Instr./apparatus with recording device, for testing continuity in printed circuits",12,12,2,2,10,
90303990,"Other apparatus and instruments for measuring/checking tension, etc.",2,14,0,0,10,
90304010,"Protocol analysers, for telecommunications",12,12,2,2,10,
90304020,"Selective level analysers, for telecommunications",12,12,2,2,10,
90304030,"Digital transmission analysers, for telecommunications",12,12,2,2,10,
90304090,"Other instruments and apparatus, for telecommunications",12,12,2,2,10,
90308210,"Instruments and apparatus, for testing integrated circuits",12,12,2,2,10,
90308290,"Other instruments and apparatus for measuring/controlling (wafers), etc.",12,12,2,2,10,
90308410,"Instruments/apparatus with recording device, for automatic testing of assembled printed circuit boards (ATE)",2,0,2,2,4,
90308420,"Instruments/apparatus, with recording device, for measuring characteristic parameters of television or video signals",2,0,2,2,4,
90308490,"Other instruments, with recording device",2,14,0,0,10,
90308910,Logic analysers for digital circuit,2,0,2,2,4,
90308920,Frequency spectrum analyser,2,0,2,2,4,
90308930,Frequency meters,12,12,2,2,10,
90308940,Phase meters,12,12,2,2,10,
90308990,Other instruments and apparatus for measuring/checking electricity etc.,12,12,2,2,10,
90309010,Parts and accessories for measuring apparatus devices etc. ionising radiations,2,14,0,0,10,
90309090,"Parts and accessories for oscilloscopes, oscillographs, etc.",8,8,2,2,10,
90311000,Machines for balancing mechanical parts,2,14,0,0,10,
90312010,Test benches for engines and motors,14,14,0,0,10,
90312090,"Other test benches, except for engines and motors",14,14,0,0,10,
90314100,Other optical instruments and apparatus for checking wafers or semiconductor devices etc. used in the manufacture of semiconductor devices,14,14,2,0,10,
90314910,Instruments and apparatus for measuring dimensional parameters of cellulose fibres using laser beams,0,0,0,0,0,
90314920,Instruments and apparatus for measuring the thickness of motor vehicle tires using laser beams,0,0,0,0,0,
90314990,Other optical instruments and apparatus,14,14,0,0,10,
90318011,Dynamometers,14,14,0,0,10,
90318012,Surface-finish testing instruments,2,14,0,0,10,
90318020,Machines for taking three-dimensional measurements,2,14,0,0,10,
90318030,Standard metres,10,10,0,0,10,
90318040,"Digital devices apparatus used in motor vehicles for measuring and indicating average speed, consumption and autonomy etc. (onboard computer)",16,16,2,2,10,
90318050,Computerized textile analysis equipment,0,0,0,0,0,
90318060,Load cells,14,14,0,2,15,
90318091,"Instruments, apparatus and machines for dimensional control of tires, under loaded conditions",0,0,0,0,0,
90318099,"Other measuring/control instruments, devices and machines",2,14,0,0,15,
90319010,Parts and accessories for test benches,14,14,0,2,10,
90319090,Parts and accessories for other measuring/control instruments and devices,14,14,0,2,10,
90321010,"Automatic, fluid expansion thermostats",18,18,5,18,10,
90321090,Other automatic thermostats,18,18,5,0,10,
90322000,Automatic pressure switches,18,18,5,18,10,
90328100,Automatic hydraulic/pneumatic instruments and apparatus/devices,18,18,18,18,15,
90328911,"Automatic electronic regulators, of voltage",12,12,2,2,10,
90328919,"Other automatic regulators, of voltage",18,18,18,18,15,
90328921,Automatic electronic controllers for anti-lock braking system,16,16,2,2,10,
90328922,Automatic electronic controllers for suspension systems,16,16,2,2,10,
90328923,Automatic electronic controllers for transmission systems,16,16,2,2,10,
90328924,Automatic electronic controllers for ignition systems,16,16,2,2,10,
90328925,Automatic electronic controllers for injection systems,16,16,2,2,10,
90328929,Other automatic electronic controllers for motor vehicles,16,16,2,2,10,
90328930,Automatic digital equipment for controlling railway vehicles,14,14,2,2,10,
90328981,Automatic instruments and devices for checking pressure,14,14,2,2,10,
90328982,Automatic instruments and devices for checking temperature,14,14,2,2,15,
90328983,Automatic instruments and devices for checking humidity,14,14,2,2,10,
90328984,Automatic instruments and devices for controlling speed motors,14,14,0,2,10,
90328989,Other automatic instruments and devices for magnitude control; non-electrical,14,14,2,2,10,
90328990,Other automatic instruments and devices for regulation/control,18,18,18,18,15,
90329010,"Assembled printed circuit, for automatic regulation devices etc. for apparatus",12,12,2,2,10,
90329091,Parts and accessories for automatic thermostats,16,16,16,16,10,
90329099,"Parts and accessories for other automatic regulating devices, etc.",8,8,2,2,10,
90330000,"Parts and accessories for other optical machines, appliances or apparatus/instruments etc. of Chapter 90",16,16,5,16,10,
91011100,"Wrist watches, precious metal case, electrically operated, etc. exclusively mechanic dial",20,20,20,20,E,
91011900,"Other wristwatches, with precious metal cases, electrically operated, whether or not incorporating a time counter",20,20,20,20,15,
91012100,"Other wristwatches, etc., precious metal case; self-winding",20,20,20,20,15,
91012900,"Other wristwatches etc., precious metal case",20,20,20,20,15,
91019100,"Pocket watch and similar watch, with precious metal case, etc., electrically operated",20,20,20,20,15,
91019900,"Other similar pocket-watches, other precious metal case, etc.",20,20,20,20,15,
91021110,"Wristwatches, electrically operated, etc., exclusively mechanical display; plain metal case",20,20,8,20,15,
91021190,"Other wristwatches, electrically operated, etc.; exclusively mechanical display",20,20,8,20,E,
91021210,"Wristwatches, electrically operated, with or without built-in time counter, exclusively optoelectronic display; plain metal case",20,20,8,20,E,
91021220,"Wristwatches, electrically operated, with or without built-in time counter, exclusively optoelectronic display; plastic case, except those reinforced with fibreglass",20,20,8,20,E,
91021290,"Other electrically operated wristwatches, optoelectronic displays only",20,20,8,20,E,
91021900,"Other wristwatches, even with built-in time counter",20,20,8,20,E,
91022100,"Wristwatches, with automatic winding",20,20,8,20,E,
91022900,Other wristwatches,20,20,20,20,E,
91029100,"Pocket-watches, similar, electrically operated",20,20,20,20,E,
91029900,Other similar pocket-watches,20,20,20,20,E,
91031000,"Alarm clocks and other watches, with small-volume movements, electrically operated",20,20,20,20,E,
91039000,"Alarm clocks and other watches, with small-volume movements, non-electric operation",20,20,20,20,15,
91040000,Instrument panel clocks and similar clocks for motor vehicles and other vehicles,20,20,10,20,10,
91051100,"Electrically operated alarm clocks, except those with small-volume mechanisms",20,20,20,20,15,
91051900,"Alarm clocks operating in any other way, except those with small volume mechanisms",20,20,20,20,15,
91052100,"Electrically operated wall clocks, except those with small-volume movements",20,20,17,20,15,
91052900,"Other wall clocks operated in other ways, except those with small-volume movements",20,20,17,20,15,
91059100,"Other electrically operated watchmaking articles, excluding those with small movement",20,20,20,20,15,
91059900,"Other clocks and watches, excluding those with small-volume movement",20,20,17,20,E,
91061000,Time clocks; date clocks and hour counters,20,20,20,20,10,
91069000,"Other timekeeping apparatus and time counters, with clockwork movements or with a synchronous motor",20,20,20,20,10,
91070010,Time switches,20,20,20,20,10,
91070090,"Other devices for operating a mechanism at a specific time, etc.",20,20,20,20,10,
91081110,"Small-volume watch movements, complete and assembled, electrically operated, with a purely mechanical display etc., for watches of heading 91.01 or 91.02",18,18,18,18,15,
91081190,"Other small-volume movements for watches, complete and assembled, etc.",18,18,18,18,15,
91081200,"Other small-volume watch movements, complete and assembled, electrically operated etc., for watches of heading 91.01 or 91.02",18,18,18,18,15,
91081900,"Other small-volume clock movements, complete and assembled, electrically operated",18,18,18,18,15,
91082000,Watch movements for small volume with automatic winding,18,18,18,18,15,
91089000,"Other small-volume watch movements for watches, assembled",18,18,18,18,15,
91091000,"Completely and assembled movements for clocks and watches, except small volume, electrically operated",18,18,18,18,10,
91099000,"Movements for clocks and watches, complete and assembled except small volume, etc.",18,18,18,18,15,
91101110,"Complete movements, small-volume, unassembled or partly assembled, for watches of heading 91.01 or 91.02 (wristwatches)",18,18,18,18,15,
91101190,"Other complete movements, small-volume, unassembled or partially assembled (chablons), for other watches",18,18,18,18,15,
91101200,"Incomplete, assembled, small-volume machinery",18,18,18,18,E,
91101900,"Other movements of complete, unassembled or partially assembled watchmaking articles (chablons); movements of incomplete, assembled watchmaking articles; sketches of movements of watchmaking articles; except incomplete/assembled and sketches etc.",18,18,18,18,E,
91109000,"Complete unassembled movement for clocks and watches, except small volume",18,18,18,18,E,
91111000,Cases for wristwatches of precious metal clad with precious metal (plaqué),18,18,18,18,E,
91112010,"Cases for wristwatches/pocket, of metal base, whether or not gold or silver plated, of brass, in rough outline",18,18,18,18,E,
91112090,"Cases for wristwatches/pocket, of other metal base",18,18,18,18,15,
91118000,"Cases for wristwatches/pocket watches, of other material",18,18,18,18,E,
91119010,"Bottoms for wristwatches/pocket, of base metal",18,18,18,18,E,
91119090,Other parts for wristwatches/pocket cases,18,18,18,18,E,
91122000,Watch cases and similar items,18,18,18,18,E,
91129000,Parts for cases and similar items for clocks and watches,18,18,18,18,E,
91131000,"Bracelets for watches, of precious metal, veneer, etc.",18,18,18,18,E,
91132000,"Bracelets for watches, of metal",18,18,18,18,E,
91139000,Watch straps of other materials and parts for watch straps,18,18,18,18,15,
91141000,"Springs, including spirals, for watchmaking articles",18,18,18,18,10,
91143000,Dials for watchmaking articles,18,18,18,18,E,
91144000,Plates and bridges for watchmaking articles,18,18,18,18,E,
91149010,Crowns for watchmaking articles,18,18,18,18,E,
91149020,Hands for watchmaking articles,18,18,18,18,E,
91149030,Stems for watchmaking articles,18,18,18,18,E,
91149040,Yokes for watchmaking devices,18,18,18,18,E,
91149050,Balance staffs and pinions for watch making devices,18,18,18,18,E,
91149060,Wheels for watchmaking devices,18,18,18,18,E,
91149070,Rotors for watchmaking devices,18,18,18,18,E,
91149090,Other parts and accessories for watchmaking devices,18,18,18,18,10,
92011000,Upright pianos,18,18,18,18,E,
92012000,Grand pianos,18,18,18,18,15,
92019000,"Other pianos, harpist and other keyboard stringed instruments",18,18,18,18,E,
92021000,"Other string musical instruments, played with a bow",18,18,18,18,E,
92029000,Other string musical instruments,18,18,18,18,15,
92051000,Brass-wind musical instruments,18,18,18,18,15,
92059000,Other wind musical instruments,18,18,18,18,15,
92060000,"Percussion musical instruments (drums, etc.)",18,18,18,18,15,
92071010,Synthesizers (musical instruments of keyboard),10,10,10,10,8,
92071090,Other keyboard musical instruments,35,10,8,10,15,
92079010,Guitar and bass guitar,35,18,8,18,15,
92079090,"Musical instruments with sound amplified, electrically",18,18,18,18,15,
92081000,Music boxes,18,18,8,18,E,
92089000,Fairground organs and other musical instruments,18,18,18,18,E,
92093000,Strings for musical instruments,16,16,16,16,15,
92099100,Parts and accessories for pianos,16,16,16,16,15,
92099200,Parts and accessories for string musical instruments,16,16,16,16,15,
92099400,Parts and accessories for electrically amplified musical instruments (heading 92.07),16,16,16,16,15,
92099900,Parts and accessories for other musical instruments,16,16,7,16,15,
93011000,"Artillery weapons (guns, howitzers, mortars etc.)",20,20,20,20,15,
93012000,"Rocket launchers, flame-throwers, grenade launcher, etc.",20,20,20,20,E,
93019000,Other military weapons,20,20,20,20,15,
93020000,Other revolvers and pistols,20,20,20,20,15,
93031000,Muzzle-loading firearms,20,20,20,20,E,
93032000,"Other hunting or target shooting rifles and shotguns, with at least one smoothbore barrel",20,20,20,20,15,
93033000,Other sporting/hunting/target-shooting shotguns,20,20,20,20,15,
93039000,"Other firearms that use gunpowder deflagration, etc.",20,20,20,20,15,
93040000,Other weapons (shotguns/carbines/pistols/truncheons),20,20,20,20,15,
93051000,Parts and accessories for revolvers/pistols,20,20,20,20,15,
93052000,Parts and accessories of shotguns or rifles of heading 93.03,20,20,20,20,E,
93059100,"Parts/accessories of military weapons, of heading 93.01",20,20,20,20,15,
93059900,Parts/accessories of other weapons,20,20,20,20,15,
93062100,Cartridges shotguns/carbines of smooth barrel,20,20,20,20,15,
93062900,"Lead for carbines of compressed air, parts for cartridges",20,20,20,20,15,
93063000,Other cartridges and parts thereof,20,20,20,20,15,
93069000,"Bombs, grenades, other ammunition and projectiles; parts thereof",20,20,20,20,15,
93070000,"Swords, cutlasses, bayonets, other weapons and parts thereof",20,20,20,20,E,
94011010,"Ejector seats, for aircraft",18,18,18,18,10,
94011090,"Other seats for aircraft, except ejector seats",18,18,18,18,10,
94012000,Seats for motor vehicles,18,18,10,18,10,
94013010,"Swivel seats with variable height adjustment, of wood",18,18,18,18,15,
94013090,Swivel seats with variable height adjustment of other material,35,18,18,18,15,
94014010,"Seats convertible into beds, of wood",18,18,18,18,E,
94014090,"Seats convertible into beds, of other materials",18,18,18,18,E,
94015100,"Seats of rattan, bamboo or similar materials",18,18,18,18,E,
94015900,"Other seats of rattan, bamboo or similar materials",18,18,18,18,E,
94016100,"Upholstered seats, with wooden frames",18,18,18,18,15,
94016900,"Other seats, with wooden frames",18,18,18,18,E,
94017100,"Upholstered seats, with metal frames",35,18,18,18,15,
94017900,"Other seats, with metal frames",35,18,18,18,15,
94018000,Other seats,18,18,18,18,15,
94019010,"Parts for seats, of wood",18,18,18,18,E,
94019090,"Parts for seats, of other materials",18,18,18,18,10,
94021000,"Dentists', barbers', or similar chairs and parts thereof",18,18,18,18,E,
94029010,Tables for surgical operation,14,14,0,2,10,
94029020,Hospital beds with mechanical fittings,14,14,0,0,E,
94029090,"Other furniture for medicine, surgery, dentistry, etc.",16,16,16,16,E,
94031000,Metal furniture for offices,18,18,18,18,10,
94032000,Other metal furniture,35,18,18,18,15,
94033000,Wooden furniture for offices,18,18,18,18,E,
94034000,Wooden furniture for kitchen,18,18,18,18,E,
94035000,Wooden furniture for bedroom,18,18,18,18,E,
94036000,Other wooden furniture,18,18,18,18,15,
94037000,Plastic furniture,18,18,18,18,E,
94038100,Bamboo furniture,18,18,18,18,E,
94038900,"Furniture of other materials, including rattan, osier, bamboo, similar materials",18,18,18,18,15,
94039010,Parts for wooden furniture,18,18,18,18,E,
94039090,"Parts for furniture, of other materials",18,18,18,18,15,
94041000,Mattress supports,18,18,18,18,10,
94042100,"Rubber mattresses/alveolar plastics, including covered ones",18,18,18,18,10,
94042900,Mattresses of other materials,18,18,18,18,10,
94043000,Sleeping bags,18,18,18,18,10,
94049000,"Eiderdowns, cushions, pouffes, pillows and similar articles",18,18,18,18,15,
94051010,Sciatic lamps,18,18,18,18,E,
94051091,"Chandeliers and electric lighting devices, made of stone, for ceiling/wall",18,18,18,18,E,
94051092,"Chandelier and electric lighting devices, fitting of glass, for ceiling/wall",18,18,18,18,15,
94051093,Chandeliers and electric lighting devices. fitting metal base for ceiling/wall,18,18,18,18,15,
94051099,"Chandeliers and electric lighting devices, of other materials, for ceiling/wall",35,18,8,18,15,
94052000,"Bedside or office electric lamps, etc.",18,18,18,18,10,
94053000,Lighting sets for Christmas trees,18,18,18,18,E,
94054010,"Other electric lamps and lighting fittings, of base metal",35,18,18,18,15,
94054090,Other electrical lighting apparatus of other materials,35,18,18,18,10,
94055000,Non-electrical lamps and lighting fittings,18,18,18,18,15,
94056000,"Illuminated signs, illuminated nameplates, etc.",18,18,18,18,10,
94059100,"Parts for lamps and lighting fittings, of glass",18,18,18,18,15,
94059200,"Parts for lamps and lighting fittings, of plastic",18,18,18,18,15,
94059900,"Parts for lamps and lighting fittings, of other materials",18,18,18,18,15,
94060010,Prefabricated greenhouses,14,14,2,2,10,
94060091,"Other prefabricated buildings, of wood",18,18,18,18,E,
94060092,"Other prefabricated buildings, of iron or steel",35,14,0,2,10,
94060099,"Other prefabricated buildings, of other materials",18,18,18,18,10,
95030010,Wheeled toys for children and dolls' cars,35,35,2,20,15,
95030021,Dolls activated by mechanism of rope or electric,35,35,17,20,E,
95030022,"Other puppets, even dressed",35,35,20,20,E,
95030029,Other parts and accessories for dolls,20,2,20,20,E,
95030031,Filled toys representing animals or non-human beings,35,35,20,20,E,
95030039,Other toys representing animals or non-human beings,35,35,17,20,15,
95030040,"Electric trains, including rail tracks, signs, accessories",35,35,20,20,E,
95030050,"Reduced models, whether or not animated, in assembly sets, except electric trains etc.",35,35,20,20,15,
95030060,Other kits and toys for construction,35,35,2,20,15,
95030070,Puzzles,35,35,20,20,15,
95030080,"Other toys, put up in sets or outfits",35,35,17,20,15,
95030091,Toy musical instruments and apparatus,35,35,20,20,E,
95030097,Other toys with electric motor,35,35,8,20,E,
95030098,"Other toys of friction, mechanical or spring-operated",35,35,17,20,E,
95030099,Other toys of any kind,35,35,17,20,15,
95042000,Articles and accessories for billiards,20,20,20,20,E,
95043000,"Other games, operated by coins/banknotes, except bowling etc.",20,20,20,20,15,
95044000,Playing cards,20,20,20,20,15,
95045000,Consoles and video game machines (except for subheading 9504.30),20,20,20,20,15,
95049010,Automatic bowling,0,0,0,0,0,
95049090,Other articles for funfair,20,20,2,20,15,
95051000,Articles for Christmas festivities,20,20,17,20,E,
95059000,"Other party, carnival or other entertainment items, including magic items and surprise items",20,20,20,20,15,
95061100,Skis for snow,20,20,20,20,15,
95061200,Ski fastenings,20,20,20,20,E,
95061900,Other articles and equipment for skiing in the snow,20,20,20,20,E,
95062100,Sailboards,20,20,20,20,E,
95062900,Aquatic skis and other equipment for aquatic sports,20,20,20,20,15,
95063100,Complete clubs for golf,20,20,20,20,E,
95063200,Balls for golf,20,20,20,20,E,
95063900,Other equipment for golf,20,20,20,20,E,
95064000,Articles and equipment for table-tennis,20,20,20,20,E,
95065100,"Tennis rackets, whether or not strung",20,20,17,20,E,
95065900,"Tennis, badminton or similar rackets",20,20,20,20,E,
95066100,"Balls for tennis, except for table-tennis",20,20,17,20,E,
95066200,Inflatable balls,35,20,20,20,15,
95066900,"Other balls, except for balls for tennis or inflatable balls, etc.",20,20,20,20,E,
95067000,"Ice skates and roller skates, including skates attached to shoes",35,20,20,20,15,
95069100,"Articles and equipment for general physical exercise, gymnastics etc.",20,20,8,20,10,
95069900,Articles and equipment for other sports and swimming pools,35,20,8,20,15,
95071000,Fishing rods,20,20,17,20,E,
95072000,"Fish-hooks, whether or not snelled",20,20,20,20,E,
95073000,Fishing reels,20,20,17,20,E,
95079000,"Other items for fishing with line, nets, etc.",20,20,20,20,15,
95081000,Travelling circuses and travelling animal collections,20,20,20,20,E,
95089010,Roller coaster with a course of 300 m or more,0,0,0,0,0,
95089020,"Carrousels, with a diameter of 16 m or more",0,0,0,0,0,
95089030,Wagons of the type used in roller coasters capacity ≥ 6 passengers,0,0,0,0,0,
95089090,"Other carousels, swings and other amusements in parks and fairs, etc.",20,20,20,20,15,
96011000,Worked ivory and articles of ivory,18,18,18,18,E,
96019000,"Other animal carving materials, articles including articles obtained by mould",18,18,18,18,E,
96020010,"Gelatine capsules, edible",14,14,0,0,10,
96020020,Artificial honeycombs,18,18,18,18,E,
96020090,"Other her worked vegetable/mineral carving, articles of these materials",18,18,18,18,E,
96031000,"Brooms and brushes, of vegetable material bound together",18,18,18,18,E,
96032100,"Toothbrushes, including brushes for dentures",35,18,18,18,15,
96032900,"Brushes of beard, brushes for hair, eyelashes, etc.",18,18,18,18,15,
96033000,"Artists' brushes, for cosmetics products, etc.",18,18,18,18,10,
96034010,Rollers for paint,18,18,18,18,E,
96034090,"Paint, distemper, varnish or similar brushes, pain pads",18,18,18,18,E,
96035000,"Other brushes constituting parts of machines, appliances or vehicles",18,18,18,18,E,
96039000,"Other brooms, brushes, dusters, rakes, etc.",18,18,18,18,15,
96040000,Hand sieves and hand riddles,18,18,18,18,E,
96050000,"Travel sets, for personal toilet, for sewing/cleaning clothes or shoes",18,18,18,18,E,
96061000,Snap buttons and their parts,18,18,18,18,E,
96062100,"Plastic buttons, not covered with textile material",18,18,18,18,E,
96062200,"Buttons of metal base, not covered with textile material",18,18,18,18,E,
96062900,Other buttons,18,18,18,18,10,
96063000,Button moulds and other parts of buttons and button blanks,18,18,18,18,E,
96071100,Slide fasteners with staples of base metal,18,18,18,18,E,
96071900,Other slide fasteners,18,18,18,18,E,
96072000,Parts of slide fasteners,18,18,18,18,10,
96081000,Ballpoint pens,35,18,15,18,10,
96082000,Felt tipped/porous-tipped pens and markers,35,18,2,18,10,
96083000,Fountain pens and other pens,18,18,18,18,15,
96084000,Propelling or sliding pencils,18,18,18,18,15,
96085000,Assortments of pens with propelling or sliding pencils,18,18,18,18,E,
96086000,"Refills with tip, for ballpoint pens",18,18,18,18,15,
96089100,"Pen nibs and nib points, for fountain pens",18,18,18,18,E,
96089981,Porous-tipped pens and markers,18,18,18,18,15,
96089989,"Other parts of pens, propelling or sliding pencils, etc.",18,18,18,18,15,
96089990,"Duplicating stylos, pencil-holders and similar articles",18,18,18,18,E,
96091000,Pencils,18,18,15,18,10,
96092000,Mines for pencil/mechanical pencils,18,18,18,18,10,
96099000,"Pastels, charcoal, writing/drawing chalk and tailors' chalk",18,18,18,18,15,
96100000,"Chalkboards and boards for writing or drawing, even framed",18,18,18,18,E,
96110000,"Stamps, including date and number stamps, seals and similar items etc., hand-operated; hand-operated typesetting devices etc.",18,18,18,18,15,
96121011,Plastics ribbons with magnetizable ink for printing,18,18,18,18,E,
96121012,"Plastics ribbons, correctors for typewriters",18,18,18,18,E,
96121013,"Other plastics ribbons, in cartridges for typewriters",18,18,18,18,E,
96121019,Other plastics ribbons,18,18,18,18,15,
96121090,Other ribbons of other materials,18,18,18,18,15,
96122000,Ink-pads,18,18,18,18,15,
96131000,"Pocket lighters, gas fuelled, non-refillable",35,18,15,18,15,
96132000,"Pocket lighters, gas fuelled, refillable",18,18,18,18,E,
96138000,Other lighters,18,18,18,18,10,
96139000,Parts of cigarette lighters and other lighters,18,18,18,18,10,
96140000,"Pipes, cigarette holders and their parts",18,18,18,18,E,
96151100,"Combs and hair-slides, of hard rubber/plastics",18,18,18,18,15,
96151900,"Other combs and hair slides, of other materials",18,18,18,18,15,
96159000,"Hairpins, tweezers and other articles for hairdos",18,18,18,18,E,
96161000,"Vanity steamers, their frames and frame heads",18,18,18,18,10,
96162000,Powder-puffs and pads/other cosmetics/toilet preparations,18,18,18,18,10,
96170010,"Vacuum flasks/other vacuum vessels, complete with cases",18,18,15,18,15,
96170020,Parts of thermos flasks and other vacuum vessels,16,16,16,16,15,
96180000,"Mannequins and similar articles; automations and animated scenes, for shop windows/display cases",18,18,18,18,10,
96190000,"Sanitary towels and tampons, diapers, baby diapers",16,16,25,16,15,
97011000,"Paintings, drawings and pastels, executed by hand",4,4,4,4,4,
97019000,Collages and similar ornamental paintings,4,4,4,4,15,
97020000,"Original engravings, prints and lithographs",4,4,4,4,15,
97030000,Original sculptures and statuary,4,4,4,4,4,
97040000,"Postage or revenue stamps, postage marks, etc., other than articles of heading 49.07",4,4,4,4,15,
97050000,"Collections and collectors' pieces of zoology, botany etc.",4,4,4,4,15,
97060000,Antiques over 100 years old,4,4,4,4,8,
